=== STEP 1: baseline lake build (steady state check) ===
ℹ [680/1202] Replayed FormalSystem.Syntax.Formula
info: FormalSystem/Syntax/Formula.lean:287:0: 2
info: FormalSystem/Syntax/Formula.lean:290:0: 2
info: FormalSystem/Syntax/Formula.lean:293:0: 2
info: FormalSystem/Syntax/Formula.lean:296:0: 2
info: FormalSystem/Syntax/Formula.lean:299:0: 3
info: FormalSystem/Syntax/Formula.lean:302:0: 3
info: FormalSystem/Syntax/Formula.lean:303:0: 3
info: FormalSystem/Syntax/Formula.lean:585:0: 3
info: FormalSystem/Syntax/Formula.lean:588:0: 3
info: FormalSystem/Syntax/Formula.lean:591:0: 3
info: FormalSystem/Syntax/Formula.lean:594:0: 3
info: FormalSystem/Syntax/Formula.lean:597:0: 4
info: FormalSystem/Syntax/Formula.lean:600:0: 4
info: FormalSystem/Syntax/Formula.lean:637:0: 2
info: FormalSystem/Syntax/Formula.lean:640:0: 2
info: FormalSystem/Syntax/Formula.lean:643:0: 2
info: FormalSystem/Syntax/Formula.lean:646:0: 2
info: FormalSystem/Syntax/Formula.lean:649:0: 2
info: FormalSystem/Syntax/Formula.lean:652:0: 2
info: FormalSystem/Syntax/Formula.lean:655:0: 2
⚠ [805/1202] Replayed FormalSystem.Semantics.TaskFrame
warning: FormalSystem/Semantics/TaskFrame.lean:214:0: automatically included section variable(s) unused in theorem `FormalSystem.Semantics.TaskFrame.mem_Fib`:
  [Nontrivial D]
consider restructuring your `variable` declarations so that the variables are not in scope or explicitly omit them:
  omit [Nontrivial D] in theorem ...

Note: This linter can be disabled with `set_option linter.unusedSectionVars false`
warning: FormalSystem/Semantics/TaskFrame.lean:236:0: automatically included section variable(s) unused in theorem `FormalSystem.Semantics.TaskFrame.mem_cone`:
  [Nontrivial D]
consider restructuring your `variable` declarations so that the variables are not in scope or explicitly omit them:
  omit [Nontrivial D] in theorem ...

Note: This linter can be disabled with `set_option linter.unusedSectionVars false`
warning: FormalSystem/Semantics/TaskFrame.lean:242:0: automatically included section variable(s) unused in theorem `FormalSystem.Semantics.TaskFrame.cone_mono`:
  [Nontrivial D]
consider restructuring your `variable` declarations so that the variables are not in scope or explicitly omit them:
  omit [Nontrivial D] in theorem ...

Note: This linter can be disabled with `set_option linter.unusedSectionVars false`
warning: FormalSystem/Semantics/TaskFrame.lean:262:0: automatically included section variable(s) unused in theorem `FormalSystem.Semantics.TaskFrame.mem_Seg`:
  [Nontrivial D]
consider restructuring your `variable` declarations so that the variables are not in scope or explicitly omit them:
  omit [Nontrivial D] in theorem ...

Note: This linter can be disabled with `set_option linter.unusedSectionVars false`
warning: FormalSystem/Semantics/TaskFrame.lean:431:0: automatically included section variable(s) unused in theorem `FormalSystem.Semantics.TaskFrame.comp_of`:
  [IsOrderedAddMonoid D]
  [Nontrivial D]
consider restructuring your `variable` declarations so that the variables are not in scope or explicitly omit them:
  omit [IsOrderedAddMonoid D] [Nontrivial D] in theorem ...

Note: This linter can be disabled with `set_option linter.unusedSectionVars false`
warning: FormalSystem/Semantics/TaskFrame.lean:438:0: automatically included section variable(s) unused in theorem `FormalSystem.Semantics.TaskFrame.forward_of_comp`:
  [IsOrderedAddMonoid D]
  [Nontrivial D]
consider restructuring your `variable` declarations so that the variables are not in scope or explicitly omit them:
  omit [IsOrderedAddMonoid D] [Nontrivial D] in theorem ...

Note: This linter can be disabled with `set_option linter.unusedSectionVars false`
warning: FormalSystem/Semantics/TaskFrame.lean:443:0: automatically included section variable(s) unused in theorem `FormalSystem.Semantics.TaskFrame.interpolates_of_comp`:
  [IsOrderedAddMonoid D]
  [Nontrivial D]
consider restructuring your `variable` declarations so that the variables are not in scope or explicitly omit them:
  omit [IsOrderedAddMonoid D] [Nontrivial D] in theorem ...

Note: This linter can be disabled with `set_option linter.unusedSectionVars false`
warning: FormalSystem/Semantics/TaskFrame.lean:730:0: automatically included section variable(s) unused in theorem `FormalSystem.Semantics.TaskFrame.limit_of_succOrder`:
  [Nontrivial D]
consider restructuring your `variable` declarations so that the variables are not in scope or explicitly omit them:
  omit [Nontrivial D] in theorem ...

Note: This linter can be disabled with `set_option linter.unusedSectionVars false`
warning: FormalSystem/Semantics/TaskFrame.lean:758:0: automatically included section variable(s) unused in theorem `FormalSystem.Semantics.TaskFrame.limit_of_shift`:
  [Nontrivial D]
consider restructuring your `variable` declarations so that the variables are not in scope or explicitly omit them:
  omit [Nontrivial D] in theorem ...

Note: This linter can be disabled with `set_option linter.unusedSectionVars false`
warning: FormalSystem/Semantics/TaskFrame.lean:758:8: Overlapping instance parameters in `limit_of_shift`:

⚠️ There are 2 `[Nontrivial D]` instances; one is sufficient.

Note: This linter can be disabled with `set_option linter.overlappingInstances false`
warning: FormalSystem/Semantics/TaskFrame.lean:809:0: automatically included section variable(s) unused in theorem `FormalSystem.Semantics.TaskFrame.exists_uniform_radius_of_finite`:
  [Nontrivial D]
consider restructuring your `variable` declarations so that the variables are not in scope or explicitly omit them:
  omit [Nontrivial D] in theorem ...

Note: This linter can be disabled with `set_option linter.unusedSectionVars false`
warning: FormalSystem/Semantics/TaskFrame.lean:809:8: Overlapping instance parameters in `exists_uniform_radius_of_finite`:

⚠️ There are 2 `[Nontrivial D]` instances; one is sufficient.

Note: This linter can be disabled with `set_option linter.overlappingInstances false`
warning: FormalSystem/Semantics/TaskFrame.lean:869:0: automatically included section variable(s) unused in theorem `FormalSystem.Semantics.TaskFrame.exists_pos_of_nontrivial`:
  [Nontrivial D]
consider restructuring your `variable` declarations so that the variables are not in scope or explicitly omit them:
  omit [Nontrivial D] in theorem ...

Note: This linter can be disabled with `set_option linter.unusedSectionVars false`
warning: FormalSystem/Semantics/TaskFrame.lean:869:8: Overlapping instance parameters in `exists_pos_of_nontrivial`:

⚠️ There are 2 `[Nontrivial D]` instances; one is sufficient.

Note: This linter can be disabled with `set_option linter.overlappingInstances false`
warning: FormalSystem/Semantics/TaskFrame.lean:985:0: automatically included section variable(s) unused in theorem `FormalSystem.Semantics.TaskFrame.spherical_of_finite`:
  [Nontrivial D]
consider restructuring your `variable` declarations so that the variables are not in scope or explicitly omit them:
  omit [Nontrivial D] in theorem ...

Note: This linter can be disabled with `set_option linter.unusedSectionVars false`
warning: FormalSystem/Semantics/TaskFrame.lean:1000:0: automatically included section variable(s) unused in theorem `FormalSystem.Semantics.TaskFrame.serial_of_total`:
  [Nontrivial D]
consider restructuring your `variable` declarations so that the variables are not in scope or explicitly omit them:
  omit [Nontrivial D] in theorem ...

Note: This linter can be disabled with `set_option linter.unusedSectionVars false`
warning: FormalSystem/Semantics/TaskFrame.lean:1009:0: automatically included section variable(s) unused in theorem `FormalSystem.Semantics.TaskFrame.interpolates_of_total`:
  [Nontrivial D]
consider restructuring your `variable` declarations so that the variables are not in scope or explicitly omit them:
  omit [Nontrivial D] in theorem ...

Note: This linter can be disabled with `set_option linter.unusedSectionVars false`
warning: FormalSystem/Semantics/TaskFrame.lean:1018:0: automatically included section variable(s) unused in theorem `FormalSystem.Semantics.TaskFrame.limit_of_subsingleton`:
  [Nontrivial D]
consider restructuring your `variable` declarations so that the variables are not in scope or explicitly omit them:
  omit [Nontrivial D] in theorem ...

Note: This linter can be disabled with `set_option linter.unusedSectionVars false`
warning: FormalSystem/Semantics/TaskFrame.lean:1030:0: automatically included section variable(s) unused in theorem `FormalSystem.Semantics.TaskFrame.spherical_of_subsingleton`:
  [Nontrivial D]
consider restructuring your `variable` declarations so that the variables are not in scope or explicitly omit them:
  omit [Nontrivial D] in theorem ...

Note: This linter can be disabled with `set_option linter.unusedSectionVars false`
warning: FormalSystem/Semantics/TaskFrame.lean:1045:0: automatically included section variable(s) unused in theorem `FormalSystem.Semantics.TaskFrame.Fib_permissive_zero`:
  [Nontrivial D]
consider restructuring your `variable` declarations so that the variables are not in scope or explicitly omit them:
  omit [Nontrivial D] in theorem ...

Note: This linter can be disabled with `set_option linter.unusedSectionVars false`
warning: FormalSystem/Semantics/TaskFrame.lean:1051:0: automatically included section variable(s) unused in theorem `FormalSystem.Semantics.TaskFrame.Fib_permissive_ne`:
  [Nontrivial D]
consider restructuring your `variable` declarations so that the variables are not in scope or explicitly omit them:
  omit [Nontrivial D] in theorem ...

Note: This linter can be disabled with `set_option linter.unusedSectionVars false`
warning: FormalSystem/Semantics/TaskFrame.lean:1061:0: automatically included section variable(s) unused in theorem `FormalSystem.Semantics.TaskFrame.serial_of_permissive`:
  [Nontrivial D]
consider restructuring your `variable` declarations so that the variables are not in scope or explicitly omit them:
  omit [Nontrivial D] in theorem ...

Note: This linter can be disabled with `set_option linter.unusedSectionVars false`
warning: FormalSystem/Semantics/TaskFrame.lean:1073:0: automatically included section variable(s) unused in theorem `FormalSystem.Semantics.TaskFrame.interpolates_of_permissive`:
  [Nontrivial D]
consider restructuring your `variable` declarations so that the variables are not in scope or explicitly omit them:
  omit [Nontrivial D] in theorem ...

Note: This linter can be disabled with `set_option linter.unusedSectionVars false`
warning: FormalSystem/Semantics/TaskFrame.lean:1153:0: automatically included section variable(s) unused in theorem `FormalSystem.Semantics.TaskFrame.Fib_eq_singleton`:
  [Nontrivial D]
consider restructuring your `variable` declarations so that the variables are not in scope or explicitly omit them:
  omit [Nontrivial D] in theorem ...

Note: This linter can be disabled with `set_option linter.unusedSectionVars false`
warning: FormalSystem/Semantics/TaskFrame.lean:1159:0: automatically included section variable(s) unused in theorem `FormalSystem.Semantics.TaskFrame.serial_of_eq`:
  [Nontrivial D]
consider restructuring your `variable` declarations so that the variables are not in scope or explicitly omit them:
  omit [Nontrivial D] in theorem ...

Note: This linter can be disabled with `set_option linter.unusedSectionVars false`
warning: FormalSystem/Semantics/TaskFrame.lean:1168:0: automatically included section variable(s) unused in theorem `FormalSystem.Semantics.TaskFrame.interpolates_of_eq`:
  [Nontrivial D]
consider restructuring your `variable` declarations so that the variables are not in scope or explicitly omit them:
  omit [Nontrivial D] in theorem ...

Note: This linter can be disabled with `set_option linter.unusedSectionVars false`
warning: FormalSystem/Semantics/TaskFrame.lean:1178:0: automatically included section variable(s) unused in theorem `FormalSystem.Semantics.TaskFrame.limit_of_eq`:
  [Nontrivial D]
consider restructuring your `variable` declarations so that the variables are not in scope or explicitly omit them:
  omit [Nontrivial D] in theorem ...

Note: This linter can be disabled with `set_option linter.unusedSectionVars false`
warning: FormalSystem/Semantics/TaskFrame.lean:1178:8: Overlapping instance parameters in `limit_of_eq`:

⚠️ There are 2 `[Nontrivial D]` instances; one is sufficient.

Note: This linter can be disabled with `set_option linter.overlappingInstances false`
warning: FormalSystem/Semantics/TaskFrame.lean:1295:0: automatically included section variable(s) unused in theorem `FormalSystem.Semantics.TaskFrame.staticFrame_rel_iff`:
  [Nontrivial D]
consider restructuring your `variable` declarations so that the variables are not in scope or explicitly omit them:
  omit [Nontrivial D] in theorem ...

Note: This linter can be disabled with `set_option linter.unusedSectionVars false`
warning: FormalSystem/Semantics/TaskFrame.lean:1295:8: Overlapping instance parameters in `staticFrame_rel_iff`:

⚠️ There are 2 `[Nontrivial D]` instances; one is sufficient.

Note: This linter can be disabled with `set_option linter.overlappingInstances false`
warning: FormalSystem/Semantics/TaskFrame.lean:1308:0: automatically included section variable(s) unused in theorem `FormalSystem.Semantics.TaskFrame.staticFrame_serial`:
  [Nontrivial D]
consider restructuring your `variable` declarations so that the variables are not in scope or explicitly omit them:
  omit [Nontrivial D] in theorem ...

Note: This linter can be disabled with `set_option linter.unusedSectionVars false`
warning: FormalSystem/Semantics/TaskFrame.lean:1308:8: Overlapping instance parameters in `staticFrame_serial`:

⚠️ There are 2 `[Nontrivial D]` instances; one is sufficient.

Note: This linter can be disabled with `set_option linter.overlappingInstances false`
warning: FormalSystem/Semantics/TaskFrame.lean:1315:0: automatically included section variable(s) unused in theorem `FormalSystem.Semantics.TaskFrame.staticFrame_interpolates`:
  [Nontrivial D]
consider restructuring your `variable` declarations so that the variables are not in scope or explicitly omit them:
  omit [Nontrivial D] in theorem ...

Note: This linter can be disabled with `set_option linter.unusedSectionVars false`
warning: FormalSystem/Semantics/TaskFrame.lean:1315:8: Overlapping instance parameters in `staticFrame_interpolates`:

⚠️ There are 2 `[Nontrivial D]` instances; one is sufficient.

Note: This linter can be disabled with `set_option linter.overlappingInstances false`
warning: FormalSystem/Semantics/TaskFrame.lean:1321:0: automatically included section variable(s) unused in theorem `FormalSystem.Semantics.TaskFrame.staticFrame_limit`:
  [Nontrivial D]
consider restructuring your `variable` declarations so that the variables are not in scope or explicitly omit them:
  omit [Nontrivial D] in theorem ...

Note: This linter can be disabled with `set_option linter.unusedSectionVars false`
warning: FormalSystem/Semantics/TaskFrame.lean:1321:8: Overlapping instance parameters in `staticFrame_limit`:

⚠️ There are 2 `[Nontrivial D]` instances; one is sufficient.

Note: This linter can be disabled with `set_option linter.overlappingInstances false`
warning: FormalSystem/Semantics/TaskFrame.lean:1329:0: automatically included section variable(s) unused in theorem `FormalSystem.Semantics.TaskFrame.staticFrame_spherical`:
  [Nontrivial D]
consider restructuring your `variable` declarations so that the variables are not in scope or explicitly omit them:
  omit [Nontrivial D] in theorem ...

Note: This linter can be disabled with `set_option linter.unusedSectionVars false`
warning: FormalSystem/Semantics/TaskFrame.lean:1329:8: Overlapping instance parameters in `staticFrame_spherical`:

⚠️ There are 2 `[Nontrivial D]` instances; one is sufficient.

Note: This linter can be disabled with `set_option linter.overlappingInstances false`
⚠ [806/1202] Replayed FormalSystem.Semantics.PartialHistory
warning: FormalSystem/Semantics/PartialHistory.lean:208:0: automatically included section variable(s) unused in theorem `FormalSystem.Semantics.PartialHistory.nonempty_of_total`:
  [Nontrivial D]
consider restructuring your `variable` declarations so that the variables are not in scope or explicitly omit them:
  omit [Nontrivial D] in theorem ...

Note: This linter can be disabled with `set_option linter.unusedSectionVars false`
⚠ [807/1202] Replayed FormalSystem.Semantics.WorldHistory
warning: FormalSystem/Semantics/WorldHistory.lean:399:0: automatically included section variable(s) unused in theorem `FormalSystem.Semantics.WorldHistory.neg_lt_neg_iff`:
  [Nontrivial D]
consider restructuring your `variable` declarations so that the variables are not in scope or explicitly omit them:
  omit [Nontrivial D] in theorem ...

Note: This linter can be disabled with `set_option linter.unusedSectionVars false`
warning: FormalSystem/Semantics/WorldHistory.lean:415:0: automatically included section variable(s) unused in theorem `FormalSystem.Semantics.WorldHistory.neg_le_neg_iff`:
  [Nontrivial D]
consider restructuring your `variable` declarations so that the variables are not in scope or explicitly omit them:
  omit [Nontrivial D] in theorem ...

Note: This linter can be disabled with `set_option linter.unusedSectionVars false`
warning: FormalSystem/Semantics/WorldHistory.lean:429:0: automatically included section variable(s) unused in theorem `FormalSystem.Semantics.WorldHistory.neg_neg_eq`:
  [Nontrivial D]
consider restructuring your `variable` declarations so that the variables are not in scope or explicitly omit them:
  omit [Nontrivial D] in theorem ...

Note: This linter can be disabled with `set_option linter.unusedSectionVars false`
warning: FormalSystem/Semantics/WorldHistory.lean:436:0: automatically included section variable(s) unused in theorem `FormalSystem.Semantics.WorldHistory.neg_injective`:
  [Nontrivial D]
consider restructuring your `variable` declarations so that the variables are not in scope or explicitly omit them:
  omit [Nontrivial D] in theorem ...

Note: This linter can be disabled with `set_option linter.unusedSectionVars false`
⚠ [877/1202] Replayed FormalSystem.Semantics.PartialHistoryOrder
warning: FormalSystem/Semantics/PartialHistoryOrder.lean:209:7: Variable name `t` is not explicitly referenced.

Hint: The binding can be removed (if unused) or named `_` (if used implicitly). Alternatively, prefix the name with `_` to silence this warning:
  [apply] _t

Note: This linter can be disabled with `set_option linter.unusedVariables false`
⚠ [878/1202] Replayed FormalSystem.Semantics.FrameAxioms
warning: FormalSystem/Semantics/FrameAxioms.lean:155:0: automatically included section variable(s) unused in theorem `FormalSystem.Semantics.TaskFrame.nullity_of_serial_limit`:
  [Nontrivial D]
consider restructuring your `variable` declarations so that the variables are not in scope or explicitly omit them:
  omit [Nontrivial D] in theorem ...

Note: This linter can be disabled with `set_option linter.unusedSectionVars false`
⚠ [1362/2079] Replayed FormalSystem.Metalogic.SoundnessLemmas.DenseValidity
warning: FormalSystem/Metalogic/SoundnessLemmas/DenseValidity.lean:296:0: automatically included section variable(s) unused in theorem `FormalSystem.Metalogic.SoundnessLemmas.axiom_swap_valid`:
  [Nontrivial D]
consider restructuring your `variable` declarations so that the variables are not in scope or explicitly omit them:
  omit [Nontrivial D] in theorem ...

Note: This linter can be disabled with `set_option linter.unusedSectionVars false`
warning: FormalSystem/Metalogic/SoundnessLemmas/DenseValidity.lean:296:8: Overlapping instance parameters in `axiom_swap_valid`:

⚠️ There are 2 `[Nontrivial D]` instances; one is sufficient.

Note: This linter can be disabled with `set_option linter.overlappingInstances false`
warning: FormalSystem/Metalogic/SoundnessLemmas/DenseValidity.lean:572:6: Try this: intro _ _
warning: FormalSystem/Metalogic/SoundnessLemmas/DenseValidity.lean:579:6: Try this: intro _ h_neg_second
warning: FormalSystem/Metalogic/SoundnessLemmas/DenseValidity.lean:596:6: Try this: intro _ h_neg_second
warning: FormalSystem/Metalogic/SoundnessLemmas/DenseValidity.lean:603:6: Try this: intro _ _
warning: FormalSystem/Metalogic/SoundnessLemmas/DenseValidity.lean:893:4: Try this: intro _ h_neg_second
warning: FormalSystem/Metalogic/SoundnessLemmas/DenseValidity.lean:900:4: Try this: intro _ _
warning: FormalSystem/Metalogic/SoundnessLemmas/DenseValidity.lean:925:4: Try this: intro _ _
warning: FormalSystem/Metalogic/SoundnessLemmas/DenseValidity.lean:932:4: Try this: intro _ h_neg_second
warning: FormalSystem/Metalogic/SoundnessLemmas/DenseValidity.lean:969:8: automatically included section variable(s) unused in theorem `_private.FormalSystem.Metalogic.SoundnessLemmas.DenseValidity.0.FormalSystem.Metalogic.SoundnessLemmas.axiom_locally_valid`:
  [Nontrivial D]
consider restructuring your `variable` declarations so that the variables are not in scope or explicitly omit them:
  omit [Nontrivial D] in theorem ...

Note: This linter can be disabled with `set_option linter.unusedSectionVars false`
warning: FormalSystem/Metalogic/SoundnessLemmas/DenseValidity.lean:969:16: Overlapping instance parameters in `axiom_locally_valid`:

⚠️ There are 2 `[Nontrivial D]` instances; one is sufficient.

Note: This linter can be disabled with `set_option linter.overlappingInstances false`
warning: FormalSystem/Metalogic/SoundnessLemmas/DenseValidity.lean:1320:0: automatically included section variable(s) unused in theorem `FormalSystem.Metalogic.SoundnessLemmas.derivable_valid_and_swap_valid`:
  [Nontrivial D]
consider restructuring your `variable` declarations so that the variables are not in scope or explicitly omit them:
  omit [Nontrivial D] in theorem ...

Note: This linter can be disabled with `set_option linter.unusedSectionVars false`
warning: FormalSystem/Metalogic/SoundnessLemmas/DenseValidity.lean:1320:8: Overlapping instance parameters in `derivable_valid_and_swap_valid`:

⚠️ There are 2 `[Nontrivial D]` instances; one is sufficient.

Note: This linter can be disabled with `set_option linter.overlappingInstances false`
warning: FormalSystem/Metalogic/SoundnessLemmas/DenseValidity.lean:1362:0: automatically included section variable(s) unused in theorem `FormalSystem.Metalogic.SoundnessLemmas.derivable_locally_valid`:
  [Nontrivial D]
consider restructuring your `variable` declarations so that the variables are not in scope or explicitly omit them:
  omit [Nontrivial D] in theorem ...

Note: This linter can be disabled with `set_option linter.unusedSectionVars false`
warning: FormalSystem/Metalogic/SoundnessLemmas/DenseValidity.lean:1362:8: Overlapping instance parameters in `derivable_locally_valid`:

⚠️ There are 2 `[Nontrivial D]` instances; one is sufficient.

Note: This linter can be disabled with `set_option linter.overlappingInstances false`
warning: FormalSystem/Metalogic/SoundnessLemmas/DenseValidity.lean:1369:0: automatically included section variable(s) unused in theorem `FormalSystem.Metalogic.SoundnessLemmas.derivable_implies_swap_valid`:
  [Nontrivial D]
consider restructuring your `variable` declarations so that the variables are not in scope or explicitly omit them:
  omit [Nontrivial D] in theorem ...

Note: This linter can be disabled with `set_option linter.unusedSectionVars false`
warning: FormalSystem/Metalogic/SoundnessLemmas/DenseValidity.lean:1369:8: Overlapping instance parameters in `derivable_implies_swap_valid`:

⚠️ There are 2 `[Nontrivial D]` instances; one is sufficient.

Note: This linter can be disabled with `set_option linter.overlappingInstances false`
⚠ [1363/2079] Replayed FormalSystem.Metalogic.SoundnessLemmas.FrameClassVariants
warning: FormalSystem/Metalogic/SoundnessLemmas/FrameClassVariants.lean:45:0: automatically included section variable(s) unused in theorem `FormalSystem.Metalogic.SoundnessLemmas.axiom_swap_valid_general`:
  [Nontrivial D]
consider restructuring your `variable` declarations so that the variables are not in scope or explicitly omit them:
  omit [Nontrivial D] in theorem ...

Note: This linter can be disabled with `set_option linter.unusedSectionVars false`
warning: FormalSystem/Metalogic/SoundnessLemmas/FrameClassVariants.lean:45:8: Overlapping instance parameters in `axiom_swap_valid_general`:

⚠️ There are 2 `[Nontrivial D]` instances; one is sufficient.

Note: This linter can be disabled with `set_option linter.overlappingInstances false`
warning: FormalSystem/Metalogic/SoundnessLemmas/FrameClassVariants.lean:393:8: automatically included section variable(s) unused in theorem `_private.FormalSystem.Metalogic.SoundnessLemmas.FrameClassVariants.0.FormalSystem.Metalogic.SoundnessLemmas.axiom_locally_valid_general`:
  [Nontrivial D]
consider restructuring your `variable` declarations so that the variables are not in scope or explicitly omit them:
  omit [Nontrivial D] in theorem ...

Note: This linter can be disabled with `set_option linter.unusedSectionVars false`
warning: FormalSystem/Metalogic/SoundnessLemmas/FrameClassVariants.lean:393:16: Overlapping instance parameters in `axiom_locally_valid_general`:

⚠️ There are 2 `[Nontrivial D]` instances; one is sufficient.

Note: This linter can be disabled with `set_option linter.overlappingInstances false`
warning: FormalSystem/Metalogic/SoundnessLemmas/FrameClassVariants.lean:683:0: automatically included section variable(s) unused in theorem `FormalSystem.Metalogic.SoundnessLemmas.derivable_valid_and_swap_valid_general`:
  [Nontrivial D]
consider restructuring your `variable` declarations so that the variables are not in scope or explicitly omit them:
  omit [Nontrivial D] in theorem ...

Note: This linter can be disabled with `set_option linter.unusedSectionVars false`
warning: FormalSystem/Metalogic/SoundnessLemmas/FrameClassVariants.lean:683:8: Overlapping instance parameters in `derivable_valid_and_swap_valid_general`:

⚠️ There are 2 `[Nontrivial D]` instances; one is sufficient.

Note: This linter can be disabled with `set_option linter.overlappingInstances false`
warning: FormalSystem/Metalogic/SoundnessLemmas/FrameClassVariants.lean:726:0: automatically included section variable(s) unused in theorem `FormalSystem.Metalogic.SoundnessLemmas.derivable_implies_swap_valid_general`:
  [Nontrivial D]
consider restructuring your `variable` declarations so that the variables are not in scope or explicitly omit them:
  omit [Nontrivial D] in theorem ...

Note: This linter can be disabled with `set_option linter.unusedSectionVars false`
warning: FormalSystem/Metalogic/SoundnessLemmas/FrameClassVariants.lean:726:8: Overlapping instance parameters in `derivable_implies_swap_valid_general`:

⚠️ There are 2 `[Nontrivial D]` instances; one is sufficient.

Note: This linter can be disabled with `set_option linter.overlappingInstances false`
warning: FormalSystem/Metalogic/SoundnessLemmas/FrameClassVariants.lean:742:0: automatically included section variable(s) unused in theorem `FormalSystem.Metalogic.SoundnessLemmas.prior_UZ_is_valid`:
  [Nontrivial D]
consider restructuring your `variable` declarations so that the variables are not in scope or explicitly omit them:
  omit [Nontrivial D] in theorem ...

Note: This linter can be disabled with `set_option linter.unusedSectionVars false`
warning: FormalSystem/Metalogic/SoundnessLemmas/FrameClassVariants.lean:742:8: Overlapping instance parameters in `prior_UZ_is_valid`:

⚠️ There are 2 `[Nontrivial D]` instances; one is sufficient.

Note: This linter can be disabled with `set_option linter.overlappingInstances false`
warning: FormalSystem/Metalogic/SoundnessLemmas/FrameClassVariants.lean:782:0: automatically included section variable(s) unused in theorem `FormalSystem.Metalogic.SoundnessLemmas.prior_SZ_is_valid`:
  [Nontrivial D]
consider restructuring your `variable` declarations so that the variables are not in scope or explicitly omit them:
  omit [Nontrivial D] in theorem ...

Note: This linter can be disabled with `set_option linter.unusedSectionVars false`
warning: FormalSystem/Metalogic/SoundnessLemmas/FrameClassVariants.lean:782:8: Overlapping instance parameters in `prior_SZ_is_valid`:

⚠️ There are 2 `[Nontrivial D]` instances; one is sufficient.

Note: This linter can be disabled with `set_option linter.overlappingInstances false`
warning: FormalSystem/Metalogic/SoundnessLemmas/FrameClassVariants.lean:821:0: automatically included section variable(s) unused in theorem `FormalSystem.Metalogic.SoundnessLemmas.z1_is_valid`:
  [Nontrivial D]
consider restructuring your `variable` declarations so that the variables are not in scope or explicitly omit them:
  omit [Nontrivial D] in theorem ...

Note: This linter can be disabled with `set_option linter.unusedSectionVars false`
warning: FormalSystem/Metalogic/SoundnessLemmas/FrameClassVariants.lean:821:8: Overlapping instance parameters in `z1_is_valid`:

⚠️ There are 2 `[Nontrivial D]` instances; one is sufficient.

Note: This linter can be disabled with `set_option linter.overlappingInstances false`
warning: FormalSystem/Metalogic/SoundnessLemmas/FrameClassVariants.lean:883:0: automatically included section variable(s) unused in theorem `FormalSystem.Metalogic.SoundnessLemmas.z1_past_is_valid`:
  [Nontrivial D]
consider restructuring your `variable` declarations so that the variables are not in scope or explicitly omit them:
  omit [Nontrivial D] in theorem ...

Note: This linter can be disabled with `set_option linter.unusedSectionVars false`
warning: FormalSystem/Metalogic/SoundnessLemmas/FrameClassVariants.lean:883:8: Overlapping instance parameters in `z1_past_is_valid`:

⚠️ There are 2 `[Nontrivial D]` instances; one is sufficient.

Note: This linter can be disabled with `set_option linter.overlappingInstances false`
warning: FormalSystem/Metalogic/SoundnessLemmas/FrameClassVariants.lean:939:8: automatically included section variable(s) unused in theorem `_private.FormalSystem.Metalogic.SoundnessLemmas.FrameClassVariants.0.FormalSystem.Metalogic.SoundnessLemmas.axiom_swap_valid_discrete`:
  [Nontrivial D]
consider restructuring your `variable` declarations so that the variables are not in scope or explicitly omit them:
  omit [Nontrivial D] in theorem ...

Note: This linter can be disabled with `set_option linter.unusedSectionVars false`
warning: FormalSystem/Metalogic/SoundnessLemmas/FrameClassVariants.lean:939:16: Overlapping instance parameters in `axiom_swap_valid_discrete`:

⚠️ There are 2 `[Nontrivial D]` instances; one is sufficient.

Note: This linter can be disabled with `set_option linter.overlappingInstances false`
warning: FormalSystem/Metalogic/SoundnessLemmas/FrameClassVariants.lean:972:8: automatically included section variable(s) unused in theorem `_private.FormalSystem.Metalogic.SoundnessLemmas.FrameClassVariants.0.FormalSystem.Metalogic.SoundnessLemmas.axiom_locally_valid_discrete`:
  [Nontrivial D]
consider restructuring your `variable` declarations so that the variables are not in scope or explicitly omit them:
  omit [Nontrivial D] in theorem ...

Note: This linter can be disabled with `set_option linter.unusedSectionVars false`
warning: FormalSystem/Metalogic/SoundnessLemmas/FrameClassVariants.lean:972:16: Overlapping instance parameters in `axiom_locally_valid_discrete`:

⚠️ There are 2 `[Nontrivial D]` instances; one is sufficient.

Note: This linter can be disabled with `set_option linter.overlappingInstances false`
warning: FormalSystem/Metalogic/SoundnessLemmas/FrameClassVariants.lean:994:0: automatically included section variable(s) unused in theorem `FormalSystem.Metalogic.SoundnessLemmas.derivable_valid_and_swap_valid_discrete`:
  [Nontrivial D]
consider restructuring your `variable` declarations so that the variables are not in scope or explicitly omit them:
  omit [Nontrivial D] in theorem ...

Note: This linter can be disabled with `set_option linter.unusedSectionVars false`
warning: FormalSystem/Metalogic/SoundnessLemmas/FrameClassVariants.lean:994:8: Overlapping instance parameters in `derivable_valid_and_swap_valid_discrete`:

⚠️ There are 2 `[Nontrivial D]` instances; one is sufficient.

Note: This linter can be disabled with `set_option linter.overlappingInstances false`
warning: FormalSystem/Metalogic/SoundnessLemmas/FrameClassVariants.lean:1034:0: automatically included section variable(s) unused in theorem `FormalSystem.Metalogic.SoundnessLemmas.derivable_implies_swap_valid_discrete`:
  [Nontrivial D]
consider restructuring your `variable` declarations so that the variables are not in scope or explicitly omit them:
  omit [Nontrivial D] in theorem ...

Note: This linter can be disabled with `set_option linter.unusedSectionVars false`
warning: FormalSystem/Metalogic/SoundnessLemmas/FrameClassVariants.lean:1034:8: Overlapping instance parameters in `derivable_implies_swap_valid_discrete`:

⚠️ There are 2 `[Nontrivial D]` instances; one is sufficient.

Note: This linter can be disabled with `set_option linter.overlappingInstances false`
⚠ [1365/2079] Replayed FormalSystem.Metalogic.Soundness
warning: FormalSystem/Metalogic/Soundness.lean:318:4: Try this: intro _ h_neg_second
warning: FormalSystem/Metalogic/Soundness.lean:328:4: Try this: intro _ _
warning: FormalSystem/Metalogic/Soundness.lean:355:4: Try this: intro _ _
warning: FormalSystem/Metalogic/Soundness.lean:363:4: Try this: intro _ h_neg_second
⚠ [1379/2079] Replayed FormalSystem.Metalogic.BXCanonical.Chronicle.ChronicleTypes
warning: FormalSystem/Metalogic/BXCanonical/Chronicle/ChronicleTypes.lean:557:2: The namespace `Chronicle` is duplicated in the declaration `FormalSystem.Metalogic.BXCanonical.Chronicle.Chronicle.dom`.

Note: This linter can be disabled with `set_option linter.dupNamespace false`
warning: FormalSystem/Metalogic/BXCanonical/Chronicle/ChronicleTypes.lean:553:2: The namespace `Chronicle` is duplicated in the declaration `FormalSystem.Metalogic.BXCanonical.Chronicle.Chronicle.f`.

Note: This linter can be disabled with `set_option linter.dupNamespace false`
warning: FormalSystem/Metalogic/BXCanonical/Chronicle/ChronicleTypes.lean:551:10: The namespace `Chronicle` is duplicated in the declaration `FormalSystem.Metalogic.BXCanonical.Chronicle.Chronicle.mk`.

Note: This linter can be disabled with `set_option linter.dupNamespace false`
warning: FormalSystem/Metalogic/BXCanonical/Chronicle/ChronicleTypes.lean:555:2: The namespace `Chronicle` is duplicated in the declaration `FormalSystem.Metalogic.BXCanonical.Chronicle.Chronicle.g`.

Note: This linter can be disabled with `set_option linter.dupNamespace false`
warning: FormalSystem/Metalogic/BXCanonical/Chronicle/ChronicleTypes.lean:551:10: The namespace `Chronicle` is duplicated in the declaration `FormalSystem.Metalogic.BXCanonical.Chronicle.Chronicle`.

Note: This linter can be disabled with `set_option linter.dupNamespace false`
warning: FormalSystem/Metalogic/BXCanonical/Chronicle/ChronicleTypes.lean:562:4: The namespace `Chronicle` is duplicated in the declaration `FormalSystem.Metalogic.BXCanonical.Chronicle.Chronicle.c0`.

Note: This linter can be disabled with `set_option linter.dupNamespace false`
warning: FormalSystem/Metalogic/BXCanonical/Chronicle/ChronicleTypes.lean:570:4: The namespace `Chronicle` is duplicated in the declaration `FormalSystem.Metalogic.BXCanonical.Chronicle.Chronicle.c1`.

Note: This linter can be disabled with `set_option linter.dupNamespace false`
warning: FormalSystem/Metalogic/BXCanonical/Chronicle/ChronicleTypes.lean:575:4: The namespace `Chronicle` is duplicated in the declaration `FormalSystem.Metalogic.BXCanonical.Chronicle.Chronicle.c2`.

Note: This linter can be disabled with `set_option linter.dupNamespace false`
warning: FormalSystem/Metalogic/BXCanonical/Chronicle/ChronicleTypes.lean:591:4: The namespace `Chronicle` is duplicated in the declaration `FormalSystem.Metalogic.BXCanonical.Chronicle.Chronicle.c2'`.

Note: This linter can be disabled with `set_option linter.dupNamespace false`
warning: FormalSystem/Metalogic/BXCanonical/Chronicle/ChronicleTypes.lean:602:4: The namespace `Chronicle` is duplicated in the declaration `FormalSystem.Metalogic.BXCanonical.Chronicle.Chronicle.c3`.

Note: This linter can be disabled with `set_option linter.dupNamespace false`
warning: FormalSystem/Metalogic/BXCanonical/Chronicle/ChronicleTypes.lean:620:4: The namespace `Chronicle` is duplicated in the declaration `FormalSystem.Metalogic.BXCanonical.Chronicle.Chronicle.c4`.

Note: This linter can be disabled with `set_option linter.dupNamespace false`
warning: FormalSystem/Metalogic/BXCanonical/Chronicle/ChronicleTypes.lean:635:4: The namespace `Chronicle` is duplicated in the declaration `FormalSystem.Metalogic.BXCanonical.Chronicle.Chronicle.c4'`.

Note: This linter can be disabled with `set_option linter.dupNamespace false`
warning: FormalSystem/Metalogic/BXCanonical/Chronicle/ChronicleTypes.lean:646:4: The namespace `Chronicle` is duplicated in the declaration `FormalSystem.Metalogic.BXCanonical.Chronicle.Chronicle.c5`.

Note: This linter can be disabled with `set_option linter.dupNamespace false`
warning: FormalSystem/Metalogic/BXCanonical/Chronicle/ChronicleTypes.lean:655:4: The namespace `Chronicle` is duplicated in the declaration `FormalSystem.Metalogic.BXCanonical.Chronicle.Chronicle.c5'`.

Note: This linter can be disabled with `set_option linter.dupNamespace false`
⚠ [1387/2079] Replayed FormalSystem.Metalogic.BXCanonical.Chronicle.PointInsertion
warning: FormalSystem/Metalogic/BXCanonical/Chronicle/PointInsertion.lean:1994:87: This simp argument is unused:
  true_and

Hint: Omit it from the simp argument list.
  [apply] simp only [h_not_B, ↓reduceDIte, Formula.snce.injEq, ↓existsAndEq]

Note: This linter can be disabled with `set_option linter.unusedSimpArgs false`
⚠ [1389/2079] Replayed FormalSystem.Metalogic.Algebraic.FlowFrame
warning: FormalSystem/Metalogic/Algebraic/FlowFrame.lean:190:18: Overlapping instance parameters in `multiFamHistoryGen`:

⚠️ There are 2 `[Nontrivial D]` instances; one is sufficient.

Note: This linter can be disabled with `set_option linter.overlappingInstances false`
warning: FormalSystem/Metalogic/Algebraic/FlowFrame.lean:203:0: automatically included section variable(s) unused in theorem `FormalSystem.Metalogic.Algebraic.multiFamHistoryGen_shift_eq`:
  [Nontrivial D]
consider restructuring your `variable` declarations so that the variables are not in scope or explicitly omit them:
  omit [Nontrivial D] in theorem ...

Note: This linter can be disabled with `set_option linter.unusedSectionVars false`
warning: FormalSystem/Metalogic/Algebraic/FlowFrame.lean:203:8: Overlapping instance parameters in `multiFamHistoryGen_shift_eq`:

⚠️ There are 2 `[Nontrivial D]` instances; one is sufficient.

Note: This linter can be disabled with `set_option linter.overlappingInstances false`
warning: FormalSystem/Metalogic/Algebraic/FlowFrame.lean:217:0: automatically included section variable(s) unused in theorem `FormalSystem.Metalogic.Algebraic.multiFamHistoryGen_total`:
  [Nontrivial D]
consider restructuring your `variable` declarations so that the variables are not in scope or explicitly omit them:
  omit [Nontrivial D] in theorem ...

Note: This linter can be disabled with `set_option linter.unusedSectionVars false`
warning: FormalSystem/Metalogic/Algebraic/FlowFrame.lean:217:8: Overlapping instance parameters in `multiFamHistoryGen_total`:

⚠️ There are 2 `[Nontrivial D]` instances; one is sufficient.

Note: This linter can be disabled with `set_option linter.overlappingInstances false`
warning: FormalSystem/Metalogic/Algebraic/FlowFrame.lean:255:0: automatically included section variable(s) unused in theorem `FormalSystem.Metalogic.Algebraic.multiFamGen_comp_iff`:
  [Nontrivial D]
consider restructuring your `variable` declarations so that the variables are not in scope or explicitly omit them:
  omit [Nontrivial D] in theorem ...

Note: This linter can be disabled with `set_option linter.unusedSectionVars false`
warning: FormalSystem/Metalogic/Algebraic/FlowFrame.lean:255:8: Overlapping instance parameters in `multiFamGen_comp_iff`:

⚠️ There are 2 `[Nontrivial D]` instances; one is sufficient.

Note: This linter can be disabled with `set_option linter.overlappingInstances false`
warning: FormalSystem/Metalogic/Algebraic/FlowFrame.lean:270:0: automatically included section variable(s) unused in theorem `FormalSystem.Metalogic.Algebraic.multiFamGen_comp_iff_of_nonneg`:
  [Nontrivial D]
consider restructuring your `variable` declarations so that the variables are not in scope or explicitly omit them:
  omit [Nontrivial D] in theorem ...

Note: This linter can be disabled with `set_option linter.unusedSectionVars false`
warning: FormalSystem/Metalogic/Algebraic/FlowFrame.lean:270:8: Overlapping instance parameters in `multiFamGen_comp_iff_of_nonneg`:

⚠️ There are 2 `[Nontrivial D]` instances; one is sufficient.

Note: This linter can be disabled with `set_option linter.overlappingInstances false`
warning: FormalSystem/Metalogic/Algebraic/FlowFrame.lean:280:0: automatically included section variable(s) unused in theorem `FormalSystem.Metalogic.Algebraic.multiFamGen_serial`:
  [Nontrivial D]
consider restructuring your `variable` declarations so that the variables are not in scope or explicitly omit them:
  omit [Nontrivial D] in theorem ...

Note: This linter can be disabled with `set_option linter.unusedSectionVars false`
warning: FormalSystem/Metalogic/Algebraic/FlowFrame.lean:280:8: Overlapping instance parameters in `multiFamGen_serial`:

⚠️ There are 2 `[Nontrivial D]` instances; one is sufficient.

Note: This linter can be disabled with `set_option linter.overlappingInstances false`
warning: FormalSystem/Metalogic/Algebraic/FlowFrame.lean:289:0: automatically included section variable(s) unused in theorem `FormalSystem.Metalogic.Algebraic.multiFamGen_limit`:
  [Nontrivial D]
consider restructuring your `variable` declarations so that the variables are not in scope or explicitly omit them:
  omit [Nontrivial D] in theorem ...

Note: This linter can be disabled with `set_option linter.unusedSectionVars false`
warning: FormalSystem/Metalogic/Algebraic/FlowFrame.lean:289:8: Overlapping instance parameters in `multiFamGen_limit`:

⚠️ There are 2 `[Nontrivial D]` instances; one is sufficient.

Note: This linter can be disabled with `set_option linter.overlappingInstances false`
warning: FormalSystem/Metalogic/Algebraic/FlowFrame.lean:298:0: automatically included section variable(s) unused in theorem `FormalSystem.Metalogic.Algebraic.multiFamGen_fib_subsingleton`:
  [Nontrivial D]
consider restructuring your `variable` declarations so that the variables are not in scope or explicitly omit them:
  omit [Nontrivial D] in theorem ...

Note: This linter can be disabled with `set_option linter.unusedSectionVars false`
warning: FormalSystem/Metalogic/Algebraic/FlowFrame.lean:298:8: Overlapping instance parameters in `multiFamGen_fib_subsingleton`:

⚠️ There are 2 `[Nontrivial D]` instances; one is sufficient.

Note: This linter can be disabled with `set_option linter.overlappingInstances false`
warning: FormalSystem/Metalogic/Algebraic/FlowFrame.lean:307:0: automatically included section variable(s) unused in theorem `FormalSystem.Metalogic.Algebraic.multiFamGen_spherical`:
  [Nontrivial D]
consider restructuring your `variable` declarations so that the variables are not in scope or explicitly omit them:
  omit [Nontrivial D] in theorem ...

Note: This linter can be disabled with `set_option linter.unusedSectionVars false`
warning: FormalSystem/Metalogic/Algebraic/FlowFrame.lean:307:8: Overlapping instance parameters in `multiFamGen_spherical`:

⚠️ There are 2 `[Nontrivial D]` instances; one is sufficient.

Note: This linter can be disabled with `set_option linter.overlappingInstances false`
warning: FormalSystem/Metalogic/Algebraic/FlowFrame.lean:331:0: automatically included section variable(s) unused in theorem `FormalSystem.Metalogic.Algebraic.multiFamTaskFrameGen_serial`:
  [Nontrivial D]
consider restructuring your `variable` declarations so that the variables are not in scope or explicitly omit them:
  omit [Nontrivial D] in theorem ...

Note: This linter can be disabled with `set_option linter.unusedSectionVars false`
warning: FormalSystem/Metalogic/Algebraic/FlowFrame.lean:331:8: Overlapping instance parameters in `multiFamTaskFrameGen_serial`:

⚠️ There are 2 `[Nontrivial D]` instances; one is sufficient.

Note: This linter can be disabled with `set_option linter.overlappingInstances false`
warning: FormalSystem/Metalogic/Algebraic/FlowFrame.lean:339:0: automatically included section variable(s) unused in theorem `FormalSystem.Metalogic.Algebraic.multiFamTaskFrameGen_interpolates`:
  [Nontrivial D]
consider restructuring your `variable` declarations so that the variables are not in scope or explicitly omit them:
  omit [Nontrivial D] in theorem ...

Note: This linter can be disabled with `set_option linter.unusedSectionVars false`
warning: FormalSystem/Metalogic/Algebraic/FlowFrame.lean:339:8: Overlapping instance parameters in `multiFamTaskFrameGen_interpolates`:

⚠️ There are 2 `[Nontrivial D]` instances; one is sufficient.

Note: This linter can be disabled with `set_option linter.overlappingInstances false`
warning: FormalSystem/Metalogic/Algebraic/FlowFrame.lean:346:0: automatically included section variable(s) unused in theorem `FormalSystem.Metalogic.Algebraic.multiFamTaskFrameGen_limit`:
  [Nontrivial D]
consider restructuring your `variable` declarations so that the variables are not in scope or explicitly omit them:
  omit [Nontrivial D] in theorem ...

Note: This linter can be disabled with `set_option linter.unusedSectionVars false`
warning: FormalSystem/Metalogic/Algebraic/FlowFrame.lean:346:8: Overlapping instance parameters in `multiFamTaskFrameGen_limit`:

⚠️ There are 2 `[Nontrivial D]` instances; one is sufficient.

Note: This linter can be disabled with `set_option linter.overlappingInstances false`
warning: FormalSystem/Metalogic/Algebraic/FlowFrame.lean:355:0: automatically included section variable(s) unused in theorem `FormalSystem.Metalogic.Algebraic.multiFamTaskFrameGen_spherical`:
  [Nontrivial D]
consider restructuring your `variable` declarations so that the variables are not in scope or explicitly omit them:
  omit [Nontrivial D] in theorem ...

Note: This linter can be disabled with `set_option linter.unusedSectionVars false`
warning: FormalSystem/Metalogic/Algebraic/FlowFrame.lean:355:8: Overlapping instance parameters in `multiFamTaskFrameGen_spherical`:

⚠️ There are 2 `[Nontrivial D]` instances; one is sufficient.

Note: This linter can be disabled with `set_option linter.overlappingInstances false`
warning: FormalSystem/Metalogic/Algebraic/FlowFrame.lean:372:0: automatically included section variable(s) unused in theorem `FormalSystem.Metalogic.Algebraic.multiFamGen_total_eq`:
  [Nontrivial D]
consider restructuring your `variable` declarations so that the variables are not in scope or explicitly omit them:
  omit [Nontrivial D] in theorem ...

Note: This linter can be disabled with `set_option linter.unusedSectionVars false`
warning: FormalSystem/Metalogic/Algebraic/FlowFrame.lean:372:8: Overlapping instance parameters in `multiFamGen_total_eq`:

⚠️ There are 2 `[Nontrivial D]` instances; one is sufficient.

Note: This linter can be disabled with `set_option linter.overlappingInstances false`
warning: FormalSystem/Metalogic/Algebraic/FlowFrame.lean:410:0: automatically included section variable(s) unused in theorem `FormalSystem.Metalogic.Algebraic.multiFamGen_total_eq_range`:
  [Nontrivial D]
consider restructuring your `variable` declarations so that the variables are not in scope or explicitly omit them:
  omit [Nontrivial D] in theorem ...

Note: This linter can be disabled with `set_option linter.unusedSectionVars false`
warning: FormalSystem/Metalogic/Algebraic/FlowFrame.lean:410:8: Overlapping instance parameters in `multiFamGen_total_eq_range`:

⚠️ There are 2 `[Nontrivial D]` instances; one is sufficient.

Note: This linter can be disabled with `set_option linter.overlappingInstances false`
warning: FormalSystem/Metalogic/Algebraic/FlowFrame.lean:455:18: Overlapping instance parameters in `bundleFlowFrame`:

⚠️ There are 2 `[Nontrivial D]` instances; one is sufficient.

Note: This linter can be disabled with `set_option linter.overlappingInstances false`
warning: FormalSystem/Metalogic/Algebraic/FlowFrame.lean:460:18: Overlapping instance parameters in `bundleFlowHistory`:

⚠️ There are 2 `[Nontrivial D]` instances; one is sufficient.

Note: This linter can be disabled with `set_option linter.overlappingInstances false`
warning: FormalSystem/Metalogic/Algebraic/FlowFrame.lean:467:18: Overlapping instance parameters in `bundleFlowModel`:

⚠️ There are 2 `[Nontrivial D]` instances; one is sufficient.

Note: This linter can be disabled with `set_option linter.overlappingInstances false`
warning: FormalSystem/Metalogic/Algebraic/FlowFrame.lean:471:0: automatically included section variable(s) unused in theorem `FormalSystem.Metalogic.Algebraic.bundleFlowHistory_total`:
  [Nontrivial D]
consider restructuring your `variable` declarations so that the variables are not in scope or explicitly omit them:
  omit [Nontrivial D] in theorem ...

Note: This linter can be disabled with `set_option linter.unusedSectionVars false`
warning: FormalSystem/Metalogic/Algebraic/FlowFrame.lean:471:8: Overlapping instance parameters in `bundleFlowHistory_total`:

⚠️ There are 2 `[Nontrivial D]` instances; one is sufficient.

Note: This linter can be disabled with `set_option linter.overlappingInstances false`
warning: FormalSystem/Metalogic/Algebraic/FlowFrame.lean:479:0: automatically included section variable(s) unused in theorem `FormalSystem.Metalogic.Algebraic.bundleFlow_pos_shift`:
  [Nontrivial D]
consider restructuring your `variable` declarations so that the variables are not in scope or explicitly omit them:
  omit [Nontrivial D] in theorem ...

Note: This linter can be disabled with `set_option linter.unusedSectionVars false`
warning: FormalSystem/Metalogic/Algebraic/FlowFrame.lean:479:8: Overlapping instance parameters in `bundleFlow_pos_shift`:

⚠️ There are 2 `[Nontrivial D]` instances; one is sufficient.

Note: This linter can be disabled with `set_option linter.overlappingInstances false`
warning: FormalSystem/Metalogic/Algebraic/FlowFrame.lean:486:0: automatically included section variable(s) unused in theorem `FormalSystem.Metalogic.Algebraic.bundleFlow_comp_iff`:
  [Nontrivial D]
consider restructuring your `variable` declarations so that the variables are not in scope or explicitly omit them:
  omit [Nontrivial D] in theorem ...

Note: This linter can be disabled with `set_option linter.unusedSectionVars false`
warning: FormalSystem/Metalogic/Algebraic/FlowFrame.lean:486:8: Overlapping instance parameters in `bundleFlow_comp_iff`:

⚠️ There are 2 `[Nontrivial D]` instances; one is sufficient.

Note: This linter can be disabled with `set_option linter.overlappingInstances false`
warning: FormalSystem/Metalogic/Algebraic/FlowFrame.lean:494:0: automatically included section variable(s) unused in theorem `FormalSystem.Metalogic.Algebraic.bundleFlow_serial`:
  [Nontrivial D]
consider restructuring your `variable` declarations so that the variables are not in scope or explicitly omit them:
  omit [Nontrivial D] in theorem ...

Note: This linter can be disabled with `set_option linter.unusedSectionVars false`
warning: FormalSystem/Metalogic/Algebraic/FlowFrame.lean:494:8: Overlapping instance parameters in `bundleFlow_serial`:

⚠️ There are 2 `[Nontrivial D]` instances; one is sufficient.

Note: This linter can be disabled with `set_option linter.overlappingInstances false`
warning: FormalSystem/Metalogic/Algebraic/FlowFrame.lean:502:0: automatically included section variable(s) unused in theorem `FormalSystem.Metalogic.Algebraic.bundleFlow_limit`:
  [Nontrivial D]
consider restructuring your `variable` declarations so that the variables are not in scope or explicitly omit them:
  omit [Nontrivial D] in theorem ...

Note: This linter can be disabled with `set_option linter.unusedSectionVars false`
warning: FormalSystem/Metalogic/Algebraic/FlowFrame.lean:502:8: Overlapping instance parameters in `bundleFlow_limit`:

⚠️ There are 2 `[Nontrivial D]` instances; one is sufficient.

Note: This linter can be disabled with `set_option linter.overlappingInstances false`
warning: FormalSystem/Metalogic/Algebraic/FlowFrame.lean:509:0: automatically included section variable(s) unused in theorem `FormalSystem.Metalogic.Algebraic.bundleFlow_spherical`:
  [Nontrivial D]
consider restructuring your `variable` declarations so that the variables are not in scope or explicitly omit them:
  omit [Nontrivial D] in theorem ...

Note: This linter can be disabled with `set_option linter.unusedSectionVars false`
warning: FormalSystem/Metalogic/Algebraic/FlowFrame.lean:509:8: Overlapping instance parameters in `bundleFlow_spherical`:

⚠️ There are 2 `[Nontrivial D]` instances; one is sufficient.

Note: This linter can be disabled with `set_option linter.overlappingInstances false`
warning: FormalSystem/Metalogic/Algebraic/FlowFrame.lean:521:0: automatically included section variable(s) unused in theorem `FormalSystem.Metalogic.Algebraic.bundleFlow_total_eq`:
  [Nontrivial D]
consider restructuring your `variable` declarations so that the variables are not in scope or explicitly omit them:
  omit [Nontrivial D] in theorem ...

Note: This linter can be disabled with `set_option linter.unusedSectionVars false`
warning: FormalSystem/Metalogic/Algebraic/FlowFrame.lean:521:8: Overlapping instance parameters in `bundleFlow_total_eq`:

⚠️ There are 2 `[Nontrivial D]` instances; one is sufficient.

Note: This linter can be disabled with `set_option linter.overlappingInstances false`
warning: FormalSystem/Metalogic/Algebraic/FlowFrame.lean:537:0: automatically included section variable(s) unused in theorem `FormalSystem.Metalogic.Algebraic.bundleFlow_total_eq_range`:
  [Nontrivial D]
consider restructuring your `variable` declarations so that the variables are not in scope or explicitly omit them:
  omit [Nontrivial D] in theorem ...

Note: This linter can be disabled with `set_option linter.unusedSectionVars false`
warning: FormalSystem/Metalogic/Algebraic/FlowFrame.lean:537:8: Overlapping instance parameters in `bundleFlow_total_eq_range`:

⚠️ There are 2 `[Nontrivial D]` instances; one is sufficient.

Note: This linter can be disabled with `set_option linter.overlappingInstances false`
warning: FormalSystem/Metalogic/Algebraic/FlowFrame.lean:623:0: automatically included section variable(s) unused in theorem `FormalSystem.Metalogic.Algebraic.fmcs_box_persistent`:
  [Nontrivial D]
consider restructuring your `variable` declarations so that the variables are not in scope or explicitly omit them:
  omit [Nontrivial D] in theorem ...

Note: This linter can be disabled with `set_option linter.unusedSectionVars false`
warning: FormalSystem/Metalogic/Algebraic/FlowFrame.lean:666:0: automatically included section variable(s) unused in theorem `FormalSystem.Metalogic.Algebraic.bundleFlow_truth_lemma`:
  [Nontrivial D]
consider restructuring your `variable` declarations so that the variables are not in scope or explicitly omit them:
  omit [Nontrivial D] in theorem ...

Note: This linter can be disabled with `set_option linter.unusedSectionVars false`
warning: FormalSystem/Metalogic/Algebraic/FlowFrame.lean:666:8: Overlapping instance parameters in `bundleFlow_truth_lemma`:

⚠️ There are 2 `[Nontrivial D]` instances; one is sufficient.

Note: This linter can be disabled with `set_option linter.overlappingInstances false`
warning: FormalSystem/Metalogic/Algebraic/FlowFrame.lean:791:0: automatically included section variable(s) unused in theorem `FormalSystem.Metalogic.Algebraic.bundleFlow_completeness_from_neg_membership`:
  [Nontrivial D]
consider restructuring your `variable` declarations so that the variables are not in scope or explicitly omit them:
  omit [Nontrivial D] in theorem ...

Note: This linter can be disabled with `set_option linter.unusedSectionVars false`
warning: FormalSystem/Metalogic/Algebraic/FlowFrame.lean:791:8: Overlapping instance parameters in `bundleFlow_completeness_from_neg_membership`:

⚠️ There are 2 `[Nontrivial D]` instances; one is sufficient.

Note: This linter can be disabled with `set_option linter.overlappingInstances false`
⚠ [1892/2079] Replayed FormalSystem.Metalogic.WeakCanonical.DenseModelSurgery.Lemma34
warning: FormalSystem/Metalogic/WeakCanonical/DenseModelSurgery/Lemma34.lean:231:4: `push_neg` has been deprecated. Prefer using `push Not` instead.
If you'd rather continue using `push_neg` in your project, you can implement it as follows:
```
open Lean.Parser.Tactic in
macro "push_neg" cfg:optConfig loc:(location)? : tactic =>
  `(tactic| push $cfg:optConfig Not $[$loc]?)
```
warning: FormalSystem/Metalogic/WeakCanonical/DenseModelSurgery/Lemma34.lean:238:6: `push_neg` has been deprecated. Prefer using `push Not` instead.
If you'd rather continue using `push_neg` in your project, you can implement it as follows:
```
open Lean.Parser.Tactic in
macro "push_neg" cfg:optConfig loc:(location)? : tactic =>
  `(tactic| push $cfg:optConfig Not $[$loc]?)
```
warning: FormalSystem/Metalogic/WeakCanonical/DenseModelSurgery/Lemma34.lean:275:2: `push_neg` has been deprecated. Prefer using `push Not` instead.
If you'd rather continue using `push_neg` in your project, you can implement it as follows:
```
open Lean.Parser.Tactic in
macro "push_neg" cfg:optConfig loc:(location)? : tactic =>
  `(tactic| push $cfg:optConfig Not $[$loc]?)
```
warning: FormalSystem/Metalogic/WeakCanonical/DenseModelSurgery/Lemma34.lean:272:0: automatically included section variable(s) unused in theorem `FormalSystem.Metalogic.WeakCanonical.DenseModelSurgery.exists_contemp_gt`:
  [InStructureClass C M]
consider restructuring your `variable` declarations so that the variables are not in scope or explicitly omit them:
  omit [InStructureClass C M] in theorem ...

Note: This linter can be disabled with `set_option linter.unusedSectionVars false`
warning: FormalSystem/Metalogic/WeakCanonical/DenseModelSurgery/Lemma34.lean:454:71: This simp argument is unused:
  c4_three

Hint: Omit it from the simp argument list.
  [apply] simp only [classBeginsAtGapStartFormula, ClassBeginsAtGapStart, eval, eval_imp, eval_epsAt, eval_rhoAt,
    Fin.cons_zero, c2_one, c3_one, c3_two, c4_one, c4_two, and_imp]

Note: This linter can be disabled with `set_option linter.unusedSimpArgs false`
warning: FormalSystem/Metalogic/WeakCanonical/DenseModelSurgery/Lemma34.lean:454:81: This simp argument is unused:
  and_imp

Hint: Omit it from the simp argument list.
  [apply] simp only [classBeginsAtGapStartFormula, ClassBeginsAtGapStart, eval, eval_imp, eval_epsAt, eval_rhoAt,
    Fin.cons_zero, c2_one, c3_one, c3_two, c4_one, c4_two, c4_three]

Note: This linter can be disabled with `set_option linter.unusedSimpArgs false`
warning: FormalSystem/Metalogic/WeakCanonical/DenseModelSurgery/Lemma34.lean:504:0: automatically included section variable(s) unused in theorem `FormalSystem.Metalogic.WeakCanonical.DenseModelSurgery.contemp_not_lt_of_kminus`:
  [Fintype sig.preds]
  [DecidableEq sig.preds]
consider restructuring your `variable` declarations so that the variables are not in scope or explicitly omit them:
  omit [Fintype sig.preds] [DecidableEq sig.preds] in theorem ...

Note: This linter can be disabled with `set_option linter.unusedSectionVars false`
warning: FormalSystem/Metalogic/WeakCanonical/DenseModelSurgery/Lemma34.lean:539:4: `push_neg` has been deprecated. Prefer using `push Not` instead.
If you'd rather continue using `push_neg` in your project, you can implement it as follows:
```
open Lean.Parser.Tactic in
macro "push_neg" cfg:optConfig loc:(location)? : tactic =>
  `(tactic| push $cfg:optConfig Not $[$loc]?)
```
warning: FormalSystem/Metalogic/WeakCanonical/DenseModelSurgery/Lemma34.lean:545:6: `push_neg` has been deprecated. Prefer using `push Not` instead.
If you'd rather continue using `push_neg` in your project, you can implement it as follows:
```
open Lean.Parser.Tactic in
macro "push_neg" cfg:optConfig loc:(location)? : tactic =>
  `(tactic| push $cfg:optConfig Not $[$loc]?)
```
warning: FormalSystem/Metalogic/WeakCanonical/DenseModelSurgery/Lemma34.lean:568:4: `push_neg` has been deprecated. Prefer using `push Not` instead.
If you'd rather continue using `push_neg` in your project, you can implement it as follows:
```
open Lean.Parser.Tactic in
macro "push_neg" cfg:optConfig loc:(location)? : tactic =>
  `(tactic| push $cfg:optConfig Not $[$loc]?)
```
warning: FormalSystem/Metalogic/WeakCanonical/DenseModelSurgery/Lemma34.lean:559:0: automatically included section variable(s) unused in theorem `FormalSystem.Metalogic.WeakCanonical.DenseModelSurgery.not_classBeginsAtGapStart`:
  [Fintype sig.preds]
  [DecidableEq sig.preds]
consider restructuring your `variable` declarations so that the variables are not in scope or explicitly omit them:
  omit [Fintype sig.preds] [DecidableEq sig.preds] in theorem ...

Note: This linter can be disabled with `set_option linter.unusedSectionVars false`
warning: FormalSystem/Metalogic/WeakCanonical/DenseModelSurgery/Lemma34.lean:630:4: `push_neg` has been deprecated. Prefer using `push Not` instead.
If you'd rather continue using `push_neg` in your project, you can implement it as follows:
```
open Lean.Parser.Tactic in
macro "push_neg" cfg:optConfig loc:(location)? : tactic =>
  `(tactic| push $cfg:optConfig Not $[$loc]?)
```
warning: FormalSystem/Metalogic/WeakCanonical/DenseModelSurgery/Lemma34.lean:770:4: `push_neg` has been deprecated. Prefer using `push Not` instead.
If you'd rather continue using `push_neg` in your project, you can implement it as follows:
```
open Lean.Parser.Tactic in
macro "push_neg" cfg:optConfig loc:(location)? : tactic =>
  `(tactic| push $cfg:optConfig Not $[$loc]?)
```
warning: FormalSystem/Metalogic/WeakCanonical/DenseModelSurgery/Lemma34.lean:852:4: `push_neg` has been deprecated. Prefer using `push Not` instead.
If you'd rather continue using `push_neg` in your project, you can implement it as follows:
```
open Lean.Parser.Tactic in
macro "push_neg" cfg:optConfig loc:(location)? : tactic =>
  `(tactic| push $cfg:optConfig Not $[$loc]?)
```
warning: FormalSystem/Metalogic/WeakCanonical/DenseModelSurgery/Lemma34.lean:858:2: `push_neg` has been deprecated. Prefer using `push Not` instead.
If you'd rather continue using `push_neg` in your project, you can implement it as follows:
```
open Lean.Parser.Tactic in
macro "push_neg" cfg:optConfig loc:(location)? : tactic =>
  `(tactic| push $cfg:optConfig Not $[$loc]?)
```
warning: FormalSystem/Metalogic/WeakCanonical/DenseModelSurgery/Lemma34.lean:842:0: automatically included section variable(s) unused in theorem `FormalSystem.Metalogic.WeakCanonical.DenseModelSurgery.isFirstClassPoint_congr`:
  [Fintype sig.preds]
  [DecidableEq sig.preds]
consider restructuring your `variable` declarations so that the variables are not in scope or explicitly omit them:
  omit [Fintype sig.preds] [DecidableEq sig.preds] in theorem ...

Note: This linter can be disabled with `set_option linter.unusedSectionVars false`
warning: FormalSystem/Metalogic/WeakCanonical/DenseModelSurgery/Lemma34.lean:867:0: automatically included section variable(s) unused in theorem `FormalSystem.Metalogic.WeakCanonical.DenseModelSurgery.not_isFirstClassPoint`:
  [Fintype sig.preds]
  [DecidableEq sig.preds]
consider restructuring your `variable` declarations so that the variables are not in scope or explicitly omit them:
  omit [Fintype sig.preds] [DecidableEq sig.preds] in theorem ...

Note: This linter can be disabled with `set_option linter.unusedSectionVars false`
warning: FormalSystem/Metalogic/WeakCanonical/DenseModelSurgery/Lemma34.lean:1046:4: `push_neg` has been deprecated. Prefer using `push Not` instead.
If you'd rather continue using `push_neg` in your project, you can implement it as follows:
```
open Lean.Parser.Tactic in
macro "push_neg" cfg:optConfig loc:(location)? : tactic =>
  `(tactic| push $cfg:optConfig Not $[$loc]?)
```
warning: FormalSystem/Metalogic/WeakCanonical/DenseModelSurgery/Lemma34.lean:1051:2: `push_neg` has been deprecated. Prefer using `push Not` instead.
If you'd rather continue using `push_neg` in your project, you can implement it as follows:
```
open Lean.Parser.Tactic in
macro "push_neg" cfg:optConfig loc:(location)? : tactic =>
  `(tactic| push $cfg:optConfig Not $[$loc]?)
```
⚠ [1894/2079] Replayed FormalSystem.Metalogic.WeakCanonical.DenseModelSurgery.Lemma5
warning: FormalSystem/Metalogic/WeakCanonical/DenseModelSurgery/Lemma5.lean:327:0: automatically included section variable(s) unused in theorem `FormalSystem.Metalogic.WeakCanonical.DenseModelSurgery.holdsSomewhereInClass_congr`:
  [IsDualClosed C]
consider restructuring your `variable` declarations so that the variables are not in scope or explicitly omit them:
  omit [IsDualClosed C] in theorem ...

Note: This linter can be disabled with `set_option linter.unusedSectionVars false`
warning: FormalSystem/Metalogic/WeakCanonical/DenseModelSurgery/Lemma5.lean:419:4: `push_neg` has been deprecated. Prefer using `push Not` instead.
If you'd rather continue using `push_neg` in your project, you can implement it as follows:
```
open Lean.Parser.Tactic in
macro "push_neg" cfg:optConfig loc:(location)? : tactic =>
  `(tactic| push $cfg:optConfig Not $[$loc]?)
```
warning: FormalSystem/Metalogic/WeakCanonical/DenseModelSurgery/Lemma5.lean:438:4: `push_neg` has been deprecated. Prefer using `push Not` instead.
If you'd rather continue using `push_neg` in your project, you can implement it as follows:
```
open Lean.Parser.Tactic in
macro "push_neg" cfg:optConfig loc:(location)? : tactic =>
  `(tactic| push $cfg:optConfig Not $[$loc]?)
```
warning: FormalSystem/Metalogic/WeakCanonical/DenseModelSurgery/Lemma5.lean:408:0: automatically included section variable(s) unused in theorem `FormalSystem.Metalogic.WeakCanonical.DenseModelSurgery.false_of_holds_throughout_class_bounded`:
  [IsDualClosed C]
consider restructuring your `variable` declarations so that the variables are not in scope or explicitly omit them:
  omit [IsDualClosed C] in theorem ...

Note: This linter can be disabled with `set_option linter.unusedSectionVars false`
warning: FormalSystem/Metalogic/WeakCanonical/DenseModelSurgery/Lemma5.lean:471:4: `push_neg` has been deprecated. Prefer using `push Not` instead.
If you'd rather continue using `push_neg` in your project, you can implement it as follows:
```
open Lean.Parser.Tactic in
macro "push_neg" cfg:optConfig loc:(location)? : tactic =>
  `(tactic| push $cfg:optConfig Not $[$loc]?)
```
warning: FormalSystem/Metalogic/WeakCanonical/DenseModelSurgery/Lemma5.lean:459:0: automatically included section variable(s) unused in theorem `FormalSystem.Metalogic.WeakCanonical.DenseModelSurgery.exists_bound_notHolds`:
  [IsDualClosed C]
consider restructuring your `variable` declarations so that the variables are not in scope or explicitly omit them:
  omit [IsDualClosed C] in theorem ...

Note: This linter can be disabled with `set_option linter.unusedSectionVars false`
warning: FormalSystem/Metalogic/WeakCanonical/DenseModelSurgery/Lemma5.lean:536:4: `push_neg` has been deprecated. Prefer using `push Not` instead.
If you'd rather continue using `push_neg` in your project, you can implement it as follows:
```
open Lean.Parser.Tactic in
macro "push_neg" cfg:optConfig loc:(location)? : tactic =>
  `(tactic| push $cfg:optConfig Not $[$loc]?)
```
warning: FormalSystem/Metalogic/WeakCanonical/DenseModelSurgery/Lemma5.lean:564:6: `push_neg` has been deprecated. Prefer using `push Not` instead.
If you'd rather continue using `push_neg` in your project, you can implement it as follows:
```
open Lean.Parser.Tactic in
macro "push_neg" cfg:optConfig loc:(location)? : tactic =>
  `(tactic| push $cfg:optConfig Not $[$loc]?)
```
warning: FormalSystem/Metalogic/WeakCanonical/DenseModelSurgery/Lemma5.lean:585:6: `push_neg` has been deprecated. Prefer using `push Not` instead.
If you'd rather continue using `push_neg` in your project, you can implement it as follows:
```
open Lean.Parser.Tactic in
macro "push_neg" cfg:optConfig loc:(location)? : tactic =>
  `(tactic| push $cfg:optConfig Not $[$loc]?)
```
warning: FormalSystem/Metalogic/WeakCanonical/DenseModelSurgery/Lemma5.lean:739:0: automatically included section variable(s) unused in theorem `FormalSystem.Metalogic.WeakCanonical.DenseModelSurgery.classModels_congr`:
  [IsDualClosed C]
consider restructuring your `variable` declarations so that the variables are not in scope or explicitly omit them:
  omit [IsDualClosed C] in theorem ...

Note: This linter can be disabled with `set_option linter.unusedSectionVars false`
⚠ [1895/2079] Replayed FormalSystem.Metalogic.WeakCanonical.DenseModelSurgery.BadIntervals
warning: FormalSystem/Metalogic/WeakCanonical/DenseModelSurgery/BadIntervals.lean:357:0: automatically included section variable(s) unused in theorem `FormalSystem.Metalogic.WeakCanonical.DenseModelSurgery.notLeftEnd_of_le`:
  [IsDualClosed C]
consider restructuring your `variable` declarations so that the variables are not in scope or explicitly omit them:
  omit [IsDualClosed C] in theorem ...

Note: This linter can be disabled with `set_option linter.unusedSectionVars false`
warning: FormalSystem/Metalogic/WeakCanonical/DenseModelSurgery/BadIntervals.lean:403:0: automatically included section variable(s) unused in theorem `FormalSystem.Metalogic.WeakCanonical.DenseModelSurgery.not_endsInGapOnRight_of_immediatePredecessor`:
  [IsDualClosed C]
consider restructuring your `variable` declarations so that the variables are not in scope or explicitly omit them:
  omit [IsDualClosed C] in theorem ...

Note: This linter can be disabled with `set_option linter.unusedSectionVars false`
warning: FormalSystem/Metalogic/WeakCanonical/DenseModelSurgery/BadIntervals.lean:457:0: automatically included section variable(s) unused in theorem `FormalSystem.Metalogic.WeakCanonical.DenseModelSurgery.leftEnd_iff_exists_not_notLeftEnd`:
  [IsDualClosed C]
  [Fintype sig.preds]
  [DecidableEq sig.preds]
consider restructuring your `variable` declarations so that the variables are not in scope or explicitly omit them:
  omit [IsDualClosed C] [Fintype sig.preds] [DecidableEq sig.preds] in theorem ...

Note: This linter can be disabled with `set_option linter.unusedSectionVars false`
warning: FormalSystem/Metalogic/WeakCanonical/DenseModelSurgery/BadIntervals.lean:554:4: `push_neg` has been deprecated. Prefer using `push Not` instead.
If you'd rather continue using `push_neg` in your project, you can implement it as follows:
```
open Lean.Parser.Tactic in
macro "push_neg" cfg:optConfig loc:(location)? : tactic =>
  `(tactic| push $cfg:optConfig Not $[$loc]?)
```
warning: FormalSystem/Metalogic/WeakCanonical/DenseModelSurgery/BadIntervals.lean:562:4: `push_neg` has been deprecated. Prefer using `push Not` instead.
If you'd rather continue using `push_neg` in your project, you can implement it as follows:
```
open Lean.Parser.Tactic in
macro "push_neg" cfg:optConfig loc:(location)? : tactic =>
  `(tactic| push $cfg:optConfig Not $[$loc]?)
```
warning: FormalSystem/Metalogic/WeakCanonical/DenseModelSurgery/BadIntervals.lean:573:4: `push_neg` has been deprecated. Prefer using `push Not` instead.
If you'd rather continue using `push_neg` in your project, you can implement it as follows:
```
open Lean.Parser.Tactic in
macro "push_neg" cfg:optConfig loc:(location)? : tactic =>
  `(tactic| push $cfg:optConfig Not $[$loc]?)
```
warning: FormalSystem/Metalogic/WeakCanonical/DenseModelSurgery/BadIntervals.lean:584:6: `push_neg` has been deprecated. Prefer using `push Not` instead.
If you'd rather continue using `push_neg` in your project, you can implement it as follows:
```
open Lean.Parser.Tactic in
macro "push_neg" cfg:optConfig loc:(location)? : tactic =>
  `(tactic| push $cfg:optConfig Not $[$loc]?)
```
warning: FormalSystem/Metalogic/WeakCanonical/DenseModelSurgery/BadIntervals.lean:591:6: `push_neg` has been deprecated. Prefer using `push Not` instead.
If you'd rather continue using `push_neg` in your project, you can implement it as follows:
```
open Lean.Parser.Tactic in
macro "push_neg" cfg:optConfig loc:(location)? : tactic =>
  `(tactic| push $cfg:optConfig Not $[$loc]?)
```
warning: FormalSystem/Metalogic/WeakCanonical/DenseModelSurgery/BadIntervals.lean:527:0: automatically included section variable(s) unused in theorem `FormalSystem.Metalogic.WeakCanonical.DenseModelSurgery.false_of_allClassesHaveLeftEnd`:
  [IsDualClosed C]
consider restructuring your `variable` declarations so that the variables are not in scope or explicitly omit them:
  omit [IsDualClosed C] in theorem ...

Note: This linter can be disabled with `set_option linter.unusedSectionVars false`
warning: FormalSystem/Metalogic/WeakCanonical/DenseModelSurgery/BadIntervals.lean:644:6: `push_neg` has been deprecated. Prefer using `push Not` instead.
If you'd rather continue using `push_neg` in your project, you can implement it as follows:
```
open Lean.Parser.Tactic in
macro "push_neg" cfg:optConfig loc:(location)? : tactic =>
  `(tactic| push $cfg:optConfig Not $[$loc]?)
```
warning: FormalSystem/Metalogic/WeakCanonical/DenseModelSurgery/BadIntervals.lean:659:6: `push_neg` has been deprecated. Prefer using `push Not` instead.
If you'd rather continue using `push_neg` in your project, you can implement it as follows:
```
open Lean.Parser.Tactic in
macro "push_neg" cfg:optConfig loc:(location)? : tactic =>
  `(tactic| push $cfg:optConfig Not $[$loc]?)
```
warning: FormalSystem/Metalogic/WeakCanonical/DenseModelSurgery/BadIntervals.lean:678:6: `push_neg` has been deprecated. Prefer using `push Not` instead.
If you'd rather continue using `push_neg` in your project, you can implement it as follows:
```
open Lean.Parser.Tactic in
macro "push_neg" cfg:optConfig loc:(location)? : tactic =>
  `(tactic| push $cfg:optConfig Not $[$loc]?)
```
warning: FormalSystem/Metalogic/WeakCanonical/DenseModelSurgery/BadIntervals.lean:690:0: automatically included section variable(s) unused in theorem `FormalSystem.Metalogic.WeakCanonical.DenseModelSurgery.reynolds_lemma6_nonsingleton`:
  [IsDualClosed C]
consider restructuring your `variable` declarations so that the variables are not in scope or explicitly omit them:
  omit [IsDualClosed C] in theorem ...

Note: This linter can be disabled with `set_option linter.unusedSectionVars false`
warning: FormalSystem/Metalogic/WeakCanonical/DenseModelSurgery/BadIntervals.lean:708:2: `push_neg` has been deprecated. Prefer using `push Not` instead.
If you'd rather continue using `push_neg` in your project, you can implement it as follows:
```
open Lean.Parser.Tactic in
macro "push_neg" cfg:optConfig loc:(location)? : tactic =>
  `(tactic| push $cfg:optConfig Not $[$loc]?)
```
warning: FormalSystem/Metalogic/WeakCanonical/DenseModelSurgery/BadIntervals.lean:704:0: automatically included section variable(s) unused in theorem `FormalSystem.Metalogic.WeakCanonical.DenseModelSurgery.lt_of_classMate`:
  [IsDualClosed C]
consider restructuring your `variable` declarations so that the variables are not in scope or explicitly omit them:
  omit [IsDualClosed C] in theorem ...

Note: This linter can be disabled with `set_option linter.unusedSectionVars false`
warning: FormalSystem/Metalogic/WeakCanonical/DenseModelSurgery/BadIntervals.lean:717:2: `push_neg` has been deprecated. Prefer using `push Not` instead.
If you'd rather continue using `push_neg` in your project, you can implement it as follows:
```
open Lean.Parser.Tactic in
macro "push_neg" cfg:optConfig loc:(location)? : tactic =>
  `(tactic| push $cfg:optConfig Not $[$loc]?)
```
warning: FormalSystem/Metalogic/WeakCanonical/DenseModelSurgery/BadIntervals.lean:713:0: automatically included section variable(s) unused in theorem `FormalSystem.Metalogic.WeakCanonical.DenseModelSurgery.classMate_lt`:
  [IsDualClosed C]
consider restructuring your `variable` declarations so that the variables are not in scope or explicitly omit them:
  omit [IsDualClosed C] in theorem ...

Note: This linter can be disabled with `set_option linter.unusedSectionVars false`
warning: FormalSystem/Metalogic/WeakCanonical/DenseModelSurgery/BadIntervals.lean:753:4: `push_neg` has been deprecated. Prefer using `push Not` instead.
If you'd rather continue using `push_neg` in your project, you can implement it as follows:
```
open Lean.Parser.Tactic in
macro "push_neg" cfg:optConfig loc:(location)? : tactic =>
  `(tactic| push $cfg:optConfig Not $[$loc]?)
```
warning: FormalSystem/Metalogic/WeakCanonical/DenseModelSurgery/BadIntervals.lean:773:4: `push_neg` has been deprecated. Prefer using `push Not` instead.
If you'd rather continue using `push_neg` in your project, you can implement it as follows:
```
open Lean.Parser.Tactic in
macro "push_neg" cfg:optConfig loc:(location)? : tactic =>
  `(tactic| push $cfg:optConfig Not $[$loc]?)
```
warning: FormalSystem/Metalogic/WeakCanonical/DenseModelSurgery/BadIntervals.lean:742:0: automatically included section variable(s) unused in theorem `FormalSystem.Metalogic.WeakCanonical.DenseModelSurgery.false_of_holds_throughout_class_from_bounded`:
  [IsDualClosed C]
consider restructuring your `variable` declarations so that the variables are not in scope or explicitly omit them:
  omit [IsDualClosed C] in theorem ...

Note: This linter can be disabled with `set_option linter.unusedSectionVars false`
warning: FormalSystem/Metalogic/WeakCanonical/DenseModelSurgery/BadIntervals.lean:809:0: automatically included section variable(s) unused in theorem `FormalSystem.Metalogic.WeakCanonical.DenseModelSurgery.afterNotHoldsInClass_of_le`:
  [IsDualClosed C]
consider restructuring your `variable` declarations so that the variables are not in scope or explicitly omit them:
  omit [IsDualClosed C] in theorem ...

Note: This linter can be disabled with `set_option linter.unusedSectionVars false`
warning: FormalSystem/Metalogic/WeakCanonical/DenseModelSurgery/BadIntervals.lean:931:8: `push_neg` has been deprecated. Prefer using `push Not` instead.
If you'd rather continue using `push_neg` in your project, you can implement it as follows:
```
open Lean.Parser.Tactic in
macro "push_neg" cfg:optConfig loc:(location)? : tactic =>
  `(tactic| push $cfg:optConfig Not $[$loc]?)
```
warning: FormalSystem/Metalogic/WeakCanonical/DenseModelSurgery/BadIntervals.lean:966:2: `push_neg` has been deprecated. Prefer using `push Not` instead.
If you'd rather continue using `push_neg` in your project, you can implement it as follows:
```
open Lean.Parser.Tactic in
macro "push_neg" cfg:optConfig loc:(location)? : tactic =>
  `(tactic| push $cfg:optConfig Not $[$loc]?)
```
warning: FormalSystem/Metalogic/WeakCanonical/DenseModelSurgery/BadIntervals.lean:999:6: `push_neg` has been deprecated. Prefer using `push Not` instead.
If you'd rather continue using `push_neg` in your project, you can implement it as follows:
```
open Lean.Parser.Tactic in
macro "push_neg" cfg:optConfig loc:(location)? : tactic =>
  `(tactic| push $cfg:optConfig Not $[$loc]?)
```
warning: FormalSystem/Metalogic/WeakCanonical/DenseModelSurgery/BadIntervals.lean:1007:8: `push_neg` has been deprecated. Prefer using `push Not` instead.
If you'd rather continue using `push_neg` in your project, you can implement it as follows:
```
open Lean.Parser.Tactic in
macro "push_neg" cfg:optConfig loc:(location)? : tactic =>
  `(tactic| push $cfg:optConfig Not $[$loc]?)
```
warning: FormalSystem/Metalogic/WeakCanonical/DenseModelSurgery/BadIntervals.lean:988:0: automatically included section variable(s) unused in theorem `FormalSystem.Metalogic.WeakCanonical.DenseModelSurgery.endsInGapOnLeft_congr`:
  [IsDualClosed C]
consider restructuring your `variable` declarations so that the variables are not in scope or explicitly omit them:
  omit [IsDualClosed C] in theorem ...

Note: This linter can be disabled with `set_option linter.unusedSectionVars false`
warning: FormalSystem/Metalogic/WeakCanonical/DenseModelSurgery/BadIntervals.lean:1022:2: `push_neg` has been deprecated. Prefer using `push Not` instead.
If you'd rather continue using `push_neg` in your project, you can implement it as follows:
```
open Lean.Parser.Tactic in
macro "push_neg" cfg:optConfig loc:(location)? : tactic =>
  `(tactic| push $cfg:optConfig Not $[$loc]?)
```
warning: FormalSystem/Metalogic/WeakCanonical/DenseModelSurgery/BadIntervals.lean:1018:0: automatically included section variable(s) unused in theorem `FormalSystem.Metalogic.WeakCanonical.DenseModelSurgery.exists_contemp_lt`:
  [IsDualClosed C]
consider restructuring your `variable` declarations so that the variables are not in scope or explicitly omit them:
  omit [IsDualClosed C] in theorem ...

Note: This linter can be disabled with `set_option linter.unusedSectionVars false`
warning: FormalSystem/Metalogic/WeakCanonical/DenseModelSurgery/BadIntervals.lean:1050:4: `push_neg` has been deprecated. Prefer using `push Not` instead.
If you'd rather continue using `push_neg` in your project, you can implement it as follows:
```
open Lean.Parser.Tactic in
macro "push_neg" cfg:optConfig loc:(location)? : tactic =>
  `(tactic| push $cfg:optConfig Not $[$loc]?)
```
warning: FormalSystem/Metalogic/WeakCanonical/DenseModelSurgery/BadIntervals.lean:1073:4: `push_neg` has been deprecated. Prefer using `push Not` instead.
If you'd rather continue using `push_neg` in your project, you can implement it as follows:
```
open Lean.Parser.Tactic in
macro "push_neg" cfg:optConfig loc:(location)? : tactic =>
  `(tactic| push $cfg:optConfig Not $[$loc]?)
```
warning: FormalSystem/Metalogic/WeakCanonical/DenseModelSurgery/BadIntervals.lean:1105:0: automatically included section variable(s) unused in theorem `FormalSystem.Metalogic.WeakCanonical.DenseModelSurgery.beforeNotHoldsInClass_of_le`:
  [IsDualClosed C]
consider restructuring your `variable` declarations so that the variables are not in scope or explicitly omit them:
  omit [IsDualClosed C] in theorem ...

Note: This linter can be disabled with `set_option linter.unusedSectionVars false`
warning: FormalSystem/Metalogic/WeakCanonical/DenseModelSurgery/BadIntervals.lean:1203:8: `push_neg` has been deprecated. Prefer using `push Not` instead.
If you'd rather continue using `push_neg` in your project, you can implement it as follows:
```
open Lean.Parser.Tactic in
macro "push_neg" cfg:optConfig loc:(location)? : tactic =>
  `(tactic| push $cfg:optConfig Not $[$loc]?)
```
warning: FormalSystem/Metalogic/WeakCanonical/DenseModelSurgery/BadIntervals.lean:1229:2: `push_neg` has been deprecated. Prefer using `push Not` instead.
If you'd rather continue using `push_neg` in your project, you can implement it as follows:
```
open Lean.Parser.Tactic in
macro "push_neg" cfg:optConfig loc:(location)? : tactic =>
  `(tactic| push $cfg:optConfig Not $[$loc]?)
```
warning: FormalSystem/Metalogic/WeakCanonical/DenseModelSurgery/BadIntervals.lean:1288:0: automatically included section variable(s) unused in theorem `FormalSystem.Metalogic.WeakCanonical.DenseModelSurgery.reynolds_lemma6_right_endpoint`:
  [IsDualClosed C]
consider restructuring your `variable` declarations so that the variables are not in scope or explicitly omit them:
  omit [IsDualClosed C] in theorem ...

Note: This linter can be disabled with `set_option linter.unusedSectionVars false`
warning: FormalSystem/Metalogic/WeakCanonical/DenseModelSurgery/BadIntervals.lean:1447:4: `push_neg` has been deprecated. Prefer using `push Not` instead.
If you'd rather continue using `push_neg` in your project, you can implement it as follows:
```
open Lean.Parser.Tactic in
macro "push_neg" cfg:optConfig loc:(location)? : tactic =>
  `(tactic| push $cfg:optConfig Not $[$loc]?)
```
warning: FormalSystem/Metalogic/WeakCanonical/DenseModelSurgery/BadIntervals.lean:1435:0: automatically included section variable(s) unused in theorem `FormalSystem.Metalogic.WeakCanonical.DenseModelSurgery.exists_classInteriorToRInterval`:
  [IsDualClosed C]
consider restructuring your `variable` declarations so that the variables are not in scope or explicitly omit them:
  omit [IsDualClosed C] in theorem ...

Note: This linter can be disabled with `set_option linter.unusedSectionVars false`
⚠ [1896/2079] Replayed FormalSystem.Metalogic.WeakCanonical.DenseModelSurgery.TruthTransfer
warning: FormalSystem/Metalogic/WeakCanonical/DenseModelSurgery/TruthTransfer.lean:290:2: `push_neg` has been deprecated. Prefer using `push Not` instead.
If you'd rather continue using `push_neg` in your project, you can implement it as follows:
```
open Lean.Parser.Tactic in
macro "push_neg" cfg:optConfig loc:(location)? : tactic =>
  `(tactic| push $cfg:optConfig Not $[$loc]?)
```
warning: FormalSystem/Metalogic/WeakCanonical/DenseModelSurgery/TruthTransfer.lean:297:2: `push_neg` has been deprecated. Prefer using `push Not` instead.
If you'd rather continue using `push_neg` in your project, you can implement it as follows:
```
open Lean.Parser.Tactic in
macro "push_neg" cfg:optConfig loc:(location)? : tactic =>
  `(tactic| push $cfg:optConfig Not $[$loc]?)
```
warning: FormalSystem/Metalogic/WeakCanonical/DenseModelSurgery/TruthTransfer.lean:516:10: `push_neg` has been deprecated. Prefer using `push Not` instead.
If you'd rather continue using `push_neg` in your project, you can implement it as follows:
```
open Lean.Parser.Tactic in
macro "push_neg" cfg:optConfig loc:(location)? : tactic =>
  `(tactic| push $cfg:optConfig Not $[$loc]?)
```
warning: FormalSystem/Metalogic/WeakCanonical/DenseModelSurgery/TruthTransfer.lean:652:0: automatically included section variable(s) unused in theorem `FormalSystem.Metalogic.WeakCanonical.DenseModelSurgery.temporalTruth_iso`:
  [Fintype sig.preds]
  [DecidableEq sig.preds]
consider restructuring your `variable` declarations so that the variables are not in scope or explicitly omit them:
  omit [Fintype sig.preds] [DecidableEq sig.preds] in theorem ...

Note: This linter can be disabled with `set_option linter.unusedSectionVars false`
warning: FormalSystem/Metalogic/WeakCanonical/DenseModelSurgery/TruthTransfer.lean:687:0: automatically included section variable(s) unused in theorem `FormalSystem.Metalogic.WeakCanonical.DenseModelSurgery.isBadPoint_dual`:
  [Fintype sig.preds]
  [DecidableEq sig.preds]
consider restructuring your `variable` declarations so that the variables are not in scope or explicitly omit them:
  omit [Fintype sig.preds] [DecidableEq sig.preds] in theorem ...

Note: This linter can be disabled with `set_option linter.unusedSectionVars false`
warning: FormalSystem/Metalogic/WeakCanonical/DenseModelSurgery/TruthTransfer.lean:696:0: automatically included section variable(s) unused in theorem `FormalSystem.Metalogic.WeakCanonical.DenseModelSurgery.classInteriorToBadInterval_dual`:
  [Fintype sig.preds]
  [DecidableEq sig.preds]
consider restructuring your `variable` declarations so that the variables are not in scope or explicitly omit them:
  omit [Fintype sig.preds] [DecidableEq sig.preds] in theorem ...

Note: This linter can be disabled with `set_option linter.unusedSectionVars false`
⚠ [1897/2079] Replayed FormalSystem.Metalogic.WeakCanonical.DenseModelSurgery.NoGaps
warning: FormalSystem/Metalogic/WeakCanonical/DenseModelSurgery/NoGaps.lean:448:0: automatically included section variable(s) unused in theorem `FormalSystem.Metalogic.WeakCanonical.DenseModelSurgery.contemp_of_mem_class_interval`:
  [IsDualClosed C]
consider restructuring your `variable` declarations so that the variables are not in scope or explicitly omit them:
  omit [IsDualClosed C] in theorem ...

Note: This linter can be disabled with `set_option linter.unusedSectionVars false`
warning: FormalSystem/Metalogic/WeakCanonical/DenseModelSurgery/NoGaps.lean:514:0: automatically included section variable(s) unused in theorem `FormalSystem.Metalogic.WeakCanonical.DenseModelSurgery.endsInGapOnRight_of_mem`:
  [Fintype sig.preds]
  [DecidableEq sig.preds]
consider restructuring your `variable` declarations so that the variables are not in scope or explicitly omit them:
  omit [Fintype sig.preds] [DecidableEq sig.preds] in theorem ...

Note: This linter can be disabled with `set_option linter.unusedSectionVars false`
warning: FormalSystem/Metalogic/WeakCanonical/DenseModelSurgery/NoGaps.lean:525:0: automatically included section variable(s) unused in theorem `FormalSystem.Metalogic.WeakCanonical.DenseModelSurgery.endsInGapOnLeft_of_mem`:
  [Fintype sig.preds]
  [DecidableEq sig.preds]
consider restructuring your `variable` declarations so that the variables are not in scope or explicitly omit them:
  omit [Fintype sig.preds] [DecidableEq sig.preds] in theorem ...

Note: This linter can be disabled with `set_option linter.unusedSectionVars false`
warning: FormalSystem/Metalogic/WeakCanonical/DenseModelSurgery/NoGaps.lean:566:0: automatically included section variable(s) unused in theorem `FormalSystem.Metalogic.WeakCanonical.DenseModelSurgery.countable_surgeredStructure`:
  [Fintype sig.preds]
  [DecidableEq sig.preds]
consider restructuring your `variable` declarations so that the variables are not in scope or explicitly omit them:
  omit [Fintype sig.preds] [DecidableEq sig.preds] in theorem ...

Note: This linter can be disabled with `set_option linter.unusedSectionVars false`
warning: FormalSystem/Metalogic/WeakCanonical/DenseModelSurgery/NoGaps.lean:655:0: automatically included section variable(s) unused in theorem `FormalSystem.Metalogic.WeakCanonical.DenseModelSurgery.mem_of_badStretch`:
  [Fintype sig.preds]
  [DecidableEq sig.preds]
consider restructuring your `variable` declarations so that the variables are not in scope or explicitly omit them:
  omit [Fintype sig.preds] [DecidableEq sig.preds] in theorem ...

Note: This linter can be disabled with `set_option linter.unusedSectionVars false`
warning: FormalSystem/Metalogic/WeakCanonical/DenseModelSurgery/NoGaps.lean:711:2: `push_neg` has been deprecated. Prefer using `push Not` instead.
If you'd rather continue using `push_neg` in your project, you can implement it as follows:
```
open Lean.Parser.Tactic in
macro "push_neg" cfg:optConfig loc:(location)? : tactic =>
  `(tactic| push $cfg:optConfig Not $[$loc]?)
```
warning: FormalSystem/Metalogic/WeakCanonical/DenseModelSurgery/NoGaps.lean:933:0: automatically included section variable(s) unused in theorem `FormalSystem.Metalogic.WeakCanonical.DenseModelSurgery.StepD.badComp_isBadInterval`:
  [IsDualClosed C]
  [Fintype sig.preds]
  [DecidableEq sig.preds]
consider restructuring your `variable` declarations so that the variables are not in scope or explicitly omit them:
  omit [IsDualClosed C] [Fintype sig.preds] [DecidableEq sig.preds] in theorem ...

Note: This linter can be disabled with `set_option linter.unusedSectionVars false`
warning: FormalSystem/Metalogic/WeakCanonical/DenseModelSurgery/NoGaps.lean:934:5: Variable name `h_surj` is not explicitly referenced.

Hint: The binding can be removed (if unused) or named `_` (if used implicitly). Alternatively, prefix the name with `_` to silence this warning:
  [apply] _h_surj

Note: This linter can be disabled with `set_option linter.unusedVariables false`
warning: FormalSystem/Metalogic/WeakCanonical/DenseModelSurgery/NoGaps.lean:935:32: Variable name `hε` is not explicitly referenced.

Hint: The binding can be removed (if unused) or named `_` (if used implicitly). Alternatively, prefix the name with `_` to silence this warning:
  [apply] _hε

Note: This linter can be disabled with `set_option linter.unusedVariables false`
warning: FormalSystem/Metalogic/WeakCanonical/DenseModelSurgery/NoGaps.lean:936:62: Variable name `h_prior_U` is not explicitly referenced.

Hint: The binding can be removed (if unused) or named `_` (if used implicitly). Alternatively, prefix the name with `_` to silence this warning:
  [apply] _h_prior_U

Note: This linter can be disabled with `set_option linter.unusedVariables false`
warning: FormalSystem/Metalogic/WeakCanonical/DenseModelSurgery/NoGaps.lean:937:5: Variable name `h_prior_S` is not explicitly referenced.

Hint: The binding can be removed (if unused) or named `_` (if used implicitly). Alternatively, prefix the name with `_` to silence this warning:
  [apply] _h_prior_S

Note: This linter can be disabled with `set_option linter.unusedVariables false`
⚠ [1898/2079] Replayed FormalSystem.Metalogic.WeakCanonical.DenseModelSurgery.Singletons
warning: FormalSystem/Metalogic/WeakCanonical/DenseModelSurgery/Singletons.lean:253:0: automatically included section variable(s) unused in theorem `FormalSystem.Metalogic.WeakCanonical.DenseModelSurgery.exists_rightEndPoint`:
  [IsDualClosed C]
consider restructuring your `variable` declarations so that the variables are not in scope or explicitly omit them:
  omit [IsDualClosed C] in theorem ...

Note: This linter can be disabled with `set_option linter.unusedSectionVars false`
warning: FormalSystem/Metalogic/WeakCanonical/DenseModelSurgery/Singletons.lean:276:0: automatically included section variable(s) unused in theorem `FormalSystem.Metalogic.WeakCanonical.DenseModelSurgery.quotientDenselyOrdered_dual`:
  [IsDualClosed C]
consider restructuring your `variable` declarations so that the variables are not in scope or explicitly omit them:
  omit [IsDualClosed C] in theorem ...

Note: This linter can be disabled with `set_option linter.unusedSectionVars false`
warning: FormalSystem/Metalogic/WeakCanonical/DenseModelSurgery/Singletons.lean:471:0: automatically included section variable(s) unused in theorem `FormalSystem.Metalogic.WeakCanonical.DenseModelSurgery.isSingletonClass_of_kplus_kminus`:
  [IsDualClosed C✝]
consider restructuring your `variable` declarations so that the variables are not in scope or explicitly omit them:
  omit [IsDualClosed C✝] in theorem ...

Note: This linter can be disabled with `set_option linter.unusedSectionVars false`
⚠ [2245/2493] Replayed FormalSystem.Metalogic.WeakCanonical.GroupModel.BlockDecomposition
warning: FormalSystem/Metalogic/WeakCanonical/GroupModel/BlockDecomposition.lean:299:9: `IsIrrefl` has been deprecated: Use `Std.Irrefl` instead

Note: The updated constant has a different type:
  {α : Sort u} → (α → α → Prop) → Prop
instead of
  (α : Sort u_1) → (α → α → Prop) → Prop
warning: FormalSystem/Metalogic/WeakCanonical/GroupModel/BlockDecomposition.lean:300:9: `IsTrichotomous` has been deprecated: Use `Std.Trichotomous` instead

Note: The updated constant has a different type:
  {α : Sort u} → (α → α → Prop) → Prop
instead of
  (α : Sort u_1) → (α → α → Prop) → Prop
⚠ [2248/2493] Replayed FormalSystem.Metalogic.WeakCanonical.MixedSum
warning: FormalSystem/Metalogic/WeakCanonical/MixedSum.lean:396:4: `push_neg` has been deprecated. Prefer using `push Not` instead.
If you'd rather continue using `push_neg` in your project, you can implement it as follows:
```
open Lean.Parser.Tactic in
macro "push_neg" cfg:optConfig loc:(location)? : tactic =>
  `(tactic| push $cfg:optConfig Not $[$loc]?)
```
ℹ [2254/2493] Replayed FormalSystem.Metalogic.BXCanonical.Completeness
info: FormalSystem/Metalogic/BXCanonical/Completeness.lean:368:0: 'FormalSystem.Metalogic.BXCanonical.completeness' depends on axioms: [propext, Classical.choice, Quot.sound]
info: FormalSystem/Metalogic/BXCanonical/Completeness.lean:369:0: 'FormalSystem.Metalogic.BXCanonical.completeness_dense' depends on axioms: [propext, Classical.choice, Quot.sound]
info: FormalSystem/Metalogic/BXCanonical/Completeness.lean:370:0: 'FormalSystem.Metalogic.BXCanonical.completeness_discrete' depends on axioms: [propext, Classical.choice, Quot.sound]
info: FormalSystem/Metalogic/BXCanonical/Completeness.lean:426:0: 'FormalSystem.Metalogic.BXCanonical.completeness' depends on axioms: [propext, Classical.choice, Quot.sound]
info: FormalSystem/Metalogic/BXCanonical/Completeness.lean:430:0: 'FormalSystem.Metalogic.BXCanonical.Chronicle.countermodel_dense' depends on axioms: [propext,
 Classical.choice,
 Quot.sound]
⚠ [2258/2493] Replayed FormalSystem.Metalogic.WeakCanonical.RealModel.ShuffleReal
warning: FormalSystem/Metalogic/WeakCanonical/RealModel/ShuffleReal.lean:209:0: automatically included section variable(s) unused in theorem `FormalSystem.Metalogic.WeakCanonical.doets_lemma_1_5`:
  [Fintype sig.preds]
  [DecidableEq sig.preds]
consider restructuring your `variable` declarations so that the variables are not in scope or explicitly omit them:
  omit [Fintype sig.preds] [DecidableEq sig.preds] in theorem ...

Note: This linter can be disabled with `set_option linter.unusedSectionVars false`
⚠ [2259/2493] Replayed FormalSystem.Metalogic.WeakCanonical.RealModel.DoetsTheorem
warning: FormalSystem/Metalogic/WeakCanonical/RealModel/DoetsTheorem.lean:690:0: automatically included section variable(s) unused in theorem `FormalSystem.Metalogic.WeakCanonical.isConvexEquiv_of_contempEquivDenseCD`:
  [Fintype sig.preds]
  [DecidableEq sig.preds]
consider restructuring your `variable` declarations so that the variables are not in scope or explicitly omit them:
  omit [Fintype sig.preds] [DecidableEq sig.preds] in theorem ...

Note: This linter can be disabled with `set_option linter.unusedSectionVars false`
warning: FormalSystem/Metalogic/WeakCanonical/RealModel/DoetsTheorem.lean:711:0: automatically included section variable(s) unused in theorem `FormalSystem.Metalogic.WeakCanonical.IsConvexEquiv.ltPt_congr`:
  [Fintype sig.preds]
  [DecidableEq sig.preds]
consider restructuring your `variable` declarations so that the variables are not in scope or explicitly omit them:
  omit [Fintype sig.preds] [DecidableEq sig.preds] in theorem ...

Note: This linter can be disabled with `set_option linter.unusedSectionVars false`
warning: FormalSystem/Metalogic/WeakCanonical/RealModel/DoetsTheorem.lean:744:0: automatically included section variable(s) unused in theorem `FormalSystem.Metalogic.WeakCanonical.IsConvexEquiv.cls_eq_cls_iff`:
  [Fintype sig.preds]
  [DecidableEq sig.preds]
consider restructuring your `variable` declarations so that the variables are not in scope or explicitly omit them:
  omit [Fintype sig.preds] [DecidableEq sig.preds] in theorem ...

Note: This linter can be disabled with `set_option linter.unusedSectionVars false`
warning: FormalSystem/Metalogic/WeakCanonical/RealModel/DoetsTheorem.lean:783:9: `IsIrrefl` has been deprecated: Use `Std.Irrefl` instead

Note: The updated constant has a different type:
  {α : Sort u} → (α → α → Prop) → Prop
instead of
  (α : Sort u_1) → (α → α → Prop) → Prop
warning: FormalSystem/Metalogic/WeakCanonical/RealModel/DoetsTheorem.lean:784:9: `IsTrichotomous` has been deprecated: Use `Std.Trichotomous` instead

Note: The updated constant has a different type:
  {α : Sort u} → (α → α → Prop) → Prop
instead of
  (α : Sort u_1) → (α → α → Prop) → Prop
warning: FormalSystem/Metalogic/WeakCanonical/RealModel/DoetsTheorem.lean:799:0: automatically included section variable(s) unused in theorem `FormalSystem.Metalogic.WeakCanonical.IsConvexEquiv.classStrictlyBetween_of_between`:
  [Fintype sig.preds]
  [DecidableEq sig.preds]
consider restructuring your `variable` declarations so that the variables are not in scope or explicitly omit them:
  omit [Fintype sig.preds] [DecidableEq sig.preds] in theorem ...

Note: This linter can be disabled with `set_option linter.unusedSectionVars false`
warning: FormalSystem/Metalogic/WeakCanonical/RealModel/DoetsTheorem.lean:817:51: Variable name `a` is not explicitly referenced.

Hint: The binding can be removed (if unused) or named `_` (if used implicitly). Alternatively, prefix the name with `_` to silence this warning:
  [apply] _a

Note: This linter can be disabled with `set_option linter.unusedVariables false`
warning: FormalSystem/Metalogic/WeakCanonical/RealModel/DoetsTheorem.lean:817:53: Variable name `b` is not explicitly referenced.

Hint: The binding can be removed (if unused) or named `_` (if used implicitly). Alternatively, prefix the name with `_` to silence this warning:
  [apply] _b

Note: This linter can be disabled with `set_option linter.unusedVariables false`
warning: FormalSystem/Metalogic/WeakCanonical/RealModel/DoetsTheorem.lean:821:8: automatically included section variable(s) unused in theorem `FormalSystem.Metalogic.WeakCanonical.IsConvexEquiv.classStrictlyBetweenQ_cls`:
  [Fintype sig.preds]
  [DecidableEq sig.preds]
consider restructuring your `variable` declarations so that the variables are not in scope or explicitly omit them:
  omit [Fintype sig.preds] [DecidableEq sig.preds] in theorem ...

Note: This linter can be disabled with `set_option linter.unusedSectionVars false`
warning: FormalSystem/Metalogic/WeakCanonical/RealModel/DoetsTheorem.lean:830:0: automatically included section variable(s) unused in theorem `FormalSystem.Metalogic.WeakCanonical.IsConvexEquiv.lt_of_classStrictlyBetween`:
  [Fintype sig.preds]
  [DecidableEq sig.preds]
consider restructuring your `variable` declarations so that the variables are not in scope or explicitly omit them:
  omit [Fintype sig.preds] [DecidableEq sig.preds] in theorem ...

Note: This linter can be disabled with `set_option linter.unusedSectionVars false`
warning: FormalSystem/Metalogic/WeakCanonical/RealModel/DoetsTheorem.lean:835:0: automatically included section variable(s) unused in theorem `FormalSystem.Metalogic.WeakCanonical.IsConvexEquiv.not_contempEquiv_ends`:
  [Fintype sig.preds]
  [DecidableEq sig.preds]
consider restructuring your `variable` declarations so that the variables are not in scope or explicitly omit them:
  omit [Fintype sig.preds] [DecidableEq sig.preds] in theorem ...

Note: This linter can be disabled with `set_option linter.unusedSectionVars false`
warning: FormalSystem/Metalogic/WeakCanonical/RealModel/DoetsTheorem.lean:1374:0: automatically included section variable(s) unused in theorem `FormalSystem.Metalogic.WeakCanonical.nfEvalNf_of_kEquiv`:
  [Fintype sig.preds]
  [DecidableEq sig.preds]
consider restructuring your `variable` declarations so that the variables are not in scope or explicitly omit them:
  omit [Fintype sig.preds] [DecidableEq sig.preds] in theorem ...

Note: This linter can be disabled with `set_option linter.unusedSectionVars false`
warning: FormalSystem/Metalogic/WeakCanonical/RealModel/DoetsTheorem.lean:1757:0: automatically included section variable(s) unused in theorem `FormalSystem.Metalogic.WeakCanonical.contempClassStructure_congr`:
  [Fintype sig.preds]
  [DecidableEq sig.preds]
consider restructuring your `variable` declarations so that the variables are not in scope or explicitly omit them:
  omit [Fintype sig.preds] [DecidableEq sig.preds] in theorem ...

Note: This linter can be disabled with `set_option linter.unusedSectionVars false`
warning: FormalSystem/Metalogic/WeakCanonical/RealModel/DoetsTheorem.lean:1932:5: Variable name `h` is not explicitly referenced.

Hint: The binding can be removed (if unused) or named `_` (if used implicitly). Alternatively, prefix the name with `_` to silence this warning:
  [apply] _h

Note: This linter can be disabled with `set_option linter.unusedVariables false`
warning: FormalSystem/Metalogic/WeakCanonical/RealModel/DoetsTheorem.lean:1981:27: Variable name `D1` is not explicitly referenced.

Hint: The binding can be removed (if unused) or named `_` (if used implicitly). Alternatively, prefix the name with `_` to silence this warning:
  [apply] _D1

Note: This linter can be disabled with `set_option linter.unusedVariables false`
warning: FormalSystem/Metalogic/WeakCanonical/RealModel/DoetsTheorem.lean:2046:56: Variable name `hc'd'` is not explicitly referenced.

Hint: The binding can be removed (if unused) or named `_` (if used implicitly). Alternatively, prefix the name with `_` to silence this warning:
  [apply] _hc'd'

Note: This linter can be disabled with `set_option linter.unusedVariables false`
ℹ [2261/2493] Replayed FormalSystem.Metalogic.BXCanonical.CompletenessDedekind
info: FormalSystem/Metalogic/BXCanonical/CompletenessDedekind.lean:602:0: 'FormalSystem.Metalogic.BXCanonical.real_lub_of_bddAbove' depends on axioms: [propext, Classical.choice, Quot.sound]
info: FormalSystem/Metalogic/BXCanonical/CompletenessDedekind.lean:603:0: 'FormalSystem.Metalogic.BXCanonical.dedekind_box_dense_mem' depends on axioms: [propext, Classical.choice, Quot.sound]
info: FormalSystem/Metalogic/BXCanonical/CompletenessDedekind.lean:604:0: 'FormalSystem.Metalogic.BXCanonical.countermodel_dedekind_dense' depends on axioms: [propext,
 Classical.choice,
 Quot.sound]
info: FormalSystem/Metalogic/BXCanonical/CompletenessDedekind.lean:605:0: 'FormalSystem.Metalogic.BXCanonical.completeness_dedekind_engine' depends on axioms: [propext,
 Classical.choice,
 Quot.sound]
ℹ [2263/2493] Replayed FormalSystem.Metalogic.StrongCompleteness
info: FormalSystem/Metalogic/StrongCompleteness.lean:480:0: 'FormalSystem.Metalogic.consequence_completeness_dedekind' depends on axioms: [propext, Classical.choice, Quot.sound]
info: FormalSystem/Metalogic/StrongCompleteness.lean:481:0: 'FormalSystem.Metalogic.completeness_dedekind' depends on axioms: [propext, Classical.choice, Quot.sound]
info: FormalSystem/Metalogic/StrongCompleteness.lean:796:0: 'FormalSystem.Metalogic.strongCompletenessBase_of_compact' depends on axioms: [propext, Classical.choice, Quot.sound]
info: FormalSystem/Metalogic/StrongCompleteness.lean:797:0: 'FormalSystem.Metalogic.consequence_completeness_base' depends on axioms: [propext, Classical.choice, Quot.sound]
info: FormalSystem/Metalogic/StrongCompleteness.lean:798:0: 'FormalSystem.Metalogic.completeness_base' depends on axioms: [propext, Classical.choice, Quot.sound]
info: FormalSystem/Metalogic/StrongCompleteness.lean:799:0: 'FormalSystem.Metalogic.soundness_base_consequence' depends on axioms: [propext, Classical.choice, Quot.sound]
info: FormalSystem/Metalogic/StrongCompleteness.lean:800:0: 'FormalSystem.Metalogic.consequence_completeness_dense' depends on axioms: [propext, Classical.choice, Quot.sound]
info: FormalSystem/Metalogic/StrongCompleteness.lean:801:0: 'FormalSystem.Metalogic.completeness_dense' depends on axioms: [propext, Classical.choice, Quot.sound]
info: FormalSystem/Metalogic/StrongCompleteness.lean:802:0: 'FormalSystem.Metalogic.soundness_dense_consequence' depends on axioms: [propext, Classical.choice, Quot.sound]
info: FormalSystem/Metalogic/StrongCompleteness.lean:803:0: 'FormalSystem.Metalogic.consequence_completeness_discrete' depends on axioms: [propext, Classical.choice, Quot.sound]
info: FormalSystem/Metalogic/StrongCompleteness.lean:804:0: 'FormalSystem.Metalogic.completeness_discrete' depends on axioms: [propext, Classical.choice, Quot.sound]
info: FormalSystem/Metalogic/StrongCompleteness.lean:805:0: 'FormalSystem.Metalogic.soundness_discrete_consequence' depends on axioms: [propext, Classical.choice, Quot.sound]
ℹ [2264/2493] Replayed FormalSystem.Metalogic.DiscreteNonCompactness
info: FormalSystem/Metalogic/DiscreteNonCompactness.lean:295:0: 'FormalSystem.Metalogic.truthAt_next_iff' depends on axioms: [propext, Classical.choice, Quot.sound]
info: FormalSystem/Metalogic/DiscreteNonCompactness.lean:296:0: 'FormalSystem.Metalogic.truthAt_next_iterate' depends on axioms: [propext, Classical.choice, Quot.sound]
info: FormalSystem/Metalogic/DiscreteNonCompactness.lean:297:0: 'FormalSystem.Metalogic.archWitness_finitely_satisfiable' depends on axioms: [propext, Classical.choice, Quot.sound]
info: FormalSystem/Metalogic/DiscreteNonCompactness.lean:298:0: 'FormalSystem.Metalogic.archWitness_not_satisfiable' depends on axioms: [propext, Classical.choice, Quot.sound]
info: FormalSystem/Metalogic/DiscreteNonCompactness.lean:299:0: 'FormalSystem.Metalogic.discrete_consequence_not_compact' depends on axioms: [propext, Classical.choice, Quot.sound]
info: FormalSystem/Metalogic/DiscreteNonCompactness.lean:300:0: 'FormalSystem.Metalogic.strongCompletenessDiscrete_refuted' depends on axioms: [propext, Classical.choice, Quot.sound]
⚠ [2266/2493] Replayed FormalSystem.Metalogic.Decidability.Tableau
warning: FormalSystem/Metalogic/Decidability/Tableau.lean:466:30: This simp argument is unused:
  if_false

Hint: Omit it from the simp argument list.
  [apply] simp only [hc, if_true, reduceIte] at hsg

Note: This linter can be disabled with `set_option linter.unusedSimpArgs false`
warning: FormalSystem/Metalogic/Decidability/Tableau.lean:466:40: This simp argument is unused:
  reduceIte

Hint: Omit it from the simp argument list.
  [apply] simp only [hc, if_true, if_false] at hsg

Note: This linter can be disabled with `set_option linter.unusedSimpArgs false`
warning: FormalSystem/Metalogic/Decidability/Tableau.lean:473:30: This simp argument is unused:
  if_false

Hint: Omit it from the simp argument list.
  [apply] simp only [hc, if_true, reduceIte] at hsg

Note: This linter can be disabled with `set_option linter.unusedSimpArgs false`
warning: FormalSystem/Metalogic/Decidability/Tableau.lean:473:40: This simp argument is unused:
  reduceIte

Hint: Omit it from the simp argument list.
  [apply] simp only [hc, if_true, if_false] at hsg

Note: This linter can be disabled with `set_option linter.unusedSimpArgs false`
warning: FormalSystem/Metalogic/Decidability/Tableau.lean:2993:52: This simp argument is unused:
  Bool.not_eq_true

Hint: Omit it from the simp argument list.
  [apply] simp only [isExpanded, Option.isNone_iff_eq_none, decide_eq_true_eq, Bool.not_eq_eq_eq_not, Bool.not_false,
    Bool.decide_eq_false, Bool.not_eq_false] at hfind

Note: This linter can be disabled with `set_option linter.unusedSimpArgs false`
warning: FormalSystem/Metalogic/Decidability/Tableau.lean:2994:4: This simp argument is unused:
  Bool.not_eq_eq_eq_not

Hint: Omit it from the simp argument list.
  [apply] simp only [isExpanded, Option.isNone_iff_eq_none, Bool.not_eq_true, decide_eq_true_eq, Bool.not_false,
    Bool.decide_eq_false, Bool.not_eq_false] at hfind

Note: This linter can be disabled with `set_option linter.unusedSimpArgs false`
warning: FormalSystem/Metalogic/Decidability/Tableau.lean:2994:27: This simp argument is unused:
  Bool.not_false

Hint: Omit it from the simp argument list.
  [apply] simp only [isExpanded, Option.isNone_iff_eq_none, Bool.not_eq_true, decide_eq_true_eq, Bool.not_eq_eq_eq_not,
    Bool.decide_eq_false, Bool.not_eq_false] at hfind

Note: This linter can be disabled with `set_option linter.unusedSimpArgs false`
warning: FormalSystem/Metalogic/Decidability/Tableau.lean:2994:43: This simp argument is unused:
  Bool.decide_eq_false

Hint: Omit it from the simp argument list.
  [apply] simp only [isExpanded, Option.isNone_iff_eq_none, Bool.not_eq_true, decide_eq_true_eq, Bool.not_eq_eq_eq_not,
    Bool.not_false, Bool.not_eq_false] at hfind

Note: This linter can be disabled with `set_option linter.unusedSimpArgs false`
warning: FormalSystem/Metalogic/Decidability/Tableau.lean:2994:65: This simp argument is unused:
  Bool.not_eq_false

Hint: Omit it from the simp argument list.
  [apply] simp only [isExpanded, Option.isNone_iff_eq_none, Bool.not_eq_true, decide_eq_true_eq, Bool.not_eq_eq_eq_not,
    Bool.not_false, Bool.decide_eq_false] at hfind

Note: This linter can be disabled with `set_option linter.unusedSimpArgs false`
⚠ [2271/2493] Replayed FormalSystem.Metalogic.Decidability.Saturation
warning: FormalSystem/Metalogic/Decidability/Saturation.lean:1165:29: Variable name `appliedSet` is not explicitly referenced.

Hint: The binding can be removed (if unused) or named `_` (if used implicitly). Alternatively, prefix the name with `_` to silence this warning:
  [apply] _appliedSet

Note: This linter can be disabled with `set_option linter.unusedVariables false`
info: FormalSystem/Metalogic/Decidability/Saturation.lean:1370:0: "PASS: U(p, bot) -> F(p) is valid"
info: FormalSystem/Metalogic/Decidability/Saturation.lean:1380:0: "PASS: S(p, bot) -> P(p) is valid"
info: FormalSystem/Metalogic/Decidability/Saturation.lean:1390:0: "PASS: F(p) -> U(p, top) is valid (BX12)"
info: FormalSystem/Metalogic/Decidability/Saturation.lean:1399:0: "PASS: P(p) -> S(p, top) is valid (BX12')"
info: FormalSystem/Metalogic/Decidability/Saturation.lean:1408:0: "PASS: F(top) -> top is valid"
info: FormalSystem/Metalogic/Decidability/Saturation.lean:1418:0: "PASS: U(p, q) is satisfiable (open branch found)"
info: FormalSystem/Metalogic/Decidability/Saturation.lean:1427:0: "PASS: p -> p is valid"
info: FormalSystem/Metalogic/Decidability/Saturation.lean:1452:0: "PASS B1: G(p) -> G(p) is valid"
info: FormalSystem/Metalogic/Decidability/Saturation.lean:1461:0: "PASS B2: U(p,q) -> U(p,q) is valid"
info: FormalSystem/Metalogic/Decidability/Saturation.lean:1471:0: "PASS B3: U(p,bot) -> F(p) is valid (eventuality witnessed)"
info: FormalSystem/Metalogic/Decidability/Saturation.lean:1498:0: "PASS: □p → Gp is valid"
info: FormalSystem/Metalogic/Decidability/Saturation.lean:1507:0: "PASS: □p → Hp is valid"
info: FormalSystem/Metalogic/Decidability/Saturation.lean:1519:0: "PASS: □p → always p is valid (P1 perpetuity)"
info: FormalSystem/Metalogic/Decidability/Saturation.lean:1529:0: "PASS: □(□p) → G(□p) is valid"
info: FormalSystem/Metalogic/Decidability/Saturation.lean:1543:0: "PASS: p ∧ F(¬p) is satisfiable (open branch found)"
info: FormalSystem/Metalogic/Decidability/Saturation.lean:1552:0: "PASS: □p → □(Gp) is valid (modal_future)"
info: FormalSystem/Metalogic/Decidability/Saturation.lean:1579:0: "PASS E1: U(U(p,q),r) -> U(U(p,q),r) is valid"
info: FormalSystem/Metalogic/Decidability/Saturation.lean:1589:0: "PASS E2: S(p,bot) -> P(p) is valid"
info: FormalSystem/Metalogic/Decidability/Saturation.lean:1598:0: "PASS E3: p -> (q -> p) is valid"
info: FormalSystem/Metalogic/Decidability/Saturation.lean:1608:0: "PASS E4: U(p,q) is satisfiable (open branch with blocking)"
info: FormalSystem/Metalogic/Decidability/Saturation.lean:1619:0: "INFO E5: G(p) -> p is invalid (strict reading)"
info: FormalSystem/Metalogic/Decidability/Saturation.lean:2358:0: "PASS FC1: GGp → Gp closes under Dense"
info: FormalSystem/Metalogic/Decidability/Saturation.lean:2368:0: "PASS FC2: GGp → Gp correctly open under Base"
info: FormalSystem/Metalogic/Decidability/Saturation.lean:2377:0: "PASS FC3: ¬U(⊤,⊥) closes under Dense"
info: FormalSystem/Metalogic/Decidability/Saturation.lean:2387:0: "PASS FC4: ¬U(⊤,⊥) correctly open under Base"
info: FormalSystem/Metalogic/Decidability/Saturation.lean:2396:0: "PASS FC5: F(p) → U(p, ¬p) closes under Discrete"
info: FormalSystem/Metalogic/Decidability/Saturation.lean:2406:0: "PASS FC6: F(p) → U(p, ¬p) correctly open under Base"
info: FormalSystem/Metalogic/Decidability/Saturation.lean:2415:0: "PASS FC7: F(p) → U(p, ¬p) correctly open under Dense"
info: FormalSystem/Metalogic/Decidability/Saturation.lean:2424:0: "PASS FC8: p → p closes under all frame classes (monotonicity)"
info: FormalSystem/Metalogic/Decidability/Saturation.lean:2439:0: "PASS FC9: ¬U(⊤,⊥) correctly open under Discrete"
info: FormalSystem/Metalogic/Decidability/Saturation.lean:2461:0: "PASS PL1: diamond p terminates with open branch (no loop)"
info: FormalSystem/Metalogic/Decidability/Saturation.lean:2470:0: "PASS PL2: (box(bot -> bot) -> r) terminates (no stall)"
info: FormalSystem/Metalogic/Decidability/Saturation.lean:2479:0: "PASS PL3: box(bot -> p) is valid"
info: FormalSystem/Metalogic/Decidability/Saturation.lean:2488:0: "PASS PL4: box(p -> p) is valid"
info: FormalSystem/Metalogic/Decidability/Saturation.lean:2497:0: "PASS PL5: (box bot -> r) is valid"
info: FormalSystem/Metalogic/Decidability/Saturation.lean:2532:0: "PASS AN1: G(p) → ¬F(¬p) is valid"
info: FormalSystem/Metalogic/Decidability/Saturation.lean:2545:0: "PASS AN2: U(p,q) is satisfiable (active untlNeg created time)"
info: FormalSystem/Metalogic/Decidability/Saturation.lean:2558:0: "PASS AN3: U(p,q) → U(p,q) is valid"
info: FormalSystem/Metalogic/Decidability/Saturation.lean:2568:0: "PASS AN4: S(p,q) is satisfiable (active snceNeg created time)"
info: FormalSystem/Metalogic/Decidability/Saturation.lean:2580:0: "PASS AN5: H(p) → ¬P(¬p) is valid"
info: FormalSystem/Metalogic/Decidability/Saturation.lean:2597:0: "PASS AN6: nested Until identity valid (fuel=500)"
info: FormalSystem/Metalogic/Decidability/Saturation.lean:2611:0: "PASS AN7: U(p,q) → F(p) valid (fuel=500)"
info: FormalSystem/Metalogic/Decidability/Saturation.lean:2624:0: "PASS AN8: ¬U(p,q) satisfiable (fuel=500, active rule + blocking)"
info: FormalSystem/Metalogic/Decidability/Saturation.lean:2647:0: "PASS FA1: balanced branches get equal fuel"
info: FormalSystem/Metalogic/Decidability/Saturation.lean:2660:0: "PASS FA2: temporal branch gets more fuel than propositional"
info: FormalSystem/Metalogic/Decidability/Saturation.lean:2671:0: "PASS FA3: all allocations in bounds [1, 199]: [25, 100, 75]"
info: FormalSystem/Metalogic/Decidability/Saturation.lean:2682:0: "PASS FA4: fuel=0 gives all zeros"
info: FormalSystem/Metalogic/Decidability/Saturation.lean:2691:0: "PASS FA5: difficulty ordering correct: prop=1 < modal=3 < temp=4"
⚠ [2273/2493] Replayed FormalSystem.Metalogic.Decidability.CountermodelExtraction
warning: FormalSystem/Metalogic/Decidability/CountermodelExtraction.lean:605:46: This simp argument is unused:
  if_false

Hint: Omit it from the simp argument list.
  [apply] simp only [isApplicable, asUntil?, hg', applyRule, ruleMintsFreshLabel, ruleSelfGuarded, if_true,
    Option.isSome_some] at h

Note: This linter can be disabled with `set_option linter.unusedSimpArgs false`
warning: FormalSystem/Metalogic/Decidability/CountermodelExtraction.lean:606:34: This simp argument is unused:
  Option.isSome_some

Hint: Omit it from the simp argument list.
  [apply] simp only [isApplicable, asUntil?, hg', if_false, applyRule, ruleMintsFreshLabel, ruleSelfGuarded,
    if_true] at h

Note: This linter can be disabled with `set_option linter.unusedSimpArgs false`
warning: FormalSystem/Metalogic/Decidability/CountermodelExtraction.lean:671:46: This simp argument is unused:
  if_false

Hint: Omit it from the simp argument list.
  [apply] simp only [isApplicable, asSince?, hg', applyRule, ruleMintsFreshLabel, ruleSelfGuarded, if_true,
    Option.isSome_some] at h

Note: This linter can be disabled with `set_option linter.unusedSimpArgs false`
warning: FormalSystem/Metalogic/Decidability/CountermodelExtraction.lean:672:34: This simp argument is unused:
  Option.isSome_some

Hint: Omit it from the simp argument list.
  [apply] simp only [isApplicable, asSince?, hg', if_false, applyRule, ruleMintsFreshLabel, ruleSelfGuarded,
    if_true] at h

Note: This linter can be disabled with `set_option linter.unusedSimpArgs false`
ℹ [2275/2493] Replayed FormalSystem.Automation.Normalization
info: FormalSystem/Automation/Normalization.lean:239:0: neg_unfold : ∀ (φ : Formula), φ.neg = φ.imp bot
info: FormalSystem/Automation/Normalization.lean:240:0: top_unfold : top = bot.imp bot
info: FormalSystem/Automation/Normalization.lean:241:0: next_unfold : ∀ (φ : Formula), φ.next = bot.untl φ
info: FormalSystem/Automation/Normalization.lean:242:0: prev_unfold : ∀ (φ : Formula), φ.prev = bot.snce φ
info: FormalSystem/Automation/Normalization.lean:243:0: and_unfold : ∀ (φ ψ : Formula), φ.and ψ = (φ.imp (ψ.imp bot)).imp bot
info: FormalSystem/Automation/Normalization.lean:244:0: or_unfold : ∀ (φ ψ : Formula), φ.or ψ = (φ.imp bot).imp ψ
info: FormalSystem/Automation/Normalization.lean:245:0: diamond_unfold : ∀ (φ : Formula), φ.diamond = (φ.imp bot).box.imp bot
info: FormalSystem/Automation/Normalization.lean:246:0: some_future_unfold : ∀ (φ : Formula), φ.someFuture = (bot.imp bot).untl φ
info: FormalSystem/Automation/Normalization.lean:247:0: some_past_unfold : ∀ (φ : Formula), φ.somePast = (bot.imp bot).snce φ
info: FormalSystem/Automation/Normalization.lean:248:0: all_future_unfold : ∀ (φ : Formula), φ.allFuture = ((bot.imp bot).untl (φ.imp bot)).imp bot
info: FormalSystem/Automation/Normalization.lean:249:0: all_past_unfold : ∀ (φ : Formula), φ.allPast = ((bot.imp bot).snce (φ.imp bot)).imp bot
info: FormalSystem/Automation/Normalization.lean:250:0: weak_future_unfold : ∀ (φ : Formula),
  φ.weakFuture = (φ.imp ((((bot.imp bot).untl (φ.imp bot)).imp bot).imp bot)).imp bot
info: FormalSystem/Automation/Normalization.lean:251:0: weak_past_unfold : ∀ (φ : Formula), φ.weakPast = (φ.imp ((((bot.imp bot).snce (φ.imp bot)).imp bot).imp bot)).imp bot
info: FormalSystem/Automation/Normalization.lean:252:0: always_unfold : ∀ (φ : Formula), △φ = φ.allPast.and (φ.and φ.allFuture)
info: FormalSystem/Automation/Normalization.lean:253:0: sometimes_unfold : ∀ (φ : Formula), ▽φ = (△φ.neg).neg
info: FormalSystem/Automation/Normalization.lean:254:0: strong_release_unfold : ∀ (φ ψ : Formula), φ.strongRelease ψ = ψ.untl (ψ.and φ)
info: FormalSystem/Automation/Normalization.lean:255:0: strong_trigger_unfold : ∀ (φ ψ : Formula), φ.strongTrigger ψ = ψ.snce (ψ.and φ)
info: FormalSystem/Automation/Normalization.lean:613:0: FormalSystem.Automation.Normalization.EnrichedFormula.neg
  (FormalSystem.Automation.Normalization.EnrichedFormula.atom { base := "p", freshIndex := none })
info: FormalSystem/Automation/Normalization.lean:620:0: FormalSystem.Automation.Normalization.EnrichedFormula.top
info: FormalSystem/Automation/Normalization.lean:627:0: FormalSystem.Automation.Normalization.EnrichedFormula.diamond
  (FormalSystem.Automation.Normalization.EnrichedFormula.atom { base := "p", freshIndex := none })
info: FormalSystem/Automation/Normalization.lean:634:0: FormalSystem.Automation.Normalization.EnrichedFormula.and_
  (FormalSystem.Automation.Normalization.EnrichedFormula.atom { base := "p", freshIndex := none })
  (FormalSystem.Automation.Normalization.EnrichedFormula.atom { base := "q", freshIndex := none })
info: FormalSystem/Automation/Normalization.lean:641:0: FormalSystem.Automation.Normalization.EnrichedFormula.imp
  (FormalSystem.Automation.Normalization.EnrichedFormula.neg
    (FormalSystem.Automation.Normalization.EnrichedFormula.atom { base := "p", freshIndex := none }))
  (FormalSystem.Automation.Normalization.EnrichedFormula.atom { base := "q", freshIndex := none })
info: FormalSystem/Automation/Normalization.lean:648:0: FormalSystem.Automation.Normalization.EnrichedFormula.some_future
  (FormalSystem.Automation.Normalization.EnrichedFormula.atom { base := "p", freshIndex := none })
info: FormalSystem/Automation/Normalization.lean:655:0: FormalSystem.Automation.Normalization.EnrichedFormula.some_past
  (FormalSystem.Automation.Normalization.EnrichedFormula.atom { base := "p", freshIndex := none })
info: FormalSystem/Automation/Normalization.lean:661:0: FormalSystem.Automation.Normalization.EnrichedFormula.all_future
  (FormalSystem.Automation.Normalization.EnrichedFormula.atom { base := "p", freshIndex := none })
info: FormalSystem/Automation/Normalization.lean:667:0: FormalSystem.Automation.Normalization.EnrichedFormula.all_past
  (FormalSystem.Automation.Normalization.EnrichedFormula.atom { base := "p", freshIndex := none })
info: FormalSystem/Automation/Normalization.lean:673:0: FormalSystem.Automation.Normalization.EnrichedFormula.next
  (FormalSystem.Automation.Normalization.EnrichedFormula.atom { base := "p", freshIndex := none })
info: FormalSystem/Automation/Normalization.lean:679:0: FormalSystem.Automation.Normalization.EnrichedFormula.prev
  (FormalSystem.Automation.Normalization.EnrichedFormula.atom { base := "p", freshIndex := none })
info: FormalSystem/Automation/Normalization.lean:686:0: [(true, (FormalSystem.Syntax.Formula.imp
  (FormalSystem.Syntax.Formula.atom { base := "p", freshIndex := none })
  (FormalSystem.Syntax.Formula.bot), FormalSystem.Automation.Normalization.EnrichedFormula.neg
  (FormalSystem.Automation.Normalization.EnrichedFormula.atom { base := "p", freshIndex := none }))), (true, (FormalSystem.Syntax.Formula.imp (FormalSystem.Syntax.Formula.bot) (FormalSystem.Syntax.Formula.bot), FormalSystem.Automation.Normalization.EnrichedFormula.top)), (true, (FormalSystem.Syntax.Formula.imp
  (FormalSystem.Syntax.Formula.imp
    (FormalSystem.Syntax.Formula.atom { base := "p", freshIndex := none })
    (FormalSystem.Syntax.Formula.imp
      (FormalSystem.Syntax.Formula.atom { base := "q", freshIndex := none })
      (FormalSystem.Syntax.Formula.bot)))
  (FormalSystem.Syntax.Formula.bot), FormalSystem.Automation.Normalization.EnrichedFormula.and_
  (FormalSystem.Automation.Normalization.EnrichedFormula.atom { base := "p", freshIndex := none })
  (FormalSystem.Automation.Normalization.EnrichedFormula.atom { base := "q", freshIndex := none }))), (true, (FormalSystem.Syntax.Formula.imp
  (FormalSystem.Syntax.Formula.imp
    (FormalSystem.Syntax.Formula.atom { base := "p", freshIndex := none })
    (FormalSystem.Syntax.Formula.bot))
  (FormalSystem.Syntax.Formula.atom { base := "q", freshIndex := none }), FormalSystem.Automation.Normalization.EnrichedFormula.imp
  (FormalSystem.Automation.Normalization.EnrichedFormula.neg
    (FormalSystem.Automation.Normalization.EnrichedFormula.atom { base := "p", freshIndex := none }))
  (FormalSystem.Automation.Normalization.EnrichedFormula.atom { base := "q", freshIndex := none }))), (true, (FormalSystem.Syntax.Formula.imp
  (FormalSystem.Syntax.Formula.box
    (FormalSystem.Syntax.Formula.imp
      (FormalSystem.Syntax.Formula.atom { base := "p", freshIndex := none })
      (FormalSystem.Syntax.Formula.bot)))
  (FormalSystem.Syntax.Formula.bot), FormalSystem.Automation.Normalization.EnrichedFormula.diamond
  (FormalSystem.Automation.Normalization.EnrichedFormula.atom { base := "p", freshIndex := none }))), (true, (FormalSystem.Syntax.Formula.untl
  (FormalSystem.Syntax.Formula.imp (FormalSystem.Syntax.Formula.bot) (FormalSystem.Syntax.Formula.bot))
  (FormalSystem.Syntax.Formula.atom { base := "p", freshIndex := none }), FormalSystem.Automation.Normalization.EnrichedFormula.some_future
  (FormalSystem.Automation.Normalization.EnrichedFormula.atom { base := "p", freshIndex := none }))), (true, (FormalSystem.Syntax.Formula.snce
  (FormalSystem.Syntax.Formula.imp (FormalSystem.Syntax.Formula.bot) (FormalSystem.Syntax.Formula.bot))
  (FormalSystem.Syntax.Formula.atom { base := "p", freshIndex := none }), FormalSystem.Automation.Normalization.EnrichedFormula.some_past
  (FormalSystem.Automation.Normalization.EnrichedFormula.atom { base := "p", freshIndex := none }))), (true, (FormalSystem.Syntax.Formula.imp
  (FormalSystem.Syntax.Formula.untl
    (FormalSystem.Syntax.Formula.imp (FormalSystem.Syntax.Formula.bot) (FormalSystem.Syntax.Formula.bot))
    (FormalSystem.Syntax.Formula.imp
      (FormalSystem.Syntax.Formula.atom { base := "p", freshIndex := none })
      (FormalSystem.Syntax.Formula.bot)))
  (FormalSystem.Syntax.Formula.bot), FormalSystem.Automation.Normalization.EnrichedFormula.all_future
  (FormalSystem.Automation.Normalization.EnrichedFormula.atom { base := "p", freshIndex := none }))), (true, (FormalSystem.Syntax.Formula.imp
  (FormalSystem.Syntax.Formula.snce
    (FormalSystem.Syntax.Formula.imp (FormalSystem.Syntax.Formula.bot) (FormalSystem.Syntax.Formula.bot))
    (FormalSystem.Syntax.Formula.imp
      (FormalSystem.Syntax.Formula.atom { base := "p", freshIndex := none })
      (FormalSystem.Syntax.Formula.bot)))
  (FormalSystem.Syntax.Formula.bot), FormalSystem.Automation.Normalization.EnrichedFormula.all_past
  (FormalSystem.Automation.Normalization.EnrichedFormula.atom { base := "p", freshIndex := none }))), (true, (FormalSystem.Syntax.Formula.untl
  (FormalSystem.Syntax.Formula.bot)
  (FormalSystem.Syntax.Formula.atom { base := "p", freshIndex := none }), FormalSystem.Automation.Normalization.EnrichedFormula.next
  (FormalSystem.Automation.Normalization.EnrichedFormula.atom { base := "p", freshIndex := none }))), (true, (FormalSystem.Syntax.Formula.snce
  (FormalSystem.Syntax.Formula.bot)
  (FormalSystem.Syntax.Formula.atom { base := "p", freshIndex := none }), FormalSystem.Automation.Normalization.EnrichedFormula.prev
  (FormalSystem.Automation.Normalization.EnrichedFormula.atom { base := "p", freshIndex := none })))]
info: FormalSystem/Automation/Normalization.lean:707:0: FormalSystem.Automation.Normalization.EnrichedFormula.weak_future
  (FormalSystem.Automation.Normalization.EnrichedFormula.atom { base := "p", freshIndex := none })
info: FormalSystem/Automation/Normalization.lean:713:0: FormalSystem.Automation.Normalization.EnrichedFormula.weak_past
  (FormalSystem.Automation.Normalization.EnrichedFormula.atom { base := "p", freshIndex := none })
info: FormalSystem/Automation/Normalization.lean:719:0: FormalSystem.Automation.Normalization.EnrichedFormula.always
  (FormalSystem.Automation.Normalization.EnrichedFormula.atom { base := "p", freshIndex := none })
info: FormalSystem/Automation/Normalization.lean:725:0: FormalSystem.Automation.Normalization.EnrichedFormula.sometimes
  (FormalSystem.Automation.Normalization.EnrichedFormula.atom { base := "p", freshIndex := none })
info: FormalSystem/Automation/Normalization.lean:731:0: [(true, FormalSystem.Automation.Normalization.EnrichedFormula.always
  (FormalSystem.Automation.Normalization.EnrichedFormula.atom { base := "p", freshIndex := none })), (true, FormalSystem.Automation.Normalization.EnrichedFormula.sometimes
  (FormalSystem.Automation.Normalization.EnrichedFormula.atom { base := "p", freshIndex := none })), (true, FormalSystem.Automation.Normalization.EnrichedFormula.weak_future
  (FormalSystem.Automation.Normalization.EnrichedFormula.atom { base := "p", freshIndex := none })), (true, FormalSystem.Automation.Normalization.EnrichedFormula.weak_past
  (FormalSystem.Automation.Normalization.EnrichedFormula.atom { base := "p", freshIndex := none }))]
info: FormalSystem/Automation/Normalization.lean:910:0: "Round-trip test: ALL PASS (21 formulas tested)"
info: FormalSystem/Automation/Normalization.lean:1128:0: "{\"tag\": \"neg\", \"child\": {\"tag\": \"atom\", \"name\": \"p\"}}"
info: FormalSystem/Automation/Normalization.lean:1134:0: "{\"tag\": \"diamond\", \"child\": {\"tag\": \"atom\", \"name\": \"p\"}}"
info: FormalSystem/Automation/Normalization.lean:1140:0: "{\"tag\": \"diamond\", \"child\": {\"tag\": \"atom\", \"name\": \"p\"}}"
info: FormalSystem/Automation/Normalization.lean:1146:0: "△p"
info: FormalSystem/Automation/Normalization.lean:1152:0: "(and (atom \"p\") (atom \"q\"))"
info: FormalSystem/Automation/Normalization.lean:1158:0: "{\"tag\": \"always\", \"child\": {\"tag\": \"atom\", \"name\": \"p\"}}"
info: FormalSystem/Automation/Normalization.lean:1164:0: "(<>p → Gq)"
⚠ [2278/2493] Replayed FormalSystem.Metalogic.Core.RestrictedMCS.Basic
warning: FormalSystem/Metalogic/Core/RestrictedMCS/Basic.lean:415:4: Try this: intro L hL ⟨d⟩
⚠ [2284/2493] Replayed FormalSystem.Metalogic.Decidability.FMP.FMP
warning: FormalSystem/Metalogic/Decidability/FMP/FMP.lean:83:4: Try this: intro L hL ⟨d_bot⟩
⚠ [2292/2493] Replayed FormalSystem.Metalogic.Decidability.Verified.Termination.SubformulaProperty
warning: FormalSystem/Metalogic/Decidability/Verified/Termination/SubformulaProperty.lean:445:63: This simp argument is unused:
  if_false

Hint: Omit it from the simp argument list.
  [apply] simp only [h, if_true]

Note: This linter can be disabled with `set_option linter.unusedSimpArgs false`
warning: FormalSystem/Metalogic/Decidability/Verified/Termination/SubformulaProperty.lean:482:109: This simp argument is unused:
  SignedFormula.neg

Hint: Omit it from the simp argument list.
  [apply] simp_all only [asAnd?_eq_iff, List.mem_cons, List.not_mem_nil, or_false, SignedFormula.pos, reduceCtorEq]

Note: This linter can be disabled with `set_option linter.unusedSimpArgs false`
warning: FormalSystem/Metalogic/Decidability/Verified/Termination/SubformulaProperty.lean:484:2: 'all_goals (try subst hg)' tactic does nothing

Note: This linter can be disabled with `set_option linter.unusedTactic false`
warning: FormalSystem/Metalogic/Decidability/Verified/Termination/SubformulaProperty.lean:499:4: This simp argument is unused:
  SignedFormula.pos

Hint: Omit it from the simp argument list.
  [apply] simp_all only [asAnd?_eq_iff, List.flatten_cons, List.flatten_nil, List.append_nil, List.mem_append,
    List.mem_cons, List.not_mem_nil, or_false, SignedFormula.neg, reduceCtorEq]

Note: This linter can be disabled with `set_option linter.unusedSimpArgs false`
warning: FormalSystem/Metalogic/Decidability/Verified/Termination/SubformulaProperty.lean:501:2: 'all_goals (try subst hg)' tactic does nothing

Note: This linter can be disabled with `set_option linter.unusedTactic false`
warning: FormalSystem/Metalogic/Decidability/Verified/Termination/SubformulaProperty.lean:516:23: This simp argument is unused:
  SignedFormula.neg

Hint: Omit it from the simp argument list.
  [apply] simp_all only [asOr?_eq_iff, List.flatten_cons, List.flatten_nil, List.append_nil, List.mem_append,
    List.mem_cons, List.not_mem_nil, or_false, SignedFormula.pos, reduceCtorEq]

Note: This linter can be disabled with `set_option linter.unusedSimpArgs false`
warning: FormalSystem/Metalogic/Decidability/Verified/Termination/SubformulaProperty.lean:518:2: 'all_goals (try subst hg)' tactic does nothing

Note: This linter can be disabled with `set_option linter.unusedTactic false`
warning: FormalSystem/Metalogic/Decidability/Verified/Termination/SubformulaProperty.lean:531:89: This simp argument is unused:
  SignedFormula.pos

Hint: Omit it from the simp argument list.
  [apply] simp_all only [asOr?_eq_iff, List.mem_cons, List.not_mem_nil, or_false, SignedFormula.neg, reduceCtorEq]

Note: This linter can be disabled with `set_option linter.unusedSimpArgs false`
warning: FormalSystem/Metalogic/Decidability/Verified/Termination/SubformulaProperty.lean:533:2: 'all_goals (try subst hg)' tactic does nothing

Note: This linter can be disabled with `set_option linter.unusedTactic false`
warning: FormalSystem/Metalogic/Decidability/Verified/Termination/SubformulaProperty.lean:550:2: 'all_goals (try subst hg)' tactic does nothing

Note: This linter can be disabled with `set_option linter.unusedTactic false`
warning: FormalSystem/Metalogic/Decidability/Verified/Termination/SubformulaProperty.lean:565:2: 'all_goals (try subst hg)' tactic does nothing

Note: This linter can be disabled with `set_option linter.unusedTactic false`
warning: FormalSystem/Metalogic/Decidability/Verified/Termination/SubformulaProperty.lean:578:90: This simp argument is unused:
  SignedFormula.pos

Hint: Omit it from the simp argument list.
  [apply] simp_all only [asNeg?_eq_iff, List.mem_cons, List.not_mem_nil, or_false, SignedFormula.neg, reduceCtorEq]

Note: This linter can be disabled with `set_option linter.unusedSimpArgs false`
warning: FormalSystem/Metalogic/Decidability/Verified/Termination/SubformulaProperty.lean:580:2: 'all_goals (try subst hg)' tactic does nothing

Note: This linter can be disabled with `set_option linter.unusedTactic false`
warning: FormalSystem/Metalogic/Decidability/Verified/Termination/SubformulaProperty.lean:591:109: This simp argument is unused:
  SignedFormula.neg

Hint: Omit it from the simp argument list.
  [apply] simp_all only [asNeg?_eq_iff, List.mem_cons, List.not_mem_nil, or_false, SignedFormula.pos, reduceCtorEq]

Note: This linter can be disabled with `set_option linter.unusedSimpArgs false`
warning: FormalSystem/Metalogic/Decidability/Verified/Termination/SubformulaProperty.lean:593:2: 'all_goals (try subst hg)' tactic does nothing

Note: This linter can be disabled with `set_option linter.unusedTactic false`
warning: FormalSystem/Metalogic/Decidability/Verified/Termination/SubformulaProperty.lean:618:61: This simp argument is unused:
  SignedFormula.neg

Hint: Omit it from the simp argument list.
  [apply] simp_all only [List.mem_filter, List.mem_cons, List.not_mem_nil, or_false, Bool.not_eq_eq_eq_not,
    Bool.not_true, SignedFormula.pos, reduceCtorEq]

Note: This linter can be disabled with `set_option linter.unusedSimpArgs false`
warning: FormalSystem/Metalogic/Decidability/Verified/Termination/SubformulaProperty.lean:621:2: 'all_goals (try subst hg)' tactic does nothing

Note: This linter can be disabled with `set_option linter.unusedTactic false`
warning: FormalSystem/Metalogic/Decidability/Verified/Termination/SubformulaProperty.lean:635:45: This simp argument is unused:
  SignedFormula.pos

Hint: Omit it from the simp argument list.
  [apply] simp_all only [List.not_mem_nil, SignedFormula.neg, reduceCtorEq]

Note: This linter can be disabled with `set_option linter.unusedSimpArgs false`
warning: FormalSystem/Metalogic/Decidability/Verified/Termination/SubformulaProperty.lean:635:64: This simp argument is unused:
  SignedFormula.neg

Hint: Omit it from the simp argument list.
  [apply] simp_all only [List.not_mem_nil, SignedFormula.pos, reduceCtorEq]

Note: This linter can be disabled with `set_option linter.unusedSimpArgs false`
warning: FormalSystem/Metalogic/Decidability/Verified/Termination/SubformulaProperty.lean:685:56: This simp argument is unused:
  or_false

Hint: Omit it from the simp argument list.
  [apply] simp_all only [List.map_cons, List.map_nil, List.flatten_cons, List.flatten_nil, List.append_nil,
    List.mem_append, List.not_mem_nil, reduceCtorEq]

Note: This linter can be disabled with `set_option linter.unusedSimpArgs false`
warning: FormalSystem/Metalogic/Decidability/Verified/Termination/SubformulaProperty.lean:687:56: This simp argument is unused:
  or_false

Hint: Omit it from the simp argument list.
  [apply] simp only [List.map_cons, List.map_nil, List.flatten_cons, List.flatten_nil, List.append_nil, List.mem_append,
    List.not_mem_nil] at hg

Note: This linter can be disabled with `set_option linter.unusedSimpArgs false`
warning: FormalSystem/Metalogic/Decidability/Verified/Termination/SubformulaProperty.lean:849:4: This simp argument is unused:
  List.flatten_cons

Hint: Omit it from the simp argument list.
  [apply] simp only [Branch.boxPosFormulas, Branch.diamondNegFormulas, List.flatten_nil, List.append_nil, List.mem_cons,
    List.mem_append, List.not_mem_nil, or_false] at hg

Note: This linter can be disabled with `set_option linter.unusedSimpArgs false`
warning: FormalSystem/Metalogic/Decidability/Verified/Termination/SubformulaProperty.lean:849:23: This simp argument is unused:
  List.flatten_nil

Hint: Omit it from the simp argument list.
  [apply] simp only [Branch.boxPosFormulas, Branch.diamondNegFormulas, List.flatten_cons, List.append_nil,
    List.mem_cons, List.mem_append, List.not_mem_nil, or_false] at hg

Note: This linter can be disabled with `set_option linter.unusedSimpArgs false`
warning: FormalSystem/Metalogic/Decidability/Verified/Termination/SubformulaProperty.lean:849:41: This simp argument is unused:
  List.append_nil

Hint: Omit it from the simp argument list.
  [apply] simp only [Branch.boxPosFormulas, Branch.diamondNegFormulas, List.flatten_cons, List.flatten_nil,
    List.mem_cons, List.mem_append, List.not_mem_nil, or_false] at hg

Note: This linter can be disabled with `set_option linter.unusedSimpArgs false`
warning: FormalSystem/Metalogic/Decidability/Verified/Termination/SubformulaProperty.lean:850:4: This simp argument is unused:
  List.not_mem_nil

Hint: Omit it from the simp argument list.
  [apply] simp only [Branch.boxPosFormulas, Branch.diamondNegFormulas, List.flatten_cons, List.flatten_nil,
    List.append_nil, List.mem_cons, List.mem_append, or_false] at hg

Note: This linter can be disabled with `set_option linter.unusedSimpArgs false`
warning: FormalSystem/Metalogic/Decidability/Verified/Termination/SubformulaProperty.lean:850:22: This simp argument is unused:
  or_false

Hint: Omit it from the simp argument list.
  [apply] simp only [Branch.boxPosFormulas, Branch.diamondNegFormulas, List.flatten_cons, List.flatten_nil,
    List.append_nil, List.mem_cons, List.mem_append, List.not_mem_nil] at hg

Note: This linter can be disabled with `set_option linter.unusedSimpArgs false`
warning: FormalSystem/Metalogic/Decidability/Verified/Termination/SubformulaProperty.lean:864:6: '(obtain ⟨s, hs, hsg⟩ := mem_boxDiamondPersistence hg; rw [hsg]; exact hb _ hs)' tactic does nothing

Note: This linter can be disabled with `set_option linter.unusedTactic false`
warning: FormalSystem/Metalogic/Decidability/Verified/Termination/SubformulaProperty.lean:864:6: this tactic is never executed

Note: This linter can be disabled with `set_option linter.unreachableTactic false`
warning: FormalSystem/Metalogic/Decidability/Verified/Termination/SubformulaProperty.lean:878:4: This simp argument is unused:
  List.flatten_cons

Hint: Omit it from the simp argument list.
  [apply] simp only [Branch.boxPosFormulas, Branch.diamondNegFormulas, List.flatten_nil, List.append_nil, List.mem_cons,
    List.mem_append, List.not_mem_nil, or_false] at hg

Note: This linter can be disabled with `set_option linter.unusedSimpArgs false`
warning: FormalSystem/Metalogic/Decidability/Verified/Termination/SubformulaProperty.lean:878:23: This simp argument is unused:
  List.flatten_nil

Hint: Omit it from the simp argument list.
  [apply] simp only [Branch.boxPosFormulas, Branch.diamondNegFormulas, List.flatten_cons, List.append_nil,
    List.mem_cons, List.mem_append, List.not_mem_nil, or_false] at hg

Note: This linter can be disabled with `set_option linter.unusedSimpArgs false`
warning: FormalSystem/Metalogic/Decidability/Verified/Termination/SubformulaProperty.lean:878:41: This simp argument is unused:
  List.append_nil

Hint: Omit it from the simp argument list.
  [apply] simp only [Branch.boxPosFormulas, Branch.diamondNegFormulas, List.flatten_cons, List.flatten_nil,
    List.mem_cons, List.mem_append, List.not_mem_nil, or_false] at hg

Note: This linter can be disabled with `set_option linter.unusedSimpArgs false`
warning: FormalSystem/Metalogic/Decidability/Verified/Termination/SubformulaProperty.lean:879:4: This simp argument is unused:
  List.not_mem_nil

Hint: Omit it from the simp argument list.
  [apply] simp only [Branch.boxPosFormulas, Branch.diamondNegFormulas, List.flatten_cons, List.flatten_nil,
    List.append_nil, List.mem_cons, List.mem_append, or_false] at hg

Note: This linter can be disabled with `set_option linter.unusedSimpArgs false`
warning: FormalSystem/Metalogic/Decidability/Verified/Termination/SubformulaProperty.lean:879:22: This simp argument is unused:
  or_false

Hint: Omit it from the simp argument list.
  [apply] simp only [Branch.boxPosFormulas, Branch.diamondNegFormulas, List.flatten_cons, List.flatten_nil,
    List.append_nil, List.mem_cons, List.mem_append, List.not_mem_nil] at hg

Note: This linter can be disabled with `set_option linter.unusedSimpArgs false`
warning: FormalSystem/Metalogic/Decidability/Verified/Termination/SubformulaProperty.lean:893:6: '(obtain ⟨s, hs, hsg⟩ := mem_boxDiamondPersistence hg; rw [hsg]; exact hb _ hs)' tactic does nothing

Note: This linter can be disabled with `set_option linter.unusedTactic false`
warning: FormalSystem/Metalogic/Decidability/Verified/Termination/SubformulaProperty.lean:893:6: this tactic is never executed

Note: This linter can be disabled with `set_option linter.unreachableTactic false`
warning: FormalSystem/Metalogic/Decidability/Verified/Termination/SubformulaProperty.lean:907:4: This simp argument is unused:
  List.flatten_cons

Hint: Omit it from the simp argument list.
  [apply] simp only [Branch.allFuturePosFormulas, Branch.someFutureNegFormulas, List.flatten_nil, List.append_nil,
    List.mem_cons, List.mem_append, List.not_mem_nil, or_false] at hg

Note: This linter can be disabled with `set_option linter.unusedSimpArgs false`
warning: FormalSystem/Metalogic/Decidability/Verified/Termination/SubformulaProperty.lean:907:23: This simp argument is unused:
  List.flatten_nil

Hint: Omit it from the simp argument list.
  [apply] simp only [Branch.allFuturePosFormulas, Branch.someFutureNegFormulas, List.flatten_cons, List.append_nil,
    List.mem_cons, List.mem_append, List.not_mem_nil, or_false] at hg

Note: This linter can be disabled with `set_option linter.unusedSimpArgs false`
warning: FormalSystem/Metalogic/Decidability/Verified/Termination/SubformulaProperty.lean:907:41: This simp argument is unused:
  List.append_nil

Hint: Omit it from the simp argument list.
  [apply] simp only [Branch.allFuturePosFormulas, Branch.someFutureNegFormulas, List.flatten_cons, List.flatten_nil,
    List.mem_cons, List.mem_append, List.not_mem_nil, or_false] at hg

Note: This linter can be disabled with `set_option linter.unusedSimpArgs false`
warning: FormalSystem/Metalogic/Decidability/Verified/Termination/SubformulaProperty.lean:908:4: This simp argument is unused:
  List.not_mem_nil

Hint: Omit it from the simp argument list.
  [apply] simp only [Branch.allFuturePosFormulas, Branch.someFutureNegFormulas, List.flatten_cons, List.flatten_nil,
    List.append_nil, List.mem_cons, List.mem_append, or_false] at hg

Note: This linter can be disabled with `set_option linter.unusedSimpArgs false`
warning: FormalSystem/Metalogic/Decidability/Verified/Termination/SubformulaProperty.lean:908:22: This simp argument is unused:
  or_false

Hint: Omit it from the simp argument list.
  [apply] simp only [Branch.allFuturePosFormulas, Branch.someFutureNegFormulas, List.flatten_cons, List.flatten_nil,
    List.append_nil, List.mem_cons, List.mem_append, List.not_mem_nil] at hg

Note: This linter can be disabled with `set_option linter.unusedSimpArgs false`
warning: FormalSystem/Metalogic/Decidability/Verified/Termination/SubformulaProperty.lean:936:4: This simp argument is unused:
  List.flatten_cons

Hint: Omit it from the simp argument list.
  [apply] simp only [Branch.allPastPosFormulas, Branch.somePastNegFormulas, List.flatten_nil, List.append_nil,
    List.mem_cons, List.mem_append, List.not_mem_nil, or_false] at hg

Note: This linter can be disabled with `set_option linter.unusedSimpArgs false`
warning: FormalSystem/Metalogic/Decidability/Verified/Termination/SubformulaProperty.lean:936:23: This simp argument is unused:
  List.flatten_nil

Hint: Omit it from the simp argument list.
  [apply] simp only [Branch.allPastPosFormulas, Branch.somePastNegFormulas, List.flatten_cons, List.append_nil,
    List.mem_cons, List.mem_append, List.not_mem_nil, or_false] at hg

Note: This linter can be disabled with `set_option linter.unusedSimpArgs false`
warning: FormalSystem/Metalogic/Decidability/Verified/Termination/SubformulaProperty.lean:936:41: This simp argument is unused:
  List.append_nil

Hint: Omit it from the simp argument list.
  [apply] simp only [Branch.allPastPosFormulas, Branch.somePastNegFormulas, List.flatten_cons, List.flatten_nil,
    List.mem_cons, List.mem_append, List.not_mem_nil, or_false] at hg

Note: This linter can be disabled with `set_option linter.unusedSimpArgs false`
warning: FormalSystem/Metalogic/Decidability/Verified/Termination/SubformulaProperty.lean:937:4: This simp argument is unused:
  List.not_mem_nil

Hint: Omit it from the simp argument list.
  [apply] simp only [Branch.allPastPosFormulas, Branch.somePastNegFormulas, List.flatten_cons, List.flatten_nil,
    List.append_nil, List.mem_cons, List.mem_append, or_false] at hg

Note: This linter can be disabled with `set_option linter.unusedSimpArgs false`
warning: FormalSystem/Metalogic/Decidability/Verified/Termination/SubformulaProperty.lean:937:22: This simp argument is unused:
  or_false

Hint: Omit it from the simp argument list.
  [apply] simp only [Branch.allPastPosFormulas, Branch.somePastNegFormulas, List.flatten_cons, List.flatten_nil,
    List.append_nil, List.mem_cons, List.mem_append, List.not_mem_nil] at hg

Note: This linter can be disabled with `set_option linter.unusedSimpArgs false`
warning: FormalSystem/Metalogic/Decidability/Verified/Termination/SubformulaProperty.lean:965:4: This simp argument is unused:
  List.flatten_cons

Hint: Omit it from the simp argument list.
  [apply] simp only [Branch.allFuturePosFormulas, Branch.someFutureNegFormulas, List.flatten_nil, List.append_nil,
    List.mem_cons, List.mem_append, List.not_mem_nil, or_false] at hg

Note: This linter can be disabled with `set_option linter.unusedSimpArgs false`
warning: FormalSystem/Metalogic/Decidability/Verified/Termination/SubformulaProperty.lean:965:23: This simp argument is unused:
  List.flatten_nil

Hint: Omit it from the simp argument list.
  [apply] simp only [Branch.allFuturePosFormulas, Branch.someFutureNegFormulas, List.flatten_cons, List.append_nil,
    List.mem_cons, List.mem_append, List.not_mem_nil, or_false] at hg

Note: This linter can be disabled with `set_option linter.unusedSimpArgs false`
warning: FormalSystem/Metalogic/Decidability/Verified/Termination/SubformulaProperty.lean:965:41: This simp argument is unused:
  List.append_nil

Hint: Omit it from the simp argument list.
  [apply] simp only [Branch.allFuturePosFormulas, Branch.someFutureNegFormulas, List.flatten_cons, List.flatten_nil,
    List.mem_cons, List.mem_append, List.not_mem_nil, or_false] at hg

Note: This linter can be disabled with `set_option linter.unusedSimpArgs false`
warning: FormalSystem/Metalogic/Decidability/Verified/Termination/SubformulaProperty.lean:966:4: This simp argument is unused:
  List.not_mem_nil

Hint: Omit it from the simp argument list.
  [apply] simp only [Branch.allFuturePosFormulas, Branch.someFutureNegFormulas, List.flatten_cons, List.flatten_nil,
    List.append_nil, List.mem_cons, List.mem_append, or_false] at hg

Note: This linter can be disabled with `set_option linter.unusedSimpArgs false`
warning: FormalSystem/Metalogic/Decidability/Verified/Termination/SubformulaProperty.lean:966:22: This simp argument is unused:
  or_false

Hint: Omit it from the simp argument list.
  [apply] simp only [Branch.allFuturePosFormulas, Branch.someFutureNegFormulas, List.flatten_cons, List.flatten_nil,
    List.append_nil, List.mem_cons, List.mem_append, List.not_mem_nil] at hg

Note: This linter can be disabled with `set_option linter.unusedSimpArgs false`
warning: FormalSystem/Metalogic/Decidability/Verified/Termination/SubformulaProperty.lean:994:4: This simp argument is unused:
  List.flatten_cons

Hint: Omit it from the simp argument list.
  [apply] simp only [Branch.allPastPosFormulas, Branch.somePastNegFormulas, List.flatten_nil, List.append_nil,
    List.mem_cons, List.mem_append, List.not_mem_nil, or_false] at hg

Note: This linter can be disabled with `set_option linter.unusedSimpArgs false`
warning: FormalSystem/Metalogic/Decidability/Verified/Termination/SubformulaProperty.lean:994:23: This simp argument is unused:
  List.flatten_nil

Hint: Omit it from the simp argument list.
  [apply] simp only [Branch.allPastPosFormulas, Branch.somePastNegFormulas, List.flatten_cons, List.append_nil,
    List.mem_cons, List.mem_append, List.not_mem_nil, or_false] at hg

Note: This linter can be disabled with `set_option linter.unusedSimpArgs false`
warning: FormalSystem/Metalogic/Decidability/Verified/Termination/SubformulaProperty.lean:994:41: This simp argument is unused:
  List.append_nil

Hint: Omit it from the simp argument list.
  [apply] simp only [Branch.allPastPosFormulas, Branch.somePastNegFormulas, List.flatten_cons, List.flatten_nil,
    List.mem_cons, List.mem_append, List.not_mem_nil, or_false] at hg

Note: This linter can be disabled with `set_option linter.unusedSimpArgs false`
warning: FormalSystem/Metalogic/Decidability/Verified/Termination/SubformulaProperty.lean:995:4: This simp argument is unused:
  List.not_mem_nil

Hint: Omit it from the simp argument list.
  [apply] simp only [Branch.allPastPosFormulas, Branch.somePastNegFormulas, List.flatten_cons, List.flatten_nil,
    List.append_nil, List.mem_cons, List.mem_append, or_false] at hg

Note: This linter can be disabled with `set_option linter.unusedSimpArgs false`
warning: FormalSystem/Metalogic/Decidability/Verified/Termination/SubformulaProperty.lean:995:22: This simp argument is unused:
  or_false

Hint: Omit it from the simp argument list.
  [apply] simp only [Branch.allPastPosFormulas, Branch.somePastNegFormulas, List.flatten_cons, List.flatten_nil,
    List.append_nil, List.mem_cons, List.mem_append, List.not_mem_nil] at hg

Note: This linter can be disabled with `set_option linter.unusedSimpArgs false`
warning: FormalSystem/Metalogic/Decidability/Verified/Termination/SubformulaProperty.lean:1031:63: This simp argument is unused:
  Branch.untlNegFormulas

Hint: Omit it from the simp argument list.
  [apply] simp only [Branch.allFuturePosFormulas, Branch.someFutureNegFormulas, List.flatten_cons, List.flatten_nil,
    List.append_nil, List.mem_cons, List.mem_append, List.not_mem_nil, or_false] at hg

Note: This linter can be disabled with `set_option linter.unusedSimpArgs false`
warning: FormalSystem/Metalogic/Decidability/Verified/Termination/SubformulaProperty.lean:1039:7: 'simp_all only []' tactic does nothing

Note: This linter can be disabled with `set_option linter.unusedTactic false`
warning: FormalSystem/Metalogic/Decidability/Verified/Termination/SubformulaProperty.lean:1039:25: 'done' tactic does nothing

Note: This linter can be disabled with `set_option linter.unusedTactic false`
warning: FormalSystem/Metalogic/Decidability/Verified/Termination/SubformulaProperty.lean:1039:25: this tactic is never executed

Note: This linter can be disabled with `set_option linter.unreachableTactic false`
warning: FormalSystem/Metalogic/Decidability/Verified/Termination/SubformulaProperty.lean:1063:59: This simp argument is unused:
  Branch.snceNegFormulas

Hint: Omit it from the simp argument list.
  [apply] simp only [Branch.allPastPosFormulas, Branch.somePastNegFormulas, List.flatten_cons, List.flatten_nil,
    List.append_nil, List.mem_cons, List.mem_append, List.not_mem_nil, or_false] at hg

Note: This linter can be disabled with `set_option linter.unusedSimpArgs false`
warning: FormalSystem/Metalogic/Decidability/Verified/Termination/SubformulaProperty.lean:1071:7: 'simp_all only []' tactic does nothing

Note: This linter can be disabled with `set_option linter.unusedTactic false`
warning: FormalSystem/Metalogic/Decidability/Verified/Termination/SubformulaProperty.lean:1071:25: 'done' tactic does nothing

Note: This linter can be disabled with `set_option linter.unusedTactic false`
warning: FormalSystem/Metalogic/Decidability/Verified/Termination/SubformulaProperty.lean:1071:25: this tactic is never executed

Note: This linter can be disabled with `set_option linter.unreachableTactic false`
warning: FormalSystem/Metalogic/Decidability/Verified/Termination/SubformulaProperty.lean:1095:63: This simp argument is unused:
  Branch.untlNegFormulas

Hint: Omit it from the simp argument list.
  [apply] simp only [Branch.allFuturePosFormulas, Branch.someFutureNegFormulas, List.flatten_cons, List.flatten_nil,
    List.append_nil, List.mem_cons, List.mem_append, List.not_mem_nil, or_false] at hg

Note: This linter can be disabled with `set_option linter.unusedSimpArgs false`
warning: FormalSystem/Metalogic/Decidability/Verified/Termination/SubformulaProperty.lean:1103:25: 'done' tactic does nothing

Note: This linter can be disabled with `set_option linter.unusedTactic false`
warning: FormalSystem/Metalogic/Decidability/Verified/Termination/SubformulaProperty.lean:1127:59: This simp argument is unused:
  Branch.snceNegFormulas

Hint: Omit it from the simp argument list.
  [apply] simp only [Branch.allPastPosFormulas, Branch.somePastNegFormulas, List.flatten_cons, List.flatten_nil,
    List.append_nil, List.mem_cons, List.mem_append, List.not_mem_nil, or_false] at hg

Note: This linter can be disabled with `set_option linter.unusedSimpArgs false`
warning: FormalSystem/Metalogic/Decidability/Verified/Termination/SubformulaProperty.lean:1135:25: 'done' tactic does nothing

Note: This linter can be disabled with `set_option linter.unusedTactic false`
warning: FormalSystem/Metalogic/Decidability/Verified/Termination/SubformulaProperty.lean:1211:4: This simp argument is unused:
  Formula.self_mem_subformulas

Hint: Omit it from the simp argument list.
  [apply] simp [SignedFormula.pos, Formula.allFuture, Formula.someFuture, Formula.neg, Formula.top, Formula.subformulas]

Note: This linter can be disabled with `set_option linter.unusedSimpArgs false`
warning: FormalSystem/Metalogic/Decidability/Verified/Termination/SubformulaProperty.lean:1264:4: This simp argument is unused:
  List.flatten_cons

Hint: Omit it from the simp argument list.
  [apply] simp only [Branch.allFuturePosFormulas, List.flatten_nil, List.append_nil, List.mem_cons, List.mem_append,
    List.not_mem_nil, or_false] at hg

Note: This linter can be disabled with `set_option linter.unusedSimpArgs false`
warning: FormalSystem/Metalogic/Decidability/Verified/Termination/SubformulaProperty.lean:1264:23: This simp argument is unused:
  List.flatten_nil

Hint: Omit it from the simp argument list.
  [apply] simp only [Branch.allFuturePosFormulas, List.flatten_cons, List.append_nil, List.mem_cons, List.mem_append,
    List.not_mem_nil, or_false] at hg

Note: This linter can be disabled with `set_option linter.unusedSimpArgs false`
warning: FormalSystem/Metalogic/Decidability/Verified/Termination/SubformulaProperty.lean:1264:41: This simp argument is unused:
  List.append_nil

Hint: Omit it from the simp argument list.
  [apply] simp only [Branch.allFuturePosFormulas, List.flatten_cons, List.flatten_nil, List.mem_cons, List.mem_append,
    List.not_mem_nil, or_false] at hg

Note: This linter can be disabled with `set_option linter.unusedSimpArgs false`
warning: FormalSystem/Metalogic/Decidability/Verified/Termination/SubformulaProperty.lean:1264:73: This simp argument is unused:
  List.mem_append

Hint: Omit it from the simp argument list.
  [apply] simp only [Branch.allFuturePosFormulas, List.flatten_cons, List.flatten_nil, List.append_nil, List.mem_cons,
    List.not_mem_nil, or_false] at hg

Note: This linter can be disabled with `set_option linter.unusedSimpArgs false`
warning: FormalSystem/Metalogic/Decidability/Verified/Termination/SubformulaProperty.lean:1265:4: This simp argument is unused:
  List.not_mem_nil

Hint: Omit it from the simp argument list.
  [apply] simp only [Branch.allFuturePosFormulas, List.flatten_cons, List.flatten_nil, List.append_nil, List.mem_cons,
    List.mem_append, or_false] at hg

Note: This linter can be disabled with `set_option linter.unusedSimpArgs false`
warning: FormalSystem/Metalogic/Decidability/Verified/Termination/SubformulaProperty.lean:1265:22: This simp argument is unused:
  or_false

Hint: Omit it from the simp argument list.
  [apply] simp only [Branch.allFuturePosFormulas, List.flatten_cons, List.flatten_nil, List.append_nil, List.mem_cons,
    List.mem_append, List.not_mem_nil] at hg

Note: This linter can be disabled with `set_option linter.unusedSimpArgs false`
warning: FormalSystem/Metalogic/Decidability/Verified/Termination/SubformulaProperty.lean:1278:51: This simp argument is unused:
  SignedFormula.neg

Hint: Omit it from the simp argument list.
  [apply] simp_all [SignedFormula.pos, Formula.subformulas, Formula.self_mem_subformulas]

Note: This linter can be disabled with `set_option linter.unusedSimpArgs false`
warning: FormalSystem/Metalogic/Decidability/Verified/Termination/SubformulaProperty.lean:1269:7: 'simp_all only []' tactic does nothing

Note: This linter can be disabled with `set_option linter.unusedTactic false`
warning: FormalSystem/Metalogic/Decidability/Verified/Termination/SubformulaProperty.lean:1269:25: 'done' tactic does nothing

Note: This linter can be disabled with `set_option linter.unusedTactic false`
warning: FormalSystem/Metalogic/Decidability/Verified/Termination/SubformulaProperty.lean:1269:25: this tactic is never executed

Note: This linter can be disabled with `set_option linter.unreachableTactic false`
⚠ [2294/2493] Replayed FormalSystem.Metalogic.Decidability.Verified.Termination.Fuel
warning: FormalSystem/Metalogic/Decidability/Verified/Termination/Fuel.lean:2091:6: '(try omega)' tactic does nothing

Note: This linter can be disabled with `set_option linter.unusedTactic false`
warning: FormalSystem/Metalogic/Decidability/Verified/Termination/Fuel.lean:2091:6: this tactic is never executed

Note: This linter can be disabled with `set_option linter.unreachableTactic false`
⚠ [2295/2493] Replayed FormalSystem.Metalogic.Decidability.Verified.Termination.MintBound
warning: FormalSystem/Metalogic/Decidability/Verified/Termination/MintBound.lean:2254:46: This simp argument is unused:
  Branch.boxPosFormulas

Hint: Omit it from the simp argument list.
  [apply] simp only [RuleResult.emitted, Branch.diamondNegFormulas, Branch.allFuturePosFormulas,
    Branch.allPastPosFormulas, Branch.someFutureNegFormulas, Branch.somePastNegFormulas, Branch.untlNegFormulas,
    Branch.snceNegFormulas, List.map_cons, List.map_nil, List.flatten_cons, List.flatten_nil, List.append_nil,
    List.mem_cons, List.mem_append, List.not_mem_nil, or_false, List.mem_filter] at hg

Note: This linter can be disabled with `set_option linter.unusedSimpArgs false`
warning: FormalSystem/Metalogic/Decidability/Verified/Termination/MintBound.lean:2254:69: This simp argument is unused:
  Branch.diamondNegFormulas

Hint: Omit it from the simp argument list.
  [apply] simp only [RuleResult.emitted, Branch.boxPosFormulas, Branch.allFuturePosFormulas, Branch.allPastPosFormulas,
    Branch.someFutureNegFormulas, Branch.somePastNegFormulas, Branch.untlNegFormulas, Branch.snceNegFormulas,
    List.map_cons, List.map_nil, List.flatten_cons, List.flatten_nil, List.append_nil, List.mem_cons, List.mem_append,
    List.not_mem_nil, or_false, List.mem_filter] at hg

Note: This linter can be disabled with `set_option linter.unusedSimpArgs false`
warning: FormalSystem/Metalogic/Decidability/Verified/Termination/MintBound.lean:2257:17: This simp argument is unused:
  Branch.untlNegFormulas

Hint: Omit it from the simp argument list.
  [apply] simp only [RuleResult.emitted, Branch.boxPosFormulas, Branch.diamondNegFormulas, Branch.allFuturePosFormulas,
    Branch.allPastPosFormulas, Branch.someFutureNegFormulas, Branch.somePastNegFormulas, Branch.snceNegFormulas,
    List.map_cons, List.map_nil, List.flatten_cons, List.flatten_nil, List.append_nil, List.mem_cons, List.mem_append,
    List.not_mem_nil, or_false, List.mem_filter] at hg

Note: This linter can be disabled with `set_option linter.unusedSimpArgs false`
warning: FormalSystem/Metalogic/Decidability/Verified/Termination/MintBound.lean:2257:41: This simp argument is unused:
  Branch.snceNegFormulas

Hint: Omit it from the simp argument list.
  [apply] simp only [RuleResult.emitted, Branch.boxPosFormulas, Branch.diamondNegFormulas, Branch.allFuturePosFormulas,
    Branch.allPastPosFormulas, Branch.someFutureNegFormulas, Branch.somePastNegFormulas, Branch.untlNegFormulas,
    List.map_cons, List.map_nil, List.flatten_cons, List.flatten_nil, List.append_nil, List.mem_cons, List.mem_append,
    List.not_mem_nil, or_false, List.mem_filter] at hg

Note: This linter can be disabled with `set_option linter.unusedSimpArgs false`
warning: FormalSystem/Metalogic/Decidability/Verified/Termination/MintBound.lean:2263:14: '(obtain ⟨hg, -⟩ := hg)' tactic does nothing

Note: This linter can be disabled with `set_option linter.unusedTactic false`
warning: FormalSystem/Metalogic/Decidability/Verified/Termination/MintBound.lean:2263:14: this tactic is never executed

Note: This linter can be disabled with `set_option linter.unreachableTactic false`
warning: FormalSystem/Metalogic/Decidability/Verified/Termination/MintBound.lean:2286:63: This simp argument is unused:
  or_false

Hint: Omit it from the simp argument list.
  [apply] simp only [RuleResult.emitted, Branch.boxPosFormulas, Branch.diamondNegFormulas, List.mem_cons,
    List.mem_append, List.not_mem_nil] at hg

Note: This linter can be disabled with `set_option linter.unusedSimpArgs false`
warning: FormalSystem/Metalogic/Decidability/Verified/Termination/MintBound.lean:2310:63: This simp argument is unused:
  or_false

Hint: Omit it from the simp argument list.
  [apply] simp only [RuleResult.emitted, Branch.boxPosFormulas, Branch.diamondNegFormulas, List.mem_cons,
    List.mem_append, List.not_mem_nil] at hg

Note: This linter can be disabled with `set_option linter.unusedSimpArgs false`
warning: FormalSystem/Metalogic/Decidability/Verified/Termination/MintBound.lean:2296:65: '(try contradiction)' tactic does nothing

Note: This linter can be disabled with `set_option linter.unusedTactic false`
warning: FormalSystem/Metalogic/Decidability/Verified/Termination/MintBound.lean:2326:10: '(simp only [RuleResult.emitted, List.not_mem_nil] at hg)' tactic does nothing

Note: This linter can be disabled with `set_option linter.unusedTactic false`
warning: FormalSystem/Metalogic/Decidability/Verified/Termination/MintBound.lean:2326:10: this tactic is never executed

Note: This linter can be disabled with `set_option linter.unreachableTactic false`
warning: FormalSystem/Metalogic/Decidability/Verified/Termination/MintBound.lean:2339:10: '(simp only [RuleResult.emitted, List.not_mem_nil] at hg)' tactic does nothing

Note: This linter can be disabled with `set_option linter.unusedTactic false`
warning: FormalSystem/Metalogic/Decidability/Verified/Termination/MintBound.lean:2339:10: this tactic is never executed

Note: This linter can be disabled with `set_option linter.unreachableTactic false`
warning: FormalSystem/Metalogic/Decidability/Verified/Termination/MintBound.lean:2601:81: This simp argument is unused:
  List.mem_append

Hint: Omit it from the simp argument list.
  [apply] simp only [nonBranchingResultBranch, branchingResultBranches, Option.toList, List.mem_cons, List.not_mem_nil,
    or_false, List.append_nil] at h

Note: This linter can be disabled with `set_option linter.unusedSimpArgs false`
warning: FormalSystem/Metalogic/Decidability/Verified/Termination/MintBound.lean:2607:81: This simp argument is unused:
  List.mem_append

Hint: Omit it from the simp argument list.
  [apply] simp only [nonBranchingResultBranch, branchingResultBranches, Option.toList, List.mem_cons, List.not_mem_nil,
    or_false, List.append_nil] at h

Note: This linter can be disabled with `set_option linter.unusedSimpArgs false`
warning: FormalSystem/Metalogic/Decidability/Verified/Termination/MintBound.lean:6905:15: 'assumption' tactic does nothing

Note: This linter can be disabled with `set_option linter.unusedTactic false`
warning: FormalSystem/Metalogic/Decidability/Verified/Termination/MintBound.lean:7135:35: This simp argument is unused:
  ruleMintsFreshTime

Hint: Omit it from the simp argument list.
  [apply] simp +decide [ruleMintsFreshLabel]

Note: This linter can be disabled with `set_option linter.unusedSimpArgs false`
warning: FormalSystem/Metalogic/Decidability/Verified/Termination/MintBound.lean:7135:55: This simp argument is unused:
  ruleMintsFreshLabel

Hint: Omit it from the simp argument list.
  [apply] simp +decide [ruleMintsFreshTime]

Note: This linter can be disabled with `set_option linter.unusedSimpArgs false`
warning: FormalSystem/Metalogic/Decidability/Verified/Termination/MintBound.lean:9360:6: Variable name `x` is not explicitly referenced.

Hint: The binding can be removed (if unused) or named `_` (if used implicitly). Alternatively, prefix the name with `_` to silence this warning:
  [apply] _x

Note: This linter can be disabled with `set_option linter.unusedVariables false`
⚠ [2299/2493] Replayed FormalSystem.Metalogic.Decidability.Verified.Bridge.Interpolate
warning: FormalSystem/Metalogic/Decidability/Verified/Bridge/Interpolate.lean:219:4: `push_neg` has been deprecated. Prefer using `push Not` instead.
If you'd rather continue using `push_neg` in your project, you can implement it as follows:
```
open Lean.Parser.Tactic in
macro "push_neg" cfg:optConfig loc:(location)? : tactic =>
  `(tactic| push $cfg:optConfig Not $[$loc]?)
```
warning: FormalSystem/Metalogic/Decidability/Verified/Bridge/Interpolate.lean:222:4: `push_neg` has been deprecated. Prefer using `push Not` instead.
If you'd rather continue using `push_neg` in your project, you can implement it as follows:
```
open Lean.Parser.Tactic in
macro "push_neg" cfg:optConfig loc:(location)? : tactic =>
  `(tactic| push $cfg:optConfig Not $[$loc]?)
```
warning: FormalSystem/Metalogic/Decidability/Verified/Bridge/Interpolate.lean:310:4: `push_neg` has been deprecated. Prefer using `push Not` instead.
If you'd rather continue using `push_neg` in your project, you can implement it as follows:
```
open Lean.Parser.Tactic in
macro "push_neg" cfg:optConfig loc:(location)? : tactic =>
  `(tactic| push $cfg:optConfig Not $[$loc]?)
```
warning: FormalSystem/Metalogic/Decidability/Verified/Bridge/Interpolate.lean:339:4: `push_neg` has been deprecated. Prefer using `push Not` instead.
If you'd rather continue using `push_neg` in your project, you can implement it as follows:
```
open Lean.Parser.Tactic in
macro "push_neg" cfg:optConfig loc:(location)? : tactic =>
  `(tactic| push $cfg:optConfig Not $[$loc]?)
```
warning: FormalSystem/Metalogic/Decidability/Verified/Bridge/Interpolate.lean:364:4: `push_neg` has been deprecated. Prefer using `push Not` instead.
If you'd rather continue using `push_neg` in your project, you can implement it as follows:
```
open Lean.Parser.Tactic in
macro "push_neg" cfg:optConfig loc:(location)? : tactic =>
  `(tactic| push $cfg:optConfig Not $[$loc]?)
```
warning: FormalSystem/Metalogic/Decidability/Verified/Bridge/Interpolate.lean:370:8: `push_neg` has been deprecated. Prefer using `push Not` instead.
If you'd rather continue using `push_neg` in your project, you can implement it as follows:
```
open Lean.Parser.Tactic in
macro "push_neg" cfg:optConfig loc:(location)? : tactic =>
  `(tactic| push $cfg:optConfig Not $[$loc]?)
```
warning: FormalSystem/Metalogic/Decidability/Verified/Bridge/Interpolate.lean:372:6: `push_neg` has been deprecated. Prefer using `push Not` instead.
If you'd rather continue using `push_neg` in your project, you can implement it as follows:
```
open Lean.Parser.Tactic in
macro "push_neg" cfg:optConfig loc:(location)? : tactic =>
  `(tactic| push $cfg:optConfig Not $[$loc]?)
```
warning: FormalSystem/Metalogic/Decidability/Verified/Bridge/Interpolate.lean:540:4: `push_neg` has been deprecated. Prefer using `push Not` instead.
If you'd rather continue using `push_neg` in your project, you can implement it as follows:
```
open Lean.Parser.Tactic in
macro "push_neg" cfg:optConfig loc:(location)? : tactic =>
  `(tactic| push $cfg:optConfig Not $[$loc]?)
```
warning: FormalSystem/Metalogic/Decidability/Verified/Bridge/Interpolate.lean:570:4: `push_neg` has been deprecated. Prefer using `push Not` instead.
If you'd rather continue using `push_neg` in your project, you can implement it as follows:
```
open Lean.Parser.Tactic in
macro "push_neg" cfg:optConfig loc:(location)? : tactic =>
  `(tactic| push $cfg:optConfig Not $[$loc]?)
```
warning: FormalSystem/Metalogic/Decidability/Verified/Bridge/Interpolate.lean:608:4: `push_neg` has been deprecated. Prefer using `push Not` instead.
If you'd rather continue using `push_neg` in your project, you can implement it as follows:
```
open Lean.Parser.Tactic in
macro "push_neg" cfg:optConfig loc:(location)? : tactic =>
  `(tactic| push $cfg:optConfig Not $[$loc]?)
```
warning: FormalSystem/Metalogic/Decidability/Verified/Bridge/Interpolate.lean:620:4: `push_neg` has been deprecated. Prefer using `push Not` instead.
If you'd rather continue using `push_neg` in your project, you can implement it as follows:
```
open Lean.Parser.Tactic in
macro "push_neg" cfg:optConfig loc:(location)? : tactic =>
  `(tactic| push $cfg:optConfig Not $[$loc]?)
```
⚠ [2301/2493] Replayed FormalSystem.Metalogic.Decidability.Verified.Bridge.TruthLemma
warning: FormalSystem/Metalogic/Decidability/Verified/Bridge/TruthLemma.lean:193:4: `push_neg` has been deprecated. Prefer using `push Not` instead.
If you'd rather continue using `push_neg` in your project, you can implement it as follows:
```
open Lean.Parser.Tactic in
macro "push_neg" cfg:optConfig loc:(location)? : tactic =>
  `(tactic| push $cfg:optConfig Not $[$loc]?)
```
warning: FormalSystem/Metalogic/Decidability/Verified/Bridge/TruthLemma.lean:223:4: `push_neg` has been deprecated. Prefer using `push Not` instead.
If you'd rather continue using `push_neg` in your project, you can implement it as follows:
```
open Lean.Parser.Tactic in
macro "push_neg" cfg:optConfig loc:(location)? : tactic =>
  `(tactic| push $cfg:optConfig Not $[$loc]?)
```
warning: FormalSystem/Metalogic/Decidability/Verified/Bridge/TruthLemma.lean:254:4: `push_neg` has been deprecated. Prefer using `push Not` instead.
If you'd rather continue using `push_neg` in your project, you can implement it as follows:
```
open Lean.Parser.Tactic in
macro "push_neg" cfg:optConfig loc:(location)? : tactic =>
  `(tactic| push $cfg:optConfig Not $[$loc]?)
```
warning: FormalSystem/Metalogic/Decidability/Verified/Bridge/TruthLemma.lean:266:4: `push_neg` has been deprecated. Prefer using `push Not` instead.
If you'd rather continue using `push_neg` in your project, you can implement it as follows:
```
open Lean.Parser.Tactic in
macro "push_neg" cfg:optConfig loc:(location)? : tactic =>
  `(tactic| push $cfg:optConfig Not $[$loc]?)
```
warning: FormalSystem/Metalogic/Decidability/Verified/Bridge/TruthLemma.lean:364:4: Overlapping instance parameters in `RegionValued`:

⚠️ There are 2 `[Nontrivial D]` instances; one is sufficient.

Note: This linter can be disabled with `set_option linter.overlappingInstances false`
warning: FormalSystem/Metalogic/Decidability/Verified/Bridge/TruthLemma.lean:374:0: automatically included section variable(s) unused in theorem `FormalSystem.Metalogic.Decidability.Verified.Bridge.atomRegionInvariant_regionHistory`:
  [Nontrivial D]
consider restructuring your `variable` declarations so that the variables are not in scope or explicitly omit them:
  omit [Nontrivial D] in theorem ...

Note: This linter can be disabled with `set_option linter.unusedSectionVars false`
warning: FormalSystem/Metalogic/Decidability/Verified/Bridge/TruthLemma.lean:374:8: Overlapping instance parameters in `atomRegionInvariant_regionHistory`:

⚠️ There are 2 `[Nontrivial D]` instances; one is sufficient.

Note: This linter can be disabled with `set_option linter.overlappingInstances false`
warning: FormalSystem/Metalogic/Decidability/Verified/Bridge/TruthLemma.lean:389:0: automatically included section variable(s) unused in theorem `FormalSystem.Metalogic.Decidability.Verified.Bridge.interpInvariantAt_regionHistory`:
  [Nontrivial D]
consider restructuring your `variable` declarations so that the variables are not in scope or explicitly omit them:
  omit [Nontrivial D] in theorem ...

Note: This linter can be disabled with `set_option linter.unusedSectionVars false`
warning: FormalSystem/Metalogic/Decidability/Verified/Bridge/TruthLemma.lean:389:8: Overlapping instance parameters in `interpInvariantAt_regionHistory`:

⚠️ There are 2 `[Nontrivial D]` instances; one is sufficient.

Note: This linter can be disabled with `set_option linter.overlappingInstances false`
⚠ [2302/2493] Replayed FormalSystem.Metalogic.Decidability.Verified.Bridge.Valuation
warning: FormalSystem/Metalogic/Decidability/Verified/Bridge/Valuation.lean:121:0: automatically included section variable(s) unused in theorem `FormalSystem.Metalogic.Decidability.Verified.Bridge.isPlacedCode_placedCode`:
  [Nontrivial D]
consider restructuring your `variable` declarations so that the variables are not in scope or explicitly omit them:
  omit [Nontrivial D] in theorem ...

Note: This linter can be disabled with `set_option linter.unusedSectionVars false`
warning: FormalSystem/Metalogic/Decidability/Verified/Bridge/Valuation.lean:132:0: automatically included section variable(s) unused in theorem `FormalSystem.Metalogic.Decidability.Verified.Bridge.placedCode_injective`:
  [Nontrivial D]
consider restructuring your `variable` declarations so that the variables are not in scope or explicitly omit them:
  omit [Nontrivial D] in theorem ...

Note: This linter can be disabled with `set_option linter.unusedSectionVars false`
warning: FormalSystem/Metalogic/Decidability/Verified/Bridge/Valuation.lean:172:0: automatically included section variable(s) unused in theorem `FormalSystem.Metalogic.Decidability.Verified.Bridge.regionValuation_gap`:
  [Nontrivial D]
consider restructuring your `variable` declarations so that the variables are not in scope or explicitly omit them:
  omit [Nontrivial D] in theorem ...

Note: This linter can be disabled with `set_option linter.unusedSectionVars false`
⚠ [2309/2493] Replayed FormalSystem.Metalogic.Decidability.Verified.Bridge.IntTruth
warning: FormalSystem/Metalogic/Decidability/Verified/Bridge/IntTruth.lean:204:0: automatically included section variable(s) unused in theorem `FormalSystem.Metalogic.Decidability.Verified.Bridge.isPlacedCode_of_eq`:
  [Nontrivial D]
consider restructuring your `variable` declarations so that the variables are not in scope or explicitly omit them:
  omit [Nontrivial D] in theorem ...

Note: This linter can be disabled with `set_option linter.unusedSectionVars false`
warning: FormalSystem/Metalogic/Decidability/Verified/Bridge/IntTruth.lean:209:0: automatically included section variable(s) unused in theorem `FormalSystem.Metalogic.Decidability.Verified.Bridge.exists_eq_of_isPlacedCode`:
  [Nontrivial D]
consider restructuring your `variable` declarations so that the variables are not in scope or explicitly omit them:
  omit [Nontrivial D] in theorem ...

Note: This linter can be disabled with `set_option linter.unusedSectionVars false`
warning: FormalSystem/Metalogic/Decidability/Verified/Bridge/IntTruth.lean:220:0: automatically included section variable(s) unused in theorem `FormalSystem.Metalogic.Decidability.Verified.Bridge.stateTime_placed`:
  [Nontrivial D]
consider restructuring your `variable` declarations so that the variables are not in scope or explicitly omit them:
  omit [Nontrivial D] in theorem ...

Note: This linter can be disabled with `set_option linter.unusedSectionVars false`
warning: FormalSystem/Metalogic/Decidability/Verified/Bridge/IntTruth.lean:476:0: automatically included section variable(s) unused in theorem `FormalSystem.Metalogic.Decidability.Verified.Bridge.isPlacedCode_of_between`:
  [Nontrivial D]
consider restructuring your `variable` declarations so that the variables are not in scope or explicitly omit them:
  omit [Nontrivial D] in theorem ...

Note: This linter can be disabled with `set_option linter.unusedSectionVars false`
warning: FormalSystem/Metalogic/Decidability/Verified/Bridge/IntTruth.lean:860:5: Variable name `hSat` is not explicitly referenced.

Hint: The binding can be removed (if unused) or named `_` (if used implicitly). Alternatively, prefix the name with `_` to silence this warning:
  [apply] _hSat

Note: This linter can be disabled with `set_option linter.unusedVariables false`
warning: FormalSystem/Metalogic/Decidability/Verified/Bridge/IntTruth.lean:860:55: Variable name `hOpen` is not explicitly referenced.

Hint: The binding can be removed (if unused) or named `_` (if used implicitly). Alternatively, prefix the name with `_` to silence this warning:
  [apply] _hOpen

Note: This linter can be disabled with `set_option linter.unusedVariables false`
warning: FormalSystem/Metalogic/Decidability/Verified/Bridge/IntTruth.lean:861:5: Variable name `hTot` is not explicitly referenced.

Hint: The binding can be removed (if unused) or named `_` (if used implicitly). Alternatively, prefix the name with `_` to silence this warning:
  [apply] _hTot

Note: This linter can be disabled with `set_option linter.unusedVariables false`
warning: FormalSystem/Metalogic/Decidability/Verified/Bridge/IntTruth.lean:861:42: Variable name `hBA` is not explicitly referenced.

Hint: The binding can be removed (if unused) or named `_` (if used implicitly). Alternatively, prefix the name with `_` to silence this warning:
  [apply] _hBA

Note: This linter can be disabled with `set_option linter.unusedVariables false`
warning: FormalSystem/Metalogic/Decidability/Verified/Bridge/IntTruth.lean:873:5: Variable name `hSat` is not explicitly referenced.

Hint: The binding can be removed (if unused) or named `_` (if used implicitly). Alternatively, prefix the name with `_` to silence this warning:
  [apply] _hSat

Note: This linter can be disabled with `set_option linter.unusedVariables false`
warning: FormalSystem/Metalogic/Decidability/Verified/Bridge/IntTruth.lean:873:55: Variable name `hOpen` is not explicitly referenced.

Hint: The binding can be removed (if unused) or named `_` (if used implicitly). Alternatively, prefix the name with `_` to silence this warning:
  [apply] _hOpen

Note: This linter can be disabled with `set_option linter.unusedVariables false`
warning: FormalSystem/Metalogic/Decidability/Verified/Bridge/IntTruth.lean:874:5: Variable name `hTot` is not explicitly referenced.

Hint: The binding can be removed (if unused) or named `_` (if used implicitly). Alternatively, prefix the name with `_` to silence this warning:
  [apply] _hTot

Note: This linter can be disabled with `set_option linter.unusedVariables false`
warning: FormalSystem/Metalogic/Decidability/Verified/Bridge/IntTruth.lean:874:42: Variable name `hBA` is not explicitly referenced.

Hint: The binding can be removed (if unused) or named `_` (if used implicitly). Alternatively, prefix the name with `_` to silence this warning:
  [apply] _hBA

Note: This linter can be disabled with `set_option linter.unusedVariables false`
⚠ [2310/2493] Replayed FormalSystem.Metalogic.Decidability.Verified.Bridge.DenseTruth
warning: FormalSystem/Metalogic/Decidability/Verified/Bridge/DenseTruth.lean:169:0: automatically included section variable(s) unused in theorem `FormalSystem.Metalogic.Decidability.Verified.Bridge.branchRank_lt_cutIndex`:
  [Nontrivial D]
consider restructuring your `variable` declarations so that the variables are not in scope or explicitly omit them:
  omit [Nontrivial D] in theorem ...

Note: This linter can be disabled with `set_option linter.unusedSectionVars false`
warning: FormalSystem/Metalogic/Decidability/Verified/Bridge/DenseTruth.lean:194:0: automatically included section variable(s) unused in theorem `FormalSystem.Metalogic.Decidability.Verified.Bridge.cutIndex_mono`:
  [Nontrivial D]
consider restructuring your `variable` declarations so that the variables are not in scope or explicitly omit them:
  omit [Nontrivial D] in theorem ...

Note: This linter can be disabled with `set_option linter.unusedSectionVars false`
warning: FormalSystem/Metalogic/Decidability/Verified/Bridge/DenseTruth.lean:216:0: automatically included section variable(s) unused in theorem `FormalSystem.Metalogic.Decidability.Verified.Bridge.cutIndex_le_branchRank`:
  [Nontrivial D]
consider restructuring your `variable` declarations so that the variables are not in scope or explicitly omit them:
  omit [Nontrivial D] in theorem ...

Note: This linter can be disabled with `set_option linter.unusedSectionVars false`
warning: FormalSystem/Metalogic/Decidability/Verified/Bridge/DenseTruth.lean:558:0: automatically included section variable(s) unused in theorem `FormalSystem.Metalogic.Decidability.Verified.Bridge.orderFaithful_comp`:
  [Nontrivial D]
consider restructuring your `variable` declarations so that the variables are not in scope or explicitly omit them:
  omit [Nontrivial D] in theorem ...

Note: This linter can be disabled with `set_option linter.unusedSectionVars false`
warning: FormalSystem/Metalogic/Decidability/Verified/Bridge/DenseTruth.lean:563:0: automatically included section variable(s) unused in theorem `FormalSystem.Metalogic.Decidability.Verified.Bridge.orderReflecting_comp`:
  [Nontrivial D]
consider restructuring your `variable` declarations so that the variables are not in scope or explicitly omit them:
  omit [Nontrivial D] in theorem ...

Note: This linter can be disabled with `set_option linter.unusedSectionVars false`
⚠ [2311/2493] Replayed FormalSystem.Metalogic.Decidability.Verified.Decidable
warning: FormalSystem/Metalogic/Decidability/Verified/Decidable.lean:892:6: `push_neg` has been deprecated. Prefer using `push Not` instead.
If you'd rather continue using `push_neg` in your project, you can implement it as follows:
```
open Lean.Parser.Tactic in
macro "push_neg" cfg:optConfig loc:(location)? : tactic =>
  `(tactic| push $cfg:optConfig Not $[$loc]?)
```
warning: FormalSystem/Metalogic/Decidability/Verified/Decidable.lean:929:8: `push_neg` has been deprecated. Prefer using `push Not` instead.
If you'd rather continue using `push_neg` in your project, you can implement it as follows:
```
open Lean.Parser.Tactic in
macro "push_neg" cfg:optConfig loc:(location)? : tactic =>
  `(tactic| push $cfg:optConfig Not $[$loc]?)
```
warning: FormalSystem/Metalogic/Decidability/Verified/Decidable.lean:1000:0: automatically included section variable(s) unused in theorem `FormalSystem.Metalogic.Decidability.Verified.lt_of_pathN_directFutureOf`:
  [AddCommGroup D]
  [IsOrderedAddMonoid D]
  [Nontrivial D]
consider restructuring your `variable` declarations so that the variables are not in scope or explicitly omit them:
  omit [AddCommGroup D] [IsOrderedAddMonoid D] [Nontrivial D] in theorem ...

Note: This linter can be disabled with `set_option linter.unusedSectionVars false`
warning: FormalSystem/Metalogic/Decidability/Verified/Decidable.lean:1019:0: automatically included section variable(s) unused in theorem `FormalSystem.Metalogic.Decidability.Verified.lt_of_pathN_directPastOf`:
  [AddCommGroup D]
  [IsOrderedAddMonoid D]
  [Nontrivial D]
consider restructuring your `variable` declarations so that the variables are not in scope or explicitly omit them:
  omit [AddCommGroup D] [IsOrderedAddMonoid D] [Nontrivial D] in theorem ...

Note: This linter can be disabled with `set_option linter.unusedSectionVars false`
warning: FormalSystem/Metalogic/Decidability/Verified/Decidable.lean:1153:0: automatically included section variable(s) unused in theorem `FormalSystem.Metalogic.Decidability.Verified.addFuture_nextTime_cycle_unsatisfiable`:
  [AddCommGroup D]
  [IsOrderedAddMonoid D]
  [Nontrivial D]
consider restructuring your `variable` declarations so that the variables are not in scope or explicitly omit them:
  omit [AddCommGroup D] [IsOrderedAddMonoid D] [Nontrivial D] in theorem ...

Note: This linter can be disabled with `set_option linter.unusedSectionVars false`
warning: FormalSystem/Metalogic/Decidability/Verified/Decidable.lean:1164:0: automatically included section variable(s) unused in theorem `FormalSystem.Metalogic.Decidability.Verified.addPast_nextTime_cycle_unsatisfiable`:
  [AddCommGroup D]
  [IsOrderedAddMonoid D]
  [Nontrivial D]
consider restructuring your `variable` declarations so that the variables are not in scope or explicitly omit them:
  omit [AddCommGroup D] [IsOrderedAddMonoid D] [Nontrivial D] in theorem ...

Note: This linter can be disabled with `set_option linter.unusedSectionVars false`
warning: FormalSystem/Metalogic/Decidability/Verified/Decidable.lean:1237:2: `push_neg` has been deprecated. Prefer using `push Not` instead.
If you'd rather continue using `push_neg` in your project, you can implement it as follows:
```
open Lean.Parser.Tactic in
macro "push_neg" cfg:optConfig loc:(location)? : tactic =>
  `(tactic| push $cfg:optConfig Not $[$loc]?)
```
warning: FormalSystem/Metalogic/Decidability/Verified/Decidable.lean:1246:2: `push_neg` has been deprecated. Prefer using `push Not` instead.
If you'd rather continue using `push_neg` in your project, you can implement it as follows:
```
open Lean.Parser.Tactic in
macro "push_neg" cfg:optConfig loc:(location)? : tactic =>
  `(tactic| push $cfg:optConfig Not $[$loc]?)
```
warning: FormalSystem/Metalogic/Decidability/Verified/Decidable.lean:2144:0: automatically included section variable(s) unused in theorem `FormalSystem.Metalogic.Decidability.Verified.exists_gt_self`:
  [Nontrivial D]
consider restructuring your `variable` declarations so that the variables are not in scope or explicitly omit them:
  omit [Nontrivial D] in theorem ...

Note: This linter can be disabled with `set_option linter.unusedSectionVars false`
warning: FormalSystem/Metalogic/Decidability/Verified/Decidable.lean:2144:8: Overlapping instance parameters in `exists_gt_self`:

⚠️ There are 2 `[Nontrivial D]` instances; one is sufficient.

Note: This linter can be disabled with `set_option linter.overlappingInstances false`
warning: FormalSystem/Metalogic/Decidability/Verified/Decidable.lean:2149:0: automatically included section variable(s) unused in theorem `FormalSystem.Metalogic.Decidability.Verified.exists_lt_self`:
  [Nontrivial D]
consider restructuring your `variable` declarations so that the variables are not in scope or explicitly omit them:
  omit [Nontrivial D] in theorem ...

Note: This linter can be disabled with `set_option linter.unusedSectionVars false`
warning: FormalSystem/Metalogic/Decidability/Verified/Decidable.lean:2149:8: Overlapping instance parameters in `exists_lt_self`:

⚠️ There are 2 `[Nontrivial D]` instances; one is sufficient.

Note: This linter can be disabled with `set_option linter.overlappingInstances false`
warning: FormalSystem/Metalogic/Decidability/Verified/Decidable.lean:2162:8: Overlapping instance parameters in `exists_gt_not_untl_disj`:

⚠️ There are 2 `[Nontrivial D]` instances; one is sufficient.

Note: This linter can be disabled with `set_option linter.overlappingInstances false`
warning: FormalSystem/Metalogic/Decidability/Verified/Decidable.lean:2172:8: Overlapping instance parameters in `exists_lt_not_snce_disj`:

⚠️ There are 2 `[Nontrivial D]` instances; one is sufficient.

Note: This linter can be disabled with `set_option linter.overlappingInstances false`
warning: FormalSystem/Metalogic/Decidability/Verified/Decidable.lean:2761:16: Overlapping instance parameters in `truthAt_sep`:

⚠️ There are 2 `[Nontrivial D]` instances; one is sufficient.

Note: This linter can be disabled with `set_option linter.overlappingInstances false`
⚠ [2318/2493] Replayed FormalSystem.Metalogic.Decidability.BiLasso.Enumerate
warning: FormalSystem/Metalogic/Decidability/BiLasso/Enumerate.lean:200:15: This simp argument is unused:
  subformulaClosure

Hint: Omit it from the simp argument list.
  [apply] simp only [List.mem_toFinset, List.mem_filter, decide_eq_true_eq]

Note: This linter can be disabled with `set_option linter.unusedSimpArgs false`
⚠ [2319/2493] Replayed FormalSystem.Metalogic.Decidability.BiLasso.Examples
warning: FormalSystem/Metalogic/Decidability/BiLasso/Examples.lean:143:38: This simp argument is unused:
  List.nil_append

Hint: Omit it from the simp argument list.
  [apply] simp only [List.singleton_append, List.mem_cons, List.not_mem_nil, or_false] at hL

Note: This linter can be disabled with `set_option linter.unusedSimpArgs false`
warning: FormalSystem/Metalogic/Decidability/BiLasso/Examples.lean:277:38: This simp argument is unused:
  List.nil_append

Hint: Omit it from the simp argument list.
  [apply] simp only [List.singleton_append, List.mem_cons, List.not_mem_nil, or_false] at hL

Note: This linter can be disabled with `set_option linter.unusedSimpArgs false`
info: FormalSystem/Metalogic/Decidability/BiLasso/Examples.lean:422:0: 6
info: FormalSystem/Metalogic/Decidability/BiLasso/Examples.lean:423:0: 2
info: FormalSystem/Metalogic/Decidability/BiLasso/Examples.lean:424:0: 36
info: FormalSystem/Metalogic/Decidability/BiLasso/Examples.lean:425:0: 1872
⚠ [2459/2493] Replayed FormalSystem.Metalogic.BXCanonical.Chronicle.ChronicleRealExtension
warning: FormalSystem/Metalogic/BXCanonical/Chronicle/ChronicleRealExtension.lean:984:2: `push_neg` has been deprecated. Prefer using `push Not` instead.
If you'd rather continue using `push_neg` in your project, you can implement it as follows:
```
open Lean.Parser.Tactic in
macro "push_neg" cfg:optConfig loc:(location)? : tactic =>
  `(tactic| push $cfg:optConfig Not $[$loc]?)
```
ℹ [2477/2493] Replayed FormalSystem.Automation.FormulaEnumerator
info: FormalSystem/Automation/FormulaEnumerator.lean:2104:0: 7852
info: FormalSystem/Automation/FormulaEnumerator.lean:2107:0: 75914
info: FormalSystem/Automation/FormulaEnumerator.lean:2110:0: 45111
info: FormalSystem/Automation/FormulaEnumerator.lean:2113:0: true
info: FormalSystem/Automation/FormulaEnumerator.lean:2117:0: true
info: FormalSystem/Automation/FormulaEnumerator.lean:2121:0: true
⚠ [2478/2493] Replayed FormalSystem.Metalogic.Decidability.CancellableExpansion
warning: FormalSystem/Metalogic/Decidability/CancellableExpansion.lean:272:29: Variable name `appliedSet` is not explicitly referenced.

Hint: The binding can be removed (if unused) or named `_` (if used implicitly). Alternatively, prefix the name with `_` to silence this warning:
  [apply] _appliedSet

Note: This linter can be disabled with `set_option linter.unusedVariables false`
⚠ [2483/2493] Replayed FormalSystem.Automation.DatasetGenerator
info: FormalSystem/Automation/DatasetGenerator.lean:974:0: true
info: FormalSystem/Automation/DatasetGenerator.lean:975:0: true
info: FormalSystem/Automation/DatasetGenerator.lean:976:0: true
info: FormalSystem/Automation/DatasetGenerator.lean:977:0: true
info: FormalSystem/Automation/DatasetGenerator.lean:978:0: false
info: FormalSystem/Automation/DatasetGenerator.lean:979:0: false
info: FormalSystem/Automation/DatasetGenerator.lean:982:0: true
info: FormalSystem/Automation/DatasetGenerator.lean:983:0: true
info: FormalSystem/Automation/DatasetGenerator.lean:984:0: true
info: FormalSystem/Automation/DatasetGenerator.lean:985:0: false
info: FormalSystem/Automation/DatasetGenerator.lean:986:0: false
info: FormalSystem/Automation/DatasetGenerator.lean:989:0: some true
info: FormalSystem/Automation/DatasetGenerator.lean:991:0: some true
info: FormalSystem/Automation/DatasetGenerator.lean:992:0: some true
info: FormalSystem/Automation/DatasetGenerator.lean:994:0: none
info: FormalSystem/Automation/DatasetGenerator.lean:997:0: some (true, "structural_bot_temporal")
info: FormalSystem/Automation/DatasetGenerator.lean:999:0: some (true, "structural_tautology")
info: FormalSystem/Automation/DatasetGenerator.lean:1001:0: some (true, "structural_bot_temporal")
info: FormalSystem/Automation/DatasetGenerator.lean:1003:0: some (true, "structural_modal_4")
info: FormalSystem/Automation/DatasetGenerator.lean:1005:0: some (true, "structural_modal_t_weakening")
info: FormalSystem/Automation/DatasetGenerator.lean:1007:0: none
info: FormalSystem/Automation/DatasetGenerator.lean:1013:0: [FormalSystem.Syntax.Formula.atom { base := "p", freshIndex := none },
 FormalSystem.Syntax.Formula.atom { base := "q", freshIndex := none }]
info: FormalSystem/Automation/DatasetGenerator.lean:1015:0: [FormalSystem.Syntax.Formula.atom { base := "p", freshIndex := none },
 FormalSystem.Syntax.Formula.atom { base := "q", freshIndex := none },
 FormalSystem.Syntax.Formula.imp
   (FormalSystem.Syntax.Formula.atom { base := "p", freshIndex := none })
   (FormalSystem.Syntax.Formula.atom { base := "p", freshIndex := none })]
info: FormalSystem/Automation/DatasetGenerator.lean:1019:0: some (FormalSystem.Syntax.Formula.atom { base := "p", freshIndex := none })
info: FormalSystem/Automation/DatasetGenerator.lean:1020:0: some (FormalSystem.Syntax.Formula.atom { base := "p", freshIndex := none })
info: FormalSystem/Automation/DatasetGenerator.lean:1021:0: some (FormalSystem.Syntax.Formula.atom { base := "p", freshIndex := none })
info: FormalSystem/Automation/DatasetGenerator.lean:1022:0: some (FormalSystem.Syntax.Formula.atom { base := "p", freshIndex := none })
info: FormalSystem/Automation/DatasetGenerator.lean:1025:0: some (true, "structural_s5_reflexive_conflict")
info: FormalSystem/Automation/DatasetGenerator.lean:1030:0: some (true, "structural_temporal_loop_until")
info: FormalSystem/Automation/DatasetGenerator.lean:1036:0: some (true, "structural_temporal_loop_since")
info: FormalSystem/Automation/DatasetGenerator.lean:1042:0: some (true, "structural_subsumption_gt")
info: FormalSystem/Automation/DatasetGenerator.lean:1044:0: some (true, "structural_subsumption_ht")
info: FormalSystem/Automation/DatasetGenerator.lean:1046:0: some (true, "structural_subsumption_gf")
info: FormalSystem/Automation/DatasetGenerator.lean:1048:0: some (true, "structural_subsumption_hp")
info: FormalSystem/Automation/DatasetGenerator.lean:1050:0: some (true, "structural_subsumption_g4")
info: FormalSystem/Automation/DatasetGenerator.lean:1052:0: some (true, "structural_subsumption_h4")
info: FormalSystem/Automation/DatasetGenerator.lean:1054:0: some (true, "structural_subsumption_ff")
info: FormalSystem/Automation/DatasetGenerator.lean:1056:0: some (true, "structural_subsumption_pp")
info: FormalSystem/Automation/DatasetGenerator.lean:1058:0: some (true, "structural_subsumption_modal_t")
info: FormalSystem/Automation/DatasetGenerator.lean:1060:0: some (true, "structural_subsumption_modal_4")
info: FormalSystem/Automation/DatasetGenerator.lean:1062:0: some (true, "structural_subsumption_modal_d")
info: FormalSystem/Automation/DatasetGenerator.lean:1070:0: some (true, "structural_until_implies_future")
info: FormalSystem/Automation/DatasetGenerator.lean:1074:0: some (true, "structural_since_implies_past")
info: FormalSystem/Automation/DatasetGenerator.lean:1078:0: none
info: FormalSystem/Automation/DatasetGenerator.lean:1082:0: some (true, "structural_subsumption_gf")
info: FormalSystem/Automation/DatasetGenerator.lean:1086:0: some (true, "structural_subsumption_hp")
info: FormalSystem/Automation/DatasetGenerator.lean:1090:0: some (true, "structural_identity")
info: FormalSystem/Automation/DatasetGenerator.lean:1094:0: none
info: FormalSystem/Automation/DatasetGenerator.lean:1098:0: none
info: FormalSystem/Automation/DatasetGenerator.lean:1104:0: [(FormalSystem.Syntax.Formula.imp
    (FormalSystem.Syntax.Formula.atom { base := "p", freshIndex := none })
    (FormalSystem.Syntax.Formula.atom { base := "q", freshIndex := none }),
  FormalSystem.Metalogic.Decidability.Sign.pos),
 (FormalSystem.Syntax.Formula.atom { base := "p", freshIndex := none }, FormalSystem.Metalogic.Decidability.Sign.neg),
 (FormalSystem.Syntax.Formula.atom { base := "q", freshIndex := none }, FormalSystem.Metalogic.Decidability.Sign.pos)]
info: FormalSystem/Automation/DatasetGenerator.lean:1106:0: [(FormalSystem.Syntax.Formula.imp
    (FormalSystem.Syntax.Formula.atom { base := "p", freshIndex := none })
    (FormalSystem.Syntax.Formula.bot),
  FormalSystem.Metalogic.Decidability.Sign.pos),
 (FormalSystem.Syntax.Formula.atom { base := "p", freshIndex := none }, FormalSystem.Metalogic.Decidability.Sign.neg),
 (FormalSystem.Syntax.Formula.bot, FormalSystem.Metalogic.Decidability.Sign.pos)]
info: FormalSystem/Automation/DatasetGenerator.lean:1110:0: false
info: FormalSystem/Automation/DatasetGenerator.lean:1112:0: true
info: FormalSystem/Automation/DatasetGenerator.lean:1116:0: true
info: FormalSystem/Automation/DatasetGenerator.lean:1118:0: some (true, "structural_polarity_drop_tautology")
info: FormalSystem/Automation/DatasetGenerator.lean:1123:0: some (true, "structural_polarity_bot_neg")
info: FormalSystem/Automation/DatasetGenerator.lean:1127:0: true
info: FormalSystem/Automation/DatasetGenerator.lean:1128:0: true
info: FormalSystem/Automation/DatasetGenerator.lean:1130:0: false
info: FormalSystem/Automation/DatasetGenerator.lean:1131:0: some (true, "structural_prop_contradiction")
info: FormalSystem/Automation/DatasetGenerator.lean:1135:0: true
info: FormalSystem/Automation/DatasetGenerator.lean:1136:0: true
info: FormalSystem/Automation/DatasetGenerator.lean:1137:0: some (true, "structural_tautology")
info: FormalSystem/Automation/DatasetGenerator.lean:1139:0: some (true, "structural_tautology")
info: FormalSystem/Automation/DatasetGenerator.lean:1145:0: true
info: FormalSystem/Automation/DatasetGenerator.lean:1146:0: true
info: FormalSystem/Automation/DatasetGenerator.lean:1147:0: true
info: FormalSystem/Automation/DatasetGenerator.lean:1148:0: true
info: FormalSystem/Automation/DatasetGenerator.lean:1149:0: true
info: FormalSystem/Automation/DatasetGenerator.lean:1150:0: true
info: FormalSystem/Automation/DatasetGenerator.lean:1153:0: false
info: FormalSystem/Automation/DatasetGenerator.lean:1155:0: false
info: FormalSystem/Automation/DatasetGenerator.lean:1157:0: false
info: FormalSystem/Automation/DatasetGenerator.lean:1159:0: false
info: FormalSystem/Automation/DatasetGenerator.lean:1163:0: true
info: FormalSystem/Automation/DatasetGenerator.lean:1165:0: true
info: FormalSystem/Automation/DatasetGenerator.lean:1167:0: true
info: FormalSystem/Automation/DatasetGenerator.lean:1169:0: true
info: FormalSystem/Automation/DatasetGenerator.lean:1171:0: true
info: FormalSystem/Automation/DatasetGenerator.lean:1174:0: false
info: FormalSystem/Automation/DatasetGenerator.lean:1176:0: false
info: FormalSystem/Automation/DatasetGenerator.lean:1178:0: false
info: FormalSystem/Automation/DatasetGenerator.lean:1180:0: false
info: FormalSystem/Automation/DatasetGenerator.lean:1184:0: true
info: FormalSystem/Automation/DatasetGenerator.lean:1186:0: true
info: FormalSystem/Automation/DatasetGenerator.lean:1188:0: true
info: FormalSystem/Automation/DatasetGenerator.lean:1189:0: true
info: FormalSystem/Automation/DatasetGenerator.lean:1191:0: true
info: FormalSystem/Automation/DatasetGenerator.lean:1194:0: false
info: FormalSystem/Automation/DatasetGenerator.lean:1196:0: false
info: FormalSystem/Automation/DatasetGenerator.lean:1198:0: false
info: FormalSystem/Automation/DatasetGenerator.lean:1200:0: false
info: FormalSystem/Automation/DatasetGenerator.lean:1204:0: true
info: FormalSystem/Automation/DatasetGenerator.lean:1207:0: true
info: FormalSystem/Automation/DatasetGenerator.lean:1210:0: true
info: FormalSystem/Automation/DatasetGenerator.lean:1213:0: true
info: FormalSystem/Automation/DatasetGenerator.lean:1217:0: false
info: FormalSystem/Automation/DatasetGenerator.lean:1220:0: false
info: FormalSystem/Automation/DatasetGenerator.lean:1222:0: false
info: FormalSystem/Automation/DatasetGenerator.lean:1224:0: false
info: FormalSystem/Automation/DatasetGenerator.lean:1228:0: some (false, "invalid_satisfiable_neg")
info: FormalSystem/Automation/DatasetGenerator.lean:1230:0: some (false, "invalid_satisfiable_neg")
info: FormalSystem/Automation/DatasetGenerator.lean:1232:0: some (false, "invalid_false_consequent")
info: FormalSystem/Automation/DatasetGenerator.lean:1234:0: some (false, "invalid_unfulfillable_eventuality")
info: FormalSystem/Automation/DatasetGenerator.lean:1237:0: none
info: FormalSystem/Automation/DatasetGenerator.lean:1239:0: none
info: FormalSystem/Automation/DatasetGenerator.lean:1241:0: none
info: FormalSystem/Automation/DatasetGenerator.lean:1245:0: (2, 0)
info: FormalSystem/Automation/DatasetGenerator.lean:2020:0: [proof-first] Seeding: 10/100, pool size: 10, elapsed: 5ms
[proof-first] Seeding: 20/100, pool size: 19, elapsed: 7ms
[proof-first] Seeding: 30/100, pool size: 26, elapsed: 11ms
[proof-first] Seeding: 40/100, pool size: 33, elapsed: 12ms
[proof-first] Seeding: 50/100, pool size: 41, elapsed: 16ms
[proof-first] Seeding: 60/100, pool size: 49, elapsed: 21ms
[proof-first] Seeding: 70/100, pool size: 58, elapsed: 22ms
[proof-first] Seeding: 80/100, pool size: 65, elapsed: 24ms
[proof-first] Seeding: 90/100, pool size: 74, elapsed: 25ms
[proof-first] Seeding: 100/100, pool size: 81, elapsed: 25ms
[proof-first] Ex-falso cap applied in 0ms, pool size: 81
[proof-first] depth=0 pool=200 (+119, 146% growth) elapsed=77ms
[proof-first] Generation complete: 200 theorems in 102ms
[test] Pool generation: 200 entries (expected > 0)
[test] PASS: pool is non-empty
info: FormalSystem/Automation/DatasetGenerator.lean:2036:0: [proof-first] Seeding: 10/100, pool size: 10, elapsed: 4ms
[proof-first] Seeding: 20/100, pool size: 20, elapsed: 6ms
[proof-first] Seeding: 30/100, pool size: 28, elapsed: 8ms
[proof-first] Seeding: 40/100, pool size: 36, elapsed: 11ms
[proof-first] Seeding: 50/100, pool size: 42, elapsed: 12ms
[proof-first] Seeding: 60/100, pool size: 49, elapsed: 17ms
[proof-first] Seeding: 70/100, pool size: 56, elapsed: 18ms
[proof-first] Seeding: 80/100, pool size: 64, elapsed: 19ms
[proof-first] Seeding: 90/100, pool size: 71, elapsed: 23ms
[proof-first] Seeding: 100/100, pool size: 78, elapsed: 24ms
[proof-first] Ex-falso cap applied in 0ms, pool size: 78
[proof-first] depth=0 pool=200 (+122, 156% growth) elapsed=75ms
[proof-first] Generation complete: 200 theorems in 99ms
[test] Pool contains (p → p): false
[test] Hybrid label for (p → p): FormalSystem.Automation.FormulaLabel.valid, method: structural_prefilter
[test] PASS: hybrid mode correctly labels (p → p) as valid
info: FormalSystem/Automation/DatasetGenerator.lean:2060:0: [test] Hybrid fallthrough: label=FormalSystem.Automation.FormulaLabel.invalid, method=adaptive_360
[test] PASS: hybrid mode fell through to tableau (not proof_first)
info: FormalSystem/Automation/DatasetGenerator.lean:2078:0: [proof-first] Seeding: 20/200, pool size: 19, elapsed: 7ms
[proof-first] Seeding: 40/200, pool size: 35, elapsed: 16ms
[proof-first] Seeding: 60/200, pool size: 51, elapsed: 23ms
[proof-first] Seeding: 80/200, pool size: 67, elapsed: 28ms
[proof-first] Seeding: 100/200, pool size: 83, elapsed: 33ms
[proof-first] Seeding: 120/200, pool size: 101, elapsed: 46ms
[proof-first] Seeding: 140/200, pool size: 116, elapsed: 50ms
[proof-first] Seeding: 160/200, pool size: 132, elapsed: 52ms
[proof-first] Seeding: 180/200, pool size: 150, elapsed: 57ms
[proof-first] Seeding: 200/200, pool size: 170, elapsed: 62ms
[proof-first] Ex-falso cap applied in 0ms, pool size: 170
[proof-first] depth=0 pool=500 (+330, 194% growth) elapsed=203ms
[proof-first] Generation complete: 500 theorems in 265ms
[test] Pool size: 500
[test] OK: (p → p) -> FormalSystem.Automation.FormulaLabel.valid (ex: structural_prefilter, hy: structural_prefilter)
[test] OK: (□p → p) -> FormalSystem.Automation.FormulaLabel.valid (ex: structural_prefilter, hy: proof_first)
[test] OK: (U(p, q) → U(q, (⊥ → ⊥))) -> FormalSystem.Automation.FormulaLabel.valid (ex: structural_prefilter, hy: structural_prefilter)
[test] OK: (S(p, q) → S(q, (⊥ → ⊥))) -> FormalSystem.Automation.FormulaLabel.valid (ex: structural_prefilter, hy: structural_prefilter)
[test] OK: (p → q) -> FormalSystem.Automation.FormulaLabel.invalid (ex: adaptive_240, hy: adaptive_240)
[test] OK: (U(p, q) → U(r, q)) -> FormalSystem.Automation.FormulaLabel.invalid (ex: adaptive_360, hy: adaptive_360)
[test] OK: (p → (q → q)) -> FormalSystem.Automation.FormulaLabel.valid (ex: structural_prefilter, hy: structural_prefilter)
[test] OK: (□⊥ → q) -> FormalSystem.Automation.FormulaLabel.valid (ex: structural_prefilter, hy: structural_prefilter)
[test] Prefilter hits: 5, Pool hits: 1
[test] PASS: all labels match between exhaustive and hybrid modes
info: FormalSystem/Automation/DatasetGenerator.lean:2143:0: [test] OK: (p → ⊥) -> invalid via structural_invalid_prefilter:invalid_satisfiable_neg
[test] OK: (p → U(⊥, q)) -> invalid via structural_invalid_prefilter:invalid_satisfiable_neg
[test] OK: (□p → ⊥) -> invalid via structural_invalid_prefilter:invalid_satisfiable_neg
[test] OK: (U(p, q) → U(⊥, r)) -> invalid via structural_invalid_prefilter:invalid_false_consequent
[test] OK: ((U(((p → ⊥) → ⊥), (⊥ → ⊥)) → ⊥) → U(p, q)) -> invalid via structural_invalid_prefilter:invalid_unfulfillable_eventuality
[test] OK: (p → p) -> FormalSystem.Automation.FormulaLabel.valid via structural_prefilter (not invalid prefilter)
[test] OK: (□⊥ → q) -> FormalSystem.Automation.FormulaLabel.valid via structural_prefilter (not invalid prefilter)
[test] OK: (U(⊥, p) → U(⊥, q)) -> FormalSystem.Automation.FormulaLabel.valid via structural_prefilter (not invalid prefilter)
[test] OK: (p → (q → q)) -> FormalSystem.Automation.FormulaLabel.valid via structural_prefilter (not invalid prefilter)
[test] PASS: all invalid prefilter integration tests pass
info: FormalSystem/Automation/DatasetGenerator.lean:2200:0: [test] OK: (p → ⊥) — prefilter=invalid, tableau=FormalSystem.Automation.FormulaLabel.invalid
[test] OK: (□p → ⊥) — prefilter=invalid, tableau=FormalSystem.Automation.FormulaLabel.invalid
[test] OK: (p → U(⊥, q)) — prefilter=invalid, tableau=FormalSystem.Automation.FormulaLabel.invalid
[test] OK: (p → □⊥) — prefilter=invalid, tableau=FormalSystem.Automation.FormulaLabel.invalid
[test] OK: (((p → (q → ⊥)) → ⊥) → ⊥) — prefilter=invalid, tableau=FormalSystem.Automation.FormulaLabel.invalid
[test] OK: (□□p → U(⊥, q)) — prefilter=invalid, tableau=FormalSystem.Automation.FormulaLabel.invalid
[test] OK: ((⊥ → ⊥) → ⊥) — prefilter=invalid, tableau=FormalSystem.Automation.FormulaLabel.invalid
[test] OK: (p → S(⊥, q)) — prefilter=invalid, tableau=FormalSystem.Automation.FormulaLabel.invalid
[test] OK: (((p → ((q → ⊥) → ⊥)) → ⊥) → ⊥) — prefilter=invalid, tableau=FormalSystem.Automation.FormulaLabel.invalid
[test] OK: (U(p, q) → U(⊥, r)) — prefilter=invalid, tableau=FormalSystem.Automation.FormulaLabel.invalid
[test] PASS: all cross-validation tests agree
info: FormalSystem/Automation/DatasetGenerator.lean:2238:0: [test] OK: (p → p) — not caught by invalid prefilter
[test] OK: (□⊥ → q) — not caught by invalid prefilter
[test] OK: (p → (q → q)) — not caught by invalid prefilter
[test] OK: (□p → p) — not caught by invalid prefilter
[test] OK: (□p → □□p) — not caught by invalid prefilter
[test] OK: ((U((p → ⊥), (⊥ → ⊥)) → ⊥) → p) — not caught by invalid prefilter
[test] OK: ((U((p → ⊥), (⊥ → ⊥)) → ⊥) → U(p, (⊥ → ⊥))) — not caught by invalid prefilter
[test] OK: (U(p, q) → U(q, (⊥ → ⊥))) — not caught by invalid prefilter
[test] OK: (S(p, q) → S(q, (⊥ → ⊥))) — not caught by invalid prefilter
[test] OK: (U(⊥, p) → U(⊥, q)) — not caught by invalid prefilter
[test] PASS: no valid formulas mislabeled by invalid prefilter
info: FormalSystem/Automation/DatasetGenerator.lean:2267:0: [test] ⊥ → ⊥: none (expected: none — vacuously valid)
[test] ⊤ → ⊥: some (false, "invalid_satisfiable_neg") (expected: some (false, invalid_satisfiable_neg))
[test] □⊥ → U(⊥,p): none (expected: none — vacuously valid)
[test] p → □⊥: some (false, "invalid_satisfiable_neg") (expected: some (false, invalid_satisfiable_neg))
[test] PASS: all edge case tests correct
warning: FormalSystem/Automation/DatasetGenerator.lean:2269:6: Variable name `q` is not explicitly referenced.

Hint: The binding can be removed (if unused) or named `_` (if used implicitly). Alternatively, prefix the name with `_` to silence this warning:
  [apply] _q

Note: This linter can be disabled with `set_option linter.unusedVariables false`
Build completed successfully (2493 jobs).
baseline rc=0 elapsed=4s
=== STEP 2: evict orphaned-stack oleans ===
evicted Algebraic/BooleanStructure
evicted Algebraic/InteriorOperators
evicted Algebraic/LindenbaumQuotient
evicted Algebraic/UltrafilterMCS
evicted Algebraic
=== STEP 3: time lake build FormalSystem.Metalogic.Algebraic (marginal cost) ===
ℹ [680/789] Replayed FormalSystem.Syntax.Formula
info: FormalSystem/Syntax/Formula.lean:287:0: 2
info: FormalSystem/Syntax/Formula.lean:290:0: 2
info: FormalSystem/Syntax/Formula.lean:293:0: 2
info: FormalSystem/Syntax/Formula.lean:296:0: 2
info: FormalSystem/Syntax/Formula.lean:299:0: 3
info: FormalSystem/Syntax/Formula.lean:302:0: 3
info: FormalSystem/Syntax/Formula.lean:303:0: 3
info: FormalSystem/Syntax/Formula.lean:585:0: 3
info: FormalSystem/Syntax/Formula.lean:588:0: 3
info: FormalSystem/Syntax/Formula.lean:591:0: 3
info: FormalSystem/Syntax/Formula.lean:594:0: 3
info: FormalSystem/Syntax/Formula.lean:597:0: 4
info: FormalSystem/Syntax/Formula.lean:600:0: 4
info: FormalSystem/Syntax/Formula.lean:637:0: 2
info: FormalSystem/Syntax/Formula.lean:640:0: 2
info: FormalSystem/Syntax/Formula.lean:643:0: 2
info: FormalSystem/Syntax/Formula.lean:646:0: 2
info: FormalSystem/Syntax/Formula.lean:649:0: 2
info: FormalSystem/Syntax/Formula.lean:652:0: 2
info: FormalSystem/Syntax/Formula.lean:655:0: 2
⚠ [785/789] Replayed FormalSystem.Semantics.TaskFrame
warning: FormalSystem/Semantics/TaskFrame.lean:214:0: automatically included section variable(s) unused in theorem `FormalSystem.Semantics.TaskFrame.mem_Fib`:
  [Nontrivial D]
consider restructuring your `variable` declarations so that the variables are not in scope or explicitly omit them:
  omit [Nontrivial D] in theorem ...

Note: This linter can be disabled with `set_option linter.unusedSectionVars false`
warning: FormalSystem/Semantics/TaskFrame.lean:236:0: automatically included section variable(s) unused in theorem `FormalSystem.Semantics.TaskFrame.mem_cone`:
  [Nontrivial D]
consider restructuring your `variable` declarations so that the variables are not in scope or explicitly omit them:
  omit [Nontrivial D] in theorem ...

Note: This linter can be disabled with `set_option linter.unusedSectionVars false`
warning: FormalSystem/Semantics/TaskFrame.lean:242:0: automatically included section variable(s) unused in theorem `FormalSystem.Semantics.TaskFrame.cone_mono`:
  [Nontrivial D]
consider restructuring your `variable` declarations so that the variables are not in scope or explicitly omit them:
  omit [Nontrivial D] in theorem ...

Note: This linter can be disabled with `set_option linter.unusedSectionVars false`
warning: FormalSystem/Semantics/TaskFrame.lean:262:0: automatically included section variable(s) unused in theorem `FormalSystem.Semantics.TaskFrame.mem_Seg`:
  [Nontrivial D]
consider restructuring your `variable` declarations so that the variables are not in scope or explicitly omit them:
  omit [Nontrivial D] in theorem ...

Note: This linter can be disabled with `set_option linter.unusedSectionVars false`
warning: FormalSystem/Semantics/TaskFrame.lean:431:0: automatically included section variable(s) unused in theorem `FormalSystem.Semantics.TaskFrame.comp_of`:
  [IsOrderedAddMonoid D]
  [Nontrivial D]
consider restructuring your `variable` declarations so that the variables are not in scope or explicitly omit them:
  omit [IsOrderedAddMonoid D] [Nontrivial D] in theorem ...

Note: This linter can be disabled with `set_option linter.unusedSectionVars false`
warning: FormalSystem/Semantics/TaskFrame.lean:438:0: automatically included section variable(s) unused in theorem `FormalSystem.Semantics.TaskFrame.forward_of_comp`:
  [IsOrderedAddMonoid D]
  [Nontrivial D]
consider restructuring your `variable` declarations so that the variables are not in scope or explicitly omit them:
  omit [IsOrderedAddMonoid D] [Nontrivial D] in theorem ...

Note: This linter can be disabled with `set_option linter.unusedSectionVars false`
warning: FormalSystem/Semantics/TaskFrame.lean:443:0: automatically included section variable(s) unused in theorem `FormalSystem.Semantics.TaskFrame.interpolates_of_comp`:
  [IsOrderedAddMonoid D]
  [Nontrivial D]
consider restructuring your `variable` declarations so that the variables are not in scope or explicitly omit them:
  omit [IsOrderedAddMonoid D] [Nontrivial D] in theorem ...

Note: This linter can be disabled with `set_option linter.unusedSectionVars false`
warning: FormalSystem/Semantics/TaskFrame.lean:730:0: automatically included section variable(s) unused in theorem `FormalSystem.Semantics.TaskFrame.limit_of_succOrder`:
  [Nontrivial D]
consider restructuring your `variable` declarations so that the variables are not in scope or explicitly omit them:
  omit [Nontrivial D] in theorem ...

Note: This linter can be disabled with `set_option linter.unusedSectionVars false`
warning: FormalSystem/Semantics/TaskFrame.lean:758:0: automatically included section variable(s) unused in theorem `FormalSystem.Semantics.TaskFrame.limit_of_shift`:
  [Nontrivial D]
consider restructuring your `variable` declarations so that the variables are not in scope or explicitly omit them:
  omit [Nontrivial D] in theorem ...

Note: This linter can be disabled with `set_option linter.unusedSectionVars false`
warning: FormalSystem/Semantics/TaskFrame.lean:758:8: Overlapping instance parameters in `limit_of_shift`:

⚠️ There are 2 `[Nontrivial D]` instances; one is sufficient.

Note: This linter can be disabled with `set_option linter.overlappingInstances false`
warning: FormalSystem/Semantics/TaskFrame.lean:809:0: automatically included section variable(s) unused in theorem `FormalSystem.Semantics.TaskFrame.exists_uniform_radius_of_finite`:
  [Nontrivial D]
consider restructuring your `variable` declarations so that the variables are not in scope or explicitly omit them:
  omit [Nontrivial D] in theorem ...

Note: This linter can be disabled with `set_option linter.unusedSectionVars false`
warning: FormalSystem/Semantics/TaskFrame.lean:809:8: Overlapping instance parameters in `exists_uniform_radius_of_finite`:

⚠️ There are 2 `[Nontrivial D]` instances; one is sufficient.

Note: This linter can be disabled with `set_option linter.overlappingInstances false`
warning: FormalSystem/Semantics/TaskFrame.lean:869:0: automatically included section variable(s) unused in theorem `FormalSystem.Semantics.TaskFrame.exists_pos_of_nontrivial`:
  [Nontrivial D]
consider restructuring your `variable` declarations so that the variables are not in scope or explicitly omit them:
  omit [Nontrivial D] in theorem ...

Note: This linter can be disabled with `set_option linter.unusedSectionVars false`
warning: FormalSystem/Semantics/TaskFrame.lean:869:8: Overlapping instance parameters in `exists_pos_of_nontrivial`:

⚠️ There are 2 `[Nontrivial D]` instances; one is sufficient.

Note: This linter can be disabled with `set_option linter.overlappingInstances false`
warning: FormalSystem/Semantics/TaskFrame.lean:985:0: automatically included section variable(s) unused in theorem `FormalSystem.Semantics.TaskFrame.spherical_of_finite`:
  [Nontrivial D]
consider restructuring your `variable` declarations so that the variables are not in scope or explicitly omit them:
  omit [Nontrivial D] in theorem ...

Note: This linter can be disabled with `set_option linter.unusedSectionVars false`
warning: FormalSystem/Semantics/TaskFrame.lean:1000:0: automatically included section variable(s) unused in theorem `FormalSystem.Semantics.TaskFrame.serial_of_total`:
  [Nontrivial D]
consider restructuring your `variable` declarations so that the variables are not in scope or explicitly omit them:
  omit [Nontrivial D] in theorem ...

Note: This linter can be disabled with `set_option linter.unusedSectionVars false`
warning: FormalSystem/Semantics/TaskFrame.lean:1009:0: automatically included section variable(s) unused in theorem `FormalSystem.Semantics.TaskFrame.interpolates_of_total`:
  [Nontrivial D]
consider restructuring your `variable` declarations so that the variables are not in scope or explicitly omit them:
  omit [Nontrivial D] in theorem ...

Note: This linter can be disabled with `set_option linter.unusedSectionVars false`
warning: FormalSystem/Semantics/TaskFrame.lean:1018:0: automatically included section variable(s) unused in theorem `FormalSystem.Semantics.TaskFrame.limit_of_subsingleton`:
  [Nontrivial D]
consider restructuring your `variable` declarations so that the variables are not in scope or explicitly omit them:
  omit [Nontrivial D] in theorem ...

Note: This linter can be disabled with `set_option linter.unusedSectionVars false`
warning: FormalSystem/Semantics/TaskFrame.lean:1030:0: automatically included section variable(s) unused in theorem `FormalSystem.Semantics.TaskFrame.spherical_of_subsingleton`:
  [Nontrivial D]
consider restructuring your `variable` declarations so that the variables are not in scope or explicitly omit them:
  omit [Nontrivial D] in theorem ...

Note: This linter can be disabled with `set_option linter.unusedSectionVars false`
warning: FormalSystem/Semantics/TaskFrame.lean:1045:0: automatically included section variable(s) unused in theorem `FormalSystem.Semantics.TaskFrame.Fib_permissive_zero`:
  [Nontrivial D]
consider restructuring your `variable` declarations so that the variables are not in scope or explicitly omit them:
  omit [Nontrivial D] in theorem ...

Note: This linter can be disabled with `set_option linter.unusedSectionVars false`
warning: FormalSystem/Semantics/TaskFrame.lean:1051:0: automatically included section variable(s) unused in theorem `FormalSystem.Semantics.TaskFrame.Fib_permissive_ne`:
  [Nontrivial D]
consider restructuring your `variable` declarations so that the variables are not in scope or explicitly omit them:
  omit [Nontrivial D] in theorem ...

Note: This linter can be disabled with `set_option linter.unusedSectionVars false`
warning: FormalSystem/Semantics/TaskFrame.lean:1061:0: automatically included section variable(s) unused in theorem `FormalSystem.Semantics.TaskFrame.serial_of_permissive`:
  [Nontrivial D]
consider restructuring your `variable` declarations so that the variables are not in scope or explicitly omit them:
  omit [Nontrivial D] in theorem ...

Note: This linter can be disabled with `set_option linter.unusedSectionVars false`
warning: FormalSystem/Semantics/TaskFrame.lean:1073:0: automatically included section variable(s) unused in theorem `FormalSystem.Semantics.TaskFrame.interpolates_of_permissive`:
  [Nontrivial D]
consider restructuring your `variable` declarations so that the variables are not in scope or explicitly omit them:
  omit [Nontrivial D] in theorem ...

Note: This linter can be disabled with `set_option linter.unusedSectionVars false`
warning: FormalSystem/Semantics/TaskFrame.lean:1153:0: automatically included section variable(s) unused in theorem `FormalSystem.Semantics.TaskFrame.Fib_eq_singleton`:
  [Nontrivial D]
consider restructuring your `variable` declarations so that the variables are not in scope or explicitly omit them:
  omit [Nontrivial D] in theorem ...

Note: This linter can be disabled with `set_option linter.unusedSectionVars false`
warning: FormalSystem/Semantics/TaskFrame.lean:1159:0: automatically included section variable(s) unused in theorem `FormalSystem.Semantics.TaskFrame.serial_of_eq`:
  [Nontrivial D]
consider restructuring your `variable` declarations so that the variables are not in scope or explicitly omit them:
  omit [Nontrivial D] in theorem ...

Note: This linter can be disabled with `set_option linter.unusedSectionVars false`
warning: FormalSystem/Semantics/TaskFrame.lean:1168:0: automatically included section variable(s) unused in theorem `FormalSystem.Semantics.TaskFrame.interpolates_of_eq`:
  [Nontrivial D]
consider restructuring your `variable` declarations so that the variables are not in scope or explicitly omit them:
  omit [Nontrivial D] in theorem ...

Note: This linter can be disabled with `set_option linter.unusedSectionVars false`
warning: FormalSystem/Semantics/TaskFrame.lean:1178:0: automatically included section variable(s) unused in theorem `FormalSystem.Semantics.TaskFrame.limit_of_eq`:
  [Nontrivial D]
consider restructuring your `variable` declarations so that the variables are not in scope or explicitly omit them:
  omit [Nontrivial D] in theorem ...

Note: This linter can be disabled with `set_option linter.unusedSectionVars false`
warning: FormalSystem/Semantics/TaskFrame.lean:1178:8: Overlapping instance parameters in `limit_of_eq`:

⚠️ There are 2 `[Nontrivial D]` instances; one is sufficient.

Note: This linter can be disabled with `set_option linter.overlappingInstances false`
warning: FormalSystem/Semantics/TaskFrame.lean:1295:0: automatically included section variable(s) unused in theorem `FormalSystem.Semantics.TaskFrame.staticFrame_rel_iff`:
  [Nontrivial D]
consider restructuring your `variable` declarations so that the variables are not in scope or explicitly omit them:
  omit [Nontrivial D] in theorem ...

Note: This linter can be disabled with `set_option linter.unusedSectionVars false`
warning: FormalSystem/Semantics/TaskFrame.lean:1295:8: Overlapping instance parameters in `staticFrame_rel_iff`:

⚠️ There are 2 `[Nontrivial D]` instances; one is sufficient.

Note: This linter can be disabled with `set_option linter.overlappingInstances false`
warning: FormalSystem/Semantics/TaskFrame.lean:1308:0: automatically included section variable(s) unused in theorem `FormalSystem.Semantics.TaskFrame.staticFrame_serial`:
  [Nontrivial D]
consider restructuring your `variable` declarations so that the variables are not in scope or explicitly omit them:
  omit [Nontrivial D] in theorem ...

Note: This linter can be disabled with `set_option linter.unusedSectionVars false`
warning: FormalSystem/Semantics/TaskFrame.lean:1308:8: Overlapping instance parameters in `staticFrame_serial`:

⚠️ There are 2 `[Nontrivial D]` instances; one is sufficient.

Note: This linter can be disabled with `set_option linter.overlappingInstances false`
warning: FormalSystem/Semantics/TaskFrame.lean:1315:0: automatically included section variable(s) unused in theorem `FormalSystem.Semantics.TaskFrame.staticFrame_interpolates`:
  [Nontrivial D]
consider restructuring your `variable` declarations so that the variables are not in scope or explicitly omit them:
  omit [Nontrivial D] in theorem ...

Note: This linter can be disabled with `set_option linter.unusedSectionVars false`
warning: FormalSystem/Semantics/TaskFrame.lean:1315:8: Overlapping instance parameters in `staticFrame_interpolates`:

⚠️ There are 2 `[Nontrivial D]` instances; one is sufficient.

Note: This linter can be disabled with `set_option linter.overlappingInstances false`
warning: FormalSystem/Semantics/TaskFrame.lean:1321:0: automatically included section variable(s) unused in theorem `FormalSystem.Semantics.TaskFrame.staticFrame_limit`:
  [Nontrivial D]
consider restructuring your `variable` declarations so that the variables are not in scope or explicitly omit them:
  omit [Nontrivial D] in theorem ...

Note: This linter can be disabled with `set_option linter.unusedSectionVars false`
warning: FormalSystem/Semantics/TaskFrame.lean:1321:8: Overlapping instance parameters in `staticFrame_limit`:

⚠️ There are 2 `[Nontrivial D]` instances; one is sufficient.

Note: This linter can be disabled with `set_option linter.overlappingInstances false`
warning: FormalSystem/Semantics/TaskFrame.lean:1329:0: automatically included section variable(s) unused in theorem `FormalSystem.Semantics.TaskFrame.staticFrame_spherical`:
  [Nontrivial D]
consider restructuring your `variable` declarations so that the variables are not in scope or explicitly omit them:
  omit [Nontrivial D] in theorem ...

Note: This linter can be disabled with `set_option linter.unusedSectionVars false`
warning: FormalSystem/Semantics/TaskFrame.lean:1329:8: Overlapping instance parameters in `staticFrame_spherical`:

⚠️ There are 2 `[Nontrivial D]` instances; one is sufficient.

Note: This linter can be disabled with `set_option linter.overlappingInstances false`
⚠ [786/789] Replayed FormalSystem.Semantics.PartialHistory
warning: FormalSystem/Semantics/PartialHistory.lean:208:0: automatically included section variable(s) unused in theorem `FormalSystem.Semantics.PartialHistory.nonempty_of_total`:
  [Nontrivial D]
consider restructuring your `variable` declarations so that the variables are not in scope or explicitly omit them:
  omit [Nontrivial D] in theorem ...

Note: This linter can be disabled with `set_option linter.unusedSectionVars false`
⚠ [787/789] Replayed FormalSystem.Semantics.WorldHistory
warning: FormalSystem/Semantics/WorldHistory.lean:399:0: automatically included section variable(s) unused in theorem `FormalSystem.Semantics.WorldHistory.neg_lt_neg_iff`:
  [Nontrivial D]
consider restructuring your `variable` declarations so that the variables are not in scope or explicitly omit them:
  omit [Nontrivial D] in theorem ...

Note: This linter can be disabled with `set_option linter.unusedSectionVars false`
warning: FormalSystem/Semantics/WorldHistory.lean:415:0: automatically included section variable(s) unused in theorem `FormalSystem.Semantics.WorldHistory.neg_le_neg_iff`:
  [Nontrivial D]
consider restructuring your `variable` declarations so that the variables are not in scope or explicitly omit them:
  omit [Nontrivial D] in theorem ...

Note: This linter can be disabled with `set_option linter.unusedSectionVars false`
warning: FormalSystem/Semantics/WorldHistory.lean:429:0: automatically included section variable(s) unused in theorem `FormalSystem.Semantics.WorldHistory.neg_neg_eq`:
  [Nontrivial D]
consider restructuring your `variable` declarations so that the variables are not in scope or explicitly omit them:
  omit [Nontrivial D] in theorem ...

Note: This linter can be disabled with `set_option linter.unusedSectionVars false`
warning: FormalSystem/Semantics/WorldHistory.lean:436:0: automatically included section variable(s) unused in theorem `FormalSystem.Semantics.WorldHistory.neg_injective`:
  [Nontrivial D]
consider restructuring your `variable` declarations so that the variables are not in scope or explicitly omit them:
  omit [Nontrivial D] in theorem ...

Note: This linter can be disabled with `set_option linter.unusedSectionVars false`
⚠ [858/1368] Replayed FormalSystem.Semantics.PartialHistoryOrder
warning: FormalSystem/Semantics/PartialHistoryOrder.lean:209:7: Variable name `t` is not explicitly referenced.

Hint: The binding can be removed (if unused) or named `_` (if used implicitly). Alternatively, prefix the name with `_` to silence this warning:
  [apply] _t

Note: This linter can be disabled with `set_option linter.unusedVariables false`
⚠ [859/1368] Replayed FormalSystem.Semantics.FrameAxioms
warning: FormalSystem/Semantics/FrameAxioms.lean:155:0: automatically included section variable(s) unused in theorem `FormalSystem.Semantics.TaskFrame.nullity_of_serial_limit`:
  [Nontrivial D]
consider restructuring your `variable` declarations so that the variables are not in scope or explicitly omit them:
  omit [Nontrivial D] in theorem ...

Note: This linter can be disabled with `set_option linter.unusedSectionVars false`
⚠ [1363/1368] Replayed FormalSystem.Metalogic.Algebraic.FlowFrame
warning: FormalSystem/Metalogic/Algebraic/FlowFrame.lean:190:18: Overlapping instance parameters in `multiFamHistoryGen`:

⚠️ There are 2 `[Nontrivial D]` instances; one is sufficient.

Note: This linter can be disabled with `set_option linter.overlappingInstances false`
warning: FormalSystem/Metalogic/Algebraic/FlowFrame.lean:203:0: automatically included section variable(s) unused in theorem `FormalSystem.Metalogic.Algebraic.multiFamHistoryGen_shift_eq`:
  [Nontrivial D]
consider restructuring your `variable` declarations so that the variables are not in scope or explicitly omit them:
  omit [Nontrivial D] in theorem ...

Note: This linter can be disabled with `set_option linter.unusedSectionVars false`
warning: FormalSystem/Metalogic/Algebraic/FlowFrame.lean:203:8: Overlapping instance parameters in `multiFamHistoryGen_shift_eq`:

⚠️ There are 2 `[Nontrivial D]` instances; one is sufficient.

Note: This linter can be disabled with `set_option linter.overlappingInstances false`
warning: FormalSystem/Metalogic/Algebraic/FlowFrame.lean:217:0: automatically included section variable(s) unused in theorem `FormalSystem.Metalogic.Algebraic.multiFamHistoryGen_total`:
  [Nontrivial D]
consider restructuring your `variable` declarations so that the variables are not in scope or explicitly omit them:
  omit [Nontrivial D] in theorem ...

Note: This linter can be disabled with `set_option linter.unusedSectionVars false`
warning: FormalSystem/Metalogic/Algebraic/FlowFrame.lean:217:8: Overlapping instance parameters in `multiFamHistoryGen_total`:

⚠️ There are 2 `[Nontrivial D]` instances; one is sufficient.

Note: This linter can be disabled with `set_option linter.overlappingInstances false`
warning: FormalSystem/Metalogic/Algebraic/FlowFrame.lean:255:0: automatically included section variable(s) unused in theorem `FormalSystem.Metalogic.Algebraic.multiFamGen_comp_iff`:
  [Nontrivial D]
consider restructuring your `variable` declarations so that the variables are not in scope or explicitly omit them:
  omit [Nontrivial D] in theorem ...

Note: This linter can be disabled with `set_option linter.unusedSectionVars false`
warning: FormalSystem/Metalogic/Algebraic/FlowFrame.lean:255:8: Overlapping instance parameters in `multiFamGen_comp_iff`:

⚠️ There are 2 `[Nontrivial D]` instances; one is sufficient.

Note: This linter can be disabled with `set_option linter.overlappingInstances false`
warning: FormalSystem/Metalogic/Algebraic/FlowFrame.lean:270:0: automatically included section variable(s) unused in theorem `FormalSystem.Metalogic.Algebraic.multiFamGen_comp_iff_of_nonneg`:
  [Nontrivial D]
consider restructuring your `variable` declarations so that the variables are not in scope or explicitly omit them:
  omit [Nontrivial D] in theorem ...

Note: This linter can be disabled with `set_option linter.unusedSectionVars false`
warning: FormalSystem/Metalogic/Algebraic/FlowFrame.lean:270:8: Overlapping instance parameters in `multiFamGen_comp_iff_of_nonneg`:

⚠️ There are 2 `[Nontrivial D]` instances; one is sufficient.

Note: This linter can be disabled with `set_option linter.overlappingInstances false`
warning: FormalSystem/Metalogic/Algebraic/FlowFrame.lean:280:0: automatically included section variable(s) unused in theorem `FormalSystem.Metalogic.Algebraic.multiFamGen_serial`:
  [Nontrivial D]
consider restructuring your `variable` declarations so that the variables are not in scope or explicitly omit them:
  omit [Nontrivial D] in theorem ...

Note: This linter can be disabled with `set_option linter.unusedSectionVars false`
warning: FormalSystem/Metalogic/Algebraic/FlowFrame.lean:280:8: Overlapping instance parameters in `multiFamGen_serial`:

⚠️ There are 2 `[Nontrivial D]` instances; one is sufficient.

Note: This linter can be disabled with `set_option linter.overlappingInstances false`
warning: FormalSystem/Metalogic/Algebraic/FlowFrame.lean:289:0: automatically included section variable(s) unused in theorem `FormalSystem.Metalogic.Algebraic.multiFamGen_limit`:
  [Nontrivial D]
consider restructuring your `variable` declarations so that the variables are not in scope or explicitly omit them:
  omit [Nontrivial D] in theorem ...

Note: This linter can be disabled with `set_option linter.unusedSectionVars false`
warning: FormalSystem/Metalogic/Algebraic/FlowFrame.lean:289:8: Overlapping instance parameters in `multiFamGen_limit`:

⚠️ There are 2 `[Nontrivial D]` instances; one is sufficient.

Note: This linter can be disabled with `set_option linter.overlappingInstances false`
warning: FormalSystem/Metalogic/Algebraic/FlowFrame.lean:298:0: automatically included section variable(s) unused in theorem `FormalSystem.Metalogic.Algebraic.multiFamGen_fib_subsingleton`:
  [Nontrivial D]
consider restructuring your `variable` declarations so that the variables are not in scope or explicitly omit them:
  omit [Nontrivial D] in theorem ...

Note: This linter can be disabled with `set_option linter.unusedSectionVars false`
warning: FormalSystem/Metalogic/Algebraic/FlowFrame.lean:298:8: Overlapping instance parameters in `multiFamGen_fib_subsingleton`:

⚠️ There are 2 `[Nontrivial D]` instances; one is sufficient.

Note: This linter can be disabled with `set_option linter.overlappingInstances false`
warning: FormalSystem/Metalogic/Algebraic/FlowFrame.lean:307:0: automatically included section variable(s) unused in theorem `FormalSystem.Metalogic.Algebraic.multiFamGen_spherical`:
  [Nontrivial D]
consider restructuring your `variable` declarations so that the variables are not in scope or explicitly omit them:
  omit [Nontrivial D] in theorem ...

Note: This linter can be disabled with `set_option linter.unusedSectionVars false`
warning: FormalSystem/Metalogic/Algebraic/FlowFrame.lean:307:8: Overlapping instance parameters in `multiFamGen_spherical`:

⚠️ There are 2 `[Nontrivial D]` instances; one is sufficient.

Note: This linter can be disabled with `set_option linter.overlappingInstances false`
warning: FormalSystem/Metalogic/Algebraic/FlowFrame.lean:331:0: automatically included section variable(s) unused in theorem `FormalSystem.Metalogic.Algebraic.multiFamTaskFrameGen_serial`:
  [Nontrivial D]
consider restructuring your `variable` declarations so that the variables are not in scope or explicitly omit them:
  omit [Nontrivial D] in theorem ...

Note: This linter can be disabled with `set_option linter.unusedSectionVars false`
warning: FormalSystem/Metalogic/Algebraic/FlowFrame.lean:331:8: Overlapping instance parameters in `multiFamTaskFrameGen_serial`:

⚠️ There are 2 `[Nontrivial D]` instances; one is sufficient.

Note: This linter can be disabled with `set_option linter.overlappingInstances false`
warning: FormalSystem/Metalogic/Algebraic/FlowFrame.lean:339:0: automatically included section variable(s) unused in theorem `FormalSystem.Metalogic.Algebraic.multiFamTaskFrameGen_interpolates`:
  [Nontrivial D]
consider restructuring your `variable` declarations so that the variables are not in scope or explicitly omit them:
  omit [Nontrivial D] in theorem ...

Note: This linter can be disabled with `set_option linter.unusedSectionVars false`
warning: FormalSystem/Metalogic/Algebraic/FlowFrame.lean:339:8: Overlapping instance parameters in `multiFamTaskFrameGen_interpolates`:

⚠️ There are 2 `[Nontrivial D]` instances; one is sufficient.

Note: This linter can be disabled with `set_option linter.overlappingInstances false`
warning: FormalSystem/Metalogic/Algebraic/FlowFrame.lean:346:0: automatically included section variable(s) unused in theorem `FormalSystem.Metalogic.Algebraic.multiFamTaskFrameGen_limit`:
  [Nontrivial D]
consider restructuring your `variable` declarations so that the variables are not in scope or explicitly omit them:
  omit [Nontrivial D] in theorem ...

Note: This linter can be disabled with `set_option linter.unusedSectionVars false`
warning: FormalSystem/Metalogic/Algebraic/FlowFrame.lean:346:8: Overlapping instance parameters in `multiFamTaskFrameGen_limit`:

⚠️ There are 2 `[Nontrivial D]` instances; one is sufficient.

Note: This linter can be disabled with `set_option linter.overlappingInstances false`
warning: FormalSystem/Metalogic/Algebraic/FlowFrame.lean:355:0: automatically included section variable(s) unused in theorem `FormalSystem.Metalogic.Algebraic.multiFamTaskFrameGen_spherical`:
  [Nontrivial D]
consider restructuring your `variable` declarations so that the variables are not in scope or explicitly omit them:
  omit [Nontrivial D] in theorem ...

Note: This linter can be disabled with `set_option linter.unusedSectionVars false`
warning: FormalSystem/Metalogic/Algebraic/FlowFrame.lean:355:8: Overlapping instance parameters in `multiFamTaskFrameGen_spherical`:

⚠️ There are 2 `[Nontrivial D]` instances; one is sufficient.

Note: This linter can be disabled with `set_option linter.overlappingInstances false`
warning: FormalSystem/Metalogic/Algebraic/FlowFrame.lean:372:0: automatically included section variable(s) unused in theorem `FormalSystem.Metalogic.Algebraic.multiFamGen_total_eq`:
  [Nontrivial D]
consider restructuring your `variable` declarations so that the variables are not in scope or explicitly omit them:
  omit [Nontrivial D] in theorem ...

Note: This linter can be disabled with `set_option linter.unusedSectionVars false`
warning: FormalSystem/Metalogic/Algebraic/FlowFrame.lean:372:8: Overlapping instance parameters in `multiFamGen_total_eq`:

⚠️ There are 2 `[Nontrivial D]` instances; one is sufficient.

Note: This linter can be disabled with `set_option linter.overlappingInstances false`
warning: FormalSystem/Metalogic/Algebraic/FlowFrame.lean:410:0: automatically included section variable(s) unused in theorem `FormalSystem.Metalogic.Algebraic.multiFamGen_total_eq_range`:
  [Nontrivial D]
consider restructuring your `variable` declarations so that the variables are not in scope or explicitly omit them:
  omit [Nontrivial D] in theorem ...

Note: This linter can be disabled with `set_option linter.unusedSectionVars false`
warning: FormalSystem/Metalogic/Algebraic/FlowFrame.lean:410:8: Overlapping instance parameters in `multiFamGen_total_eq_range`:

⚠️ There are 2 `[Nontrivial D]` instances; one is sufficient.

Note: This linter can be disabled with `set_option linter.overlappingInstances false`
warning: FormalSystem/Metalogic/Algebraic/FlowFrame.lean:455:18: Overlapping instance parameters in `bundleFlowFrame`:

⚠️ There are 2 `[Nontrivial D]` instances; one is sufficient.

Note: This linter can be disabled with `set_option linter.overlappingInstances false`
warning: FormalSystem/Metalogic/Algebraic/FlowFrame.lean:460:18: Overlapping instance parameters in `bundleFlowHistory`:

⚠️ There are 2 `[Nontrivial D]` instances; one is sufficient.

Note: This linter can be disabled with `set_option linter.overlappingInstances false`
warning: FormalSystem/Metalogic/Algebraic/FlowFrame.lean:467:18: Overlapping instance parameters in `bundleFlowModel`:

⚠️ There are 2 `[Nontrivial D]` instances; one is sufficient.

Note: This linter can be disabled with `set_option linter.overlappingInstances false`
warning: FormalSystem/Metalogic/Algebraic/FlowFrame.lean:471:0: automatically included section variable(s) unused in theorem `FormalSystem.Metalogic.Algebraic.bundleFlowHistory_total`:
  [Nontrivial D]
consider restructuring your `variable` declarations so that the variables are not in scope or explicitly omit them:
  omit [Nontrivial D] in theorem ...

Note: This linter can be disabled with `set_option linter.unusedSectionVars false`
warning: FormalSystem/Metalogic/Algebraic/FlowFrame.lean:471:8: Overlapping instance parameters in `bundleFlowHistory_total`:

⚠️ There are 2 `[Nontrivial D]` instances; one is sufficient.

Note: This linter can be disabled with `set_option linter.overlappingInstances false`
warning: FormalSystem/Metalogic/Algebraic/FlowFrame.lean:479:0: automatically included section variable(s) unused in theorem `FormalSystem.Metalogic.Algebraic.bundleFlow_pos_shift`:
  [Nontrivial D]
consider restructuring your `variable` declarations so that the variables are not in scope or explicitly omit them:
  omit [Nontrivial D] in theorem ...

Note: This linter can be disabled with `set_option linter.unusedSectionVars false`
warning: FormalSystem/Metalogic/Algebraic/FlowFrame.lean:479:8: Overlapping instance parameters in `bundleFlow_pos_shift`:

⚠️ There are 2 `[Nontrivial D]` instances; one is sufficient.

Note: This linter can be disabled with `set_option linter.overlappingInstances false`
warning: FormalSystem/Metalogic/Algebraic/FlowFrame.lean:486:0: automatically included section variable(s) unused in theorem `FormalSystem.Metalogic.Algebraic.bundleFlow_comp_iff`:
  [Nontrivial D]
consider restructuring your `variable` declarations so that the variables are not in scope or explicitly omit them:
  omit [Nontrivial D] in theorem ...

Note: This linter can be disabled with `set_option linter.unusedSectionVars false`
warning: FormalSystem/Metalogic/Algebraic/FlowFrame.lean:486:8: Overlapping instance parameters in `bundleFlow_comp_iff`:

⚠️ There are 2 `[Nontrivial D]` instances; one is sufficient.

Note: This linter can be disabled with `set_option linter.overlappingInstances false`
warning: FormalSystem/Metalogic/Algebraic/FlowFrame.lean:494:0: automatically included section variable(s) unused in theorem `FormalSystem.Metalogic.Algebraic.bundleFlow_serial`:
  [Nontrivial D]
consider restructuring your `variable` declarations so that the variables are not in scope or explicitly omit them:
  omit [Nontrivial D] in theorem ...

Note: This linter can be disabled with `set_option linter.unusedSectionVars false`
warning: FormalSystem/Metalogic/Algebraic/FlowFrame.lean:494:8: Overlapping instance parameters in `bundleFlow_serial`:

⚠️ There are 2 `[Nontrivial D]` instances; one is sufficient.

Note: This linter can be disabled with `set_option linter.overlappingInstances false`
warning: FormalSystem/Metalogic/Algebraic/FlowFrame.lean:502:0: automatically included section variable(s) unused in theorem `FormalSystem.Metalogic.Algebraic.bundleFlow_limit`:
  [Nontrivial D]
consider restructuring your `variable` declarations so that the variables are not in scope or explicitly omit them:
  omit [Nontrivial D] in theorem ...

Note: This linter can be disabled with `set_option linter.unusedSectionVars false`
warning: FormalSystem/Metalogic/Algebraic/FlowFrame.lean:502:8: Overlapping instance parameters in `bundleFlow_limit`:

⚠️ There are 2 `[Nontrivial D]` instances; one is sufficient.

Note: This linter can be disabled with `set_option linter.overlappingInstances false`
warning: FormalSystem/Metalogic/Algebraic/FlowFrame.lean:509:0: automatically included section variable(s) unused in theorem `FormalSystem.Metalogic.Algebraic.bundleFlow_spherical`:
  [Nontrivial D]
consider restructuring your `variable` declarations so that the variables are not in scope or explicitly omit them:
  omit [Nontrivial D] in theorem ...

Note: This linter can be disabled with `set_option linter.unusedSectionVars false`
warning: FormalSystem/Metalogic/Algebraic/FlowFrame.lean:509:8: Overlapping instance parameters in `bundleFlow_spherical`:

⚠️ There are 2 `[Nontrivial D]` instances; one is sufficient.

Note: This linter can be disabled with `set_option linter.overlappingInstances false`
warning: FormalSystem/Metalogic/Algebraic/FlowFrame.lean:521:0: automatically included section variable(s) unused in theorem `FormalSystem.Metalogic.Algebraic.bundleFlow_total_eq`:
  [Nontrivial D]
consider restructuring your `variable` declarations so that the variables are not in scope or explicitly omit them:
  omit [Nontrivial D] in theorem ...

Note: This linter can be disabled with `set_option linter.unusedSectionVars false`
warning: FormalSystem/Metalogic/Algebraic/FlowFrame.lean:521:8: Overlapping instance parameters in `bundleFlow_total_eq`:

⚠️ There are 2 `[Nontrivial D]` instances; one is sufficient.

Note: This linter can be disabled with `set_option linter.overlappingInstances false`
warning: FormalSystem/Metalogic/Algebraic/FlowFrame.lean:537:0: automatically included section variable(s) unused in theorem `FormalSystem.Metalogic.Algebraic.bundleFlow_total_eq_range`:
  [Nontrivial D]
consider restructuring your `variable` declarations so that the variables are not in scope or explicitly omit them:
  omit [Nontrivial D] in theorem ...

Note: This linter can be disabled with `set_option linter.unusedSectionVars false`
warning: FormalSystem/Metalogic/Algebraic/FlowFrame.lean:537:8: Overlapping instance parameters in `bundleFlow_total_eq_range`:

⚠️ There are 2 `[Nontrivial D]` instances; one is sufficient.

Note: This linter can be disabled with `set_option linter.overlappingInstances false`
warning: FormalSystem/Metalogic/Algebraic/FlowFrame.lean:623:0: automatically included section variable(s) unused in theorem `FormalSystem.Metalogic.Algebraic.fmcs_box_persistent`:
  [Nontrivial D]
consider restructuring your `variable` declarations so that the variables are not in scope or explicitly omit them:
  omit [Nontrivial D] in theorem ...

Note: This linter can be disabled with `set_option linter.unusedSectionVars false`
warning: FormalSystem/Metalogic/Algebraic/FlowFrame.lean:666:0: automatically included section variable(s) unused in theorem `FormalSystem.Metalogic.Algebraic.bundleFlow_truth_lemma`:
  [Nontrivial D]
consider restructuring your `variable` declarations so that the variables are not in scope or explicitly omit them:
  omit [Nontrivial D] in theorem ...

Note: This linter can be disabled with `set_option linter.unusedSectionVars false`
warning: FormalSystem/Metalogic/Algebraic/FlowFrame.lean:666:8: Overlapping instance parameters in `bundleFlow_truth_lemma`:

⚠️ There are 2 `[Nontrivial D]` instances; one is sufficient.

Note: This linter can be disabled with `set_option linter.overlappingInstances false`
warning: FormalSystem/Metalogic/Algebraic/FlowFrame.lean:791:0: automatically included section variable(s) unused in theorem `FormalSystem.Metalogic.Algebraic.bundleFlow_completeness_from_neg_membership`:
  [Nontrivial D]
consider restructuring your `variable` declarations so that the variables are not in scope or explicitly omit them:
  omit [Nontrivial D] in theorem ...

Note: This linter can be disabled with `set_option linter.unusedSectionVars false`
warning: FormalSystem/Metalogic/Algebraic/FlowFrame.lean:791:8: Overlapping instance parameters in `bundleFlow_completeness_from_neg_membership`:

⚠️ There are 2 `[Nontrivial D]` instances; one is sufficient.

Note: This linter can be disabled with `set_option linter.overlappingInstances false`
✔ [1364/1368] Built FormalSystem.Metalogic.Algebraic.LindenbaumQuotient (1.1s)
✔ [1365/1368] Built FormalSystem.Metalogic.Algebraic.BooleanStructure (1.1s)
✔ [1366/1368] Built FormalSystem.Metalogic.Algebraic.InteriorOperators (979ms)
✔ [1367/1368] Built FormalSystem.Metalogic.Algebraic.UltrafilterMCS (1.3s)
✔ [1368/1368] Built FormalSystem.Metalogic.Algebraic (813ms)
Build completed successfully (1368 jobs).
aggregator rc=0 elapsed=10s
=== DONE ===
