lake-build-guard: memory pressure detected; proceeding anyway (pass --defer-on-pressure to defer instead)
⚠ [1006/1839] Replayed FormalSystem.Semantics.TaskFrame
warning: FormalSystem/Semantics/TaskFrame.lean:376:0: automatically included section variable(s) unused in theorem `FormalSystem.Semantics.TaskFrame.mem_Fib`:
  [Nontrivial D]
consider restructuring your `variable` declarations so that the variables are not in scope or explicitly omit them:
  omit [Nontrivial D] in theorem ...

Note: This linter can be disabled with `set_option linter.unusedSectionVars false`
warning: FormalSystem/Semantics/TaskFrame.lean:398:0: automatically included section variable(s) unused in theorem `FormalSystem.Semantics.TaskFrame.mem_cone`:
  [Nontrivial D]
consider restructuring your `variable` declarations so that the variables are not in scope or explicitly omit them:
  omit [Nontrivial D] in theorem ...

Note: This linter can be disabled with `set_option linter.unusedSectionVars false`
warning: FormalSystem/Semantics/TaskFrame.lean:404:0: automatically included section variable(s) unused in theorem `FormalSystem.Semantics.TaskFrame.cone_mono`:
  [Nontrivial D]
consider restructuring your `variable` declarations so that the variables are not in scope or explicitly omit them:
  omit [Nontrivial D] in theorem ...

Note: This linter can be disabled with `set_option linter.unusedSectionVars false`
warning: FormalSystem/Semantics/TaskFrame.lean:424:0: automatically included section variable(s) unused in theorem `FormalSystem.Semantics.TaskFrame.mem_Seg`:
  [Nontrivial D]
consider restructuring your `variable` declarations so that the variables are not in scope or explicitly omit them:
  omit [Nontrivial D] in theorem ...

Note: This linter can be disabled with `set_option linter.unusedSectionVars false`
warning: FormalSystem/Semantics/TaskFrame.lean:603:0: automatically included section variable(s) unused in theorem `FormalSystem.Semantics.TaskFrame.comp_of`:
  [IsOrderedAddMonoid D]
  [Nontrivial D]
consider restructuring your `variable` declarations so that the variables are not in scope or explicitly omit them:
  omit [IsOrderedAddMonoid D] [Nontrivial D] in theorem ...

Note: This linter can be disabled with `set_option linter.unusedSectionVars false`
warning: FormalSystem/Semantics/TaskFrame.lean:610:0: automatically included section variable(s) unused in theorem `FormalSystem.Semantics.TaskFrame.forward_of_comp`:
  [IsOrderedAddMonoid D]
  [Nontrivial D]
consider restructuring your `variable` declarations so that the variables are not in scope or explicitly omit them:
  omit [IsOrderedAddMonoid D] [Nontrivial D] in theorem ...

Note: This linter can be disabled with `set_option linter.unusedSectionVars false`
warning: FormalSystem/Semantics/TaskFrame.lean:615:0: automatically included section variable(s) unused in theorem `FormalSystem.Semantics.TaskFrame.interpolates_of_comp`:
  [IsOrderedAddMonoid D]
  [Nontrivial D]
consider restructuring your `variable` declarations so that the variables are not in scope or explicitly omit them:
  omit [IsOrderedAddMonoid D] [Nontrivial D] in theorem ...

Note: This linter can be disabled with `set_option linter.unusedSectionVars false`
warning: FormalSystem/Semantics/TaskFrame.lean:1119:0: automatically included section variable(s) unused in theorem `FormalSystem.Semantics.TaskFrame.limit_of_succOrder`:
  [Nontrivial D]
consider restructuring your `variable` declarations so that the variables are not in scope or explicitly omit them:
  omit [Nontrivial D] in theorem ...

Note: This linter can be disabled with `set_option linter.unusedSectionVars false`
warning: FormalSystem/Semantics/TaskFrame.lean:1374:0: automatically included section variable(s) unused in theorem `FormalSystem.Semantics.TaskFrame.saturation_of_finite`:
  [Nontrivial D]
consider restructuring your `variable` declarations so that the variables are not in scope or explicitly omit them:
  omit [Nontrivial D] in theorem ...

Note: This linter can be disabled with `set_option linter.unusedSectionVars false`
warning: FormalSystem/Semantics/TaskFrame.lean:1389:0: automatically included section variable(s) unused in theorem `FormalSystem.Semantics.TaskFrame.serial_of_total`:
  [Nontrivial D]
consider restructuring your `variable` declarations so that the variables are not in scope or explicitly omit them:
  omit [Nontrivial D] in theorem ...

Note: This linter can be disabled with `set_option linter.unusedSectionVars false`
warning: FormalSystem/Semantics/TaskFrame.lean:1398:0: automatically included section variable(s) unused in theorem `FormalSystem.Semantics.TaskFrame.interpolates_of_total`:
  [Nontrivial D]
consider restructuring your `variable` declarations so that the variables are not in scope or explicitly omit them:
  omit [Nontrivial D] in theorem ...

Note: This linter can be disabled with `set_option linter.unusedSectionVars false`
warning: FormalSystem/Semantics/TaskFrame.lean:1407:0: automatically included section variable(s) unused in theorem `FormalSystem.Semantics.TaskFrame.limit_of_subsingleton`:
  [Nontrivial D]
consider restructuring your `variable` declarations so that the variables are not in scope or explicitly omit them:
  omit [Nontrivial D] in theorem ...

Note: This linter can be disabled with `set_option linter.unusedSectionVars false`
warning: FormalSystem/Semantics/TaskFrame.lean:1419:0: automatically included section variable(s) unused in theorem `FormalSystem.Semantics.TaskFrame.saturation_of_subsingleton`:
  [Nontrivial D]
consider restructuring your `variable` declarations so that the variables are not in scope or explicitly omit them:
  omit [Nontrivial D] in theorem ...

Note: This linter can be disabled with `set_option linter.unusedSectionVars false`
warning: FormalSystem/Semantics/TaskFrame.lean:1434:0: automatically included section variable(s) unused in theorem `FormalSystem.Semantics.TaskFrame.Fib.permissive_zero`:
  [Nontrivial D]
consider restructuring your `variable` declarations so that the variables are not in scope or explicitly omit them:
  omit [Nontrivial D] in theorem ...

Note: This linter can be disabled with `set_option linter.unusedSectionVars false`
warning: FormalSystem/Semantics/TaskFrame.lean:1440:0: automatically included section variable(s) unused in theorem `FormalSystem.Semantics.TaskFrame.Fib.permissive_ne`:
  [Nontrivial D]
consider restructuring your `variable` declarations so that the variables are not in scope or explicitly omit them:
  omit [Nontrivial D] in theorem ...

Note: This linter can be disabled with `set_option linter.unusedSectionVars false`
warning: FormalSystem/Semantics/TaskFrame.lean:1450:0: automatically included section variable(s) unused in theorem `FormalSystem.Semantics.TaskFrame.serial_of_permissive`:
  [Nontrivial D]
consider restructuring your `variable` declarations so that the variables are not in scope or explicitly omit them:
  omit [Nontrivial D] in theorem ...

Note: This linter can be disabled with `set_option linter.unusedSectionVars false`
warning: FormalSystem/Semantics/TaskFrame.lean:1462:0: automatically included section variable(s) unused in theorem `FormalSystem.Semantics.TaskFrame.interpolates_of_permissive`:
  [Nontrivial D]
consider restructuring your `variable` declarations so that the variables are not in scope or explicitly omit them:
  omit [Nontrivial D] in theorem ...

Note: This linter can be disabled with `set_option linter.unusedSectionVars false`
warning: FormalSystem/Semantics/TaskFrame.lean:1589:0: automatically included section variable(s) unused in theorem `FormalSystem.Semantics.TaskFrame.Fib.eq_singleton`:
  [Nontrivial D]
consider restructuring your `variable` declarations so that the variables are not in scope or explicitly omit them:
  omit [Nontrivial D] in theorem ...

Note: This linter can be disabled with `set_option linter.unusedSectionVars false`
warning: FormalSystem/Semantics/TaskFrame.lean:1595:0: automatically included section variable(s) unused in theorem `FormalSystem.Semantics.TaskFrame.serial_of_eq`:
  [Nontrivial D]
consider restructuring your `variable` declarations so that the variables are not in scope or explicitly omit them:
  omit [Nontrivial D] in theorem ...

Note: This linter can be disabled with `set_option linter.unusedSectionVars false`
warning: FormalSystem/Semantics/TaskFrame.lean:1604:0: automatically included section variable(s) unused in theorem `FormalSystem.Semantics.TaskFrame.interpolates_of_eq`:
  [Nontrivial D]
consider restructuring your `variable` declarations so that the variables are not in scope or explicitly omit them:
  omit [Nontrivial D] in theorem ...

Note: This linter can be disabled with `set_option linter.unusedSectionVars false`
⚠ [1029/1839] Replayed FormalSystem.Semantics.PartialHistoryOrder
warning: FormalSystem/Semantics/PartialHistoryOrder.lean:176:7: Variable name `t` is not explicitly referenced.

Hint: The binding can be removed (if unused) or named `_` (if used implicitly). Alternatively, prefix the name with `_` to silence this warning:
  [apply] _t

Note: This linter can be disabled with `set_option linter.unusedVariables false`
⚠ [1235/1839] Replayed FormalSystem.Semantics.Ultraproduct.ShiftSetProduct
warning: FormalSystem/Semantics/Ultraproduct/ShiftSetProduct.lean:101:4: `push_neg` has been deprecated. Prefer using `push Not` instead.
If you'd rather continue using `push_neg` in your project, you can implement it as follows:
```
open Lean.Parser.Tactic in
macro "push_neg" cfg:optConfig loc:(location)? : tactic =>
  `(tactic| push $cfg:optConfig Not $[$loc]?)
```
⚠ [1427/1839] Replayed FormalSystem.Semantics.DurationClassification
warning: FormalSystem/Semantics/DurationClassification.lean:348:4: `push_neg` has been deprecated. Prefer using `push Not` instead.
If you'd rather continue using `push_neg` in your project, you can implement it as follows:
```
open Lean.Parser.Tactic in
macro "push_neg" cfg:optConfig loc:(location)? : tactic =>
  `(tactic| push $cfg:optConfig Not $[$loc]?)
```
warning: FormalSystem/Semantics/DurationClassification.lean:353:4: `push_neg` has been deprecated. Prefer using `push Not` instead.
If you'd rather continue using `push_neg` in your project, you can implement it as follows:
```
open Lean.Parser.Tactic in
macro "push_neg" cfg:optConfig loc:(location)? : tactic =>
  `(tactic| push $cfg:optConfig Not $[$loc]?)
```
⚠ [1429/1839] Replayed FormalSystem.Semantics.LexCarrier
warning: FormalSystem/Semantics/LexCarrier.lean:104:8: automatically included section variable(s) unused in theorem `_private.FormalSystem.Semantics.LexCarrier.0.FormalSystem.Semantics.LexInt.lexSucc_le_iff`:
  [AddCommGroup α]
  [IsOrderedAddMonoid α]
consider restructuring your `variable` declarations so that the variables are not in scope or explicitly omit them:
  omit [AddCommGroup α] [IsOrderedAddMonoid α] in theorem ...

Note: This linter can be disabled with `set_option linter.unusedSectionVars false`
warning: FormalSystem/Semantics/LexCarrier.lean:116:8: automatically included section variable(s) unused in theorem `_private.FormalSystem.Semantics.LexCarrier.0.FormalSystem.Semantics.LexInt.le_lexPred_iff`:
  [AddCommGroup α]
  [IsOrderedAddMonoid α]
consider restructuring your `variable` declarations so that the variables are not in scope or explicitly omit them:
  omit [AddCommGroup α] [IsOrderedAddMonoid α] in theorem ...

Note: This linter can be disabled with `set_option linter.unusedSectionVars false`
warning: FormalSystem/Semantics/LexCarrier.lean:145:0: automatically included section variable(s) unused in theorem `FormalSystem.Semantics.LexInt.isLeast_pos`:
  [IsOrderedAddMonoid α]
consider restructuring your `variable` declarations so that the variables are not in scope or explicitly omit them:
  omit [IsOrderedAddMonoid α] in theorem ...

Note: This linter can be disabled with `set_option linter.unusedSectionVars false`
⚠ [1442/1839] Replayed FormalSystem.Semantics.Correspondence.FwdRecBridge
warning: FormalSystem/Semantics/Correspondence/FwdRecBridge.lean:129:4: Try this: intro hF φ M τ t
⚠ [1456/1839] Replayed FormalSystem.Metalogic.SoundnessLemmas.FrameClassVariants
warning: FormalSystem/Metalogic/SoundnessLemmas/FrameClassVariants.lean:117:2: Try this: intro F _ M τ t h_abc h_ab h_a
warning: FormalSystem/Metalogic/SoundnessLemmas/FrameClassVariants.lean:124:2: Try this: intro F _ M τ t h_a _
warning: FormalSystem/Metalogic/SoundnessLemmas/FrameClassVariants.lean:146:2: Try this: intro F _ M τ t h_bot
warning: FormalSystem/Metalogic/SoundnessLemmas/FrameClassVariants.lean:171:2: Try this: intro F _ M τ t h_box_imp h_box_psi σ
warning: FormalSystem/Metalogic/SoundnessLemmas/FrameClassVariants.lean:581:4: Try this: intro _ h_neg_second
warning: FormalSystem/Metalogic/SoundnessLemmas/FrameClassVariants.lean:588:4: Try this: intro _ _
warning: FormalSystem/Metalogic/SoundnessLemmas/FrameClassVariants.lean:615:4: Try this: intro _ _
warning: FormalSystem/Metalogic/SoundnessLemmas/FrameClassVariants.lean:622:4: Try this: intro _ h_neg_second
⚠ [1457/1839] Replayed FormalSystem.Metalogic.SoundnessLemmas.Separability
warning: FormalSystem/Metalogic/SoundnessLemmas/Separability.lean:102:12: This simp argument is unused:
  one_nsmul

Hint: Omit it from the simp argument list.
  [apply] simp [hz]

Note: This linter can be disabled with `set_option linter.unusedSimpArgs false`
⚠ [1458/1839] Replayed FormalSystem.Metalogic.Soundness
warning: FormalSystem/Metalogic/Soundness.lean:427:4: Try this: intro _ _
warning: FormalSystem/Metalogic/Soundness.lean:435:4: Try this: intro _ h_neg_second
⚠ [1477/1839] Replayed FormalSystem.Metalogic.BXCanonical.Chronicle.PointInsertion
warning: FormalSystem/Metalogic/BXCanonical/Chronicle/PointInsertion.lean:1973:86: This simp argument is unused:
  true_and

Hint: Omit it from the simp argument list.
  [apply] simp only [h_not_B, ↓reduceDIte, Formula.snce.injEq, ↓existsAndEq]

Note: This linter can be disabled with `set_option linter.unusedSimpArgs false`
⚠ [1763/1839] Replayed FormalSystem.Metalogic.Algebraic.FlowFrame
warning: FormalSystem/Metalogic/Algebraic/FlowFrame.lean:621:0: automatically included section variable(s) unused in theorem `FormalSystem.Metalogic.Algebraic.fmcs_box_persistent`:
  [Nontrivial D]
consider restructuring your `variable` declarations so that the variables are not in scope or explicitly omit them:
  omit [Nontrivial D] in theorem ...

Note: This linter can be disabled with `set_option linter.unusedSectionVars false`
⚠ [1954/2718] Replayed FormalSystem.Metalogic.WeakCanonical.DenseModelSurgery.Lemma34
warning: FormalSystem/Metalogic/WeakCanonical/DenseModelSurgery/Lemma34.lean:231:4: `push_neg` has been deprecated. Prefer using `push Not` instead.
If you'd rather continue using `push_neg` in your project, you can implement it as follows:
```
open Lean.Parser.Tactic in
macro "push_neg" cfg:optConfig loc:(location)? : tactic =>
  `(tactic| push $cfg:optConfig Not $[$loc]?)
```
warning: FormalSystem/Metalogic/WeakCanonical/DenseModelSurgery/Lemma34.lean:238:6: `push_neg` has been deprecated. Prefer using `push Not` instead.
If you'd rather continue using `push_neg` in your project, you can implement it as follows:
```
open Lean.Parser.Tactic in
macro "push_neg" cfg:optConfig loc:(location)? : tactic =>
  `(tactic| push $cfg:optConfig Not $[$loc]?)
```
warning: FormalSystem/Metalogic/WeakCanonical/DenseModelSurgery/Lemma34.lean:275:2: `push_neg` has been deprecated. Prefer using `push Not` instead.
If you'd rather continue using `push_neg` in your project, you can implement it as follows:
```
open Lean.Parser.Tactic in
macro "push_neg" cfg:optConfig loc:(location)? : tactic =>
  `(tactic| push $cfg:optConfig Not $[$loc]?)
```
warning: FormalSystem/Metalogic/WeakCanonical/DenseModelSurgery/Lemma34.lean:272:0: automatically included section variable(s) unused in theorem `FormalSystem.Metalogic.WeakCanonical.DenseModelSurgery.exists_contemp_gt`:
  [InStructureClass C M]
consider restructuring your `variable` declarations so that the variables are not in scope or explicitly omit them:
  omit [InStructureClass C M] in theorem ...

Note: This linter can be disabled with `set_option linter.unusedSectionVars false`
warning: FormalSystem/Metalogic/WeakCanonical/DenseModelSurgery/Lemma34.lean:454:71: This simp argument is unused:
  c4_three

Hint: Omit it from the simp argument list.
  [apply] simp only [classBeginsAtGapStartFormula, ClassBeginsAtGapStart, eval, eval_imp, eval_epsAt, eval_rhoAt,
    Fin.cons_zero, c2_one, c3_one, c3_two, c4_one, c4_two, and_imp]

Note: This linter can be disabled with `set_option linter.unusedSimpArgs false`
warning: FormalSystem/Metalogic/WeakCanonical/DenseModelSurgery/Lemma34.lean:454:81: This simp argument is unused:
  and_imp

Hint: Omit it from the simp argument list.
  [apply] simp only [classBeginsAtGapStartFormula, ClassBeginsAtGapStart, eval, eval_imp, eval_epsAt, eval_rhoAt,
    Fin.cons_zero, c2_one, c3_one, c3_two, c4_one, c4_two, c4_three]

Note: This linter can be disabled with `set_option linter.unusedSimpArgs false`
warning: FormalSystem/Metalogic/WeakCanonical/DenseModelSurgery/Lemma34.lean:504:0: automatically included section variable(s) unused in theorem `FormalSystem.Metalogic.WeakCanonical.DenseModelSurgery.contemp_not_lt_of_kminus`:
  [Fintype sig.preds]
  [DecidableEq sig.preds]
consider restructuring your `variable` declarations so that the variables are not in scope or explicitly omit them:
  omit [Fintype sig.preds] [DecidableEq sig.preds] in theorem ...

Note: This linter can be disabled with `set_option linter.unusedSectionVars false`
warning: FormalSystem/Metalogic/WeakCanonical/DenseModelSurgery/Lemma34.lean:539:4: `push_neg` has been deprecated. Prefer using `push Not` instead.
If you'd rather continue using `push_neg` in your project, you can implement it as follows:
```
open Lean.Parser.Tactic in
macro "push_neg" cfg:optConfig loc:(location)? : tactic =>
  `(tactic| push $cfg:optConfig Not $[$loc]?)
```
warning: FormalSystem/Metalogic/WeakCanonical/DenseModelSurgery/Lemma34.lean:545:6: `push_neg` has been deprecated. Prefer using `push Not` instead.
If you'd rather continue using `push_neg` in your project, you can implement it as follows:
```
open Lean.Parser.Tactic in
macro "push_neg" cfg:optConfig loc:(location)? : tactic =>
  `(tactic| push $cfg:optConfig Not $[$loc]?)
```
warning: FormalSystem/Metalogic/WeakCanonical/DenseModelSurgery/Lemma34.lean:568:4: `push_neg` has been deprecated. Prefer using `push Not` instead.
If you'd rather continue using `push_neg` in your project, you can implement it as follows:
```
open Lean.Parser.Tactic in
macro "push_neg" cfg:optConfig loc:(location)? : tactic =>
  `(tactic| push $cfg:optConfig Not $[$loc]?)
```
warning: FormalSystem/Metalogic/WeakCanonical/DenseModelSurgery/Lemma34.lean:559:0: automatically included section variable(s) unused in theorem `FormalSystem.Metalogic.WeakCanonical.DenseModelSurgery.not_classBeginsAtGapStart`:
  [Fintype sig.preds]
  [DecidableEq sig.preds]
consider restructuring your `variable` declarations so that the variables are not in scope or explicitly omit them:
  omit [Fintype sig.preds] [DecidableEq sig.preds] in theorem ...

Note: This linter can be disabled with `set_option linter.unusedSectionVars false`
warning: FormalSystem/Metalogic/WeakCanonical/DenseModelSurgery/Lemma34.lean:630:4: `push_neg` has been deprecated. Prefer using `push Not` instead.
If you'd rather continue using `push_neg` in your project, you can implement it as follows:
```
open Lean.Parser.Tactic in
macro "push_neg" cfg:optConfig loc:(location)? : tactic =>
  `(tactic| push $cfg:optConfig Not $[$loc]?)
```
warning: FormalSystem/Metalogic/WeakCanonical/DenseModelSurgery/Lemma34.lean:770:4: `push_neg` has been deprecated. Prefer using `push Not` instead.
If you'd rather continue using `push_neg` in your project, you can implement it as follows:
```
open Lean.Parser.Tactic in
macro "push_neg" cfg:optConfig loc:(location)? : tactic =>
  `(tactic| push $cfg:optConfig Not $[$loc]?)
```
warning: FormalSystem/Metalogic/WeakCanonical/DenseModelSurgery/Lemma34.lean:852:4: `push_neg` has been deprecated. Prefer using `push Not` instead.
If you'd rather continue using `push_neg` in your project, you can implement it as follows:
```
open Lean.Parser.Tactic in
macro "push_neg" cfg:optConfig loc:(location)? : tactic =>
  `(tactic| push $cfg:optConfig Not $[$loc]?)
```
warning: FormalSystem/Metalogic/WeakCanonical/DenseModelSurgery/Lemma34.lean:858:2: `push_neg` has been deprecated. Prefer using `push Not` instead.
If you'd rather continue using `push_neg` in your project, you can implement it as follows:
```
open Lean.Parser.Tactic in
macro "push_neg" cfg:optConfig loc:(location)? : tactic =>
  `(tactic| push $cfg:optConfig Not $[$loc]?)
```
warning: FormalSystem/Metalogic/WeakCanonical/DenseModelSurgery/Lemma34.lean:842:0: automatically included section variable(s) unused in theorem `FormalSystem.Metalogic.WeakCanonical.DenseModelSurgery.isFirstClassPoint_congr`:
  [Fintype sig.preds]
  [DecidableEq sig.preds]
consider restructuring your `variable` declarations so that the variables are not in scope or explicitly omit them:
  omit [Fintype sig.preds] [DecidableEq sig.preds] in theorem ...

Note: This linter can be disabled with `set_option linter.unusedSectionVars false`
warning: FormalSystem/Metalogic/WeakCanonical/DenseModelSurgery/Lemma34.lean:867:0: automatically included section variable(s) unused in theorem `FormalSystem.Metalogic.WeakCanonical.DenseModelSurgery.not_isFirstClassPoint`:
  [Fintype sig.preds]
  [DecidableEq sig.preds]
consider restructuring your `variable` declarations so that the variables are not in scope or explicitly omit them:
  omit [Fintype sig.preds] [DecidableEq sig.preds] in theorem ...

Note: This linter can be disabled with `set_option linter.unusedSectionVars false`
warning: FormalSystem/Metalogic/WeakCanonical/DenseModelSurgery/Lemma34.lean:1046:4: `push_neg` has been deprecated. Prefer using `push Not` instead.
If you'd rather continue using `push_neg` in your project, you can implement it as follows:
```
open Lean.Parser.Tactic in
macro "push_neg" cfg:optConfig loc:(location)? : tactic =>
  `(tactic| push $cfg:optConfig Not $[$loc]?)
```
warning: FormalSystem/Metalogic/WeakCanonical/DenseModelSurgery/Lemma34.lean:1051:2: `push_neg` has been deprecated. Prefer using `push Not` instead.
If you'd rather continue using `push_neg` in your project, you can implement it as follows:
```
open Lean.Parser.Tactic in
macro "push_neg" cfg:optConfig loc:(location)? : tactic =>
  `(tactic| push $cfg:optConfig Not $[$loc]?)
```
⚠ [1956/2718] Replayed FormalSystem.Metalogic.WeakCanonical.DenseModelSurgery.Lemma5
warning: FormalSystem/Metalogic/WeakCanonical/DenseModelSurgery/Lemma5.lean:327:0: automatically included section variable(s) unused in theorem `FormalSystem.Metalogic.WeakCanonical.DenseModelSurgery.holdsSomewhereInClass_congr`:
  [IsDualClosed C]
consider restructuring your `variable` declarations so that the variables are not in scope or explicitly omit them:
  omit [IsDualClosed C] in theorem ...

Note: This linter can be disabled with `set_option linter.unusedSectionVars false`
warning: FormalSystem/Metalogic/WeakCanonical/DenseModelSurgery/Lemma5.lean:419:4: `push_neg` has been deprecated. Prefer using `push Not` instead.
If you'd rather continue using `push_neg` in your project, you can implement it as follows:
```
open Lean.Parser.Tactic in
macro "push_neg" cfg:optConfig loc:(location)? : tactic =>
  `(tactic| push $cfg:optConfig Not $[$loc]?)
```
warning: FormalSystem/Metalogic/WeakCanonical/DenseModelSurgery/Lemma5.lean:438:4: `push_neg` has been deprecated. Prefer using `push Not` instead.
If you'd rather continue using `push_neg` in your project, you can implement it as follows:
```
open Lean.Parser.Tactic in
macro "push_neg" cfg:optConfig loc:(location)? : tactic =>
  `(tactic| push $cfg:optConfig Not $[$loc]?)
```
warning: FormalSystem/Metalogic/WeakCanonical/DenseModelSurgery/Lemma5.lean:408:0: automatically included section variable(s) unused in theorem `FormalSystem.Metalogic.WeakCanonical.DenseModelSurgery.false_of_holds_throughout_class_bounded`:
  [IsDualClosed C]
consider restructuring your `variable` declarations so that the variables are not in scope or explicitly omit them:
  omit [IsDualClosed C] in theorem ...

Note: This linter can be disabled with `set_option linter.unusedSectionVars false`
warning: FormalSystem/Metalogic/WeakCanonical/DenseModelSurgery/Lemma5.lean:471:4: `push_neg` has been deprecated. Prefer using `push Not` instead.
If you'd rather continue using `push_neg` in your project, you can implement it as follows:
```
open Lean.Parser.Tactic in
macro "push_neg" cfg:optConfig loc:(location)? : tactic =>
  `(tactic| push $cfg:optConfig Not $[$loc]?)
```
warning: FormalSystem/Metalogic/WeakCanonical/DenseModelSurgery/Lemma5.lean:459:0: automatically included section variable(s) unused in theorem `FormalSystem.Metalogic.WeakCanonical.DenseModelSurgery.exists_bound_notHolds`:
  [IsDualClosed C]
consider restructuring your `variable` declarations so that the variables are not in scope or explicitly omit them:
  omit [IsDualClosed C] in theorem ...

Note: This linter can be disabled with `set_option linter.unusedSectionVars false`
warning: FormalSystem/Metalogic/WeakCanonical/DenseModelSurgery/Lemma5.lean:536:4: `push_neg` has been deprecated. Prefer using `push Not` instead.
If you'd rather continue using `push_neg` in your project, you can implement it as follows:
```
open Lean.Parser.Tactic in
macro "push_neg" cfg:optConfig loc:(location)? : tactic =>
  `(tactic| push $cfg:optConfig Not $[$loc]?)
```
warning: FormalSystem/Metalogic/WeakCanonical/DenseModelSurgery/Lemma5.lean:564:6: `push_neg` has been deprecated. Prefer using `push Not` instead.
If you'd rather continue using `push_neg` in your project, you can implement it as follows:
```
open Lean.Parser.Tactic in
macro "push_neg" cfg:optConfig loc:(location)? : tactic =>
  `(tactic| push $cfg:optConfig Not $[$loc]?)
```
warning: FormalSystem/Metalogic/WeakCanonical/DenseModelSurgery/Lemma5.lean:585:6: `push_neg` has been deprecated. Prefer using `push Not` instead.
If you'd rather continue using `push_neg` in your project, you can implement it as follows:
```
open Lean.Parser.Tactic in
macro "push_neg" cfg:optConfig loc:(location)? : tactic =>
  `(tactic| push $cfg:optConfig Not $[$loc]?)
```
warning: FormalSystem/Metalogic/WeakCanonical/DenseModelSurgery/Lemma5.lean:739:0: automatically included section variable(s) unused in theorem `FormalSystem.Metalogic.WeakCanonical.DenseModelSurgery.classModels_congr`:
  [IsDualClosed C]
consider restructuring your `variable` declarations so that the variables are not in scope or explicitly omit them:
  omit [IsDualClosed C] in theorem ...

Note: This linter can be disabled with `set_option linter.unusedSectionVars false`
⚠ [1957/2718] Replayed FormalSystem.Metalogic.WeakCanonical.DenseModelSurgery.BadIntervals
warning: FormalSystem/Metalogic/WeakCanonical/DenseModelSurgery/BadIntervals.lean:357:0: automatically included section variable(s) unused in theorem `FormalSystem.Metalogic.WeakCanonical.DenseModelSurgery.notLeftEnd_of_le`:
  [IsDualClosed C]
consider restructuring your `variable` declarations so that the variables are not in scope or explicitly omit them:
  omit [IsDualClosed C] in theorem ...

Note: This linter can be disabled with `set_option linter.unusedSectionVars false`
warning: FormalSystem/Metalogic/WeakCanonical/DenseModelSurgery/BadIntervals.lean:403:0: automatically included section variable(s) unused in theorem `FormalSystem.Metalogic.WeakCanonical.DenseModelSurgery.not_endsInGapOnRight_of_immediatePredecessor`:
  [IsDualClosed C]
consider restructuring your `variable` declarations so that the variables are not in scope or explicitly omit them:
  omit [IsDualClosed C] in theorem ...

Note: This linter can be disabled with `set_option linter.unusedSectionVars false`
warning: FormalSystem/Metalogic/WeakCanonical/DenseModelSurgery/BadIntervals.lean:457:0: automatically included section variable(s) unused in theorem `FormalSystem.Metalogic.WeakCanonical.DenseModelSurgery.leftEnd_iff_exists_not_notLeftEnd`:
  [IsDualClosed C]
  [Fintype sig.preds]
  [DecidableEq sig.preds]
consider restructuring your `variable` declarations so that the variables are not in scope or explicitly omit them:
  omit [IsDualClosed C] [Fintype sig.preds] [DecidableEq sig.preds] in theorem ...

Note: This linter can be disabled with `set_option linter.unusedSectionVars false`
warning: FormalSystem/Metalogic/WeakCanonical/DenseModelSurgery/BadIntervals.lean:554:4: `push_neg` has been deprecated. Prefer using `push Not` instead.
If you'd rather continue using `push_neg` in your project, you can implement it as follows:
```
open Lean.Parser.Tactic in
macro "push_neg" cfg:optConfig loc:(location)? : tactic =>
  `(tactic| push $cfg:optConfig Not $[$loc]?)
```
warning: FormalSystem/Metalogic/WeakCanonical/DenseModelSurgery/BadIntervals.lean:562:4: `push_neg` has been deprecated. Prefer using `push Not` instead.
If you'd rather continue using `push_neg` in your project, you can implement it as follows:
```
open Lean.Parser.Tactic in
macro "push_neg" cfg:optConfig loc:(location)? : tactic =>
  `(tactic| push $cfg:optConfig Not $[$loc]?)
```
warning: FormalSystem/Metalogic/WeakCanonical/DenseModelSurgery/BadIntervals.lean:573:4: `push_neg` has been deprecated. Prefer using `push Not` instead.
If you'd rather continue using `push_neg` in your project, you can implement it as follows:
```
open Lean.Parser.Tactic in
macro "push_neg" cfg:optConfig loc:(location)? : tactic =>
  `(tactic| push $cfg:optConfig Not $[$loc]?)
```
warning: FormalSystem/Metalogic/WeakCanonical/DenseModelSurgery/BadIntervals.lean:584:6: `push_neg` has been deprecated. Prefer using `push Not` instead.
If you'd rather continue using `push_neg` in your project, you can implement it as follows:
```
open Lean.Parser.Tactic in
macro "push_neg" cfg:optConfig loc:(location)? : tactic =>
  `(tactic| push $cfg:optConfig Not $[$loc]?)
```
warning: FormalSystem/Metalogic/WeakCanonical/DenseModelSurgery/BadIntervals.lean:591:6: `push_neg` has been deprecated. Prefer using `push Not` instead.
If you'd rather continue using `push_neg` in your project, you can implement it as follows:
```
open Lean.Parser.Tactic in
macro "push_neg" cfg:optConfig loc:(location)? : tactic =>
  `(tactic| push $cfg:optConfig Not $[$loc]?)
```
warning: FormalSystem/Metalogic/WeakCanonical/DenseModelSurgery/BadIntervals.lean:527:0: automatically included section variable(s) unused in theorem `FormalSystem.Metalogic.WeakCanonical.DenseModelSurgery.false_of_allClassesHaveLeftEnd`:
  [IsDualClosed C]
consider restructuring your `variable` declarations so that the variables are not in scope or explicitly omit them:
  omit [IsDualClosed C] in theorem ...

Note: This linter can be disabled with `set_option linter.unusedSectionVars false`
warning: FormalSystem/Metalogic/WeakCanonical/DenseModelSurgery/BadIntervals.lean:644:6: `push_neg` has been deprecated. Prefer using `push Not` instead.
If you'd rather continue using `push_neg` in your project, you can implement it as follows:
```
open Lean.Parser.Tactic in
macro "push_neg" cfg:optConfig loc:(location)? : tactic =>
  `(tactic| push $cfg:optConfig Not $[$loc]?)
```
warning: FormalSystem/Metalogic/WeakCanonical/DenseModelSurgery/BadIntervals.lean:659:6: `push_neg` has been deprecated. Prefer using `push Not` instead.
If you'd rather continue using `push_neg` in your project, you can implement it as follows:
```
open Lean.Parser.Tactic in
macro "push_neg" cfg:optConfig loc:(location)? : tactic =>
  `(tactic| push $cfg:optConfig Not $[$loc]?)
```
warning: FormalSystem/Metalogic/WeakCanonical/DenseModelSurgery/BadIntervals.lean:678:6: `push_neg` has been deprecated. Prefer using `push Not` instead.
If you'd rather continue using `push_neg` in your project, you can implement it as follows:
```
open Lean.Parser.Tactic in
macro "push_neg" cfg:optConfig loc:(location)? : tactic =>
  `(tactic| push $cfg:optConfig Not $[$loc]?)
```
warning: FormalSystem/Metalogic/WeakCanonical/DenseModelSurgery/BadIntervals.lean:690:0: automatically included section variable(s) unused in theorem `FormalSystem.Metalogic.WeakCanonical.DenseModelSurgery.reynolds_lemma6_nonsingleton`:
  [IsDualClosed C]
consider restructuring your `variable` declarations so that the variables are not in scope or explicitly omit them:
  omit [IsDualClosed C] in theorem ...

Note: This linter can be disabled with `set_option linter.unusedSectionVars false`
warning: FormalSystem/Metalogic/WeakCanonical/DenseModelSurgery/BadIntervals.lean:708:2: `push_neg` has been deprecated. Prefer using `push Not` instead.
If you'd rather continue using `push_neg` in your project, you can implement it as follows:
```
open Lean.Parser.Tactic in
macro "push_neg" cfg:optConfig loc:(location)? : tactic =>
  `(tactic| push $cfg:optConfig Not $[$loc]?)
```
warning: FormalSystem/Metalogic/WeakCanonical/DenseModelSurgery/BadIntervals.lean:704:0: automatically included section variable(s) unused in theorem `FormalSystem.Metalogic.WeakCanonical.DenseModelSurgery.lt_of_classMate`:
  [IsDualClosed C]
consider restructuring your `variable` declarations so that the variables are not in scope or explicitly omit them:
  omit [IsDualClosed C] in theorem ...

Note: This linter can be disabled with `set_option linter.unusedSectionVars false`
warning: FormalSystem/Metalogic/WeakCanonical/DenseModelSurgery/BadIntervals.lean:717:2: `push_neg` has been deprecated. Prefer using `push Not` instead.
If you'd rather continue using `push_neg` in your project, you can implement it as follows:
```
open Lean.Parser.Tactic in
macro "push_neg" cfg:optConfig loc:(location)? : tactic =>
  `(tactic| push $cfg:optConfig Not $[$loc]?)
```
warning: FormalSystem/Metalogic/WeakCanonical/DenseModelSurgery/BadIntervals.lean:713:0: automatically included section variable(s) unused in theorem `FormalSystem.Metalogic.WeakCanonical.DenseModelSurgery.classMate_lt`:
  [IsDualClosed C]
consider restructuring your `variable` declarations so that the variables are not in scope or explicitly omit them:
  omit [IsDualClosed C] in theorem ...

Note: This linter can be disabled with `set_option linter.unusedSectionVars false`
warning: FormalSystem/Metalogic/WeakCanonical/DenseModelSurgery/BadIntervals.lean:753:4: `push_neg` has been deprecated. Prefer using `push Not` instead.
If you'd rather continue using `push_neg` in your project, you can implement it as follows:
```
open Lean.Parser.Tactic in
macro "push_neg" cfg:optConfig loc:(location)? : tactic =>
  `(tactic| push $cfg:optConfig Not $[$loc]?)
```
warning: FormalSystem/Metalogic/WeakCanonical/DenseModelSurgery/BadIntervals.lean:773:4: `push_neg` has been deprecated. Prefer using `push Not` instead.
If you'd rather continue using `push_neg` in your project, you can implement it as follows:
```
open Lean.Parser.Tactic in
macro "push_neg" cfg:optConfig loc:(location)? : tactic =>
  `(tactic| push $cfg:optConfig Not $[$loc]?)
```
warning: FormalSystem/Metalogic/WeakCanonical/DenseModelSurgery/BadIntervals.lean:742:0: automatically included section variable(s) unused in theorem `FormalSystem.Metalogic.WeakCanonical.DenseModelSurgery.false_of_holds_throughout_class_from_bounded`:
  [IsDualClosed C]
consider restructuring your `variable` declarations so that the variables are not in scope or explicitly omit them:
  omit [IsDualClosed C] in theorem ...

Note: This linter can be disabled with `set_option linter.unusedSectionVars false`
warning: FormalSystem/Metalogic/WeakCanonical/DenseModelSurgery/BadIntervals.lean:809:0: automatically included section variable(s) unused in theorem `FormalSystem.Metalogic.WeakCanonical.DenseModelSurgery.afterNotHoldsInClass_of_le`:
  [IsDualClosed C]
consider restructuring your `variable` declarations so that the variables are not in scope or explicitly omit them:
  omit [IsDualClosed C] in theorem ...

Note: This linter can be disabled with `set_option linter.unusedSectionVars false`
warning: FormalSystem/Metalogic/WeakCanonical/DenseModelSurgery/BadIntervals.lean:931:8: `push_neg` has been deprecated. Prefer using `push Not` instead.
If you'd rather continue using `push_neg` in your project, you can implement it as follows:
```
open Lean.Parser.Tactic in
macro "push_neg" cfg:optConfig loc:(location)? : tactic =>
  `(tactic| push $cfg:optConfig Not $[$loc]?)
```
warning: FormalSystem/Metalogic/WeakCanonical/DenseModelSurgery/BadIntervals.lean:966:2: `push_neg` has been deprecated. Prefer using `push Not` instead.
If you'd rather continue using `push_neg` in your project, you can implement it as follows:
```
open Lean.Parser.Tactic in
macro "push_neg" cfg:optConfig loc:(location)? : tactic =>
  `(tactic| push $cfg:optConfig Not $[$loc]?)
```
warning: FormalSystem/Metalogic/WeakCanonical/DenseModelSurgery/BadIntervals.lean:999:6: `push_neg` has been deprecated. Prefer using `push Not` instead.
If you'd rather continue using `push_neg` in your project, you can implement it as follows:
```
open Lean.Parser.Tactic in
macro "push_neg" cfg:optConfig loc:(location)? : tactic =>
  `(tactic| push $cfg:optConfig Not $[$loc]?)
```
warning: FormalSystem/Metalogic/WeakCanonical/DenseModelSurgery/BadIntervals.lean:1007:8: `push_neg` has been deprecated. Prefer using `push Not` instead.
If you'd rather continue using `push_neg` in your project, you can implement it as follows:
```
open Lean.Parser.Tactic in
macro "push_neg" cfg:optConfig loc:(location)? : tactic =>
  `(tactic| push $cfg:optConfig Not $[$loc]?)
```
warning: FormalSystem/Metalogic/WeakCanonical/DenseModelSurgery/BadIntervals.lean:988:0: automatically included section variable(s) unused in theorem `FormalSystem.Metalogic.WeakCanonical.DenseModelSurgery.endsInGapOnLeft_congr`:
  [IsDualClosed C]
consider restructuring your `variable` declarations so that the variables are not in scope or explicitly omit them:
  omit [IsDualClosed C] in theorem ...

Note: This linter can be disabled with `set_option linter.unusedSectionVars false`
warning: FormalSystem/Metalogic/WeakCanonical/DenseModelSurgery/BadIntervals.lean:1022:2: `push_neg` has been deprecated. Prefer using `push Not` instead.
If you'd rather continue using `push_neg` in your project, you can implement it as follows:
```
open Lean.Parser.Tactic in
macro "push_neg" cfg:optConfig loc:(location)? : tactic =>
  `(tactic| push $cfg:optConfig Not $[$loc]?)
```
warning: FormalSystem/Metalogic/WeakCanonical/DenseModelSurgery/BadIntervals.lean:1018:0: automatically included section variable(s) unused in theorem `FormalSystem.Metalogic.WeakCanonical.DenseModelSurgery.exists_contemp_lt`:
  [IsDualClosed C]
consider restructuring your `variable` declarations so that the variables are not in scope or explicitly omit them:
  omit [IsDualClosed C] in theorem ...

Note: This linter can be disabled with `set_option linter.unusedSectionVars false`
warning: FormalSystem/Metalogic/WeakCanonical/DenseModelSurgery/BadIntervals.lean:1050:4: `push_neg` has been deprecated. Prefer using `push Not` instead.
If you'd rather continue using `push_neg` in your project, you can implement it as follows:
```
open Lean.Parser.Tactic in
macro "push_neg" cfg:optConfig loc:(location)? : tactic =>
  `(tactic| push $cfg:optConfig Not $[$loc]?)
```
warning: FormalSystem/Metalogic/WeakCanonical/DenseModelSurgery/BadIntervals.lean:1073:4: `push_neg` has been deprecated. Prefer using `push Not` instead.
If you'd rather continue using `push_neg` in your project, you can implement it as follows:
```
open Lean.Parser.Tactic in
macro "push_neg" cfg:optConfig loc:(location)? : tactic =>
  `(tactic| push $cfg:optConfig Not $[$loc]?)
```
warning: FormalSystem/Metalogic/WeakCanonical/DenseModelSurgery/BadIntervals.lean:1105:0: automatically included section variable(s) unused in theorem `FormalSystem.Metalogic.WeakCanonical.DenseModelSurgery.beforeNotHoldsInClass_of_le`:
  [IsDualClosed C]
consider restructuring your `variable` declarations so that the variables are not in scope or explicitly omit them:
  omit [IsDualClosed C] in theorem ...

Note: This linter can be disabled with `set_option linter.unusedSectionVars false`
warning: FormalSystem/Metalogic/WeakCanonical/DenseModelSurgery/BadIntervals.lean:1203:8: `push_neg` has been deprecated. Prefer using `push Not` instead.
If you'd rather continue using `push_neg` in your project, you can implement it as follows:
```
open Lean.Parser.Tactic in
macro "push_neg" cfg:optConfig loc:(location)? : tactic =>
  `(tactic| push $cfg:optConfig Not $[$loc]?)
```
warning: FormalSystem/Metalogic/WeakCanonical/DenseModelSurgery/BadIntervals.lean:1229:2: `push_neg` has been deprecated. Prefer using `push Not` instead.
If you'd rather continue using `push_neg` in your project, you can implement it as follows:
```
open Lean.Parser.Tactic in
macro "push_neg" cfg:optConfig loc:(location)? : tactic =>
  `(tactic| push $cfg:optConfig Not $[$loc]?)
```
warning: FormalSystem/Metalogic/WeakCanonical/DenseModelSurgery/BadIntervals.lean:1288:0: automatically included section variable(s) unused in theorem `FormalSystem.Metalogic.WeakCanonical.DenseModelSurgery.reynolds_lemma6_right_endpoint`:
  [IsDualClosed C]
consider restructuring your `variable` declarations so that the variables are not in scope or explicitly omit them:
  omit [IsDualClosed C] in theorem ...

Note: This linter can be disabled with `set_option linter.unusedSectionVars false`
warning: FormalSystem/Metalogic/WeakCanonical/DenseModelSurgery/BadIntervals.lean:1447:4: `push_neg` has been deprecated. Prefer using `push Not` instead.
If you'd rather continue using `push_neg` in your project, you can implement it as follows:
```
open Lean.Parser.Tactic in
macro "push_neg" cfg:optConfig loc:(location)? : tactic =>
  `(tactic| push $cfg:optConfig Not $[$loc]?)
```
warning: FormalSystem/Metalogic/WeakCanonical/DenseModelSurgery/BadIntervals.lean:1435:0: automatically included section variable(s) unused in theorem `FormalSystem.Metalogic.WeakCanonical.DenseModelSurgery.exists_classInteriorToRInterval`:
  [IsDualClosed C]
consider restructuring your `variable` declarations so that the variables are not in scope or explicitly omit them:
  omit [IsDualClosed C] in theorem ...

Note: This linter can be disabled with `set_option linter.unusedSectionVars false`
⚠ [1958/2718] Replayed FormalSystem.Metalogic.WeakCanonical.DenseModelSurgery.TruthTransfer
warning: FormalSystem/Metalogic/WeakCanonical/DenseModelSurgery/TruthTransfer.lean:290:2: `push_neg` has been deprecated. Prefer using `push Not` instead.
If you'd rather continue using `push_neg` in your project, you can implement it as follows:
```
open Lean.Parser.Tactic in
macro "push_neg" cfg:optConfig loc:(location)? : tactic =>
  `(tactic| push $cfg:optConfig Not $[$loc]?)
```
warning: FormalSystem/Metalogic/WeakCanonical/DenseModelSurgery/TruthTransfer.lean:297:2: `push_neg` has been deprecated. Prefer using `push Not` instead.
If you'd rather continue using `push_neg` in your project, you can implement it as follows:
```
open Lean.Parser.Tactic in
macro "push_neg" cfg:optConfig loc:(location)? : tactic =>
  `(tactic| push $cfg:optConfig Not $[$loc]?)
```
warning: FormalSystem/Metalogic/WeakCanonical/DenseModelSurgery/TruthTransfer.lean:516:10: `push_neg` has been deprecated. Prefer using `push Not` instead.
If you'd rather continue using `push_neg` in your project, you can implement it as follows:
```
open Lean.Parser.Tactic in
macro "push_neg" cfg:optConfig loc:(location)? : tactic =>
  `(tactic| push $cfg:optConfig Not $[$loc]?)
```
warning: FormalSystem/Metalogic/WeakCanonical/DenseModelSurgery/TruthTransfer.lean:652:0: automatically included section variable(s) unused in theorem `FormalSystem.Metalogic.WeakCanonical.DenseModelSurgery.temporalTruth_iso`:
  [Fintype sig.preds]
  [DecidableEq sig.preds]
consider restructuring your `variable` declarations so that the variables are not in scope or explicitly omit them:
  omit [Fintype sig.preds] [DecidableEq sig.preds] in theorem ...

Note: This linter can be disabled with `set_option linter.unusedSectionVars false`
warning: FormalSystem/Metalogic/WeakCanonical/DenseModelSurgery/TruthTransfer.lean:687:0: automatically included section variable(s) unused in theorem `FormalSystem.Metalogic.WeakCanonical.DenseModelSurgery.isBadPoint_dual`:
  [Fintype sig.preds]
  [DecidableEq sig.preds]
consider restructuring your `variable` declarations so that the variables are not in scope or explicitly omit them:
  omit [Fintype sig.preds] [DecidableEq sig.preds] in theorem ...

Note: This linter can be disabled with `set_option linter.unusedSectionVars false`
warning: FormalSystem/Metalogic/WeakCanonical/DenseModelSurgery/TruthTransfer.lean:696:0: automatically included section variable(s) unused in theorem `FormalSystem.Metalogic.WeakCanonical.DenseModelSurgery.classInteriorToBadInterval_dual`:
  [Fintype sig.preds]
  [DecidableEq sig.preds]
consider restructuring your `variable` declarations so that the variables are not in scope or explicitly omit them:
  omit [Fintype sig.preds] [DecidableEq sig.preds] in theorem ...

Note: This linter can be disabled with `set_option linter.unusedSectionVars false`
⚠ [1959/2718] Replayed FormalSystem.Metalogic.WeakCanonical.DenseModelSurgery.NoGaps
warning: FormalSystem/Metalogic/WeakCanonical/DenseModelSurgery/NoGaps.lean:448:0: automatically included section variable(s) unused in theorem `FormalSystem.Metalogic.WeakCanonical.DenseModelSurgery.contemp_of_mem_class_interval`:
  [IsDualClosed C]
consider restructuring your `variable` declarations so that the variables are not in scope or explicitly omit them:
  omit [IsDualClosed C] in theorem ...

Note: This linter can be disabled with `set_option linter.unusedSectionVars false`
warning: FormalSystem/Metalogic/WeakCanonical/DenseModelSurgery/NoGaps.lean:514:0: automatically included section variable(s) unused in theorem `FormalSystem.Metalogic.WeakCanonical.DenseModelSurgery.endsInGapOnRight_of_mem`:
  [Fintype sig.preds]
  [DecidableEq sig.preds]
consider restructuring your `variable` declarations so that the variables are not in scope or explicitly omit them:
  omit [Fintype sig.preds] [DecidableEq sig.preds] in theorem ...

Note: This linter can be disabled with `set_option linter.unusedSectionVars false`
warning: FormalSystem/Metalogic/WeakCanonical/DenseModelSurgery/NoGaps.lean:525:0: automatically included section variable(s) unused in theorem `FormalSystem.Metalogic.WeakCanonical.DenseModelSurgery.endsInGapOnLeft_of_mem`:
  [Fintype sig.preds]
  [DecidableEq sig.preds]
consider restructuring your `variable` declarations so that the variables are not in scope or explicitly omit them:
  omit [Fintype sig.preds] [DecidableEq sig.preds] in theorem ...

Note: This linter can be disabled with `set_option linter.unusedSectionVars false`
warning: FormalSystem/Metalogic/WeakCanonical/DenseModelSurgery/NoGaps.lean:566:0: automatically included section variable(s) unused in theorem `FormalSystem.Metalogic.WeakCanonical.DenseModelSurgery.countable_surgeredStructure`:
  [Fintype sig.preds]
  [DecidableEq sig.preds]
consider restructuring your `variable` declarations so that the variables are not in scope or explicitly omit them:
  omit [Fintype sig.preds] [DecidableEq sig.preds] in theorem ...

Note: This linter can be disabled with `set_option linter.unusedSectionVars false`
warning: FormalSystem/Metalogic/WeakCanonical/DenseModelSurgery/NoGaps.lean:655:0: automatically included section variable(s) unused in theorem `FormalSystem.Metalogic.WeakCanonical.DenseModelSurgery.mem_of_badStretch`:
  [Fintype sig.preds]
  [DecidableEq sig.preds]
consider restructuring your `variable` declarations so that the variables are not in scope or explicitly omit them:
  omit [Fintype sig.preds] [DecidableEq sig.preds] in theorem ...

Note: This linter can be disabled with `set_option linter.unusedSectionVars false`
warning: FormalSystem/Metalogic/WeakCanonical/DenseModelSurgery/NoGaps.lean:711:2: `push_neg` has been deprecated. Prefer using `push Not` instead.
If you'd rather continue using `push_neg` in your project, you can implement it as follows:
```
open Lean.Parser.Tactic in
macro "push_neg" cfg:optConfig loc:(location)? : tactic =>
  `(tactic| push $cfg:optConfig Not $[$loc]?)
```
warning: FormalSystem/Metalogic/WeakCanonical/DenseModelSurgery/NoGaps.lean:933:0: automatically included section variable(s) unused in theorem `FormalSystem.Metalogic.WeakCanonical.DenseModelSurgery.StepD.badComp_isBadInterval`:
  [IsDualClosed C]
  [Fintype sig.preds]
  [DecidableEq sig.preds]
consider restructuring your `variable` declarations so that the variables are not in scope or explicitly omit them:
  omit [IsDualClosed C] [Fintype sig.preds] [DecidableEq sig.preds] in theorem ...

Note: This linter can be disabled with `set_option linter.unusedSectionVars false`
warning: FormalSystem/Metalogic/WeakCanonical/DenseModelSurgery/NoGaps.lean:934:5: Variable name `h_surj` is not explicitly referenced.

Hint: The binding can be removed (if unused) or named `_` (if used implicitly). Alternatively, prefix the name with `_` to silence this warning:
  [apply] _h_surj

Note: This linter can be disabled with `set_option linter.unusedVariables false`
warning: FormalSystem/Metalogic/WeakCanonical/DenseModelSurgery/NoGaps.lean:935:32: Variable name `hε` is not explicitly referenced.

Hint: The binding can be removed (if unused) or named `_` (if used implicitly). Alternatively, prefix the name with `_` to silence this warning:
  [apply] _hε

Note: This linter can be disabled with `set_option linter.unusedVariables false`
warning: FormalSystem/Metalogic/WeakCanonical/DenseModelSurgery/NoGaps.lean:936:62: Variable name `h_prior_U` is not explicitly referenced.

Hint: The binding can be removed (if unused) or named `_` (if used implicitly). Alternatively, prefix the name with `_` to silence this warning:
  [apply] _h_prior_U

Note: This linter can be disabled with `set_option linter.unusedVariables false`
warning: FormalSystem/Metalogic/WeakCanonical/DenseModelSurgery/NoGaps.lean:937:5: Variable name `h_prior_S` is not explicitly referenced.

Hint: The binding can be removed (if unused) or named `_` (if used implicitly). Alternatively, prefix the name with `_` to silence this warning:
  [apply] _h_prior_S

Note: This linter can be disabled with `set_option linter.unusedVariables false`
⚠ [1960/2718] Replayed FormalSystem.Metalogic.WeakCanonical.DenseModelSurgery.Singletons
warning: FormalSystem/Metalogic/WeakCanonical/DenseModelSurgery/Singletons.lean:253:0: automatically included section variable(s) unused in theorem `FormalSystem.Metalogic.WeakCanonical.DenseModelSurgery.exists_rightEndPoint`:
  [IsDualClosed C]
consider restructuring your `variable` declarations so that the variables are not in scope or explicitly omit them:
  omit [IsDualClosed C] in theorem ...

Note: This linter can be disabled with `set_option linter.unusedSectionVars false`
warning: FormalSystem/Metalogic/WeakCanonical/DenseModelSurgery/Singletons.lean:276:0: automatically included section variable(s) unused in theorem `FormalSystem.Metalogic.WeakCanonical.DenseModelSurgery.quotientDenselyOrdered_dual`:
  [IsDualClosed C]
consider restructuring your `variable` declarations so that the variables are not in scope or explicitly omit them:
  omit [IsDualClosed C] in theorem ...

Note: This linter can be disabled with `set_option linter.unusedSectionVars false`
warning: FormalSystem/Metalogic/WeakCanonical/DenseModelSurgery/Singletons.lean:471:0: automatically included section variable(s) unused in theorem `FormalSystem.Metalogic.WeakCanonical.DenseModelSurgery.isSingletonClass_of_kplus_kminus`:
  [IsDualClosed C✝]
consider restructuring your `variable` declarations so that the variables are not in scope or explicitly omit them:
  omit [IsDualClosed C✝] in theorem ...

Note: This linter can be disabled with `set_option linter.unusedSectionVars false`
⚠ [2304/2718] Replayed FormalSystem.Metalogic.WeakCanonical.GroupModel.BlockDecomposition
warning: FormalSystem/Metalogic/WeakCanonical/GroupModel/BlockDecomposition.lean:299:9: `IsIrrefl` has been deprecated: Use `Std.Irrefl` instead

Note: The updated constant has a different type:
  {α : Sort u} → (α → α → Prop) → Prop
instead of
  (α : Sort u_1) → (α → α → Prop) → Prop
warning: FormalSystem/Metalogic/WeakCanonical/GroupModel/BlockDecomposition.lean:300:9: `IsTrichotomous` has been deprecated: Use `Std.Trichotomous` instead

Note: The updated constant has a different type:
  {α : Sort u} → (α → α → Prop) → Prop
instead of
  (α : Sort u_1) → (α → α → Prop) → Prop
⚠ [2307/2718] Replayed FormalSystem.Metalogic.WeakCanonical.MixedSum
warning: FormalSystem/Metalogic/WeakCanonical/MixedSum.lean:396:4: `push_neg` has been deprecated. Prefer using `push Not` instead.
If you'd rather continue using `push_neg` in your project, you can implement it as follows:
```
open Lean.Parser.Tactic in
macro "push_neg" cfg:optConfig loc:(location)? : tactic =>
  `(tactic| push $cfg:optConfig Not $[$loc]?)
```
⚠ [2317/2718] Replayed FormalSystem.Metalogic.WeakCanonical.RealModel.ShuffleReal
warning: FormalSystem/Metalogic/WeakCanonical/RealModel/ShuffleReal.lean:209:0: automatically included section variable(s) unused in theorem `FormalSystem.Metalogic.WeakCanonical.doets_lemma_1_5`:
  [Fintype sig.preds]
  [DecidableEq sig.preds]
consider restructuring your `variable` declarations so that the variables are not in scope or explicitly omit them:
  omit [Fintype sig.preds] [DecidableEq sig.preds] in theorem ...

Note: This linter can be disabled with `set_option linter.unusedSectionVars false`
⚠ [2318/2718] Replayed FormalSystem.Metalogic.WeakCanonical.RealModel.DoetsTheorem
warning: FormalSystem/Metalogic/WeakCanonical/RealModel/DoetsTheorem.lean:690:0: automatically included section variable(s) unused in theorem `FormalSystem.Metalogic.WeakCanonical.isConvexEquiv_of_contempEquivDenseCD`:
  [Fintype sig.preds]
  [DecidableEq sig.preds]
consider restructuring your `variable` declarations so that the variables are not in scope or explicitly omit them:
  omit [Fintype sig.preds] [DecidableEq sig.preds] in theorem ...

Note: This linter can be disabled with `set_option linter.unusedSectionVars false`
warning: FormalSystem/Metalogic/WeakCanonical/RealModel/DoetsTheorem.lean:711:0: automatically included section variable(s) unused in theorem `FormalSystem.Metalogic.WeakCanonical.IsConvexEquiv.ltPt_congr`:
  [Fintype sig.preds]
  [DecidableEq sig.preds]
consider restructuring your `variable` declarations so that the variables are not in scope or explicitly omit them:
  omit [Fintype sig.preds] [DecidableEq sig.preds] in theorem ...

Note: This linter can be disabled with `set_option linter.unusedSectionVars false`
warning: FormalSystem/Metalogic/WeakCanonical/RealModel/DoetsTheorem.lean:744:0: automatically included section variable(s) unused in theorem `FormalSystem.Metalogic.WeakCanonical.IsConvexEquiv.cls_eq_cls_iff`:
  [Fintype sig.preds]
  [DecidableEq sig.preds]
consider restructuring your `variable` declarations so that the variables are not in scope or explicitly omit them:
  omit [Fintype sig.preds] [DecidableEq sig.preds] in theorem ...

Note: This linter can be disabled with `set_option linter.unusedSectionVars false`
warning: FormalSystem/Metalogic/WeakCanonical/RealModel/DoetsTheorem.lean:783:9: `IsIrrefl` has been deprecated: Use `Std.Irrefl` instead

Note: The updated constant has a different type:
  {α : Sort u} → (α → α → Prop) → Prop
instead of
  (α : Sort u_1) → (α → α → Prop) → Prop
warning: FormalSystem/Metalogic/WeakCanonical/RealModel/DoetsTheorem.lean:784:9: `IsTrichotomous` has been deprecated: Use `Std.Trichotomous` instead

Note: The updated constant has a different type:
  {α : Sort u} → (α → α → Prop) → Prop
instead of
  (α : Sort u_1) → (α → α → Prop) → Prop
warning: FormalSystem/Metalogic/WeakCanonical/RealModel/DoetsTheorem.lean:799:0: automatically included section variable(s) unused in theorem `FormalSystem.Metalogic.WeakCanonical.IsConvexEquiv.classStrictlyBetween_of_between`:
  [Fintype sig.preds]
  [DecidableEq sig.preds]
consider restructuring your `variable` declarations so that the variables are not in scope or explicitly omit them:
  omit [Fintype sig.preds] [DecidableEq sig.preds] in theorem ...

Note: This linter can be disabled with `set_option linter.unusedSectionVars false`
warning: FormalSystem/Metalogic/WeakCanonical/RealModel/DoetsTheorem.lean:817:51: Variable name `a` is not explicitly referenced.

Hint: The binding can be removed (if unused) or named `_` (if used implicitly). Alternatively, prefix the name with `_` to silence this warning:
  [apply] _a

Note: This linter can be disabled with `set_option linter.unusedVariables false`
warning: FormalSystem/Metalogic/WeakCanonical/RealModel/DoetsTheorem.lean:817:53: Variable name `b` is not explicitly referenced.

Hint: The binding can be removed (if unused) or named `_` (if used implicitly). Alternatively, prefix the name with `_` to silence this warning:
  [apply] _b

Note: This linter can be disabled with `set_option linter.unusedVariables false`
warning: FormalSystem/Metalogic/WeakCanonical/RealModel/DoetsTheorem.lean:821:8: automatically included section variable(s) unused in theorem `FormalSystem.Metalogic.WeakCanonical.IsConvexEquiv.classStrictlyBetweenQ_cls`:
  [Fintype sig.preds]
  [DecidableEq sig.preds]
consider restructuring your `variable` declarations so that the variables are not in scope or explicitly omit them:
  omit [Fintype sig.preds] [DecidableEq sig.preds] in theorem ...

Note: This linter can be disabled with `set_option linter.unusedSectionVars false`
warning: FormalSystem/Metalogic/WeakCanonical/RealModel/DoetsTheorem.lean:830:0: automatically included section variable(s) unused in theorem `FormalSystem.Metalogic.WeakCanonical.IsConvexEquiv.lt_of_classStrictlyBetween`:
  [Fintype sig.preds]
  [DecidableEq sig.preds]
consider restructuring your `variable` declarations so that the variables are not in scope or explicitly omit them:
  omit [Fintype sig.preds] [DecidableEq sig.preds] in theorem ...

Note: This linter can be disabled with `set_option linter.unusedSectionVars false`
warning: FormalSystem/Metalogic/WeakCanonical/RealModel/DoetsTheorem.lean:835:0: automatically included section variable(s) unused in theorem `FormalSystem.Metalogic.WeakCanonical.IsConvexEquiv.not_contempEquiv_ends`:
  [Fintype sig.preds]
  [DecidableEq sig.preds]
consider restructuring your `variable` declarations so that the variables are not in scope or explicitly omit them:
  omit [Fintype sig.preds] [DecidableEq sig.preds] in theorem ...

Note: This linter can be disabled with `set_option linter.unusedSectionVars false`
warning: FormalSystem/Metalogic/WeakCanonical/RealModel/DoetsTheorem.lean:1374:0: automatically included section variable(s) unused in theorem `FormalSystem.Metalogic.WeakCanonical.nfEvalNf_of_kEquiv`:
  [Fintype sig.preds]
  [DecidableEq sig.preds]
consider restructuring your `variable` declarations so that the variables are not in scope or explicitly omit them:
  omit [Fintype sig.preds] [DecidableEq sig.preds] in theorem ...

Note: This linter can be disabled with `set_option linter.unusedSectionVars false`
warning: FormalSystem/Metalogic/WeakCanonical/RealModel/DoetsTheorem.lean:1757:0: automatically included section variable(s) unused in theorem `FormalSystem.Metalogic.WeakCanonical.contempClassStructure_congr`:
  [Fintype sig.preds]
  [DecidableEq sig.preds]
consider restructuring your `variable` declarations so that the variables are not in scope or explicitly omit them:
  omit [Fintype sig.preds] [DecidableEq sig.preds] in theorem ...

Note: This linter can be disabled with `set_option linter.unusedSectionVars false`
warning: FormalSystem/Metalogic/WeakCanonical/RealModel/DoetsTheorem.lean:1932:5: Variable name `h` is not explicitly referenced.

Hint: The binding can be removed (if unused) or named `_` (if used implicitly). Alternatively, prefix the name with `_` to silence this warning:
  [apply] _h

Note: This linter can be disabled with `set_option linter.unusedVariables false`
warning: FormalSystem/Metalogic/WeakCanonical/RealModel/DoetsTheorem.lean:1981:27: Variable name `D1` is not explicitly referenced.

Hint: The binding can be removed (if unused) or named `_` (if used implicitly). Alternatively, prefix the name with `_` to silence this warning:
  [apply] _D1

Note: This linter can be disabled with `set_option linter.unusedVariables false`
warning: FormalSystem/Metalogic/WeakCanonical/RealModel/DoetsTheorem.lean:2046:56: Variable name `hc'd'` is not explicitly referenced.

Hint: The binding can be removed (if unused) or named `_` (if used implicitly). Alternatively, prefix the name with `_` to silence this warning:
  [apply] _hc'd'

Note: This linter can be disabled with `set_option linter.unusedVariables false`
⚠ [2327/2718] Replayed FormalSystem.Metalogic.Decidability.Tableau
warning: FormalSystem/Metalogic/Decidability/Tableau.lean:466:30: This simp argument is unused:
  if_false

Hint: Omit it from the simp argument list.
  [apply] simp only [hc, if_true, reduceIte] at hsg

Note: This linter can be disabled with `set_option linter.unusedSimpArgs false`
warning: FormalSystem/Metalogic/Decidability/Tableau.lean:466:40: This simp argument is unused:
  reduceIte

Hint: Omit it from the simp argument list.
  [apply] simp only [hc, if_true, if_false] at hsg

Note: This linter can be disabled with `set_option linter.unusedSimpArgs false`
warning: FormalSystem/Metalogic/Decidability/Tableau.lean:473:30: This simp argument is unused:
  if_false

Hint: Omit it from the simp argument list.
  [apply] simp only [hc, if_true, reduceIte] at hsg

Note: This linter can be disabled with `set_option linter.unusedSimpArgs false`
warning: FormalSystem/Metalogic/Decidability/Tableau.lean:473:40: This simp argument is unused:
  reduceIte

Hint: Omit it from the simp argument list.
  [apply] simp only [hc, if_true, if_false] at hsg

Note: This linter can be disabled with `set_option linter.unusedSimpArgs false`
warning: FormalSystem/Metalogic/Decidability/Tableau.lean:2993:52: This simp argument is unused:
  Bool.not_eq_true

Hint: Omit it from the simp argument list.
  [apply] simp only [isExpanded, Option.isNone_iff_eq_none, decide_eq_true_eq, Bool.not_eq_eq_eq_not, Bool.not_false,
    Bool.decide_eq_false, Bool.not_eq_false] at hfind

Note: This linter can be disabled with `set_option linter.unusedSimpArgs false`
warning: FormalSystem/Metalogic/Decidability/Tableau.lean:2994:4: This simp argument is unused:
  Bool.not_eq_eq_eq_not

Hint: Omit it from the simp argument list.
  [apply] simp only [isExpanded, Option.isNone_iff_eq_none, Bool.not_eq_true, decide_eq_true_eq, Bool.not_false,
    Bool.decide_eq_false, Bool.not_eq_false] at hfind

Note: This linter can be disabled with `set_option linter.unusedSimpArgs false`
warning: FormalSystem/Metalogic/Decidability/Tableau.lean:2994:27: This simp argument is unused:
  Bool.not_false

Hint: Omit it from the simp argument list.
  [apply] simp only [isExpanded, Option.isNone_iff_eq_none, Bool.not_eq_true, decide_eq_true_eq, Bool.not_eq_eq_eq_not,
    Bool.decide_eq_false, Bool.not_eq_false] at hfind

Note: This linter can be disabled with `set_option linter.unusedSimpArgs false`
warning: FormalSystem/Metalogic/Decidability/Tableau.lean:2994:43: This simp argument is unused:
  Bool.decide_eq_false

Hint: Omit it from the simp argument list.
  [apply] simp only [isExpanded, Option.isNone_iff_eq_none, Bool.not_eq_true, decide_eq_true_eq, Bool.not_eq_eq_eq_not,
    Bool.not_false, Bool.not_eq_false] at hfind

Note: This linter can be disabled with `set_option linter.unusedSimpArgs false`
warning: FormalSystem/Metalogic/Decidability/Tableau.lean:2994:65: This simp argument is unused:
  Bool.not_eq_false

Hint: Omit it from the simp argument list.
  [apply] simp only [isExpanded, Option.isNone_iff_eq_none, Bool.not_eq_true, decide_eq_true_eq, Bool.not_eq_eq_eq_not,
    Bool.not_false, Bool.decide_eq_false] at hfind

Note: This linter can be disabled with `set_option linter.unusedSimpArgs false`
⚠ [2332/2718] Replayed FormalSystem.Metalogic.Decidability.Saturation
warning: FormalSystem/Metalogic/Decidability/Saturation.lean:1165:29: Variable name `appliedSet` is not explicitly referenced.

Hint: The binding can be removed (if unused) or named `_` (if used implicitly). Alternatively, prefix the name with `_` to silence this warning:
  [apply] _appliedSet

Note: This linter can be disabled with `set_option linter.unusedVariables false`
⚠ [2334/2718] Replayed FormalSystem.Metalogic.Decidability.CountermodelExtraction
warning: FormalSystem/Metalogic/Decidability/CountermodelExtraction.lean:605:46: This simp argument is unused:
  if_false

Hint: Omit it from the simp argument list.
  [apply] simp only [isApplicable, asUntil?, hg', applyRule, ruleMintsFreshLabel, ruleSelfGuarded, if_true,
    Option.isSome_some] at h

Note: This linter can be disabled with `set_option linter.unusedSimpArgs false`
warning: FormalSystem/Metalogic/Decidability/CountermodelExtraction.lean:606:34: This simp argument is unused:
  Option.isSome_some

Hint: Omit it from the simp argument list.
  [apply] simp only [isApplicable, asUntil?, hg', if_false, applyRule, ruleMintsFreshLabel, ruleSelfGuarded,
    if_true] at h

Note: This linter can be disabled with `set_option linter.unusedSimpArgs false`
warning: FormalSystem/Metalogic/Decidability/CountermodelExtraction.lean:671:46: This simp argument is unused:
  if_false

Hint: Omit it from the simp argument list.
  [apply] simp only [isApplicable, asSince?, hg', applyRule, ruleMintsFreshLabel, ruleSelfGuarded, if_true,
    Option.isSome_some] at h

Note: This linter can be disabled with `set_option linter.unusedSimpArgs false`
warning: FormalSystem/Metalogic/Decidability/CountermodelExtraction.lean:672:34: This simp argument is unused:
  Option.isSome_some

Hint: Omit it from the simp argument list.
  [apply] simp only [isApplicable, asSince?, hg', if_false, applyRule, ruleMintsFreshLabel, ruleSelfGuarded,
    if_true] at h

Note: This linter can be disabled with `set_option linter.unusedSimpArgs false`
⚠ [2339/2718] Replayed FormalSystem.Metalogic.Core.RestrictedMCS.Basic
warning: FormalSystem/Metalogic/Core/RestrictedMCS/Basic.lean:354:4: Try this: intro L hL ⟨d⟩
⚠ [2344/2718] Replayed FormalSystem.Metalogic.Decidability.FMP.FMP
warning: FormalSystem/Metalogic/Decidability/FMP/FMP.lean:83:4: Try this: intro L hL ⟨d_bot⟩
⚠ [2352/2718] Replayed FormalSystem.Metalogic.Decidability.Verified.Termination.SubformulaProperty
warning: FormalSystem/Metalogic/Decidability/Verified/Termination/SubformulaProperty.lean:445:63: This simp argument is unused:
  if_false

Hint: Omit it from the simp argument list.
  [apply] simp only [h, if_true]

Note: This linter can be disabled with `set_option linter.unusedSimpArgs false`
warning: FormalSystem/Metalogic/Decidability/Verified/Termination/SubformulaProperty.lean:482:109: This simp argument is unused:
  SignedFormula.neg

Hint: Omit it from the simp argument list.
  [apply] simp_all only [asAnd?_eq_iff, List.mem_cons, List.not_mem_nil, or_false, SignedFormula.pos, reduceCtorEq]

Note: This linter can be disabled with `set_option linter.unusedSimpArgs false`
warning: FormalSystem/Metalogic/Decidability/Verified/Termination/SubformulaProperty.lean:484:2: 'all_goals (try subst hg)' tactic does nothing

Note: This linter can be disabled with `set_option linter.unusedTactic false`
warning: FormalSystem/Metalogic/Decidability/Verified/Termination/SubformulaProperty.lean:499:4: This simp argument is unused:
  SignedFormula.pos

Hint: Omit it from the simp argument list.
  [apply] simp_all only [asAnd?_eq_iff, List.flatten_cons, List.flatten_nil, List.append_nil, List.mem_append,
    List.mem_cons, List.not_mem_nil, or_false, SignedFormula.neg, reduceCtorEq]

Note: This linter can be disabled with `set_option linter.unusedSimpArgs false`
warning: FormalSystem/Metalogic/Decidability/Verified/Termination/SubformulaProperty.lean:501:2: 'all_goals (try subst hg)' tactic does nothing

Note: This linter can be disabled with `set_option linter.unusedTactic false`
warning: FormalSystem/Metalogic/Decidability/Verified/Termination/SubformulaProperty.lean:516:23: This simp argument is unused:
  SignedFormula.neg

Hint: Omit it from the simp argument list.
  [apply] simp_all only [asOr?_eq_iff, List.flatten_cons, List.flatten_nil, List.append_nil, List.mem_append,
    List.mem_cons, List.not_mem_nil, or_false, SignedFormula.pos, reduceCtorEq]

Note: This linter can be disabled with `set_option linter.unusedSimpArgs false`
warning: FormalSystem/Metalogic/Decidability/Verified/Termination/SubformulaProperty.lean:518:2: 'all_goals (try subst hg)' tactic does nothing

Note: This linter can be disabled with `set_option linter.unusedTactic false`
warning: FormalSystem/Metalogic/Decidability/Verified/Termination/SubformulaProperty.lean:531:89: This simp argument is unused:
  SignedFormula.pos

Hint: Omit it from the simp argument list.
  [apply] simp_all only [asOr?_eq_iff, List.mem_cons, List.not_mem_nil, or_false, SignedFormula.neg, reduceCtorEq]

Note: This linter can be disabled with `set_option linter.unusedSimpArgs false`
warning: FormalSystem/Metalogic/Decidability/Verified/Termination/SubformulaProperty.lean:533:2: 'all_goals (try subst hg)' tactic does nothing

Note: This linter can be disabled with `set_option linter.unusedTactic false`
warning: FormalSystem/Metalogic/Decidability/Verified/Termination/SubformulaProperty.lean:550:2: 'all_goals (try subst hg)' tactic does nothing

Note: This linter can be disabled with `set_option linter.unusedTactic false`
warning: FormalSystem/Metalogic/Decidability/Verified/Termination/SubformulaProperty.lean:565:2: 'all_goals (try subst hg)' tactic does nothing

Note: This linter can be disabled with `set_option linter.unusedTactic false`
warning: FormalSystem/Metalogic/Decidability/Verified/Termination/SubformulaProperty.lean:578:90: This simp argument is unused:
  SignedFormula.pos

Hint: Omit it from the simp argument list.
  [apply] simp_all only [asNeg?_eq_iff, List.mem_cons, List.not_mem_nil, or_false, SignedFormula.neg, reduceCtorEq]

Note: This linter can be disabled with `set_option linter.unusedSimpArgs false`
warning: FormalSystem/Metalogic/Decidability/Verified/Termination/SubformulaProperty.lean:580:2: 'all_goals (try subst hg)' tactic does nothing

Note: This linter can be disabled with `set_option linter.unusedTactic false`
warning: FormalSystem/Metalogic/Decidability/Verified/Termination/SubformulaProperty.lean:591:109: This simp argument is unused:
  SignedFormula.neg

Hint: Omit it from the simp argument list.
  [apply] simp_all only [asNeg?_eq_iff, List.mem_cons, List.not_mem_nil, or_false, SignedFormula.pos, reduceCtorEq]

Note: This linter can be disabled with `set_option linter.unusedSimpArgs false`
warning: FormalSystem/Metalogic/Decidability/Verified/Termination/SubformulaProperty.lean:593:2: 'all_goals (try subst hg)' tactic does nothing

Note: This linter can be disabled with `set_option linter.unusedTactic false`
warning: FormalSystem/Metalogic/Decidability/Verified/Termination/SubformulaProperty.lean:618:61: This simp argument is unused:
  SignedFormula.neg

Hint: Omit it from the simp argument list.
  [apply] simp_all only [List.mem_filter, List.mem_cons, List.not_mem_nil, or_false, Bool.not_eq_eq_eq_not,
    Bool.not_true, SignedFormula.pos, reduceCtorEq]

Note: This linter can be disabled with `set_option linter.unusedSimpArgs false`
warning: FormalSystem/Metalogic/Decidability/Verified/Termination/SubformulaProperty.lean:621:2: 'all_goals (try subst hg)' tactic does nothing

Note: This linter can be disabled with `set_option linter.unusedTactic false`
warning: FormalSystem/Metalogic/Decidability/Verified/Termination/SubformulaProperty.lean:635:45: This simp argument is unused:
  SignedFormula.pos

Hint: Omit it from the simp argument list.
  [apply] simp_all only [List.not_mem_nil, SignedFormula.neg, reduceCtorEq]

Note: This linter can be disabled with `set_option linter.unusedSimpArgs false`
warning: FormalSystem/Metalogic/Decidability/Verified/Termination/SubformulaProperty.lean:635:64: This simp argument is unused:
  SignedFormula.neg

Hint: Omit it from the simp argument list.
  [apply] simp_all only [List.not_mem_nil, SignedFormula.pos, reduceCtorEq]

Note: This linter can be disabled with `set_option linter.unusedSimpArgs false`
warning: FormalSystem/Metalogic/Decidability/Verified/Termination/SubformulaProperty.lean:685:56: This simp argument is unused:
  or_false

Hint: Omit it from the simp argument list.
  [apply] simp_all only [List.map_cons, List.map_nil, List.flatten_cons, List.flatten_nil, List.append_nil,
    List.mem_append, List.not_mem_nil, reduceCtorEq]

Note: This linter can be disabled with `set_option linter.unusedSimpArgs false`
warning: FormalSystem/Metalogic/Decidability/Verified/Termination/SubformulaProperty.lean:687:56: This simp argument is unused:
  or_false

Hint: Omit it from the simp argument list.
  [apply] simp only [List.map_cons, List.map_nil, List.flatten_cons, List.flatten_nil, List.append_nil, List.mem_append,
    List.not_mem_nil] at hg

Note: This linter can be disabled with `set_option linter.unusedSimpArgs false`
warning: FormalSystem/Metalogic/Decidability/Verified/Termination/SubformulaProperty.lean:849:4: This simp argument is unused:
  List.flatten_cons

Hint: Omit it from the simp argument list.
  [apply] simp only [Branch.boxPosFormulas, Branch.diamondNegFormulas, List.flatten_nil, List.append_nil, List.mem_cons,
    List.mem_append, List.not_mem_nil, or_false] at hg

Note: This linter can be disabled with `set_option linter.unusedSimpArgs false`
warning: FormalSystem/Metalogic/Decidability/Verified/Termination/SubformulaProperty.lean:849:23: This simp argument is unused:
  List.flatten_nil

Hint: Omit it from the simp argument list.
  [apply] simp only [Branch.boxPosFormulas, Branch.diamondNegFormulas, List.flatten_cons, List.append_nil,
    List.mem_cons, List.mem_append, List.not_mem_nil, or_false] at hg

Note: This linter can be disabled with `set_option linter.unusedSimpArgs false`
warning: FormalSystem/Metalogic/Decidability/Verified/Termination/SubformulaProperty.lean:849:41: This simp argument is unused:
  List.append_nil

Hint: Omit it from the simp argument list.
  [apply] simp only [Branch.boxPosFormulas, Branch.diamondNegFormulas, List.flatten_cons, List.flatten_nil,
    List.mem_cons, List.mem_append, List.not_mem_nil, or_false] at hg

Note: This linter can be disabled with `set_option linter.unusedSimpArgs false`
warning: FormalSystem/Metalogic/Decidability/Verified/Termination/SubformulaProperty.lean:850:4: This simp argument is unused:
  List.not_mem_nil

Hint: Omit it from the simp argument list.
  [apply] simp only [Branch.boxPosFormulas, Branch.diamondNegFormulas, List.flatten_cons, List.flatten_nil,
    List.append_nil, List.mem_cons, List.mem_append, or_false] at hg

Note: This linter can be disabled with `set_option linter.unusedSimpArgs false`
warning: FormalSystem/Metalogic/Decidability/Verified/Termination/SubformulaProperty.lean:850:22: This simp argument is unused:
  or_false

Hint: Omit it from the simp argument list.
  [apply] simp only [Branch.boxPosFormulas, Branch.diamondNegFormulas, List.flatten_cons, List.flatten_nil,
    List.append_nil, List.mem_cons, List.mem_append, List.not_mem_nil] at hg

Note: This linter can be disabled with `set_option linter.unusedSimpArgs false`
warning: FormalSystem/Metalogic/Decidability/Verified/Termination/SubformulaProperty.lean:864:6: '(obtain ⟨s, hs, hsg⟩ := mem_boxDiamondPersistence hg; rw [hsg]; exact hb _ hs)' tactic does nothing

Note: This linter can be disabled with `set_option linter.unusedTactic false`
warning: FormalSystem/Metalogic/Decidability/Verified/Termination/SubformulaProperty.lean:864:6: this tactic is never executed

Note: This linter can be disabled with `set_option linter.unreachableTactic false`
warning: FormalSystem/Metalogic/Decidability/Verified/Termination/SubformulaProperty.lean:878:4: This simp argument is unused:
  List.flatten_cons

Hint: Omit it from the simp argument list.
  [apply] simp only [Branch.boxPosFormulas, Branch.diamondNegFormulas, List.flatten_nil, List.append_nil, List.mem_cons,
    List.mem_append, List.not_mem_nil, or_false] at hg

Note: This linter can be disabled with `set_option linter.unusedSimpArgs false`
warning: FormalSystem/Metalogic/Decidability/Verified/Termination/SubformulaProperty.lean:878:23: This simp argument is unused:
  List.flatten_nil

Hint: Omit it from the simp argument list.
  [apply] simp only [Branch.boxPosFormulas, Branch.diamondNegFormulas, List.flatten_cons, List.append_nil,
    List.mem_cons, List.mem_append, List.not_mem_nil, or_false] at hg

Note: This linter can be disabled with `set_option linter.unusedSimpArgs false`
warning: FormalSystem/Metalogic/Decidability/Verified/Termination/SubformulaProperty.lean:878:41: This simp argument is unused:
  List.append_nil

Hint: Omit it from the simp argument list.
  [apply] simp only [Branch.boxPosFormulas, Branch.diamondNegFormulas, List.flatten_cons, List.flatten_nil,
    List.mem_cons, List.mem_append, List.not_mem_nil, or_false] at hg

Note: This linter can be disabled with `set_option linter.unusedSimpArgs false`
warning: FormalSystem/Metalogic/Decidability/Verified/Termination/SubformulaProperty.lean:879:4: This simp argument is unused:
  List.not_mem_nil

Hint: Omit it from the simp argument list.
  [apply] simp only [Branch.boxPosFormulas, Branch.diamondNegFormulas, List.flatten_cons, List.flatten_nil,
    List.append_nil, List.mem_cons, List.mem_append, or_false] at hg

Note: This linter can be disabled with `set_option linter.unusedSimpArgs false`
warning: FormalSystem/Metalogic/Decidability/Verified/Termination/SubformulaProperty.lean:879:22: This simp argument is unused:
  or_false

Hint: Omit it from the simp argument list.
  [apply] simp only [Branch.boxPosFormulas, Branch.diamondNegFormulas, List.flatten_cons, List.flatten_nil,
    List.append_nil, List.mem_cons, List.mem_append, List.not_mem_nil] at hg

Note: This linter can be disabled with `set_option linter.unusedSimpArgs false`
warning: FormalSystem/Metalogic/Decidability/Verified/Termination/SubformulaProperty.lean:893:6: '(obtain ⟨s, hs, hsg⟩ := mem_boxDiamondPersistence hg; rw [hsg]; exact hb _ hs)' tactic does nothing

Note: This linter can be disabled with `set_option linter.unusedTactic false`
warning: FormalSystem/Metalogic/Decidability/Verified/Termination/SubformulaProperty.lean:893:6: this tactic is never executed

Note: This linter can be disabled with `set_option linter.unreachableTactic false`
warning: FormalSystem/Metalogic/Decidability/Verified/Termination/SubformulaProperty.lean:907:4: This simp argument is unused:
  List.flatten_cons

Hint: Omit it from the simp argument list.
  [apply] simp only [Branch.allFuturePosFormulas, Branch.someFutureNegFormulas, List.flatten_nil, List.append_nil,
    List.mem_cons, List.mem_append, List.not_mem_nil, or_false] at hg

Note: This linter can be disabled with `set_option linter.unusedSimpArgs false`
warning: FormalSystem/Metalogic/Decidability/Verified/Termination/SubformulaProperty.lean:907:23: This simp argument is unused:
  List.flatten_nil

Hint: Omit it from the simp argument list.
  [apply] simp only [Branch.allFuturePosFormulas, Branch.someFutureNegFormulas, List.flatten_cons, List.append_nil,
    List.mem_cons, List.mem_append, List.not_mem_nil, or_false] at hg

Note: This linter can be disabled with `set_option linter.unusedSimpArgs false`
warning: FormalSystem/Metalogic/Decidability/Verified/Termination/SubformulaProperty.lean:907:41: This simp argument is unused:
  List.append_nil

Hint: Omit it from the simp argument list.
  [apply] simp only [Branch.allFuturePosFormulas, Branch.someFutureNegFormulas, List.flatten_cons, List.flatten_nil,
    List.mem_cons, List.mem_append, List.not_mem_nil, or_false] at hg

Note: This linter can be disabled with `set_option linter.unusedSimpArgs false`
warning: FormalSystem/Metalogic/Decidability/Verified/Termination/SubformulaProperty.lean:908:4: This simp argument is unused:
  List.not_mem_nil

Hint: Omit it from the simp argument list.
  [apply] simp only [Branch.allFuturePosFormulas, Branch.someFutureNegFormulas, List.flatten_cons, List.flatten_nil,
    List.append_nil, List.mem_cons, List.mem_append, or_false] at hg

Note: This linter can be disabled with `set_option linter.unusedSimpArgs false`
warning: FormalSystem/Metalogic/Decidability/Verified/Termination/SubformulaProperty.lean:908:22: This simp argument is unused:
  or_false

Hint: Omit it from the simp argument list.
  [apply] simp only [Branch.allFuturePosFormulas, Branch.someFutureNegFormulas, List.flatten_cons, List.flatten_nil,
    List.append_nil, List.mem_cons, List.mem_append, List.not_mem_nil] at hg

Note: This linter can be disabled with `set_option linter.unusedSimpArgs false`
warning: FormalSystem/Metalogic/Decidability/Verified/Termination/SubformulaProperty.lean:936:4: This simp argument is unused:
  List.flatten_cons

Hint: Omit it from the simp argument list.
  [apply] simp only [Branch.allPastPosFormulas, Branch.somePastNegFormulas, List.flatten_nil, List.append_nil,
    List.mem_cons, List.mem_append, List.not_mem_nil, or_false] at hg

Note: This linter can be disabled with `set_option linter.unusedSimpArgs false`
warning: FormalSystem/Metalogic/Decidability/Verified/Termination/SubformulaProperty.lean:936:23: This simp argument is unused:
  List.flatten_nil

Hint: Omit it from the simp argument list.
  [apply] simp only [Branch.allPastPosFormulas, Branch.somePastNegFormulas, List.flatten_cons, List.append_nil,
    List.mem_cons, List.mem_append, List.not_mem_nil, or_false] at hg

Note: This linter can be disabled with `set_option linter.unusedSimpArgs false`
warning: FormalSystem/Metalogic/Decidability/Verified/Termination/SubformulaProperty.lean:936:41: This simp argument is unused:
  List.append_nil

Hint: Omit it from the simp argument list.
  [apply] simp only [Branch.allPastPosFormulas, Branch.somePastNegFormulas, List.flatten_cons, List.flatten_nil,
    List.mem_cons, List.mem_append, List.not_mem_nil, or_false] at hg

Note: This linter can be disabled with `set_option linter.unusedSimpArgs false`
warning: FormalSystem/Metalogic/Decidability/Verified/Termination/SubformulaProperty.lean:937:4: This simp argument is unused:
  List.not_mem_nil

Hint: Omit it from the simp argument list.
  [apply] simp only [Branch.allPastPosFormulas, Branch.somePastNegFormulas, List.flatten_cons, List.flatten_nil,
    List.append_nil, List.mem_cons, List.mem_append, or_false] at hg

Note: This linter can be disabled with `set_option linter.unusedSimpArgs false`
warning: FormalSystem/Metalogic/Decidability/Verified/Termination/SubformulaProperty.lean:937:22: This simp argument is unused:
  or_false

Hint: Omit it from the simp argument list.
  [apply] simp only [Branch.allPastPosFormulas, Branch.somePastNegFormulas, List.flatten_cons, List.flatten_nil,
    List.append_nil, List.mem_cons, List.mem_append, List.not_mem_nil] at hg

Note: This linter can be disabled with `set_option linter.unusedSimpArgs false`
warning: FormalSystem/Metalogic/Decidability/Verified/Termination/SubformulaProperty.lean:965:4: This simp argument is unused:
  List.flatten_cons

Hint: Omit it from the simp argument list.
  [apply] simp only [Branch.allFuturePosFormulas, Branch.someFutureNegFormulas, List.flatten_nil, List.append_nil,
    List.mem_cons, List.mem_append, List.not_mem_nil, or_false] at hg

Note: This linter can be disabled with `set_option linter.unusedSimpArgs false`
warning: FormalSystem/Metalogic/Decidability/Verified/Termination/SubformulaProperty.lean:965:23: This simp argument is unused:
  List.flatten_nil

Hint: Omit it from the simp argument list.
  [apply] simp only [Branch.allFuturePosFormulas, Branch.someFutureNegFormulas, List.flatten_cons, List.append_nil,
    List.mem_cons, List.mem_append, List.not_mem_nil, or_false] at hg

Note: This linter can be disabled with `set_option linter.unusedSimpArgs false`
warning: FormalSystem/Metalogic/Decidability/Verified/Termination/SubformulaProperty.lean:965:41: This simp argument is unused:
  List.append_nil

Hint: Omit it from the simp argument list.
  [apply] simp only [Branch.allFuturePosFormulas, Branch.someFutureNegFormulas, List.flatten_cons, List.flatten_nil,
    List.mem_cons, List.mem_append, List.not_mem_nil, or_false] at hg

Note: This linter can be disabled with `set_option linter.unusedSimpArgs false`
warning: FormalSystem/Metalogic/Decidability/Verified/Termination/SubformulaProperty.lean:966:4: This simp argument is unused:
  List.not_mem_nil

Hint: Omit it from the simp argument list.
  [apply] simp only [Branch.allFuturePosFormulas, Branch.someFutureNegFormulas, List.flatten_cons, List.flatten_nil,
    List.append_nil, List.mem_cons, List.mem_append, or_false] at hg

Note: This linter can be disabled with `set_option linter.unusedSimpArgs false`
warning: FormalSystem/Metalogic/Decidability/Verified/Termination/SubformulaProperty.lean:966:22: This simp argument is unused:
  or_false

Hint: Omit it from the simp argument list.
  [apply] simp only [Branch.allFuturePosFormulas, Branch.someFutureNegFormulas, List.flatten_cons, List.flatten_nil,
    List.append_nil, List.mem_cons, List.mem_append, List.not_mem_nil] at hg

Note: This linter can be disabled with `set_option linter.unusedSimpArgs false`
warning: FormalSystem/Metalogic/Decidability/Verified/Termination/SubformulaProperty.lean:994:4: This simp argument is unused:
  List.flatten_cons

Hint: Omit it from the simp argument list.
  [apply] simp only [Branch.allPastPosFormulas, Branch.somePastNegFormulas, List.flatten_nil, List.append_nil,
    List.mem_cons, List.mem_append, List.not_mem_nil, or_false] at hg

Note: This linter can be disabled with `set_option linter.unusedSimpArgs false`
warning: FormalSystem/Metalogic/Decidability/Verified/Termination/SubformulaProperty.lean:994:23: This simp argument is unused:
  List.flatten_nil

Hint: Omit it from the simp argument list.
  [apply] simp only [Branch.allPastPosFormulas, Branch.somePastNegFormulas, List.flatten_cons, List.append_nil,
    List.mem_cons, List.mem_append, List.not_mem_nil, or_false] at hg

Note: This linter can be disabled with `set_option linter.unusedSimpArgs false`
warning: FormalSystem/Metalogic/Decidability/Verified/Termination/SubformulaProperty.lean:994:41: This simp argument is unused:
  List.append_nil

Hint: Omit it from the simp argument list.
  [apply] simp only [Branch.allPastPosFormulas, Branch.somePastNegFormulas, List.flatten_cons, List.flatten_nil,
    List.mem_cons, List.mem_append, List.not_mem_nil, or_false] at hg

Note: This linter can be disabled with `set_option linter.unusedSimpArgs false`
warning: FormalSystem/Metalogic/Decidability/Verified/Termination/SubformulaProperty.lean:995:4: This simp argument is unused:
  List.not_mem_nil

Hint: Omit it from the simp argument list.
  [apply] simp only [Branch.allPastPosFormulas, Branch.somePastNegFormulas, List.flatten_cons, List.flatten_nil,
    List.append_nil, List.mem_cons, List.mem_append, or_false] at hg

Note: This linter can be disabled with `set_option linter.unusedSimpArgs false`
warning: FormalSystem/Metalogic/Decidability/Verified/Termination/SubformulaProperty.lean:995:22: This simp argument is unused:
  or_false

Hint: Omit it from the simp argument list.
  [apply] simp only [Branch.allPastPosFormulas, Branch.somePastNegFormulas, List.flatten_cons, List.flatten_nil,
    List.append_nil, List.mem_cons, List.mem_append, List.not_mem_nil] at hg

Note: This linter can be disabled with `set_option linter.unusedSimpArgs false`
warning: FormalSystem/Metalogic/Decidability/Verified/Termination/SubformulaProperty.lean:1031:63: This simp argument is unused:
  Branch.untlNegFormulas

Hint: Omit it from the simp argument list.
  [apply] simp only [Branch.allFuturePosFormulas, Branch.someFutureNegFormulas, List.flatten_cons, List.flatten_nil,
    List.append_nil, List.mem_cons, List.mem_append, List.not_mem_nil, or_false] at hg

Note: This linter can be disabled with `set_option linter.unusedSimpArgs false`
warning: FormalSystem/Metalogic/Decidability/Verified/Termination/SubformulaProperty.lean:1039:7: 'simp_all only []' tactic does nothing

Note: This linter can be disabled with `set_option linter.unusedTactic false`
warning: FormalSystem/Metalogic/Decidability/Verified/Termination/SubformulaProperty.lean:1039:25: 'done' tactic does nothing

Note: This linter can be disabled with `set_option linter.unusedTactic false`
warning: FormalSystem/Metalogic/Decidability/Verified/Termination/SubformulaProperty.lean:1039:25: this tactic is never executed

Note: This linter can be disabled with `set_option linter.unreachableTactic false`
warning: FormalSystem/Metalogic/Decidability/Verified/Termination/SubformulaProperty.lean:1063:59: This simp argument is unused:
  Branch.snceNegFormulas

Hint: Omit it from the simp argument list.
  [apply] simp only [Branch.allPastPosFormulas, Branch.somePastNegFormulas, List.flatten_cons, List.flatten_nil,
    List.append_nil, List.mem_cons, List.mem_append, List.not_mem_nil, or_false] at hg

Note: This linter can be disabled with `set_option linter.unusedSimpArgs false`
warning: FormalSystem/Metalogic/Decidability/Verified/Termination/SubformulaProperty.lean:1071:7: 'simp_all only []' tactic does nothing

Note: This linter can be disabled with `set_option linter.unusedTactic false`
warning: FormalSystem/Metalogic/Decidability/Verified/Termination/SubformulaProperty.lean:1071:25: 'done' tactic does nothing

Note: This linter can be disabled with `set_option linter.unusedTactic false`
warning: FormalSystem/Metalogic/Decidability/Verified/Termination/SubformulaProperty.lean:1071:25: this tactic is never executed

Note: This linter can be disabled with `set_option linter.unreachableTactic false`
warning: FormalSystem/Metalogic/Decidability/Verified/Termination/SubformulaProperty.lean:1095:63: This simp argument is unused:
  Branch.untlNegFormulas

Hint: Omit it from the simp argument list.
  [apply] simp only [Branch.allFuturePosFormulas, Branch.someFutureNegFormulas, List.flatten_cons, List.flatten_nil,
    List.append_nil, List.mem_cons, List.mem_append, List.not_mem_nil, or_false] at hg

Note: This linter can be disabled with `set_option linter.unusedSimpArgs false`
warning: FormalSystem/Metalogic/Decidability/Verified/Termination/SubformulaProperty.lean:1103:25: 'done' tactic does nothing

Note: This linter can be disabled with `set_option linter.unusedTactic false`
warning: FormalSystem/Metalogic/Decidability/Verified/Termination/SubformulaProperty.lean:1127:59: This simp argument is unused:
  Branch.snceNegFormulas

Hint: Omit it from the simp argument list.
  [apply] simp only [Branch.allPastPosFormulas, Branch.somePastNegFormulas, List.flatten_cons, List.flatten_nil,
    List.append_nil, List.mem_cons, List.mem_append, List.not_mem_nil, or_false] at hg

Note: This linter can be disabled with `set_option linter.unusedSimpArgs false`
warning: FormalSystem/Metalogic/Decidability/Verified/Termination/SubformulaProperty.lean:1135:25: 'done' tactic does nothing

Note: This linter can be disabled with `set_option linter.unusedTactic false`
warning: FormalSystem/Metalogic/Decidability/Verified/Termination/SubformulaProperty.lean:1211:4: This simp argument is unused:
  Formula.self_mem_subformulas

Hint: Omit it from the simp argument list.
  [apply] simp [SignedFormula.pos, Formula.allFuture, Formula.someFuture, Formula.neg, Formula.top, Formula.subformulas]

Note: This linter can be disabled with `set_option linter.unusedSimpArgs false`
warning: FormalSystem/Metalogic/Decidability/Verified/Termination/SubformulaProperty.lean:1264:4: This simp argument is unused:
  List.flatten_cons

Hint: Omit it from the simp argument list.
  [apply] simp only [Branch.allFuturePosFormulas, List.flatten_nil, List.append_nil, List.mem_cons, List.mem_append,
    List.not_mem_nil, or_false] at hg

Note: This linter can be disabled with `set_option linter.unusedSimpArgs false`
warning: FormalSystem/Metalogic/Decidability/Verified/Termination/SubformulaProperty.lean:1264:23: This simp argument is unused:
  List.flatten_nil

Hint: Omit it from the simp argument list.
  [apply] simp only [Branch.allFuturePosFormulas, List.flatten_cons, List.append_nil, List.mem_cons, List.mem_append,
    List.not_mem_nil, or_false] at hg

Note: This linter can be disabled with `set_option linter.unusedSimpArgs false`
warning: FormalSystem/Metalogic/Decidability/Verified/Termination/SubformulaProperty.lean:1264:41: This simp argument is unused:
  List.append_nil

Hint: Omit it from the simp argument list.
  [apply] simp only [Branch.allFuturePosFormulas, List.flatten_cons, List.flatten_nil, List.mem_cons, List.mem_append,
    List.not_mem_nil, or_false] at hg

Note: This linter can be disabled with `set_option linter.unusedSimpArgs false`
warning: FormalSystem/Metalogic/Decidability/Verified/Termination/SubformulaProperty.lean:1264:73: This simp argument is unused:
  List.mem_append

Hint: Omit it from the simp argument list.
  [apply] simp only [Branch.allFuturePosFormulas, List.flatten_cons, List.flatten_nil, List.append_nil, List.mem_cons,
    List.not_mem_nil, or_false] at hg

Note: This linter can be disabled with `set_option linter.unusedSimpArgs false`
warning: FormalSystem/Metalogic/Decidability/Verified/Termination/SubformulaProperty.lean:1265:4: This simp argument is unused:
  List.not_mem_nil

Hint: Omit it from the simp argument list.
  [apply] simp only [Branch.allFuturePosFormulas, List.flatten_cons, List.flatten_nil, List.append_nil, List.mem_cons,
    List.mem_append, or_false] at hg

Note: This linter can be disabled with `set_option linter.unusedSimpArgs false`
warning: FormalSystem/Metalogic/Decidability/Verified/Termination/SubformulaProperty.lean:1265:22: This simp argument is unused:
  or_false

Hint: Omit it from the simp argument list.
  [apply] simp only [Branch.allFuturePosFormulas, List.flatten_cons, List.flatten_nil, List.append_nil, List.mem_cons,
    List.mem_append, List.not_mem_nil] at hg

Note: This linter can be disabled with `set_option linter.unusedSimpArgs false`
warning: FormalSystem/Metalogic/Decidability/Verified/Termination/SubformulaProperty.lean:1278:51: This simp argument is unused:
  SignedFormula.neg

Hint: Omit it from the simp argument list.
  [apply] simp_all [SignedFormula.pos, Formula.subformulas, Formula.self_mem_subformulas]

Note: This linter can be disabled with `set_option linter.unusedSimpArgs false`
warning: FormalSystem/Metalogic/Decidability/Verified/Termination/SubformulaProperty.lean:1269:7: 'simp_all only []' tactic does nothing

Note: This linter can be disabled with `set_option linter.unusedTactic false`
warning: FormalSystem/Metalogic/Decidability/Verified/Termination/SubformulaProperty.lean:1269:25: 'done' tactic does nothing

Note: This linter can be disabled with `set_option linter.unusedTactic false`
warning: FormalSystem/Metalogic/Decidability/Verified/Termination/SubformulaProperty.lean:1269:25: this tactic is never executed

Note: This linter can be disabled with `set_option linter.unreachableTactic false`
⚠ [2354/2718] Replayed FormalSystem.Metalogic.Decidability.Verified.Termination.Fuel
warning: FormalSystem/Metalogic/Decidability/Verified/Termination/Fuel.lean:2028:6: '(try omega)' tactic does nothing

Note: This linter can be disabled with `set_option linter.unusedTactic false`
warning: FormalSystem/Metalogic/Decidability/Verified/Termination/Fuel.lean:2028:6: this tactic is never executed

Note: This linter can be disabled with `set_option linter.unreachableTactic false`
⚠ [2357/2718] Replayed FormalSystem.Metalogic.Decidability.Verified.Termination.MintBound.MintPotential
warning: FormalSystem/Metalogic/Decidability/Verified/Termination/MintBound/MintPotential.lean:195:46: This simp argument is unused:
  Branch.boxPosFormulas

Hint: Omit it from the simp argument list.
  [apply] simp only [RuleResult.emitted, Branch.diamondNegFormulas, Branch.allFuturePosFormulas,
    Branch.allPastPosFormulas, Branch.someFutureNegFormulas, Branch.somePastNegFormulas, Branch.untlNegFormulas,
    Branch.snceNegFormulas, List.map_cons, List.map_nil, List.flatten_cons, List.flatten_nil, List.append_nil,
    List.mem_cons, List.mem_append, List.not_mem_nil, or_false, List.mem_filter] at hg

Note: This linter can be disabled with `set_option linter.unusedSimpArgs false`
warning: FormalSystem/Metalogic/Decidability/Verified/Termination/MintBound/MintPotential.lean:195:69: This simp argument is unused:
  Branch.diamondNegFormulas

Hint: Omit it from the simp argument list.
  [apply] simp only [RuleResult.emitted, Branch.boxPosFormulas, Branch.allFuturePosFormulas, Branch.allPastPosFormulas,
    Branch.someFutureNegFormulas, Branch.somePastNegFormulas, Branch.untlNegFormulas, Branch.snceNegFormulas,
    List.map_cons, List.map_nil, List.flatten_cons, List.flatten_nil, List.append_nil, List.mem_cons, List.mem_append,
    List.not_mem_nil, or_false, List.mem_filter] at hg

Note: This linter can be disabled with `set_option linter.unusedSimpArgs false`
warning: FormalSystem/Metalogic/Decidability/Verified/Termination/MintBound/MintPotential.lean:198:17: This simp argument is unused:
  Branch.untlNegFormulas

Hint: Omit it from the simp argument list.
  [apply] simp only [RuleResult.emitted, Branch.boxPosFormulas, Branch.diamondNegFormulas, Branch.allFuturePosFormulas,
    Branch.allPastPosFormulas, Branch.someFutureNegFormulas, Branch.somePastNegFormulas, Branch.snceNegFormulas,
    List.map_cons, List.map_nil, List.flatten_cons, List.flatten_nil, List.append_nil, List.mem_cons, List.mem_append,
    List.not_mem_nil, or_false, List.mem_filter] at hg

Note: This linter can be disabled with `set_option linter.unusedSimpArgs false`
warning: FormalSystem/Metalogic/Decidability/Verified/Termination/MintBound/MintPotential.lean:198:41: This simp argument is unused:
  Branch.snceNegFormulas

Hint: Omit it from the simp argument list.
  [apply] simp only [RuleResult.emitted, Branch.boxPosFormulas, Branch.diamondNegFormulas, Branch.allFuturePosFormulas,
    Branch.allPastPosFormulas, Branch.someFutureNegFormulas, Branch.somePastNegFormulas, Branch.untlNegFormulas,
    List.map_cons, List.map_nil, List.flatten_cons, List.flatten_nil, List.append_nil, List.mem_cons, List.mem_append,
    List.not_mem_nil, or_false, List.mem_filter] at hg

Note: This linter can be disabled with `set_option linter.unusedSimpArgs false`
warning: FormalSystem/Metalogic/Decidability/Verified/Termination/MintBound/MintPotential.lean:204:14: '(obtain ⟨hg, -⟩ := hg)' tactic does nothing

Note: This linter can be disabled with `set_option linter.unusedTactic false`
warning: FormalSystem/Metalogic/Decidability/Verified/Termination/MintBound/MintPotential.lean:204:14: this tactic is never executed

Note: This linter can be disabled with `set_option linter.unreachableTactic false`
warning: FormalSystem/Metalogic/Decidability/Verified/Termination/MintBound/MintPotential.lean:227:63: This simp argument is unused:
  or_false

Hint: Omit it from the simp argument list.
  [apply] simp only [RuleResult.emitted, Branch.boxPosFormulas, Branch.diamondNegFormulas, List.mem_cons,
    List.mem_append, List.not_mem_nil] at hg

Note: This linter can be disabled with `set_option linter.unusedSimpArgs false`
warning: FormalSystem/Metalogic/Decidability/Verified/Termination/MintBound/MintPotential.lean:251:63: This simp argument is unused:
  or_false

Hint: Omit it from the simp argument list.
  [apply] simp only [RuleResult.emitted, Branch.boxPosFormulas, Branch.diamondNegFormulas, List.mem_cons,
    List.mem_append, List.not_mem_nil] at hg

Note: This linter can be disabled with `set_option linter.unusedSimpArgs false`
warning: FormalSystem/Metalogic/Decidability/Verified/Termination/MintBound/MintPotential.lean:237:65: '(try contradiction)' tactic does nothing

Note: This linter can be disabled with `set_option linter.unusedTactic false`
warning: FormalSystem/Metalogic/Decidability/Verified/Termination/MintBound/MintPotential.lean:267:10: '(simp only [RuleResult.emitted, List.not_mem_nil] at hg)' tactic does nothing

Note: This linter can be disabled with `set_option linter.unusedTactic false`
warning: FormalSystem/Metalogic/Decidability/Verified/Termination/MintBound/MintPotential.lean:267:10: this tactic is never executed

Note: This linter can be disabled with `set_option linter.unreachableTactic false`
warning: FormalSystem/Metalogic/Decidability/Verified/Termination/MintBound/MintPotential.lean:280:10: '(simp only [RuleResult.emitted, List.not_mem_nil] at hg)' tactic does nothing

Note: This linter can be disabled with `set_option linter.unusedTactic false`
warning: FormalSystem/Metalogic/Decidability/Verified/Termination/MintBound/MintPotential.lean:280:10: this tactic is never executed

Note: This linter can be disabled with `set_option linter.unreachableTactic false`
warning: FormalSystem/Metalogic/Decidability/Verified/Termination/MintBound/MintPotential.lean:542:81: This simp argument is unused:
  List.mem_append

Hint: Omit it from the simp argument list.
  [apply] simp only [nonBranchingResultBranch, branchingResultBranches, Option.toList, List.mem_cons, List.not_mem_nil,
    or_false, List.append_nil] at h

Note: This linter can be disabled with `set_option linter.unusedSimpArgs false`
warning: FormalSystem/Metalogic/Decidability/Verified/Termination/MintBound/MintPotential.lean:548:81: This simp argument is unused:
  List.mem_append

Hint: Omit it from the simp argument list.
  [apply] simp only [nonBranchingResultBranch, branchingResultBranches, Option.toList, List.mem_cons, List.not_mem_nil,
    or_false, List.append_nil] at h

Note: This linter can be disabled with `set_option linter.unusedSimpArgs false`
⚠ [2361/2718] Replayed FormalSystem.Metalogic.Decidability.Verified.Termination.MintBound.TimeCensus
warning: FormalSystem/Metalogic/Decidability/Verified/Termination/MintBound/TimeCensus.lean:392:15: 'assumption' tactic does nothing

Note: This linter can be disabled with `set_option linter.unusedTactic false`
warning: FormalSystem/Metalogic/Decidability/Verified/Termination/MintBound/TimeCensus.lean:622:35: This simp argument is unused:
  ruleMintsFreshTime

Hint: Omit it from the simp argument list.
  [apply] simp +decide [ruleMintsFreshLabel]

Note: This linter can be disabled with `set_option linter.unusedSimpArgs false`
warning: FormalSystem/Metalogic/Decidability/Verified/Termination/MintBound/TimeCensus.lean:622:55: This simp argument is unused:
  ruleMintsFreshLabel

Hint: Omit it from the simp argument list.
  [apply] simp +decide [ruleMintsFreshTime]

Note: This linter can be disabled with `set_option linter.unusedSimpArgs false`
⚠ [2364/2718] Replayed FormalSystem.Metalogic.Decidability.Verified.Termination.MintBound.OrientedGate
warning: FormalSystem/Metalogic/Decidability/Verified/Termination/MintBound/OrientedGate.lean:916:6: Variable name `x` is not explicitly referenced.

Hint: The binding can be removed (if unused) or named `_` (if used implicitly). Alternatively, prefix the name with `_` to silence this warning:
  [apply] _x

Note: This linter can be disabled with `set_option linter.unusedVariables false`
⚠ [2377/2718] Replayed FormalSystem.Metalogic.Decidability.Verified.Bridge.Interpolate
warning: FormalSystem/Metalogic/Decidability/Verified/Bridge/Interpolate.lean:219:4: `push_neg` has been deprecated. Prefer using `push Not` instead.
If you'd rather continue using `push_neg` in your project, you can implement it as follows:
```
open Lean.Parser.Tactic in
macro "push_neg" cfg:optConfig loc:(location)? : tactic =>
  `(tactic| push $cfg:optConfig Not $[$loc]?)
```
warning: FormalSystem/Metalogic/Decidability/Verified/Bridge/Interpolate.lean:222:4: `push_neg` has been deprecated. Prefer using `push Not` instead.
If you'd rather continue using `push_neg` in your project, you can implement it as follows:
```
open Lean.Parser.Tactic in
macro "push_neg" cfg:optConfig loc:(location)? : tactic =>
  `(tactic| push $cfg:optConfig Not $[$loc]?)
```
warning: FormalSystem/Metalogic/Decidability/Verified/Bridge/Interpolate.lean:310:4: `push_neg` has been deprecated. Prefer using `push Not` instead.
If you'd rather continue using `push_neg` in your project, you can implement it as follows:
```
open Lean.Parser.Tactic in
macro "push_neg" cfg:optConfig loc:(location)? : tactic =>
  `(tactic| push $cfg:optConfig Not $[$loc]?)
```
warning: FormalSystem/Metalogic/Decidability/Verified/Bridge/Interpolate.lean:339:4: `push_neg` has been deprecated. Prefer using `push Not` instead.
If you'd rather continue using `push_neg` in your project, you can implement it as follows:
```
open Lean.Parser.Tactic in
macro "push_neg" cfg:optConfig loc:(location)? : tactic =>
  `(tactic| push $cfg:optConfig Not $[$loc]?)
```
warning: FormalSystem/Metalogic/Decidability/Verified/Bridge/Interpolate.lean:364:4: `push_neg` has been deprecated. Prefer using `push Not` instead.
If you'd rather continue using `push_neg` in your project, you can implement it as follows:
```
open Lean.Parser.Tactic in
macro "push_neg" cfg:optConfig loc:(location)? : tactic =>
  `(tactic| push $cfg:optConfig Not $[$loc]?)
```
warning: FormalSystem/Metalogic/Decidability/Verified/Bridge/Interpolate.lean:370:8: `push_neg` has been deprecated. Prefer using `push Not` instead.
If you'd rather continue using `push_neg` in your project, you can implement it as follows:
```
open Lean.Parser.Tactic in
macro "push_neg" cfg:optConfig loc:(location)? : tactic =>
  `(tactic| push $cfg:optConfig Not $[$loc]?)
```
warning: FormalSystem/Metalogic/Decidability/Verified/Bridge/Interpolate.lean:372:6: `push_neg` has been deprecated. Prefer using `push Not` instead.
If you'd rather continue using `push_neg` in your project, you can implement it as follows:
```
open Lean.Parser.Tactic in
macro "push_neg" cfg:optConfig loc:(location)? : tactic =>
  `(tactic| push $cfg:optConfig Not $[$loc]?)
```
warning: FormalSystem/Metalogic/Decidability/Verified/Bridge/Interpolate.lean:528:4: `push_neg` has been deprecated. Prefer using `push Not` instead.
If you'd rather continue using `push_neg` in your project, you can implement it as follows:
```
open Lean.Parser.Tactic in
macro "push_neg" cfg:optConfig loc:(location)? : tactic =>
  `(tactic| push $cfg:optConfig Not $[$loc]?)
```
warning: FormalSystem/Metalogic/Decidability/Verified/Bridge/Interpolate.lean:558:4: `push_neg` has been deprecated. Prefer using `push Not` instead.
If you'd rather continue using `push_neg` in your project, you can implement it as follows:
```
open Lean.Parser.Tactic in
macro "push_neg" cfg:optConfig loc:(location)? : tactic =>
  `(tactic| push $cfg:optConfig Not $[$loc]?)
```
warning: FormalSystem/Metalogic/Decidability/Verified/Bridge/Interpolate.lean:596:4: `push_neg` has been deprecated. Prefer using `push Not` instead.
If you'd rather continue using `push_neg` in your project, you can implement it as follows:
```
open Lean.Parser.Tactic in
macro "push_neg" cfg:optConfig loc:(location)? : tactic =>
  `(tactic| push $cfg:optConfig Not $[$loc]?)
```
warning: FormalSystem/Metalogic/Decidability/Verified/Bridge/Interpolate.lean:608:4: `push_neg` has been deprecated. Prefer using `push Not` instead.
If you'd rather continue using `push_neg` in your project, you can implement it as follows:
```
open Lean.Parser.Tactic in
macro "push_neg" cfg:optConfig loc:(location)? : tactic =>
  `(tactic| push $cfg:optConfig Not $[$loc]?)
```
⚠ [2378/2718] Replayed FormalSystem.Metalogic.Decidability.Verified.Bridge.RegionFrame
warning: FormalSystem/Metalogic/Decidability/Verified/Bridge/RegionFrame.lean:168:19: Variable name `ι` is not explicitly referenced.

Hint: The binding can be removed (if unused) or named `_` (if used implicitly). Alternatively, prefix the name with `_` to silence this warning:
  [apply] _ι

Note: This linter can be disabled with `set_option linter.unusedVariables false`
⚠ [2379/2718] Replayed FormalSystem.Metalogic.Decidability.Verified.Bridge.TruthLemma
warning: FormalSystem/Metalogic/Decidability/Verified/Bridge/TruthLemma.lean:182:4: `push_neg` has been deprecated. Prefer using `push Not` instead.
If you'd rather continue using `push_neg` in your project, you can implement it as follows:
```
open Lean.Parser.Tactic in
macro "push_neg" cfg:optConfig loc:(location)? : tactic =>
  `(tactic| push $cfg:optConfig Not $[$loc]?)
```
warning: FormalSystem/Metalogic/Decidability/Verified/Bridge/TruthLemma.lean:212:4: `push_neg` has been deprecated. Prefer using `push Not` instead.
If you'd rather continue using `push_neg` in your project, you can implement it as follows:
```
open Lean.Parser.Tactic in
macro "push_neg" cfg:optConfig loc:(location)? : tactic =>
  `(tactic| push $cfg:optConfig Not $[$loc]?)
```
warning: FormalSystem/Metalogic/Decidability/Verified/Bridge/TruthLemma.lean:243:4: `push_neg` has been deprecated. Prefer using `push Not` instead.
If you'd rather continue using `push_neg` in your project, you can implement it as follows:
```
open Lean.Parser.Tactic in
macro "push_neg" cfg:optConfig loc:(location)? : tactic =>
  `(tactic| push $cfg:optConfig Not $[$loc]?)
```
warning: FormalSystem/Metalogic/Decidability/Verified/Bridge/TruthLemma.lean:255:4: `push_neg` has been deprecated. Prefer using `push Not` instead.
If you'd rather continue using `push_neg` in your project, you can implement it as follows:
```
open Lean.Parser.Tactic in
macro "push_neg" cfg:optConfig loc:(location)? : tactic =>
  `(tactic| push $cfg:optConfig Not $[$loc]?)
```
⚠ [2380/2718] Replayed FormalSystem.Metalogic.Decidability.Verified.Bridge.Valuation
warning: FormalSystem/Metalogic/Decidability/Verified/Bridge/Valuation.lean:121:0: automatically included section variable(s) unused in theorem `FormalSystem.Metalogic.Decidability.Verified.Bridge.isPlacedCode_placedCode`:
  [Nontrivial D]
consider restructuring your `variable` declarations so that the variables are not in scope or explicitly omit them:
  omit [Nontrivial D] in theorem ...

Note: This linter can be disabled with `set_option linter.unusedSectionVars false`
warning: FormalSystem/Metalogic/Decidability/Verified/Bridge/Valuation.lean:132:0: automatically included section variable(s) unused in theorem `FormalSystem.Metalogic.Decidability.Verified.Bridge.placedCode_injective`:
  [Nontrivial D]
consider restructuring your `variable` declarations so that the variables are not in scope or explicitly omit them:
  omit [Nontrivial D] in theorem ...

Note: This linter can be disabled with `set_option linter.unusedSectionVars false`
warning: FormalSystem/Metalogic/Decidability/Verified/Bridge/Valuation.lean:172:0: automatically included section variable(s) unused in theorem `FormalSystem.Metalogic.Decidability.Verified.Bridge.regionValuation_gap`:
  [Nontrivial D]
consider restructuring your `variable` declarations so that the variables are not in scope or explicitly omit them:
  omit [Nontrivial D] in theorem ...

Note: This linter can be disabled with `set_option linter.unusedSectionVars false`
⚠ [2387/2718] Replayed FormalSystem.Metalogic.Decidability.Verified.Bridge.IntTruth
warning: FormalSystem/Metalogic/Decidability/Verified/Bridge/IntTruth.lean:204:0: automatically included section variable(s) unused in theorem `FormalSystem.Metalogic.Decidability.Verified.Bridge.isPlacedCode_of_eq`:
  [Nontrivial D]
consider restructuring your `variable` declarations so that the variables are not in scope or explicitly omit them:
  omit [Nontrivial D] in theorem ...

Note: This linter can be disabled with `set_option linter.unusedSectionVars false`
warning: FormalSystem/Metalogic/Decidability/Verified/Bridge/IntTruth.lean:209:0: automatically included section variable(s) unused in theorem `FormalSystem.Metalogic.Decidability.Verified.Bridge.exists_eq_of_isPlacedCode`:
  [Nontrivial D]
consider restructuring your `variable` declarations so that the variables are not in scope or explicitly omit them:
  omit [Nontrivial D] in theorem ...

Note: This linter can be disabled with `set_option linter.unusedSectionVars false`
warning: FormalSystem/Metalogic/Decidability/Verified/Bridge/IntTruth.lean:220:0: automatically included section variable(s) unused in theorem `FormalSystem.Metalogic.Decidability.Verified.Bridge.stateTime_placed`:
  [Nontrivial D]
consider restructuring your `variable` declarations so that the variables are not in scope or explicitly omit them:
  omit [Nontrivial D] in theorem ...

Note: This linter can be disabled with `set_option linter.unusedSectionVars false`
warning: FormalSystem/Metalogic/Decidability/Verified/Bridge/IntTruth.lean:476:0: automatically included section variable(s) unused in theorem `FormalSystem.Metalogic.Decidability.Verified.Bridge.isPlacedCode_of_between`:
  [Nontrivial D]
consider restructuring your `variable` declarations so that the variables are not in scope or explicitly omit them:
  omit [Nontrivial D] in theorem ...

Note: This linter can be disabled with `set_option linter.unusedSectionVars false`
warning: FormalSystem/Metalogic/Decidability/Verified/Bridge/IntTruth.lean:860:5: Variable name `hSat` is not explicitly referenced.

Hint: The binding can be removed (if unused) or named `_` (if used implicitly). Alternatively, prefix the name with `_` to silence this warning:
  [apply] _hSat

Note: This linter can be disabled with `set_option linter.unusedVariables false`
warning: FormalSystem/Metalogic/Decidability/Verified/Bridge/IntTruth.lean:860:55: Variable name `hOpen` is not explicitly referenced.

Hint: The binding can be removed (if unused) or named `_` (if used implicitly). Alternatively, prefix the name with `_` to silence this warning:
  [apply] _hOpen

Note: This linter can be disabled with `set_option linter.unusedVariables false`
warning: FormalSystem/Metalogic/Decidability/Verified/Bridge/IntTruth.lean:861:5: Variable name `hTot` is not explicitly referenced.

Hint: The binding can be removed (if unused) or named `_` (if used implicitly). Alternatively, prefix the name with `_` to silence this warning:
  [apply] _hTot

Note: This linter can be disabled with `set_option linter.unusedVariables false`
warning: FormalSystem/Metalogic/Decidability/Verified/Bridge/IntTruth.lean:861:42: Variable name `hBA` is not explicitly referenced.

Hint: The binding can be removed (if unused) or named `_` (if used implicitly). Alternatively, prefix the name with `_` to silence this warning:
  [apply] _hBA

Note: This linter can be disabled with `set_option linter.unusedVariables false`
warning: FormalSystem/Metalogic/Decidability/Verified/Bridge/IntTruth.lean:873:5: Variable name `hSat` is not explicitly referenced.

Hint: The binding can be removed (if unused) or named `_` (if used implicitly). Alternatively, prefix the name with `_` to silence this warning:
  [apply] _hSat

Note: This linter can be disabled with `set_option linter.unusedVariables false`
warning: FormalSystem/Metalogic/Decidability/Verified/Bridge/IntTruth.lean:873:55: Variable name `hOpen` is not explicitly referenced.

Hint: The binding can be removed (if unused) or named `_` (if used implicitly). Alternatively, prefix the name with `_` to silence this warning:
  [apply] _hOpen

Note: This linter can be disabled with `set_option linter.unusedVariables false`
warning: FormalSystem/Metalogic/Decidability/Verified/Bridge/IntTruth.lean:874:5: Variable name `hTot` is not explicitly referenced.

Hint: The binding can be removed (if unused) or named `_` (if used implicitly). Alternatively, prefix the name with `_` to silence this warning:
  [apply] _hTot

Note: This linter can be disabled with `set_option linter.unusedVariables false`
warning: FormalSystem/Metalogic/Decidability/Verified/Bridge/IntTruth.lean:874:42: Variable name `hBA` is not explicitly referenced.

Hint: The binding can be removed (if unused) or named `_` (if used implicitly). Alternatively, prefix the name with `_` to silence this warning:
  [apply] _hBA

Note: This linter can be disabled with `set_option linter.unusedVariables false`
⚠ [2388/2718] Replayed FormalSystem.Metalogic.Decidability.Verified.Bridge.DenseTruth
warning: FormalSystem/Metalogic/Decidability/Verified/Bridge/DenseTruth.lean:169:0: automatically included section variable(s) unused in theorem `FormalSystem.Metalogic.Decidability.Verified.Bridge.branchRank_lt_cutIndex`:
  [Nontrivial D]
consider restructuring your `variable` declarations so that the variables are not in scope or explicitly omit them:
  omit [Nontrivial D] in theorem ...

Note: This linter can be disabled with `set_option linter.unusedSectionVars false`
warning: FormalSystem/Metalogic/Decidability/Verified/Bridge/DenseTruth.lean:194:0: automatically included section variable(s) unused in theorem `FormalSystem.Metalogic.Decidability.Verified.Bridge.cutIndex_mono`:
  [Nontrivial D]
consider restructuring your `variable` declarations so that the variables are not in scope or explicitly omit them:
  omit [Nontrivial D] in theorem ...

Note: This linter can be disabled with `set_option linter.unusedSectionVars false`
warning: FormalSystem/Metalogic/Decidability/Verified/Bridge/DenseTruth.lean:216:0: automatically included section variable(s) unused in theorem `FormalSystem.Metalogic.Decidability.Verified.Bridge.cutIndex_le_branchRank`:
  [Nontrivial D]
consider restructuring your `variable` declarations so that the variables are not in scope or explicitly omit them:
  omit [Nontrivial D] in theorem ...

Note: This linter can be disabled with `set_option linter.unusedSectionVars false`
warning: FormalSystem/Metalogic/Decidability/Verified/Bridge/DenseTruth.lean:558:0: automatically included section variable(s) unused in theorem `FormalSystem.Metalogic.Decidability.Verified.Bridge.orderFaithful_comp`:
  [Nontrivial D]
consider restructuring your `variable` declarations so that the variables are not in scope or explicitly omit them:
  omit [Nontrivial D] in theorem ...

Note: This linter can be disabled with `set_option linter.unusedSectionVars false`
warning: FormalSystem/Metalogic/Decidability/Verified/Bridge/DenseTruth.lean:563:0: automatically included section variable(s) unused in theorem `FormalSystem.Metalogic.Decidability.Verified.Bridge.orderReflecting_comp`:
  [Nontrivial D]
consider restructuring your `variable` declarations so that the variables are not in scope or explicitly omit them:
  omit [Nontrivial D] in theorem ...

Note: This linter can be disabled with `set_option linter.unusedSectionVars false`
⚠ [2389/2718] Replayed FormalSystem.Metalogic.Decidability.Verified.Decidable
warning: FormalSystem/Metalogic/Decidability/Verified/Decidable.lean:888:6: `push_neg` has been deprecated. Prefer using `push Not` instead.
If you'd rather continue using `push_neg` in your project, you can implement it as follows:
```
open Lean.Parser.Tactic in
macro "push_neg" cfg:optConfig loc:(location)? : tactic =>
  `(tactic| push $cfg:optConfig Not $[$loc]?)
```
warning: FormalSystem/Metalogic/Decidability/Verified/Decidable.lean:921:8: `push_neg` has been deprecated. Prefer using `push Not` instead.
If you'd rather continue using `push_neg` in your project, you can implement it as follows:
```
open Lean.Parser.Tactic in
macro "push_neg" cfg:optConfig loc:(location)? : tactic =>
  `(tactic| push $cfg:optConfig Not $[$loc]?)
```
warning: FormalSystem/Metalogic/Decidability/Verified/Decidable.lean:988:0: automatically included section variable(s) unused in theorem `FormalSystem.Metalogic.Decidability.Verified.lt_of_pathN_directFutureOf`:
  [AddCommGroup D]
  [IsOrderedAddMonoid D]
  [Nontrivial D]
consider restructuring your `variable` declarations so that the variables are not in scope or explicitly omit them:
  omit [AddCommGroup D] [IsOrderedAddMonoid D] [Nontrivial D] in theorem ...

Note: This linter can be disabled with `set_option linter.unusedSectionVars false`
warning: FormalSystem/Metalogic/Decidability/Verified/Decidable.lean:1007:0: automatically included section variable(s) unused in theorem `FormalSystem.Metalogic.Decidability.Verified.lt_of_pathN_directPastOf`:
  [AddCommGroup D]
  [IsOrderedAddMonoid D]
  [Nontrivial D]
consider restructuring your `variable` declarations so that the variables are not in scope or explicitly omit them:
  omit [AddCommGroup D] [IsOrderedAddMonoid D] [Nontrivial D] in theorem ...

Note: This linter can be disabled with `set_option linter.unusedSectionVars false`
warning: FormalSystem/Metalogic/Decidability/Verified/Decidable.lean:1141:0: automatically included section variable(s) unused in theorem `FormalSystem.Metalogic.Decidability.Verified.addFuture_nextTime_cycle_unsatisfiable`:
  [AddCommGroup D]
  [IsOrderedAddMonoid D]
  [Nontrivial D]
consider restructuring your `variable` declarations so that the variables are not in scope or explicitly omit them:
  omit [AddCommGroup D] [IsOrderedAddMonoid D] [Nontrivial D] in theorem ...

Note: This linter can be disabled with `set_option linter.unusedSectionVars false`
warning: FormalSystem/Metalogic/Decidability/Verified/Decidable.lean:1152:0: automatically included section variable(s) unused in theorem `FormalSystem.Metalogic.Decidability.Verified.addPast_nextTime_cycle_unsatisfiable`:
  [AddCommGroup D]
  [IsOrderedAddMonoid D]
  [Nontrivial D]
consider restructuring your `variable` declarations so that the variables are not in scope or explicitly omit them:
  omit [AddCommGroup D] [IsOrderedAddMonoid D] [Nontrivial D] in theorem ...

Note: This linter can be disabled with `set_option linter.unusedSectionVars false`
warning: FormalSystem/Metalogic/Decidability/Verified/Decidable.lean:1225:2: `push_neg` has been deprecated. Prefer using `push Not` instead.
If you'd rather continue using `push_neg` in your project, you can implement it as follows:
```
open Lean.Parser.Tactic in
macro "push_neg" cfg:optConfig loc:(location)? : tactic =>
  `(tactic| push $cfg:optConfig Not $[$loc]?)
```
warning: FormalSystem/Metalogic/Decidability/Verified/Decidable.lean:1234:2: `push_neg` has been deprecated. Prefer using `push Not` instead.
If you'd rather continue using `push_neg` in your project, you can implement it as follows:
```
open Lean.Parser.Tactic in
macro "push_neg" cfg:optConfig loc:(location)? : tactic =>
  `(tactic| push $cfg:optConfig Not $[$loc]?)
```
⚠ [2396/2718] Replayed FormalSystem.Metalogic.Decidability.BiLasso.Enumerate
warning: FormalSystem/Metalogic/Decidability/BiLasso/Enumerate.lean:200:15: This simp argument is unused:
  subformulaClosure

Hint: Omit it from the simp argument list.
  [apply] simp only [List.mem_toFinset, List.mem_filter, decide_eq_true_eq]

Note: This linter can be disabled with `set_option linter.unusedSimpArgs false`
⚠ [2397/2718] Replayed FormalSystem.Metalogic.Decidability.BiLasso.Examples
warning: FormalSystem/Metalogic/Decidability/BiLasso/Examples.lean:143:38: This simp argument is unused:
  List.nil_append

Hint: Omit it from the simp argument list.
  [apply] simp only [List.singleton_append, List.mem_cons, List.not_mem_nil, or_false] at hL

Note: This linter can be disabled with `set_option linter.unusedSimpArgs false`
warning: FormalSystem/Metalogic/Decidability/BiLasso/Examples.lean:277:38: This simp argument is unused:
  List.nil_append

Hint: Omit it from the simp argument list.
  [apply] simp only [List.singleton_append, List.mem_cons, List.not_mem_nil, or_false] at hL

Note: This linter can be disabled with `set_option linter.unusedSimpArgs false`
⚠ [2596/2718] Replayed FormalSystem.Metalogic.BXCanonical.Chronicle.ChronicleRealExtension
warning: FormalSystem/Metalogic/BXCanonical/Chronicle/ChronicleRealExtension.lean:986:2: `push_neg` has been deprecated. Prefer using `push Not` instead.
If you'd rather continue using `push_neg` in your project, you can implement it as follows:
```
open Lean.Parser.Tactic in
macro "push_neg" cfg:optConfig loc:(location)? : tactic =>
  `(tactic| push $cfg:optConfig Not $[$loc]?)
```
⚠ [2602/2718] Replayed FormalSystem.Metalogic.Conservativity.Z1Countermodel
warning: FormalSystem/Metalogic/Conservativity/Z1Countermodel.lean:97:4: `push_neg` has been deprecated. Prefer using `push Not` instead.
If you'd rather continue using `push_neg` in your project, you can implement it as follows:
```
open Lean.Parser.Tactic in
macro "push_neg" cfg:optConfig loc:(location)? : tactic =>
  `(tactic| push $cfg:optConfig Not $[$loc]?)
```
warning: FormalSystem/Metalogic/Conservativity/Z1Countermodel.lean:144:2: `push_neg` has been deprecated. Prefer using `push Not` instead.
If you'd rather continue using `push_neg` in your project, you can implement it as follows:
```
open Lean.Parser.Tactic in
macro "push_neg" cfg:optConfig loc:(location)? : tactic =>
  `(tactic| push $cfg:optConfig Not $[$loc]?)
```
⚠ [2603/2718] Replayed FormalSystem.Metalogic.Conservativity.DenseObstructionTransfer
warning: FormalSystem/Metalogic/Conservativity/DenseObstructionTransfer.lean:221:4: `push_neg` has been deprecated. Prefer using `push Not` instead.
If you'd rather continue using `push_neg` in your project, you can implement it as follows:
```
open Lean.Parser.Tactic in
macro "push_neg" cfg:optConfig loc:(location)? : tactic =>
  `(tactic| push $cfg:optConfig Not $[$loc]?)
```
⚠ [2643/2718] Replayed FormalSystem.Metalogic.Decidability.CancellableExpansion
warning: FormalSystem/Metalogic/Decidability/CancellableExpansion.lean:272:29: Variable name `appliedSet` is not explicitly referenced.

Hint: The binding can be removed (if unused) or named `_` (if used implicitly). Alternatively, prefix the name with `_` to silence this warning:
  [apply] _appliedSet

Note: This linter can be disabled with `set_option linter.unusedVariables false`
ℹ [2656/2718] Replayed FormalSystem.MainResults
info: FormalSystem/MainResults.lean:80:0: FormalSystem.Metalogic.soundness : ∀ (Γ : FormalSystem.Syntax.Context) (φ : FormalSystem.Syntax.Formula)
  (d : Γ ⊢[FormalSystem.ProofSystem.FrameClass.Base] φ) (F : FormalSystem.Semantics.TaskFrame)
  (M : FormalSystem.Semantics.TaskModel F) (τ : FormalSystem.Semantics.WorldHistory F) (t : F.Duration.carrier),
  (∀ ψ ∈ Γ, FormalSystem.Semantics.TruthAt M τ t ψ) → FormalSystem.Semantics.TruthAt M τ t φ
info: FormalSystem/MainResults.lean:81:0: FormalSystem.Metalogic.soundness_dense : ∀ (Γ : FormalSystem.Syntax.Context) (φ : FormalSystem.Syntax.Formula)
  (d : Γ ⊢[FormalSystem.ProofSystem.FrameClass.Dense] φ) (F : FormalSystem.Semantics.TaskFrame)
  [DenselyOrdered F.Duration.carrier] (M : FormalSystem.Semantics.TaskModel F)
  (τ : FormalSystem.Semantics.WorldHistory F) (t : F.Duration.carrier),
  (∀ ψ ∈ Γ, FormalSystem.Semantics.TruthAt M τ t ψ) → FormalSystem.Semantics.TruthAt M τ t φ
info: FormalSystem/MainResults.lean:82:0: FormalSystem.Metalogic.soundness_ztime : ∀ (Γ : FormalSystem.Syntax.Context) (φ : FormalSystem.Syntax.Formula)
  (d : Γ ⊢[FormalSystem.ProofSystem.FrameClass.ZTime] φ) (F : FormalSystem.Semantics.TaskFrame)
  [inst : SuccOrder F.Duration.carrier] [inst_1 : PredOrder F.Duration.carrier] [IsSuccArchimedean F.Duration.carrier]
  [IsPredArchimedean F.Duration.carrier] (M : FormalSystem.Semantics.TaskModel F)
  (τ : FormalSystem.Semantics.WorldHistory F) (t : F.Duration.carrier),
  (∀ ψ ∈ Γ, FormalSystem.Semantics.TruthAt M τ t ψ) → FormalSystem.Semantics.TruthAt M τ t φ
info: FormalSystem/MainResults.lean:83:0: FormalSystem.Metalogic.soundness_rtime : ∀ (Γ : FormalSystem.Syntax.Context) (φ : FormalSystem.Syntax.Formula)
  (d : Γ ⊢[FormalSystem.ProofSystem.FrameClass.RTime] φ) (F : FormalSystem.Semantics.TaskFrame)
  [DenselyOrdered F.Duration.carrier],
  (∀ (s : Set F.Duration.carrier), s.Nonempty → BddAbove s → ∃ x, IsLUB s x) →
    ∀ (M : FormalSystem.Semantics.TaskModel F) (τ : FormalSystem.Semantics.WorldHistory F) (t : F.Duration.carrier),
      (∀ ψ ∈ Γ, FormalSystem.Semantics.TruthAt M τ t ψ) → FormalSystem.Semantics.TruthAt M τ t φ
info: FormalSystem/MainResults.lean:85:0: 'FormalSystem.Metalogic.soundness' depends on axioms: [propext, Classical.choice, Quot.sound]
info: FormalSystem/MainResults.lean:86:0: 'FormalSystem.Metalogic.soundness_dense' depends on axioms: [propext, Classical.choice, Quot.sound]
info: FormalSystem/MainResults.lean:87:0: 'FormalSystem.Metalogic.soundness_ztime' depends on axioms: [propext, Classical.choice, Quot.sound]
info: FormalSystem/MainResults.lean:88:0: 'FormalSystem.Metalogic.soundness_rtime' depends on axioms: [propext, Classical.choice, Quot.sound]
info: FormalSystem/MainResults.lean:105:0: FormalSystem.Metalogic.completeness_base : FormalSystem.Metalogic.WeakCompleteness
  FormalSystem.ProofSystem.FrameClass.Base
info: FormalSystem/MainResults.lean:106:0: FormalSystem.Metalogic.completeness_dense : FormalSystem.Metalogic.WeakCompleteness
  FormalSystem.ProofSystem.FrameClass.Dense
info: FormalSystem/MainResults.lean:107:0: FormalSystem.Metalogic.completeness_ztime : FormalSystem.Metalogic.WeakCompleteness
  FormalSystem.ProofSystem.FrameClass.ZTime
info: FormalSystem/MainResults.lean:108:0: FormalSystem.Metalogic.completeness_rtime : FormalSystem.Metalogic.WeakCompleteness
  FormalSystem.ProofSystem.FrameClass.RTime
info: FormalSystem/MainResults.lean:110:0: 'FormalSystem.Metalogic.completeness_base' depends on axioms: [propext, Classical.choice, Quot.sound]
info: FormalSystem/MainResults.lean:111:0: 'FormalSystem.Metalogic.completeness_dense' depends on axioms: [propext, Classical.choice, Quot.sound]
info: FormalSystem/MainResults.lean:112:0: 'FormalSystem.Metalogic.completeness_ztime' depends on axioms: [propext, Classical.choice, Quot.sound]
info: FormalSystem/MainResults.lean:113:0: 'FormalSystem.Metalogic.completeness_rtime' depends on axioms: [propext, Classical.choice, Quot.sound]
info: FormalSystem/MainResults.lean:129:0: FormalSystem.Metalogic.consequence_completeness_base : ∀ (Γ : FormalSystem.Syntax.Context)
  (φ : FormalSystem.Syntax.Formula), Γ ⊨ φ → Γ |-![FormalSystem.ProofSystem.FrameClass.Base] φ
info: FormalSystem/MainResults.lean:130:0: FormalSystem.Metalogic.consequence_completeness_dense : ∀ (Γ : FormalSystem.Syntax.Context)
  (φ : FormalSystem.Syntax.Formula),
  FormalSystem.Metalogic.SemanticConsequenceDense Γ φ → Γ |-![FormalSystem.ProofSystem.FrameClass.Dense] φ
info: FormalSystem/MainResults.lean:131:0: FormalSystem.Metalogic.consequence_completeness_ztime : ∀ (Γ : FormalSystem.Syntax.Context)
  (φ : FormalSystem.Syntax.Formula),
  FormalSystem.Metalogic.SemanticConsequenceZTime Γ φ → Γ |-![FormalSystem.ProofSystem.FrameClass.ZTime] φ
info: FormalSystem/MainResults.lean:132:0: FormalSystem.Metalogic.consequence_completeness_rtime : ∀ (Γ : FormalSystem.Syntax.Context)
  (φ : FormalSystem.Syntax.Formula),
  FormalSystem.Metalogic.SemanticConsequenceRTime Γ φ → Γ |-![FormalSystem.ProofSystem.FrameClass.RTime] φ
info: FormalSystem/MainResults.lean:134:0: 'FormalSystem.Metalogic.consequence_completeness_base' depends on axioms: [propext, Classical.choice, Quot.sound]
info: FormalSystem/MainResults.lean:135:0: 'FormalSystem.Metalogic.consequence_completeness_dense' depends on axioms: [propext, Classical.choice, Quot.sound]
info: FormalSystem/MainResults.lean:136:0: 'FormalSystem.Metalogic.consequence_completeness_ztime' depends on axioms: [propext, Classical.choice, Quot.sound]
info: FormalSystem/MainResults.lean:137:0: 'FormalSystem.Metalogic.consequence_completeness_rtime' depends on axioms: [propext, Classical.choice, Quot.sound]
info: FormalSystem/MainResults.lean:154:0: FormalSystem.Metalogic.compactBase : FormalSystem.Metalogic.CompactBase
info: FormalSystem/MainResults.lean:155:0: FormalSystem.Metalogic.compactDense : FormalSystem.Metalogic.CompactDense
info: FormalSystem/MainResults.lean:156:0: FormalSystem.Metalogic.strongCompletenessBase : FormalSystem.Metalogic.StrongCompletenessBase
info: FormalSystem/MainResults.lean:157:0: FormalSystem.Metalogic.strongCompletenessDense : FormalSystem.Metalogic.StrongCompletenessDense
info: FormalSystem/MainResults.lean:159:0: 'FormalSystem.Metalogic.compactBase' depends on axioms: [propext, Classical.choice, Quot.sound]
info: FormalSystem/MainResults.lean:160:0: 'FormalSystem.Metalogic.compactDense' depends on axioms: [propext, Classical.choice, Quot.sound]
info: FormalSystem/MainResults.lean:161:0: 'FormalSystem.Metalogic.strongCompletenessBase' depends on axioms: [propext, Classical.choice, Quot.sound]
info: FormalSystem/MainResults.lean:162:0: 'FormalSystem.Metalogic.strongCompletenessDense' depends on axioms: [propext, Classical.choice, Quot.sound]
info: FormalSystem/MainResults.lean:181:0: FormalSystem.Metalogic.notCompactZTime : ¬FormalSystem.Metalogic.CompactZTime
info: FormalSystem/MainResults.lean:182:0: FormalSystem.Metalogic.notStrongCompletenessZTime : ¬FormalSystem.Metalogic.StrongCompletenessZTime
info: FormalSystem/MainResults.lean:183:0: FormalSystem.Metalogic.notCompactRTime : ¬FormalSystem.Metalogic.CompactRTime
info: FormalSystem/MainResults.lean:184:0: FormalSystem.Metalogic.notStrongCompletenessRTime : ¬FormalSystem.Metalogic.StrongCompletenessRTime
info: FormalSystem/MainResults.lean:186:0: 'FormalSystem.Metalogic.notCompactZTime' depends on axioms: [propext, Classical.choice, Quot.sound]
info: FormalSystem/MainResults.lean:187:0: 'FormalSystem.Metalogic.notStrongCompletenessZTime' depends on axioms: [propext, Classical.choice, Quot.sound]
info: FormalSystem/MainResults.lean:188:0: 'FormalSystem.Metalogic.notCompactRTime' depends on axioms: [propext, Classical.choice, Quot.sound]
info: FormalSystem/MainResults.lean:189:0: 'FormalSystem.Metalogic.notStrongCompletenessRTime' depends on axioms: [propext, Classical.choice, Quot.sound]
info: FormalSystem/MainResults.lean:209:0: FormalSystem.Semantics.galoisClosed_mod : ∀ (S : Set FormalSystem.Syntax.Formula),
  FormalSystem.Semantics.GaloisClosed (FormalSystem.Semantics.Mod S)
info: FormalSystem/MainResults.lean:210:0: @FormalSystem.Semantics.galoisClosed_of_indicator : ∀ {K : Set FormalSystem.Semantics.TaskFrame},
  ∀ φ ∈ FormalSystem.Semantics.Th K,
    (∀ (F : FormalSystem.Semantics.TaskFrame), F.ValidOn φ → F ∈ K) → FormalSystem.Semantics.GaloisClosed K
info: FormalSystem/MainResults.lean:211:0: FormalSystem.Semantics.galoisClosed_sat_dense : FormalSystem.Semantics.GaloisClosed
  {F | FormalSystem.ProofSystem.FrameClass.Dense.Sat F}
info: FormalSystem/MainResults.lean:212:0: FormalSystem.Semantics.galoisClosed_isDiscrete : FormalSystem.Semantics.GaloisClosed {F | F.IsDiscrete}
info: FormalSystem/MainResults.lean:214:0: 'FormalSystem.Semantics.galoisClosed_mod' depends on axioms: [propext]
info: FormalSystem/MainResults.lean:215:0: 'FormalSystem.Semantics.galoisClosed_of_indicator' depends on axioms: [propext, Classical.choice, Quot.sound]
info: FormalSystem/MainResults.lean:216:0: 'FormalSystem.Semantics.galoisClosed_sat_dense' depends on axioms: [propext, Classical.choice, Quot.sound]
info: FormalSystem/MainResults.lean:217:0: 'FormalSystem.Semantics.galoisClosed_isDiscrete' depends on axioms: [propext, Classical.choice, Quot.sound]
info: FormalSystem/MainResults.lean:235:0: @FormalSystem.Metalogic.WeakCanonical.Kamp.kampPriorExpressiveCompleteness : {sig :
    FormalSystem.Metalogic.WeakCanonical.MonadicSignature} →
  [Fintype sig.preds] →
    [DecidableEq sig.preds] →
      (atomMap : FormalSystem.Syntax.Formula → sig.preds) →
        (∀ (p : sig.preds), ∃ a, atomMap (FormalSystem.Syntax.Formula.atom a) = p) →
          (psi : FormalSystem.Metalogic.WeakCanonical.MonadicFormula sig 1) →
            { A //
              ∀ (M : FormalSystem.Metalogic.WeakCanonical.OrderedMonadicStructure sig),
                FormalSystem.Metalogic.WeakCanonical.SemanticPriorUZ M atomMap →
                  FormalSystem.Metalogic.WeakCanonical.SemanticPriorSZ M atomMap →
                    ∀ (t : M.carrier),
                      FormalSystem.Metalogic.WeakCanonical.eval M (fun x ↦ t) psi ↔
                        FormalSystem.Metalogic.WeakCanonical.TemporalTruth M atomMap t A }
info: FormalSystem/MainResults.lean:236:0: @FormalSystem.Metalogic.WeakCanonical.uSExpressivelyCompleteOverPrior : {sig :
    FormalSystem.Metalogic.WeakCanonical.MonadicSignature} →
  [Fintype sig.preds] →
    [DecidableEq sig.preds] →
      (atomMap : FormalSystem.Syntax.Formula → sig.preds) →
        (∀ (p : sig.preds), ∃ a, atomMap (FormalSystem.Syntax.Formula.atom a) = p) →
          (psi : FormalSystem.Metalogic.WeakCanonical.MonadicFormula sig 1) →
            { A //
              ∀ (M : FormalSystem.Metalogic.WeakCanonical.OrderedMonadicStructure sig),
                FormalSystem.Metalogic.WeakCanonical.SemanticPriorUZ M atomMap →
                  FormalSystem.Metalogic.WeakCanonical.SemanticPriorSZ M atomMap →
                    ∀ (t : M.carrier),
                      FormalSystem.Metalogic.WeakCanonical.eval M (fun x ↦ t) psi ↔
                        FormalSystem.Metalogic.WeakCanonical.TemporalTruth M atomMap t A }
info: FormalSystem/MainResults.lean:238:0: 'FormalSystem.Metalogic.WeakCanonical.Kamp.kampPriorExpressiveCompleteness' depends on axioms: [propext,
 Classical.choice,
 Quot.sound]
info: FormalSystem/MainResults.lean:239:0: 'FormalSystem.Metalogic.WeakCanonical.uSExpressivelyCompleteOverPrior' depends on axioms: [propext,
 Classical.choice,
 Quot.sound]
info: FormalSystem/MainResults.lean:252:0: @FormalSystem.Metalogic.Decidability.sound_of_isValid : ∀ {φ : FormalSystem.Syntax.Formula}
  (r : FormalSystem.Metalogic.Decidability.DecisionResult φ), r.isValid = true → ⊨ φ
info: FormalSystem/MainResults.lean:254:0: 'FormalSystem.Metalogic.Decidability.sound_of_isValid' depends on axioms: [propext, Classical.choice, Quot.sound]
⚠ [2661/2718] Replayed BimodalTest.Syntax.ContextTest
warning: Tests/BimodalTest/Syntax/ContextTest.lean:49:2: Try this: intro x h
ℹ [2663/2718] Replayed BimodalTest.Syntax.FormulaPropertyTest
info: Tests/BimodalTest/Syntax/FormulaPropertyTest.lean:59:0: Unable to find a counter-example
info: Tests/BimodalTest/Syntax/FormulaPropertyTest.lean:81:0: Unable to find a counter-example
info: Tests/BimodalTest/Syntax/FormulaPropertyTest.lean:100:0: Unable to find a counter-example
info: Tests/BimodalTest/Syntax/FormulaPropertyTest.lean:119:0: Unable to find a counter-example
info: Tests/BimodalTest/Syntax/FormulaPropertyTest.lean:140:0: Unable to find a counter-example
info: Tests/BimodalTest/Syntax/FormulaPropertyTest.lean:159:0: Unable to find a counter-example
info: Tests/BimodalTest/Syntax/FormulaPropertyTest.lean:180:0: Unable to find a counter-example
info: Tests/BimodalTest/Syntax/FormulaPropertyTest.lean:199:0: Unable to find a counter-example
info: Tests/BimodalTest/Syntax/FormulaPropertyTest.lean:220:0: Unable to find a counter-example
info: Tests/BimodalTest/Syntax/FormulaPropertyTest.lean:237:0: Unable to find a counter-example
info: Tests/BimodalTest/Syntax/FormulaPropertyTest.lean:258:0: Unable to find a counter-example
info: Tests/BimodalTest/Syntax/FormulaPropertyTest.lean:277:0: Unable to find a counter-example
info: Tests/BimodalTest/Syntax/FormulaPropertyTest.lean:299:0: Unable to find a counter-example
info: Tests/BimodalTest/Syntax/FormulaPropertyTest.lean:318:0: Unable to find a counter-example
info: Tests/BimodalTest/Syntax/FormulaPropertyTest.lean:453:0: Unable to find a counter-example
info: Tests/BimodalTest/Syntax/FormulaPropertyTest.lean:470:0: Unable to find a counter-example
⚠ [2666/2718] Replayed BimodalTest.ProofSystem.DerivationTest
warning: Tests/BimodalTest/ProofSystem/DerivationTest.lean:230:9: Variable name `p` is not explicitly referenced.

Hint: The binding can be removed (if unused) or named `_` (if used implicitly). Alternatively, prefix the name with `_` to silence this warning:
  [apply] _p

Note: This linter can be disabled with `set_option linter.unusedVariables false`
warning: Tests/BimodalTest/ProofSystem/DerivationTest.lean:243:9: Variable name `p` is not explicitly referenced.

Hint: The binding can be removed (if unused) or named `_` (if used implicitly). Alternatively, prefix the name with `_` to silence this warning:
  [apply] _p

Note: This linter can be disabled with `set_option linter.unusedVariables false`
⚠ [2667/2718] Replayed BimodalTest.ProofSystem.DerivationPropertyTest
warning: Tests/BimodalTest/ProofSystem/DerivationPropertyTest.lean:82:43: Variable name `d` is not explicitly referenced.

Hint: The binding can be removed (if unused) or named `_` (if used implicitly). Alternatively, prefix the name with `_` to silence this warning:
  [apply] _d

Note: This linter can be disabled with `set_option linter.unusedVariables false`
warning: Tests/BimodalTest/ProofSystem/DerivationPropertyTest.lean:82:55: Variable name `h` is not explicitly referenced.

Hint: The binding can be removed (if unused) or named `_` (if used implicitly). Alternatively, prefix the name with `_` to silence this warning:
  [apply] _h

Note: This linter can be disabled with `set_option linter.unusedVariables false`
warning: Tests/BimodalTest/ProofSystem/DerivationPropertyTest.lean:105:0: Definition `axiom_height_zero` is a proposition; use `theorem` instead of `def`

Note: This linter can be disabled with `set_option linter.defProp false`
warning: Tests/BimodalTest/ProofSystem/DerivationPropertyTest.lean:112:0: Definition `assumption_height_zero` is a proposition; use `theorem` instead of `def`

Note: This linter can be disabled with `set_option linter.defProp false`
warning: Tests/BimodalTest/ProofSystem/DerivationPropertyTest.lean:151:0: Definition `mp_height_property` is a proposition; use `theorem` instead of `def`

Note: This linter can be disabled with `set_option linter.defProp false`
warning: Tests/BimodalTest/ProofSystem/DerivationPropertyTest.lean:164:0: Definition `necessitation_height_property` is a proposition; use `theorem` instead of `def`

Note: This linter can be disabled with `set_option linter.defProp false`
warning: Tests/BimodalTest/ProofSystem/DerivationPropertyTest.lean:171:0: Definition `temporal_necessitation_height_property` is a proposition; use `theorem` instead of `def`

Note: This linter can be disabled with `set_option linter.defProp false`
info: Tests/BimodalTest/ProofSystem/DerivationPropertyTest.lean:188:0: Unable to find a counter-example
info: Tests/BimodalTest/ProofSystem/DerivationPropertyTest.lean:204:0: Unable to find a counter-example
info: Tests/BimodalTest/ProofSystem/DerivationPropertyTest.lean:220:0: Unable to find a counter-example
info: Tests/BimodalTest/ProofSystem/DerivationPropertyTest.lean:284:0: Unable to find a counter-example
info: Tests/BimodalTest/ProofSystem/DerivationPropertyTest.lean:300:0: Unable to find a counter-example
⚠ [2672/2718] Replayed BimodalTest.Semantics.SemanticPropertyTest
warning: Tests/BimodalTest/Semantics/SemanticPropertyTest.lean:53:0: Definition `frame_nullity_property` is a proposition; use `theorem` instead of `def`

Note: This linter can be disabled with `set_option linter.defProp false`
warning: Tests/BimodalTest/Semantics/SemanticPropertyTest.lean:73:0: Definition `frame_compositionality_property` is a proposition; use `theorem` instead of `def`

Note: This linter can be disabled with `set_option linter.defProp false`
info: Tests/BimodalTest/Semantics/SemanticPropertyTest.lean:145:0: Unable to find a counter-example
info: Tests/BimodalTest/Semantics/SemanticPropertyTest.lean:161:0: Unable to find a counter-example
info: Tests/BimodalTest/Semantics/SemanticPropertyTest.lean:177:0: Unable to find a counter-example
info: Tests/BimodalTest/Semantics/SemanticPropertyTest.lean:195:0: Unable to find a counter-example
info: Tests/BimodalTest/Semantics/SemanticPropertyTest.lean:211:0: Unable to find a counter-example
info: Tests/BimodalTest/Semantics/SemanticPropertyTest.lean:227:0: Unable to find a counter-example
ℹ [2673/2718] Replayed BimodalTest.Semantics.DependentUltraproductProbe
info: Tests/BimodalTest/Semantics/DependentUltraproductProbe.lean:66:0: 'FormalSystem.Semantics.Ultraproduct.uShiftSet' depends on axioms: [propext, Classical.choice, Quot.sound]
info: Tests/BimodalTest/Semantics/DependentUltraproductProbe.lean:67:0: 'FormalSystem.Semantics.Ultraproduct.los' depends on axioms: [propext, Classical.choice, Quot.sound]
info: Tests/BimodalTest/Semantics/DependentUltraproductProbe.lean:68:0: 'FormalSystem.Semantics.Ultraproduct.los_truthAt' depends on axioms: [propext, Classical.choice, Quot.sound]
info: Tests/BimodalTest/Semantics/DependentUltraproductProbe.lean:69:0: 'FormalSystem.Semantics.Ultraproduct.eventually_mem' depends on axioms: [propext, Classical.choice, Quot.sound]
⚠ [2674/2718] Replayed BimodalTest.Theorems.PropositionalTest
warning: Tests/BimodalTest/Theorems/PropositionalTest.lean:87:51: `FormalSystem.Theorems.Propositional.negImp` has been deprecated: Use `FormalSystem.Theorems.Propositional.impOfNeg` instead
warning: Tests/BimodalTest/Theorems/PropositionalTest.lean:91:2: `FormalSystem.Theorems.Propositional.negImp` has been deprecated: Use `FormalSystem.Theorems.Propositional.impOfNeg` instead
warning: Tests/BimodalTest/Theorems/PropositionalTest.lean:96:2: `FormalSystem.Theorems.Propositional.negImp` has been deprecated: Use `FormalSystem.Theorems.Propositional.impOfNeg` instead
warning: Tests/BimodalTest/Theorems/PropositionalTest.lean:188:51: `FormalSystem.Theorems.Propositional.negImp` has been deprecated: Use `FormalSystem.Theorems.Propositional.impOfNeg` instead
⚠ [2692/2718] Replayed BimodalTest.Automation.ProofSearchTest
info: Tests/BimodalTest/Automation/ProofSearchTest.lean:58:0: === Negative Search Tests ===
✓ p → q (random implication): correctly rejected (matched=false, found=false)
✓ □p (just a box): correctly rejected (matched=false, found=false)
✓ Gp (just a future): correctly rejected (matched=false, found=false)
✓ p (just an atom): correctly rejected (matched=false, found=false)
✓ □p → q (not modal_t): correctly rejected (matched=false, found=false)
✓ Gp → q (not temp_4): correctly rejected (matched=false, found=false)
✓ p → □q (not modal_b): correctly rejected (matched=false, found=false)
✓ (p→q) → (q→r) (not prop_k): correctly rejected (matched=false, found=false)

Negative tests: 8 passed, 0 failed
info: Tests/BimodalTest/Automation/ProofSearchTest.lean:87:0: === Visit Limit Enforcement Tests ===
✓ Limit 1: visits=1, within limit
✓ Limit 3: visits=3, within limit
✓ Limit 5: visits=5, within limit
✓ Limit 10: visits=10, within limit
✓ Limit 20: visits=19, within limit
✓ All visit limit tests passed
warning: Tests/BimodalTest/Automation/ProofSearchTest.lean:97:9: Variable name `found` is not explicitly referenced.

Hint: The binding can be removed (if unused) or named `_` (if used implicitly). Alternatively, prefix the name with `_` to silence this warning:
  [apply] _found

Note: This linter can be disabled with `set_option linter.unusedVariables false`
warning: Tests/BimodalTest/Automation/ProofSearchTest.lean:97:22: Variable name `stats` is not explicitly referenced.

Hint: The binding can be removed (if unused) or named `_` (if used implicitly). Alternatively, prefix the name with `_` to silence this warning:
  [apply] _stats

Note: This linter can be disabled with `set_option linter.unusedVariables false`
info: Tests/BimodalTest/Automation/ProofSearchTest.lean:111:0: === Depth Limit Enforcement Tests ===
Modal T (should be found at depth >= 1):
✓ Depth 0: not found (expected - axiom at depth 1)
✓ Depth 1: found=true
✓ Depth 5: found=true
info: Tests/BimodalTest/Automation/ProofSearchTest.lean:137:0: === Context-Sensitive Negative Tests ===
[p, q] ⊢ r: found=false (expected: false)
[p→q] ⊢ q: found=false (expected: false without p in context)
✓ Context-sensitive tests passed
info: Tests/BimodalTest/Automation/ProofSearchTest.lean:155:0: === Search Stats Verification ===
Modal T search: found=true, visits=1
  Stats: visited=1, hits=0, misses=1
✓ Axiom found with minimal visits

Non-axiom search: found=false, visits=4
  Stats: visited=4
✓ Non-axiom correctly not found
info: Tests/BimodalTest/Automation/ProofSearchTest.lean:236:0: inferInstance : Repr SearchStrategy
info: Tests/BimodalTest/Automation/ProofSearchTest.lean:240:0: ✓ IDDFS found Modal T axiom
  Stats: visited=1, hits=0, misses=1
info: Tests/BimodalTest/Automation/ProofSearchTest.lean:251:0: ✓ IDDFS found Propositional K axiom
  Stats: visited=1, hits=0, misses=1
info: Tests/BimodalTest/Automation/ProofSearchTest.lean:262:0: ✓ All search strategies found Modal T axiom
info: Tests/BimodalTest/Automation/ProofSearchTest.lean:277:0: ✓ IDDFS respected visit limit (visits=5, limit=5)
info: Tests/BimodalTest/Automation/ProofSearchTest.lean:288:0: ✓ IDDFS correctly reports no proof for non-axiom formula (maxDepth=3)
info: Tests/BimodalTest/Automation/ProofSearchTest.lean:298:0: ✓ IDDFS found proof from context (p ⊢ p)
  Stats: visited=1
info: Tests/BimodalTest/Automation/ProofSearchTest.lean:311:0: ⚠ IDDFS: modus ponens not yet implemented (expected failure)
info: Tests/BimodalTest/Automation/ProofSearchTest.lean:322:0: IDDFS: found=true, visited=1
BoundedDFS: found=true, visited=1
✓ Both strategies found the proof
info: Tests/BimodalTest/Automation/ProofSearchTest.lean:340:0: === Benchmark: Modal Axioms (depth ~1) ===
Modal T: IDDFS visits=1, DFS visits=1
Modal 4: IDDFS visits=1, DFS visits=1
Modal B: IDDFS visits=1, DFS visits=1
Modal 5: IDDFS visits=1, DFS visits=1
info: Tests/BimodalTest/Automation/ProofSearchTest.lean:354:0: === Benchmark: Propositional Axioms (depth ~1) ===
Prop K: found=true, visits=1
Prop S: found=true, visits=1
Ex Falso: found=true, visits=1
info: Tests/BimodalTest/Automation/ProofSearchTest.lean:367:0: === Benchmark: Visit Limit Behavior ===
Limit=10: visits=10, visited=10
Limit=50: visits=49, visited=49
Limit=100: visits=49, visited=49
Limit=500: visits=49, visited=49
info: Tests/BimodalTest/Automation/ProofSearchTest.lean:375:0: === IDDFS vs BoundedDFS Summary ===
Modal T axiom: IDDFS=1, DFS=1
Modal 4 axiom: IDDFS=1, DFS=1
Proof from context: IDDFS=1, DFS=1
Prop K axiom: IDDFS=1, DFS=1
Total: IDDFS=4, DFS=4
IDDFS overhead: ~0%
info: Tests/BimodalTest/Automation/ProofSearchTest.lean:419:0: === Structure Heuristic Tests ===
Atom: structureHeuristic = 1
□p: structureHeuristic = 4
□□p: structureHeuristic = 7
(p→q)→□Gr: structureHeuristic = 16
info: Tests/BimodalTest/Automation/ProofSearchTest.lean:431:0: === Advanced Heuristic Score Tests ===
Modal T (□p→p): advanced = 1
Temporal 4: advanced = 105
Simple atom p: advanced = 100
info: Tests/BimodalTest/Automation/ProofSearchTest.lean:441:0: === Advanced Ordering Test ===
Original order: atom, modal_T, □q, p→(q→r)
Sorted order (lower score = earlier):
  0: score=1
  1: score=1
  2: score=100
  3: score=101
info: Tests/BimodalTest/Automation/ProofSearchTest.lean:456:0: === Modal/Temporal Priority Test ===
✓ Modal goal prioritized: □p=1 < x=100
info: Tests/BimodalTest/Automation/ProofSearchTest.lean:480:0: === prop_k Completeness ===
✓ prop_k (p,q,r): matched=true, found=true
✓ prop_k (q,r,s): matched=true, found=true
✓ prop_k (□p,q,r): matched=true, found=true
info: Tests/BimodalTest/Automation/ProofSearchTest.lean:497:0: === prop_s Completeness ===
✓ prop_s (p,q): matched=true, found=true
✓ prop_s (q,r): matched=true, found=true
✓ prop_s (□p,q): matched=true, found=true
info: Tests/BimodalTest/Automation/ProofSearchTest.lean:513:0: === prop_exfalso Completeness ===
✓ prop_exfalso (p): matched=true, found=true
✓ prop_exfalso (□q): matched=true, found=true
✓ prop_exfalso (p→q): matched=true, found=true
info: Tests/BimodalTest/Automation/ProofSearchTest.lean:529:0: === prop_peirce Completeness ===
✓ prop_peirce (p,q): matched=true, found=true
✓ prop_peirce (q,r): matched=true, found=true
✓ prop_peirce (□p,q): matched=true, found=true
info: Tests/BimodalTest/Automation/ProofSearchTest.lean:547:0: === modal_t Completeness ===
✓ modal_t (p): matched=true, found=true
✓ modal_t (q): matched=true, found=true
✓ modal_t (p→q): matched=true, found=true
info: Tests/BimodalTest/Automation/ProofSearchTest.lean:563:0: === modal_4 Completeness ===
✓ modal_4 (p): matched=true, found=true
✓ modal_4 (q): matched=true, found=true
✓ modal_4 (p→q): matched=true, found=true
info: Tests/BimodalTest/Automation/ProofSearchTest.lean:579:0: === modal_b Completeness ===
✓ modal_b (p): matched=true, found=true
✓ modal_b (q): matched=true, found=true
✓ modal_b (p→q): matched=true, found=true
info: Tests/BimodalTest/Automation/ProofSearchTest.lean:595:0: === modal5 Completeness ===
✓ modal5 (p): matched=true, found=true
✓ modal5 (q): matched=true, found=true
✓ modal5 (p→q): matched=true, found=true
info: Tests/BimodalTest/Automation/ProofSearchTest.lean:611:0: === modal_k Completeness ===
✓ modal_k (p,q): matched=true, found=true
✓ modal_k (q,r): matched=true, found=true
✓ modal_k (□p,q): matched=true, found=true
info: Tests/BimodalTest/Automation/ProofSearchTest.lean:630:0: === temp_4 Completeness ===
✗ temp_4 (p): matched=false, found=false
✗ temp_4 (q): matched=false, found=false
✗ temp_4 (p→q): matched=false, found=false
info: Tests/BimodalTest/Automation/ProofSearchTest.lean:646:0: === temp_a Completeness ===
✓ temp_a (p): matched=true, found=true
✓ temp_a (q): matched=true, found=true
✓ temp_a (p→q): matched=true, found=true
info: Tests/BimodalTest/Automation/ProofSearchTest.lean:662:0: === temp_l Completeness ===
✗ temp_l (p): matched=false, found=false
✗ temp_l (q): matched=false, found=false
✗ temp_l (p→q): matched=false, found=false
info: Tests/BimodalTest/Automation/ProofSearchTest.lean:678:0: === temp_k Completeness ===
✗ temp_k (p,q): matched=false, found=false
✗ temp_k (q,r): matched=false, found=false
✗ temp_k (□p,q): matched=false, found=false
info: Tests/BimodalTest/Automation/ProofSearchTest.lean:697:0: === modal_future Completeness ===
✓ modal_future (p): matched=true, found=true
✓ modal_future (q): matched=true, found=true
✓ modal_future (p→q): matched=true, found=true
info: Tests/BimodalTest/Automation/ProofSearchTest.lean:713:0: === temp_future Completeness ===
✗ temp_future (p): matched=false, found=false
✗ temp_future (q): matched=false, found=false
✗ temp_future (p→q): matched=false, found=false
info: Tests/BimodalTest/Automation/ProofSearchTest.lean:730:0: === Axiom Completeness Summary (14 Axioms x 3 Variants = 42 Tests) ===
FAIL: temp_4
FAIL: temp_4
FAIL: temp_4
FAIL: temp_l
FAIL: temp_l
FAIL: temp_l
FAIL: temp_k
FAIL: temp_k
FAIL: temp_k
FAIL: temp_future
FAIL: temp_future
FAIL: temp_future

Passed: 33/42
Failed: 12/42
ℹ [2693/2718] Replayed BimodalTest.Automation.EdgeCaseTest
info: Tests/BimodalTest/Automation/EdgeCaseTest.lean:58:0: === Empty Context Tests ===
✓ Modal T: found with empty context
✗ Temporal 4: NOT found with empty context
✓ Prop S: found with empty context
✓ Ex Falso: found with empty context
✗ Temp Future: NOT found with empty context
Empty context tests: 3/5 passed
info: Tests/BimodalTest/Automation/EdgeCaseTest.lean:84:0: === Deep Modal Nesting Tests ===
✓ □p → p: matched=true, found=true
✓ □□p → □p: matched=true, found=true
✓ □□□p → □□p: matched=true, found=true
✓ □□□□p → □□□p: matched=true, found=true
Deep modal nesting: 4/4 passed
info: Tests/BimodalTest/Automation/EdgeCaseTest.lean:106:0: === Deep Temporal Nesting Tests ===
✗ Gp → GGp: matched=false, found=false
✗ GGp → GGGp: matched=false, found=false
✗ GGGp → GGGGp: matched=false, found=false
Deep temporal nesting: 0/3 passed
info: Tests/BimodalTest/Automation/EdgeCaseTest.lean:143:0: === Large Context Tests ===
Context size 5: found=true, visited=1
Context size 10: found=true, visited=1
Context size 15: found=true, visited=1
✓ All large context tests passed
info: Tests/BimodalTest/Automation/EdgeCaseTest.lean:182:0: === Complex Formula Tests ===
✗ □p → G□p (temporalFutureDerived): matched=false, found=false
✓ □p → □Gp (modal_future): matched=true, found=true
✓ □(p→q) → (□p → □q) (modal_k): matched=true, found=true
Complex formula tests: 2/3 passed
info: Tests/BimodalTest/Automation/EdgeCaseTest.lean:214:0: === Depth Limit Tests ===
Modal T at depth 0: found=false
Modal T at depth 1: found=true
Non-axiom at depth 1: found=false
Non-axiom at depth 5: found=false
✓ Depth limit tests passed
info: Tests/BimodalTest/Automation/EdgeCaseTest.lean:244:0: === Visit Limit Tests ===
Visit limit 1: found=false, visits=1, visited=1
  ✓ Within limit
Visit limit 5: found=false, visits=5, visited=5
  ✓ Within limit
Visit limit 10: found=false, visits=9, visited=9
  ✓ Within limit
Visit limit 50: found=false, visits=9, visited=9
  ✓ Within limit
Visit limit 100: found=false, visits=9, visited=9
  ✓ Within limit
info: Tests/BimodalTest/Automation/EdgeCaseTest.lean:277:0: === Special Pattern Tests ===
✓ p → (p → p): matched=true, found=true
✓ (p→p) → (p → (p→p)): matched=true, found=true
Special pattern tests: 2/2 passed
info: Tests/BimodalTest/Automation/EdgeCaseTest.lean:303:0: === Atom Name Variation Tests ===
✓ prop_s with FormalSystem.Syntax.Formula.atom { base := "x", freshIndex := none }: matched=true, found=true
✓ prop_s with FormalSystem.Syntax.Formula.atom { base := "variable", freshIndex := none }: matched=true, found=true
✓ prop_s with FormalSystem.Syntax.Formula.atom { base := "longAtomName123", freshIndex := none }: matched=true, found=true
✓ prop_s with FormalSystem.Syntax.Formula.atom { base := "special_chars_allowed", freshIndex := none }: matched=true, found=true
Atom name tests: 4/4 passed
info: Tests/BimodalTest/Automation/EdgeCaseTest.lean:330:0: === Edge Case Test Summary ===
Section 1: Empty Context Tests - 8 tests
Section 2: Deep Nesting Tests - 7 tests
Section 3: Large Context Tests - 6 tests
Section 4: Complex Formula Tests - 5 tests
Section 5: Depth Limit Tests - 4 tests
Section 6: Visit Limit Tests - 5 tests
Section 7: Special Pattern Tests - 5 tests
Section 8: Atom Name Tests - 4 tests
---
Total: 44 edge case tests
ℹ [2694/2718] Replayed BimodalTest.Automation.ProofSearchBenchmark
info: Tests/BimodalTest/Automation/ProofSearchBenchmark.lean:449:0: === Modal Axiom Benchmarks ===
Modal T (□p → p): found=true, visits=1, hits=0
Modal 4 (□p → □□p): found=true, visits=1, hits=0
Modal 5 (◇□p → □p): found=true, visits=1, hits=0
Modal B (p → □◇p): found=true, visits=1, hits=0
Modal K dist: found=true, visits=1, hits=0
=== Temporal Axiom Benchmarks ===
Temporal 4 (Gp → GGp): found=false, visits=19, hits=18
Temporal A (p → GHp): found=true, visits=1, hits=0
Temporal K dist: found=false, visits=19, hits=18
=== Propositional Axiom Benchmarks ===
Prop K: found=true, visits=1, hits=0
Prop S: found=true, visits=1, hits=0
Ex Falso: found=true, visits=1, hits=0
Peirce: found=true, visits=1, hits=0
=== Mixed Modal-Temporal Benchmarks ===
Modal-Future (□p → □Gp): found=true, visits=1, hits=0
Future-Modal (□p → G□p): found=false, visits=19, hits=18
=== Context-Based Benchmarks ===
Assumption (p ⊢ p): found=true, visits=1, hits=0
MP ready (p→q, p ⊢ q): found=false, visits=19, hits=18
Complex ctx: found=false, visits=19, hits=18
info: Tests/BimodalTest/Automation/ProofSearchBenchmark.lean:452:0: === Weight Configuration Comparison ===

--- Default ---
Total: 10/12 found, 48 visits

--- Modal-Optimized ---
Total: 10/12 found, 48 visits

--- Temporal-Optimized ---
Total: 10/12 found, 48 visits

--- Low-Context ---
Total: 10/12 found, 48 visits

--- High-Complexity ---
Total: 10/12 found, 48 visits
info: Tests/BimodalTest/Automation/ProofSearchBenchmark.lean:461:0: ╔══════════════════════════════════════════════════╗
║     Proof Search Performance Benchmarks          ║
╚══════════════════════════════════════════════════╝

=== Modal Axioms (Timed) ===
Modal T (□p → p): found=true, visits=1, hits=0, time=6μs
Modal 4 (□p → □□p): found=true, visits=1, hits=0, time=521ns
Modal 5 (◇□p → □p): found=true, visits=1, hits=0, time=321ns
Modal B (p → □◇p): found=true, visits=1, hits=0, time=261ns
Modal K dist: found=true, visits=1, hits=0, time=250ns

=== Temporal Axioms (Timed) ===
Temporal 4 (Gp → GGp): found=false, visits=19, hits=18, time=411ns
Temporal A (p → GHp): found=true, visits=1, hits=0, time=291ns
Temporal K dist: found=false, visits=19, hits=18, time=300ns

=== Propositional Axioms (Timed) ===
Prop K: found=true, visits=1, hits=0, time=340ns
Prop S: found=true, visits=1, hits=0, time=330ns
Ex Falso: found=true, visits=1, hits=0, time=331ns
Peirce: found=true, visits=1, hits=0, time=241ns

=== Mixed Modal-Temporal (Timed) ===
Modal-Future (□p → □Gp): found=true, visits=1, hits=0, time=261ns
Future-Modal (□p → G□p): found=false, visits=19, hits=18, time=290ns

=== Context-Based (Timed) ===
Assumption (p ⊢ p): found=true, visits=1, hits=0, time=300ns
MP ready (p→q, p ⊢ q): found=false, visits=19, hits=18, time=261ns
Complex ctx: found=false, visits=19, hits=18, time=270ns

═══════════════════════════════════════════════════
                    SUMMARY
═══════════════════════════════════════════════════
Benchmarks: 12/17 found
Total visits: 107
Total time: 11μs
Average time per benchmark: 696ns
info: Tests/BimodalTest/Automation/ProofSearchBenchmark.lean:464:0: === Strategy Comparison (Timed) ===

--- BoundedDFS-5 ---
Found: 10/12
Total visits: 12
Total time: 13μs

--- BoundedDFS-10 ---
Found: 10/12
Total visits: 12
Total time: 3μs

--- IDDFS-10 ---
Found: 10/12
Total visits: 28
Total time: 3μs

--- IDDFS-20 ---
Found: 10/12
Total visits: 48
Total time: 3μs

--- BestFirst-1000 ---
Found: 10/12
Total visits: 12
Total time: 5μs

--- BestFirst-10000 ---
Found: 10/12
Total visits: 12
Total time: 3μs
info: Tests/BimodalTest/Automation/ProofSearchBenchmark.lean:472:0: === Pattern Learning Benchmarks ===

--- First Pass (No Learning) ---
Modal T (□p → p): found=true, visits=1
Modal 4 (□p → □□p): found=true, visits=1
Modal 5 (◇□p → □p): found=true, visits=1
Modal B (p → □◇p): found=true, visits=1
Modal K dist: found=true, visits=1
Temporal 4 (Gp → GGp): found=false, visits=19
Temporal A (p → GHp): found=true, visits=1
Temporal K dist: found=false, visits=19
Prop K: found=true, visits=1
Prop S: found=true, visits=1
Ex Falso: found=true, visits=1
Peirce: found=true, visits=1

First pass total: 10/12 found, 48 visits
Patterns learned: 10

--- Second Pass (With Learning) ---
Modal T (□p → p): found=true, visits=1
Modal 4 (□p → □□p): found=true, visits=1
Modal 5 (◇□p → □p): found=true, visits=1
Modal B (p → □◇p): found=true, visits=1
Modal K dist: found=true, visits=1
Temporal 4 (Gp → GGp): found=false, visits=19
Temporal A (p → GHp): found=true, visits=1
Temporal K dist: found=false, visits=19
Prop K: found=true, visits=1
Prop S: found=true, visits=1
Ex Falso: found=true, visits=1
Peirce: found=true, visits=1

Second pass total: 10/12 found, 48 visits
Visit reduction: 0%
info: Tests/BimodalTest/Automation/ProofSearchBenchmark.lean:480:0: === IDDFS vs BestFirst Comparison ===

Modal Axioms:
  IDDFS:     5/5 found, 5 visits
  BestFirst: 5/5 found, 5 visits
  Equal visit count

Temporal Axioms:
  IDDFS:     1/3 found, 39 visits
  BestFirst: 1/3 found, 3 visits
  BestFirst: 92% fewer visits

Propositional Axioms:
  IDDFS:     4/4 found, 4 visits
  BestFirst: 4/4 found, 4 visits
  Equal visit count

Mixed Modal-Temporal:
  IDDFS:     1/2 found, 20 visits
  BestFirst: 1/2 found, 2 visits
  BestFirst: 90% fewer visits

Context-Based:
  IDDFS:     1/3 found, 39 visits
  BestFirst: 3/3 found, 6 visits
⚠ [2695/2718] Replayed BimodalTest.Automation.TacticsTest
warning: Tests/BimodalTest/Automation/TacticsTest.lean:232:9: Variable name `h1` is not explicitly referenced.

Hint: The binding can be removed (if unused) or named `_` (if used implicitly). Alternatively, prefix the name with `_` to silence this warning:
  [apply] _h1

Note: This linter can be disabled with `set_option linter.unusedVariables false`
warning: Tests/BimodalTest/Automation/TacticsTest.lean:232:23: Variable name `h2` is not explicitly referenced.

Hint: The binding can be removed (if unused) or named `_` (if used implicitly). Alternatively, prefix the name with `_` to silence this warning:
  [apply] _h2

Note: This linter can be disabled with `set_option linter.unusedVariables false`
warning: Tests/BimodalTest/Automation/TacticsTest.lean:317:20: Variable name `h2` is not explicitly referenced.

Hint: The binding can be removed (if unused) or named `_` (if used implicitly). Alternatively, prefix the name with `_` to silence this warning:
  [apply] _h2

Note: This linter can be disabled with `set_option linter.unusedVariables false`
warning: Tests/BimodalTest/Automation/TacticsTest.lean:349:11: Variable name `b` is not explicitly referenced.

Hint: The binding can be removed (if unused) or named `_` (if used implicitly). Alternatively, prefix the name with `_` to silence this warning:
  [apply] _b

Note: This linter can be disabled with `set_option linter.unusedVariables false`
warning: Tests/BimodalTest/Automation/TacticsTest.lean:349:13: Variable name `c` is not explicitly referenced.

Hint: The binding can be removed (if unused) or named `_` (if used implicitly). Alternatively, prefix the name with `_` to silence this warning:
  [apply] _c

Note: This linter can be disabled with `set_option linter.unusedVariables false`
warning: Tests/BimodalTest/Automation/TacticsTest.lean:349:15: Variable name `d` is not explicitly referenced.

Hint: The binding can be removed (if unused) or named `_` (if used implicitly). Alternatively, prefix the name with `_` to silence this warning:
  [apply] _d

Note: This linter can be disabled with `set_option linter.unusedVariables false`
ℹ [2696/2718] Replayed BimodalTest.Automation.TacticsTest_Simple
info: Tests/BimodalTest/Automation/TacticsTest_Simple.lean:29:0: FormalSystem.Automation.isBoxFormula : Formula → Bool
info: Tests/BimodalTest/Automation/TacticsTest_Simple.lean:30:0: FormalSystem.Automation.isFutureFormula : Formula → Bool
info: Tests/BimodalTest/Automation/TacticsTest_Simple.lean:31:0: FormalSystem.Automation.extractFromBox : Formula → Option Formula
info: Tests/BimodalTest/Automation/TacticsTest_Simple.lean:32:0: FormalSystem.Automation.extractFromFuture : Formula → Option Formula
⚠ [2699/2718] Replayed BimodalTest.Automation.DatasetGeneratorTest
info: Tests/BimodalTest/Automation/DatasetGeneratorTest.lean:273:0: [proof-first] Seeding: 10/100, pool size: 10, elapsed: 9ms
[proof-first] Seeding: 20/100, pool size: 19, elapsed: 11ms
[proof-first] Seeding: 30/100, pool size: 29, elapsed: 12ms
[proof-first] Seeding: 40/100, pool size: 36, elapsed: 12ms
[proof-first] Seeding: 50/100, pool size: 46, elapsed: 13ms
[proof-first] Seeding: 60/100, pool size: 55, elapsed: 15ms
[proof-first] Seeding: 70/100, pool size: 63, elapsed: 16ms
[proof-first] Seeding: 80/100, pool size: 73, elapsed: 16ms
[proof-first] Seeding: 90/100, pool size: 83, elapsed: 16ms
[proof-first] Seeding: 100/100, pool size: 92, elapsed: 17ms
[proof-first] Ex-falso cap applied in 0ms, pool size: 92
[proof-first] depth=0 pool=200 (+108, 117% growth) elapsed=21ms
[proof-first] Generation complete: 200 theorems in 38ms
[test] Pool generation: 200 entries (expected > 0)
[test] PASS: pool is non-empty
info: Tests/BimodalTest/Automation/DatasetGeneratorTest.lean:289:0: [proof-first] Seeding: 10/100, pool size: 10, elapsed: 0ms
[proof-first] Seeding: 20/100, pool size: 20, elapsed: 1ms
[proof-first] Seeding: 30/100, pool size: 30, elapsed: 2ms
[proof-first] Seeding: 40/100, pool size: 39, elapsed: 3ms
[proof-first] Seeding: 50/100, pool size: 49, elapsed: 4ms
[proof-first] Seeding: 60/100, pool size: 59, elapsed: 5ms
[proof-first] Seeding: 70/100, pool size: 67, elapsed: 5ms
[proof-first] Seeding: 80/100, pool size: 77, elapsed: 6ms
[proof-first] Seeding: 90/100, pool size: 86, elapsed: 6ms
[proof-first] Seeding: 100/100, pool size: 93, elapsed: 6ms
[proof-first] Ex-falso cap applied in 0ms, pool size: 93
[proof-first] depth=0 pool=200 (+107, 115% growth) elapsed=19ms
[proof-first] Generation complete: 200 theorems in 25ms
[test] Pool contains (p → p): false
[test] Hybrid label for (p → p): FormalSystem.Automation.FormulaLabel.valid, method: structural_prefilter
[test] PASS: hybrid mode correctly labels (p → p) as valid
info: Tests/BimodalTest/Automation/DatasetGeneratorTest.lean:313:0: [test] Hybrid fallthrough: label=FormalSystem.Automation.FormulaLabel.invalid, method=adaptive_360
[test] PASS: hybrid mode fell through to tableau (not proof_first)
info: Tests/BimodalTest/Automation/DatasetGeneratorTest.lean:331:0: [proof-first] Seeding: 20/200, pool size: 16, elapsed: 2ms
[proof-first] Seeding: 40/200, pool size: 35, elapsed: 4ms
[proof-first] Seeding: 60/200, pool size: 52, elapsed: 7ms
[proof-first] Seeding: 80/200, pool size: 69, elapsed: 8ms
[proof-first] Seeding: 100/200, pool size: 84, elapsed: 10ms
[proof-first] Seeding: 120/200, pool size: 103, elapsed: 19ms
[proof-first] Seeding: 140/200, pool size: 122, elapsed: 20ms
[proof-first] Seeding: 160/200, pool size: 141, elapsed: 22ms
[proof-first] Seeding: 180/200, pool size: 158, elapsed: 23ms
[proof-first] Seeding: 200/200, pool size: 176, elapsed: 24ms
[proof-first] Ex-falso cap applied in 0ms, pool size: 176
[proof-first] depth=0 pool=500 (+324, 184% growth) elapsed=60ms
[proof-first] Generation complete: 500 theorems in 84ms
[test] Pool size: 500
[test] OK: (p → p) -> FormalSystem.Automation.FormulaLabel.valid (ex: structural_prefilter, hy: structural_prefilter)
[test] OK: (□p → p) -> FormalSystem.Automation.FormulaLabel.valid (ex: structural_prefilter, hy: structural_prefilter)
[test] OK: (U(p, q) → U(q, (⊥ → ⊥))) -> FormalSystem.Automation.FormulaLabel.valid (ex: structural_prefilter, hy: structural_prefilter)
[test] OK: (S(p, q) → S(q, (⊥ → ⊥))) -> FormalSystem.Automation.FormulaLabel.valid (ex: structural_prefilter, hy: structural_prefilter)
[test] OK: (p → q) -> FormalSystem.Automation.FormulaLabel.invalid (ex: adaptive_240, hy: adaptive_240)
[test] OK: (U(p, q) → U(r, q)) -> FormalSystem.Automation.FormulaLabel.invalid (ex: adaptive_360, hy: adaptive_360)
[test] OK: (p → (q → q)) -> FormalSystem.Automation.FormulaLabel.valid (ex: structural_prefilter, hy: structural_prefilter)
[test] OK: (□⊥ → q) -> FormalSystem.Automation.FormulaLabel.valid (ex: structural_prefilter, hy: structural_prefilter)
[test] Prefilter hits: 6, Pool hits: 0
[test] PASS: all labels match between exhaustive and hybrid modes
info: Tests/BimodalTest/Automation/DatasetGeneratorTest.lean:396:0: [test] OK: (p → ⊥) -> invalid via structural_invalid_prefilter:invalid_satisfiable_neg
[test] OK: (p → U(⊥, q)) -> invalid via structural_invalid_prefilter:invalid_satisfiable_neg
[test] OK: (□p → ⊥) -> invalid via structural_invalid_prefilter:invalid_satisfiable_neg
[test] OK: (U(p, q) → U(⊥, r)) -> invalid via structural_invalid_prefilter:invalid_false_consequent
[test] OK: ((U(((p → ⊥) → ⊥), (⊥ → ⊥)) → ⊥) → U(p, q)) -> invalid via structural_invalid_prefilter:invalid_unfulfillable_eventuality
[test] OK: (p → p) -> FormalSystem.Automation.FormulaLabel.valid via structural_prefilter (not invalid prefilter)
[test] OK: (□⊥ → q) -> FormalSystem.Automation.FormulaLabel.valid via structural_prefilter (not invalid prefilter)
[test] OK: (U(⊥, p) → U(⊥, q)) -> FormalSystem.Automation.FormulaLabel.valid via structural_prefilter (not invalid prefilter)
[test] OK: (p → (q → q)) -> FormalSystem.Automation.FormulaLabel.valid via structural_prefilter (not invalid prefilter)
[test] PASS: all invalid prefilter integration tests pass
info: Tests/BimodalTest/Automation/DatasetGeneratorTest.lean:453:0: [test] OK: (p → ⊥) — prefilter=invalid, tableau=FormalSystem.Automation.FormulaLabel.invalid
[test] OK: (□p → ⊥) — prefilter=invalid, tableau=FormalSystem.Automation.FormulaLabel.invalid
[test] OK: (p → U(⊥, q)) — prefilter=invalid, tableau=FormalSystem.Automation.FormulaLabel.invalid
[test] OK: (p → □⊥) — prefilter=invalid, tableau=FormalSystem.Automation.FormulaLabel.invalid
[test] OK: (((p → (q → ⊥)) → ⊥) → ⊥) — prefilter=invalid, tableau=FormalSystem.Automation.FormulaLabel.invalid
[test] OK: (□□p → U(⊥, q)) — prefilter=invalid, tableau=FormalSystem.Automation.FormulaLabel.invalid
[test] OK: ((⊥ → ⊥) → ⊥) — prefilter=invalid, tableau=FormalSystem.Automation.FormulaLabel.invalid
[test] OK: (p → S(⊥, q)) — prefilter=invalid, tableau=FormalSystem.Automation.FormulaLabel.invalid
[test] OK: (((p → ((q → ⊥) → ⊥)) → ⊥) → ⊥) — prefilter=invalid, tableau=FormalSystem.Automation.FormulaLabel.invalid
[test] OK: (U(p, q) → U(⊥, r)) — prefilter=invalid, tableau=FormalSystem.Automation.FormulaLabel.invalid
[test] PASS: all cross-validation tests agree
info: Tests/BimodalTest/Automation/DatasetGeneratorTest.lean:491:0: [test] OK: (p → p) — not caught by invalid prefilter
[test] OK: (□⊥ → q) — not caught by invalid prefilter
[test] OK: (p → (q → q)) — not caught by invalid prefilter
[test] OK: (□p → p) — not caught by invalid prefilter
[test] OK: (□p → □□p) — not caught by invalid prefilter
[test] OK: ((U((p → ⊥), (⊥ → ⊥)) → ⊥) → p) — not caught by invalid prefilter
[test] OK: ((U((p → ⊥), (⊥ → ⊥)) → ⊥) → U(p, (⊥ → ⊥))) — not caught by invalid prefilter
[test] OK: (U(p, q) → U(q, (⊥ → ⊥))) — not caught by invalid prefilter
[test] OK: (S(p, q) → S(q, (⊥ → ⊥))) — not caught by invalid prefilter
[test] OK: (U(⊥, p) → U(⊥, q)) — not caught by invalid prefilter
[test] PASS: no valid formulas mislabeled by invalid prefilter
info: Tests/BimodalTest/Automation/DatasetGeneratorTest.lean:520:0: [test] ⊥ → ⊥: none (expected: none — vacuously valid)
[test] ⊤ → ⊥: some (false, "invalid_satisfiable_neg") (expected: some (false, invalid_satisfiable_neg))
[test] □⊥ → U(⊥,p): none (expected: none — vacuously valid)
[test] p → □⊥: some (false, "invalid_satisfiable_neg") (expected: some (false, invalid_satisfiable_neg))
[test] PASS: all edge case tests correct
warning: Tests/BimodalTest/Automation/DatasetGeneratorTest.lean:522:6: Variable name `q` is not explicitly referenced.

Hint: The binding can be removed (if unused) or named `_` (if used implicitly). Alternatively, prefix the name with `_` to silence this warning:
  [apply] _q

Note: This linter can be disabled with `set_option linter.unusedVariables false`
ℹ [2700/2718] Replayed BimodalTest.Automation.NormalizationTest
info: Tests/BimodalTest/Automation/NormalizationTest.lean:166:0: "normalizeFormula identity test: ALL PASS (27 formulas tested)"
info: Tests/BimodalTest/Automation/NormalizationTest.lean:201:0: "p -> p: VALID"
info: Tests/BimodalTest/Automation/NormalizationTest.lean:207:0: "bot: INVALID"
info: Tests/BimodalTest/Automation/NormalizationTest.lean:213:0: "box(p -> p): VALID"
info: Tests/BimodalTest/Automation/NormalizationTest.lean:219:0: "diamond(p) -> diamond(p): VALID"
info: Tests/BimodalTest/Automation/NormalizationTest.lean:225:0: "p: INVALID"
info: Tests/BimodalTest/Automation/NormalizationTest.lean:242:0: "Benchmark: 50 formulas decided (valid=0, invalid=50, timeout=0)"
info: Tests/BimodalTest/Automation/NormalizationTest.lean:292:0: neg_unfold : ∀ (φ : Formula), φ.neg = φ.imp bot
info: Tests/BimodalTest/Automation/NormalizationTest.lean:293:0: top_unfold : top = bot.imp bot
info: Tests/BimodalTest/Automation/NormalizationTest.lean:294:0: next_unfold : ∀ (φ : Formula), φ.next = bot.untl φ
info: Tests/BimodalTest/Automation/NormalizationTest.lean:295:0: prev_unfold : ∀ (φ : Formula), φ.prev = bot.snce φ
info: Tests/BimodalTest/Automation/NormalizationTest.lean:296:0: and_unfold : ∀ (φ ψ : Formula), φ.and ψ = (φ.imp (ψ.imp bot)).imp bot
info: Tests/BimodalTest/Automation/NormalizationTest.lean:297:0: or_unfold : ∀ (φ ψ : Formula), φ.or ψ = (φ.imp bot).imp ψ
info: Tests/BimodalTest/Automation/NormalizationTest.lean:298:0: FormalSystem.Automation.Normalization.diamond_unfold : ∀ (φ : Formula), φ.diamond = (φ.imp bot).box.imp bot
info: Tests/BimodalTest/Automation/NormalizationTest.lean:299:0: FormalSystem.Automation.Normalization.some_future_unfold : ∀ (φ : Formula), φ.someFuture = (bot.imp bot).untl φ
info: Tests/BimodalTest/Automation/NormalizationTest.lean:300:0: FormalSystem.Automation.Normalization.some_past_unfold : ∀ (φ : Formula), φ.somePast = (bot.imp bot).snce φ
info: Tests/BimodalTest/Automation/NormalizationTest.lean:301:0: all_future_unfold : ∀ (φ : Formula), φ.allFuture = ((bot.imp bot).untl (φ.imp bot)).imp bot
info: Tests/BimodalTest/Automation/NormalizationTest.lean:302:0: all_past_unfold : ∀ (φ : Formula), φ.allPast = ((bot.imp bot).snce (φ.imp bot)).imp bot
info: Tests/BimodalTest/Automation/NormalizationTest.lean:303:0: weak_future_unfold : ∀ (φ : Formula),
  φ.weakFuture = (φ.imp ((((bot.imp bot).untl (φ.imp bot)).imp bot).imp bot)).imp bot
info: Tests/BimodalTest/Automation/NormalizationTest.lean:304:0: weak_past_unfold : ∀ (φ : Formula), φ.weakPast = (φ.imp ((((bot.imp bot).snce (φ.imp bot)).imp bot).imp bot)).imp bot
info: Tests/BimodalTest/Automation/NormalizationTest.lean:305:0: always_unfold : ∀ (φ : Formula), △φ = φ.allPast.and (φ.and φ.allFuture)
info: Tests/BimodalTest/Automation/NormalizationTest.lean:306:0: sometimes_unfold : ∀ (φ : Formula), ▽φ = (△φ.neg).neg
info: Tests/BimodalTest/Automation/NormalizationTest.lean:307:0: strong_release_unfold : ∀ (φ ψ : Formula), φ.strongRelease ψ = ψ.untl (ψ.and φ)
info: Tests/BimodalTest/Automation/NormalizationTest.lean:308:0: strong_trigger_unfold : ∀ (φ ψ : Formula), φ.strongTrigger ψ = ψ.snce (ψ.and φ)
ℹ [2702/2718] Replayed BimodalTest.Automation.InterestingnessTest
info: Tests/BimodalTest/Automation/InterestingnessTest.lean:41:0: PASS: ex_falso SNT = 0
info: Tests/BimodalTest/Automation/InterestingnessTest.lean:47:0: PASS: identity SNT = 0
info: Tests/BimodalTest/Automation/InterestingnessTest.lean:53:0: PASS: weakening SNT = 0
info: Tests/BimodalTest/Automation/InterestingnessTest.lean:59:0: PASS: top-implication SNT = 0
info: Tests/BimodalTest/Automation/InterestingnessTest.lean:65:0: PASS: propositional SNT = 1
info: Tests/BimodalTest/Automation/InterestingnessTest.lean:71:0: PASS: modal SNT = 2
info: Tests/BimodalTest/Automation/InterestingnessTest.lean:77:0: PASS: bimodal SNT = 3
info: Tests/BimodalTest/Automation/InterestingnessTest.lean:89:0: PASS: F(p) detected as someFuture
info: Tests/BimodalTest/Automation/InterestingnessTest.lean:95:0: PASS: P(p) detected as somePast
info: Tests/BimodalTest/Automation/InterestingnessTest.lean:101:0: PASS: G(p) detected as allFuture
info: Tests/BimodalTest/Automation/InterestingnessTest.lean:107:0: PASS: H(p) detected as allPast
info: Tests/BimodalTest/Automation/InterestingnessTest.lean:113:0: PASS: ◇p detected as diamond
info: Tests/BimodalTest/Automation/InterestingnessTest.lean:119:0: PASS: □p detected as box
info: Tests/BimodalTest/Automation/InterestingnessTest.lean:125:0: PASS: U(p,q) detected as until
info: Tests/BimodalTest/Automation/InterestingnessTest.lean:131:0: PASS: S(p,q) detected as since
info: Tests/BimodalTest/Automation/InterestingnessTest.lean:141:0: PASS: propositional OD = 0
info: Tests/BimodalTest/Automation/InterestingnessTest.lean:147:0: PASS: □p OD = 1
info: Tests/BimodalTest/Automation/InterestingnessTest.lean:153:0: PASS: □p→Fp OD = 4
info: Tests/BimodalTest/Automation/InterestingnessTest.lean:160:0: PASS: Gp→Hp OD = 3
info: Tests/BimodalTest/Automation/InterestingnessTest.lean:171:0: PASS: prop_k -> propositional
info: Tests/BimodalTest/Automation/InterestingnessTest.lean:177:0: PASS: modal_t -> modal
info: Tests/BimodalTest/Automation/InterestingnessTest.lean:183:0: PASS: modal_future -> interaction
info: Tests/BimodalTest/Automation/InterestingnessTest.lean:189:0: PASS: serial_future -> temporal
info: Tests/BimodalTest/Automation/InterestingnessTest.lean:194:0: PASS: connect_future -> temporal
info: Tests/BimodalTest/Automation/InterestingnessTest.lean:199:0: PASS: density -> temporal
info: Tests/BimodalTest/Automation/InterestingnessTest.lean:209:0: PASS: Score 0 -> trivial
info: Tests/BimodalTest/Automation/InterestingnessTest.lean:215:0: PASS: Score 49 -> trivial
info: Tests/BimodalTest/Automation/InterestingnessTest.lean:221:0: PASS: Score 50 -> routine
info: Tests/BimodalTest/Automation/InterestingnessTest.lean:227:0: PASS: Score 150 -> basic
info: Tests/BimodalTest/Automation/InterestingnessTest.lean:233:0: PASS: Score 300 -> moderate
info: Tests/BimodalTest/Automation/InterestingnessTest.lean:239:0: PASS: Score 500 -> notable
info: Tests/BimodalTest/Automation/InterestingnessTest.lean:245:0: PASS: Score 700 -> interesting
info: Tests/BimodalTest/Automation/InterestingnessTest.lean:252:0: PASS: Score 850 -> remarkable
info: Tests/BimodalTest/Automation/InterestingnessTest.lean:259:0: PASS: Score 1000 -> remarkable
info: Tests/BimodalTest/Automation/InterestingnessTest.lean:270:0: PASS: ex_falso score=0, tier=trivial
info: Tests/BimodalTest/Automation/InterestingnessTest.lean:279:0: PASS: identity score=0
info: Tests/BimodalTest/Automation/InterestingnessTest.lean:286:0: PASS: bimodal score=681, tier=notable, snt=3, od=4, ald=3
info: Tests/BimodalTest/Automation/InterestingnessTest.lean:317:0: PASS: JSON serialization valid
  JSON: {"composite_score": 101, "tier": "routine", "snt_gate": 3, "operator_diversity": 4, "proof_depth_ratio": 0, "proof_rule_diversity": 0, "axiom_layer_diversity": 0, "interaction_axiom_dep": false, "statement_simplicity": 20, "proof_richness": 0}
info: Tests/BimodalTest/Automation/InterestingnessTest.lean:337:0: PASS: propositional has no modal-temporal interaction
info: Tests/BimodalTest/Automation/InterestingnessTest.lean:343:0: PASS: modal-only has no modal-temporal interaction
info: Tests/BimodalTest/Automation/InterestingnessTest.lean:349:0: PASS: bimodal formula has modal-temporal interaction
ℹ [2704/2718] Replayed BimodalTest.TraceCertificateTest
info: Tests/BimodalTest/TraceCertificateTest.lean:220:0: === TraceCertificate Unit Tests ===
PASS Test 1: empty cert has correct formula
PASS Test 2: empty cert serializes to valid JSON
PASS Test 3: tautology has outcome validProof
PASS Test 4: tautology trace has rule_fired events (count: 2)
PASS Test 5: tautology trace has branchClosed event
PASS Test 6: fingerprint has 1 entries
PASS Test 7: low-fuel complex formula succeeded (still acceptable)
PASS Test 8: totalSteps equals trace length: 2
PASS Test 9: all outcome types serialize correctly

=== TraceCertificate Tests: 9 passed, 0 failed ===
All TraceCertificate unit tests PASSED
⚠ [2705/2718] Replayed BimodalTest.TraceExportTest
warning: Tests/BimodalTest/TraceExportTest.lean:55:80: `String.takeRight` has been deprecated: Use `String.takeEnd` instead

Note: The updated constant has a different type:
  String → ℕ → String.Slice
instead of
  String → ℕ → String
warning: Tests/BimodalTest/TraceExportTest.lean:97:67: `String.takeRight` has been deprecated: Use `String.takeEnd` instead

Note: The updated constant has a different type:
  String → ℕ → String.Slice
instead of
  String → ℕ → String
info: Tests/BimodalTest/TraceExportTest.lean:168:0: === TraceExport Round-Trip Tests ===
PASS Test 1: empty certificate has 'formula' key
PASS Test 2: empty certificate has 'outcome' key
PASS Test 3: empty certificate has 'trace' key
PASS Test 4: empty certificate has 'axiom_fingerprint' key
PASS Test 5: frame class is 'Base'
PASS Test 6: decideWithTrace on tautology has 'outcome' key
PASS Test 6b: tautology trace contains 'rule_fired' events
PASS Test 7: TraceResult.success has 'status' key
PASS Test 7b: status is 'success'
PASS Test 8: TraceResult.failure has 'status' key
PASS Test 8b: failure_kind is 'out_of_fuel'
PASS Test 9: empty axiom_fingerprint renders as '{}'
PASS Test 10: empty trace renders as '[]'

=== Round-Trip Tests: 13 passed, 0 failed ===
All TraceExport round-trip tests PASSED
ℹ [2706/2718] Replayed BimodalTest.TraceExporterE2ETest
info: Tests/BimodalTest/TraceExporterE2ETest.lean:142:0: === Trace Exporter E2E Smoke Test ===
  Running test 1...
PASS Test 1: p → p is valid
  Running test 2...
PASS Test 2: p → q is invalid (countermodel)
  Running test 3...
PASS Test 3: □p → □p is valid
  Running test 4...
PASS Test 4: JSON serialization of e2e result is well-formed
  Running test 5...
PASS Test 5: trace on □p → □p is non-empty: 2 events
  Running test 6...
PASS Test 6: fingerprint contains expected modal/imp rules

=== E2E Smoke Test: 6 passed, 0 failed ===
All trace exporter e2e smoke tests PASSED
⚠ [2707/2718] Replayed BimodalTest.Integration.Helpers
warning: Tests/BimodalTest/Integration/Helpers.lean:125:0: Definition `verify_soundness` is a proposition; use `theorem` instead of `def`

Note: This linter can be disabled with `set_option linter.defProp false`
warning: Tests/BimodalTest/Integration/Helpers.lean:130:0: Definition `verify_validity` is a proposition; use `theorem` instead of `def`

Note: This linter can be disabled with `set_option linter.defProp false`
warning: Tests/BimodalTest/Integration/Helpers.lean:134:0: Definition `verify_workflow` is a proposition; use `theorem` instead of `def`

Note: This linter can be disabled with `set_option linter.defProp false`
warning: Tests/BimodalTest/Integration/Helpers.lean:152:46: Variable name `d` is not explicitly referenced.

Hint: The binding can be removed (if unused) or named `_` (if used implicitly). Alternatively, prefix the name with `_` to silence this warning:
  [apply] _d

Note: This linter can be disabled with `set_option linter.unusedVariables false`
⚠ [2711/2718] Replayed BimodalTest.Integration.ComplexDerivationTest
warning: Tests/BimodalTest/Integration/ComplexDerivationTest.lean:132:54: This simp argument is unused:
  List.mem_singleton

Hint: Omit it from the simp argument list.
  [apply] simp only [Γ, Γ', List.subset_def, List.mem_cons, List.not_mem_nil]

Note: This linter can be disabled with `set_option linter.unusedSimpArgs false`
warning: Tests/BimodalTest/Integration/ComplexDerivationTest.lean:394:55: This simp argument is unused:
  List.mem_singleton

Hint: Omit it from the simp argument list.
  [apply] simp only [Γ1, Γ2, List.subset_def, List.mem_cons, List.not_mem_nil]

Note: This linter can be disabled with `set_option linter.unusedSimpArgs false`
warning: Tests/BimodalTest/Integration/ComplexDerivationTest.lean:402:55: This simp argument is unused:
  List.mem_singleton

Hint: Omit it from the simp argument list.
  [apply] simp only [Γ2, Γ3, List.subset_def, List.mem_cons, List.not_mem_nil]

Note: This linter can be disabled with `set_option linter.unusedSimpArgs false`
✔ [2715/2718] Built FormalSystem.Automation.DatasetValidatorMain (1.2s)
ℹ [2716/2718] Replayed BimodalTest.Automation.C5SmokeTest
info: Tests/BimodalTest/Automation/C5SmokeTest.lean:50:0: === Previously-Problematic Formulas ===
  [PASS] □⊥ → □r → FormalSystem.Automation.FormulaLabel.valid (method: structural_prefilter)
  [PASS] □⊥ → r → FormalSystem.Automation.FormulaLabel.valid (method: structural_prefilter)
  [PASS] □⊥ → ⊥ → FormalSystem.Automation.FormulaLabel.valid (method: structural_prefilter)
  [PASS] □⊥ → □p → FormalSystem.Automation.FormulaLabel.valid (method: structural_prefilter)
  [PASS] □⊥ → □⊥ → FormalSystem.Automation.FormulaLabel.valid (method: structural_prefilter)
  Result: 5 passed, 0 failed
info: Tests/BimodalTest/Automation/C5SmokeTest.lean:89:0: === Known Valid Formulas ===
  [PASS] p → (q → p) → valid (method: fast_path_axiom)
  [PASS] ⊥ → p → valid (method: structural_prefilter)
  [PASS] p → p → valid (method: structural_prefilter)
  [PASS] □p → p (Modal T) → valid (method: structural_prefilter)
  [PASS] □(p → q) → (□p → □q) (Modal K) → valid (method: fast_path_axiom)
  [PASS] □(⊥ → p) → valid (method: structural_prefilter)
  Result: 6 passed, 0 failed
info: Tests/BimodalTest/Automation/C5SmokeTest.lean:124:0: === Known Invalid Formulas ===
  [PASS] p → invalid (countermodel: yes)
  [PASS] ⊥ → invalid (countermodel: yes)
  [PASS] p → q → invalid (countermodel: yes)
  [PASS] □p → invalid (countermodel: yes)
  [PASS] □p → □q → invalid (countermodel: yes)
  [PASS] □⊥ → invalid (countermodel: yes)
  Result: 6 passed, 0 failed
info: Tests/BimodalTest/Automation/C5SmokeTest.lean:160:0: === Complexity 5 Edge Cases ===
  [PASS] U(p, q) → FormalSystem.Automation.FormulaLabel.invalid (method: adaptive_240)
  [PASS] S(p, q) → FormalSystem.Automation.FormulaLabel.invalid (method: adaptive_240)
  [PASS] Fp → FormalSystem.Automation.FormulaLabel.invalid (method: adaptive_210)
  [PASS] p → Fp → FormalSystem.Automation.FormulaLabel.invalid (method: adaptive_270)
  Result: 4 passed, 0 failed
info: Tests/BimodalTest/Automation/C5SmokeTest.lean:193:0: === Metrics Validation ===
  [PASS] complexity=5 modal=1 temporal=0 imp=1 atom=1 tier=medium
  [PASS] complexity=4 modal=1 temporal=0 imp=1 atom=1 tier=medium
  [PASS] complexity=1 modal=0 temporal=0 imp=0 atom=1 tier=easy
  [PASS] complexity=3 modal=0 temporal=1 imp=0 atom=2 tier=easy
  Result: 4 passed, 0 failed
info: Tests/BimodalTest/Automation/C5SmokeTest.lean:227:0: === DatasetValidatorMain Conformance Tests ===
=== Conformance Tests ===

--- Known Valid Formulas ---
  [PASS] ((p → (q → r)) → ((p → q) → (p → r)))
  [PASS] (p → (q → p))
  [PASS] (⊥ → p)
  [PASS] (((p → q) → p) → p)
  [PASS] (□p → p)
  [PASS] (□p → □□p)
  [PASS] (□(p → q) → (□p → □q))
  [PASS] (□p → □(U((p → ⊥), (⊥ → ⊥)) → ⊥))
  [PASS] (⊥ → q)
  [PASS] (□q → q)
  Valid tests: 10 passed, 0 failed

--- Known Invalid Formulas ---
  [PASS] p
  [PASS] q
  [PASS] (p → q)
  [PASS] □p
  [PASS] (□(p → ⊥) → ⊥)
  [PASS] U(p, (⊥ → ⊥))
  [PASS] S(p, (⊥ → ⊥))
  [PASS] ((p → ((p → ⊥) → ⊥)) → ⊥)
  [PASS] (□p → □q)
  [PASS] ((□p → (□(p → ⊥) → ⊥)) → ⊥)
  [PASS] U(p, q)
  [PASS] S(p, q)
  [PASS] ⊥
  [PASS] (q → p)
  [PASS] (r → (p → q))
  [PASS] (□p → q)
  [PASS] □q
  [PASS] (p → (q → r))
  [PASS] ((p → q) → p)
  [PASS] □⊥
  Invalid tests: 20 passed, 0 failed

Conformance tests: ALL PASSED
Conformance tests: ALL PASSED
Build completed successfully (2718 jobs).
