⚠ [680/1021] Replayed Bimodal.Syntax.Formula
warning: Theories/Bimodal/Syntax/Formula.lean:186:45: Variable name `ψ2` is not explicitly referenced.

Hint: The binding can be removed (if unused) or named `_` (if used implicitly). Alternatively, prefix the name with `_` to silence this warning:
  [apply] _ψ2

Note: This linter can be disabled with `set_option linter.unusedVariables false`
warning: Theories/Bimodal/Syntax/Formula.lean:188:45: Variable name `ψ2` is not explicitly referenced.

Hint: The binding can be removed (if unused) or named `_` (if used implicitly). Alternatively, prefix the name with `_` to silence this warning:
  [apply] _ψ2

Note: This linter can be disabled with `set_option linter.unusedVariables false`
warning: Theories/Bimodal/Syntax/Formula.lean:206:39: Variable name `ψ2` is not explicitly referenced.

Hint: The binding can be removed (if unused) or named `_` (if used implicitly). Alternatively, prefix the name with `_` to silence this warning:
  [apply] _ψ2

Note: This linter can be disabled with `set_option linter.unusedVariables false`
warning: Theories/Bimodal/Syntax/Formula.lean:213:39: Variable name `ψ2` is not explicitly referenced.

Hint: The binding can be removed (if unused) or named `_` (if used implicitly). Alternatively, prefix the name with `_` to silence this warning:
  [apply] _ψ2

Note: This linter can be disabled with `set_option linter.unusedVariables false`
info: Theories/Bimodal/Syntax/Formula.lean:222:0: 2
info: Theories/Bimodal/Syntax/Formula.lean:225:0: 2
info: Theories/Bimodal/Syntax/Formula.lean:228:0: 2
info: Theories/Bimodal/Syntax/Formula.lean:231:0: 2
info: Theories/Bimodal/Syntax/Formula.lean:234:0: 3
info: Theories/Bimodal/Syntax/Formula.lean:237:0: 3
info: Theories/Bimodal/Syntax/Formula.lean:238:0: 3
info: Theories/Bimodal/Syntax/Formula.lean:488:0: 3
info: Theories/Bimodal/Syntax/Formula.lean:491:0: 3
info: Theories/Bimodal/Syntax/Formula.lean:494:0: 3
info: Theories/Bimodal/Syntax/Formula.lean:497:0: 3
info: Theories/Bimodal/Syntax/Formula.lean:500:0: 4
info: Theories/Bimodal/Syntax/Formula.lean:503:0: 4
info: Theories/Bimodal/Syntax/Formula.lean:540:0: 2
info: Theories/Bimodal/Syntax/Formula.lean:543:0: 2
info: Theories/Bimodal/Syntax/Formula.lean:546:0: 2
info: Theories/Bimodal/Syntax/Formula.lean:549:0: 2
info: Theories/Bimodal/Syntax/Formula.lean:552:0: 2
info: Theories/Bimodal/Syntax/Formula.lean:555:0: 2
info: Theories/Bimodal/Syntax/Formula.lean:558:0: 2
⚠ [742/1021] Replayed Bimodal.Metalogic.SoundnessLemmas.DenseValidity
warning: Theories/Bimodal/Metalogic/SoundnessLemmas/DenseValidity.lean:142:21: `push_neg` has been deprecated. Prefer using `push Not` instead.
If you'd rather continue using `push_neg` in your project, you can implement it as follows:
```
open Lean.Parser.Tactic in
macro "push_neg" cfg:optConfig loc:(location)? : tactic =>
  `(tactic| push $cfg:optConfig Not $[$loc]?)
```
warning: Theories/Bimodal/Metalogic/SoundnessLemmas/DenseValidity.lean:149:21: `push_neg` has been deprecated. Prefer using `push Not` instead.
If you'd rather continue using `push_neg` in your project, you can implement it as follows:
```
open Lean.Parser.Tactic in
macro "push_neg" cfg:optConfig loc:(location)? : tactic =>
  `(tactic| push $cfg:optConfig Not $[$loc]?)
```
warning: Theories/Bimodal/Metalogic/SoundnessLemmas/DenseValidity.lean:163:46: This simp argument is unused:
  Formula.some_past

Hint: Omit it from the simp argument list.
  [apply] simp only [Formula.swap_temporal, truth_at, Formula.some_future, Formula.neg, Formula.imp, Formula.untl,
    Formula.snce]

Note: This linter can be disabled with `set_option linter.unusedSimpArgs false`
warning: Theories/Bimodal/Metalogic/SoundnessLemmas/DenseValidity.lean:164:4: This simp argument is unused:
  Formula.neg

Hint: Omit it from the simp argument list.
  [apply] simp only [Formula.swap_temporal, truth_at, Formula.some_past, Formula.some_future, Formula.imp, Formula.untl,
    Formula.snce]

Note: This linter can be disabled with `set_option linter.unusedSimpArgs false`
warning: Theories/Bimodal/Metalogic/SoundnessLemmas/DenseValidity.lean:164:17: This simp argument is unused:
  Formula.imp

Hint: Omit it from the simp argument list.
  [apply] simp only [Formula.swap_temporal, truth_at, Formula.some_past, Formula.some_future, Formula.neg, Formula.untl,
    Formula.snce]

Note: This linter can be disabled with `set_option linter.unusedSimpArgs false`
warning: Theories/Bimodal/Metalogic/SoundnessLemmas/DenseValidity.lean:164:30: This simp argument is unused:
  Formula.untl

Hint: Omit it from the simp argument list.
  [apply] simp only [Formula.swap_temporal, truth_at, Formula.some_past, Formula.some_future, Formula.neg, Formula.imp,
    Formula.snce]

Note: This linter can be disabled with `set_option linter.unusedSimpArgs false`
warning: Theories/Bimodal/Metalogic/SoundnessLemmas/DenseValidity.lean:164:44: This simp argument is unused:
  Formula.snce

Hint: Omit it from the simp argument list.
  [apply] simp only [Formula.swap_temporal, truth_at, Formula.some_past, Formula.some_future, Formula.neg, Formula.imp,
    Formula.untl]

Note: This linter can be disabled with `set_option linter.unusedSimpArgs false`
warning: Theories/Bimodal/Metalogic/SoundnessLemmas/DenseValidity.lean:174:65: This simp argument is unused:
  Formula.some_future

Hint: Omit it from the simp argument list.
  [apply] simp only [Formula.swap_temporal, truth_at, Formula.some_past, Formula.neg, Formula.imp, Formula.untl,
    Formula.snce]

Note: This linter can be disabled with `set_option linter.unusedSimpArgs false`
warning: Theories/Bimodal/Metalogic/SoundnessLemmas/DenseValidity.lean:175:4: This simp argument is unused:
  Formula.neg

Hint: Omit it from the simp argument list.
  [apply] simp only [Formula.swap_temporal, truth_at, Formula.some_past, Formula.some_future, Formula.imp, Formula.untl,
    Formula.snce]

Note: This linter can be disabled with `set_option linter.unusedSimpArgs false`
warning: Theories/Bimodal/Metalogic/SoundnessLemmas/DenseValidity.lean:175:17: This simp argument is unused:
  Formula.imp

Hint: Omit it from the simp argument list.
  [apply] simp only [Formula.swap_temporal, truth_at, Formula.some_past, Formula.some_future, Formula.neg, Formula.untl,
    Formula.snce]

Note: This linter can be disabled with `set_option linter.unusedSimpArgs false`
warning: Theories/Bimodal/Metalogic/SoundnessLemmas/DenseValidity.lean:175:30: This simp argument is unused:
  Formula.untl

Hint: Omit it from the simp argument list.
  [apply] simp only [Formula.swap_temporal, truth_at, Formula.some_past, Formula.some_future, Formula.neg, Formula.imp,
    Formula.snce]

Note: This linter can be disabled with `set_option linter.unusedSimpArgs false`
warning: Theories/Bimodal/Metalogic/SoundnessLemmas/DenseValidity.lean:175:44: This simp argument is unused:
  Formula.snce

Hint: Omit it from the simp argument list.
  [apply] simp only [Formula.swap_temporal, truth_at, Formula.some_past, Formula.some_future, Formula.neg, Formula.imp,
    Formula.untl]

Note: This linter can be disabled with `set_option linter.unusedSimpArgs false`
warning: Theories/Bimodal/Metalogic/SoundnessLemmas/DenseValidity.lean:251:13: This simp argument is unused:
  truth_at

Hint: Omit it from the simp argument list.
  [apply] simp only [Truth.past_iff]

Note: This linter can be disabled with `set_option linter.unusedSimpArgs false`
warning: Theories/Bimodal/Metalogic/SoundnessLemmas/DenseValidity.lean:551:22: `push_neg` has been deprecated. Prefer using `push Not` instead.
If you'd rather continue using `push_neg` in your project, you can implement it as follows:
```
open Lean.Parser.Tactic in
macro "push_neg" cfg:optConfig loc:(location)? : tactic =>
  `(tactic| push $cfg:optConfig Not $[$loc]?)
```
warning: Theories/Bimodal/Metalogic/SoundnessLemmas/DenseValidity.lean:554:22: `push_neg` has been deprecated. Prefer using `push Not` instead.
If you'd rather continue using `push_neg` in your project, you can implement it as follows:
```
open Lean.Parser.Tactic in
macro "push_neg" cfg:optConfig loc:(location)? : tactic =>
  `(tactic| push $cfg:optConfig Not $[$loc]?)
```
warning: Theories/Bimodal/Metalogic/SoundnessLemmas/DenseValidity.lean:575:22: `push_neg` has been deprecated. Prefer using `push Not` instead.
If you'd rather continue using `push_neg` in your project, you can implement it as follows:
```
open Lean.Parser.Tactic in
macro "push_neg" cfg:optConfig loc:(location)? : tactic =>
  `(tactic| push $cfg:optConfig Not $[$loc]?)
```
warning: Theories/Bimodal/Metalogic/SoundnessLemmas/DenseValidity.lean:578:22: `push_neg` has been deprecated. Prefer using `push Not` instead.
If you'd rather continue using `push_neg` in your project, you can implement it as follows:
```
open Lean.Parser.Tactic in
macro "push_neg" cfg:optConfig loc:(location)? : tactic =>
  `(tactic| push $cfg:optConfig Not $[$loc]?)
```
warning: Theories/Bimodal/Metalogic/SoundnessLemmas/DenseValidity.lean:336:73: This simp argument is unused:
  Formula.neg

Hint: Omit it from the simp argument list.
  [apply] simp only [Formula.swap_temporal_some_future, Formula.swap_temporal]

Note: This linter can be disabled with `set_option linter.unusedSimpArgs false`
warning: Theories/Bimodal/Metalogic/SoundnessLemmas/DenseValidity.lean:343:71: This simp argument is unused:
  Formula.neg

Hint: Omit it from the simp argument list.
  [apply] simp only [Formula.swap_temporal_some_past, Formula.swap_temporal]

Note: This linter can be disabled with `set_option linter.unusedSimpArgs false`
warning: Theories/Bimodal/Metalogic/SoundnessLemmas/DenseValidity.lean:546:50: This simp argument is unused:
  Formula.swap_temporal_some_past

Hint: Omit it from the simp argument list.
  [apply] simp only [Formula.swap_temporal_some_future, Formula.swap_temporal, Formula.and, Formula.or, Formula.neg]

Note: This linter can be disabled with `set_option linter.unusedSimpArgs false`
warning: Theories/Bimodal/Metalogic/SoundnessLemmas/DenseValidity.lean:548:46: This simp argument is unused:
  Truth.some_future_iff

Hint: Omit it from the simp argument list.
  [apply] simp only [truth_at, Truth.some_past_iff]

Note: This linter can be disabled with `set_option linter.unusedSimpArgs false`
warning: Theories/Bimodal/Metalogic/SoundnessLemmas/DenseValidity.lean:570:15: This simp argument is unused:
  Formula.swap_temporal_some_future

Hint: Omit it from the simp argument list.
  [apply] simp only [Formula.swap_temporal_some_past, Formula.swap_temporal, Formula.and, Formula.or, Formula.neg]

Note: This linter can be disabled with `set_option linter.unusedSimpArgs false`
warning: Theories/Bimodal/Metalogic/SoundnessLemmas/DenseValidity.lean:572:25: This simp argument is unused:
  Truth.some_past_iff

Hint: Omit it from the simp argument list.
  [apply] simp only [truth_at, Truth.some_future_iff]

Note: This linter can be disabled with `set_option linter.unusedSimpArgs false`
warning: Theories/Bimodal/Metalogic/SoundnessLemmas/DenseValidity.lean:558:6: Try this: intro _ _
warning: Theories/Bimodal/Metalogic/SoundnessLemmas/DenseValidity.lean:565:6: Try this: intro _ h_neg_second
warning: Theories/Bimodal/Metalogic/SoundnessLemmas/DenseValidity.lean:582:6: Try this: intro _ h_neg_second
warning: Theories/Bimodal/Metalogic/SoundnessLemmas/DenseValidity.lean:589:6: Try this: intro _ _
warning: Theories/Bimodal/Metalogic/SoundnessLemmas/DenseValidity.lean:817:21: `push_neg` has been deprecated. Prefer using `push Not` instead.
If you'd rather continue using `push_neg` in your project, you can implement it as follows:
```
open Lean.Parser.Tactic in
macro "push_neg" cfg:optConfig loc:(location)? : tactic =>
  `(tactic| push $cfg:optConfig Not $[$loc]?)
```
warning: Theories/Bimodal/Metalogic/SoundnessLemmas/DenseValidity.lean:824:21: `push_neg` has been deprecated. Prefer using `push Not` instead.
If you'd rather continue using `push_neg` in your project, you can implement it as follows:
```
open Lean.Parser.Tactic in
macro "push_neg" cfg:optConfig loc:(location)? : tactic =>
  `(tactic| push $cfg:optConfig Not $[$loc]?)
```
warning: Theories/Bimodal/Metalogic/SoundnessLemmas/DenseValidity.lean:862:20: `push_neg` has been deprecated. Prefer using `push Not` instead.
If you'd rather continue using `push_neg` in your project, you can implement it as follows:
```
open Lean.Parser.Tactic in
macro "push_neg" cfg:optConfig loc:(location)? : tactic =>
  `(tactic| push $cfg:optConfig Not $[$loc]?)
```
warning: Theories/Bimodal/Metalogic/SoundnessLemmas/DenseValidity.lean:866:20: `push_neg` has been deprecated. Prefer using `push Not` instead.
If you'd rather continue using `push_neg` in your project, you can implement it as follows:
```
open Lean.Parser.Tactic in
macro "push_neg" cfg:optConfig loc:(location)? : tactic =>
  `(tactic| push $cfg:optConfig Not $[$loc]?)
```
warning: Theories/Bimodal/Metalogic/SoundnessLemmas/DenseValidity.lean:858:27: This simp argument is unused:
  Truth.some_past_iff

Hint: Omit it from the simp argument list.
  [apply] simp only [Formula.and, Formula.or, Formula.neg, truth_at, Truth.some_future_iff]

Note: This linter can be disabled with `set_option linter.unusedSimpArgs false`
warning: Theories/Bimodal/Metalogic/SoundnessLemmas/DenseValidity.lean:870:4: Try this: intro _ h_neg_second
warning: Theories/Bimodal/Metalogic/SoundnessLemmas/DenseValidity.lean:877:4: Try this: intro _ _
warning: Theories/Bimodal/Metalogic/SoundnessLemmas/DenseValidity.lean:894:20: `push_neg` has been deprecated. Prefer using `push Not` instead.
If you'd rather continue using `push_neg` in your project, you can implement it as follows:
```
open Lean.Parser.Tactic in
macro "push_neg" cfg:optConfig loc:(location)? : tactic =>
  `(tactic| push $cfg:optConfig Not $[$loc]?)
```
warning: Theories/Bimodal/Metalogic/SoundnessLemmas/DenseValidity.lean:898:20: `push_neg` has been deprecated. Prefer using `push Not` instead.
If you'd rather continue using `push_neg` in your project, you can implement it as follows:
```
open Lean.Parser.Tactic in
macro "push_neg" cfg:optConfig loc:(location)? : tactic =>
  `(tactic| push $cfg:optConfig Not $[$loc]?)
```
warning: Theories/Bimodal/Metalogic/SoundnessLemmas/DenseValidity.lean:890:4: This simp argument is unused:
  Truth.some_future_iff

Hint: Omit it from the simp argument list.
  [apply] simp only [Formula.and, Formula.or, Formula.neg, truth_at, Truth.some_past_iff]

Note: This linter can be disabled with `set_option linter.unusedSimpArgs false`
warning: Theories/Bimodal/Metalogic/SoundnessLemmas/DenseValidity.lean:902:4: Try this: intro _ _
warning: Theories/Bimodal/Metalogic/SoundnessLemmas/DenseValidity.lean:909:4: Try this: intro _ h_neg_second
warning: Theories/Bimodal/Metalogic/SoundnessLemmas/DenseValidity.lean:959:15: This simp argument is unused:
  Formula.neg

Hint: Omit it from the simp argument list.
  [apply] simp only [truth_at, Truth.some_future_iff]

Note: This linter can be disabled with `set_option linter.unusedSimpArgs false`
warning: Theories/Bimodal/Metalogic/SoundnessLemmas/DenseValidity.lean:965:15: This simp argument is unused:
  Formula.neg

Hint: Omit it from the simp argument list.
  [apply] simp only [truth_at, Truth.some_past_iff]

Note: This linter can be disabled with `set_option linter.unusedSimpArgs false`
warning: Theories/Bimodal/Metalogic/SoundnessLemmas/DenseValidity.lean:1213:43: This simp argument is unused:
  Truth.past_iff

Hint: Omit it from the simp argument list.
  [apply] simp only [truth_at, Truth.future_iff, Truth.some_future_iff, Truth.some_past_iff]

Note: This linter can be disabled with `set_option linter.unusedSimpArgs false`
warning: Theories/Bimodal/Metalogic/SoundnessLemmas/DenseValidity.lean:1213:59: This simp argument is unused:
  Truth.some_future_iff

Hint: Omit it from the simp argument list.
  [apply] simp only [truth_at, Truth.future_iff, Truth.past_iff, Truth.some_past_iff]

Note: This linter can be disabled with `set_option linter.unusedSimpArgs false`
warning: Theories/Bimodal/Metalogic/SoundnessLemmas/DenseValidity.lean:1213:82: This simp argument is unused:
  Truth.some_past_iff

Hint: Omit it from the simp argument list.
  [apply] simp only [truth_at, Truth.future_iff, Truth.past_iff, Truth.some_future_iff]

Note: This linter can be disabled with `set_option linter.unusedSimpArgs false`
warning: Theories/Bimodal/Metalogic/SoundnessLemmas/DenseValidity.lean:1220:38: This simp argument is unused:
  Truth.future_iff

Hint: Omit it from the simp argument list.
  [apply] simp only [Formula.neg, truth_at, Truth.past_iff, Truth.some_future_iff, Truth.some_past_iff]

Note: This linter can be disabled with `set_option linter.unusedSimpArgs false`
warning: Theories/Bimodal/Metalogic/SoundnessLemmas/DenseValidity.lean:1220:56: This simp argument is unused:
  Truth.past_iff

Hint: Omit it from the simp argument list.
  [apply] simp only [Formula.neg, truth_at, Truth.future_iff, Truth.some_future_iff, Truth.some_past_iff]

Note: This linter can be disabled with `set_option linter.unusedSimpArgs false`
warning: Theories/Bimodal/Metalogic/SoundnessLemmas/DenseValidity.lean:1220:72: This simp argument is unused:
  Truth.some_future_iff

Hint: Omit it from the simp argument list.
  [apply] simp only [Formula.neg, truth_at, Truth.future_iff, Truth.past_iff, Truth.some_past_iff]

Note: This linter can be disabled with `set_option linter.unusedSimpArgs false`
warning: Theories/Bimodal/Metalogic/SoundnessLemmas/DenseValidity.lean:1220:95: This simp argument is unused:
  Truth.some_past_iff

Hint: Omit it from the simp argument list.
  [apply] simp only [Formula.neg, truth_at, Truth.future_iff, Truth.past_iff, Truth.some_future_iff]

Note: This linter can be disabled with `set_option linter.unusedSimpArgs false`
warning: Theories/Bimodal/Metalogic/SoundnessLemmas/DenseValidity.lean:1258:13: This simp argument is unused:
  truth_at

Hint: Omit it from the simp argument list.
  [apply] simp only [Truth.future_iff]

Note: This linter can be disabled with `set_option linter.unusedSimpArgs false`
⚠ [743/1021] Replayed Bimodal.Metalogic.SoundnessLemmas.FrameClassVariants
warning: Theories/Bimodal/Metalogic/SoundnessLemmas/FrameClassVariants.lean:86:73: This simp argument is unused:
  Formula.neg

Hint: Omit it from the simp argument list.
  [apply] simp only [Formula.swap_temporal_some_future, Formula.swap_temporal]

Note: This linter can be disabled with `set_option linter.unusedSimpArgs false`
warning: Theories/Bimodal/Metalogic/SoundnessLemmas/FrameClassVariants.lean:94:71: This simp argument is unused:
  Formula.neg

Hint: Omit it from the simp argument list.
  [apply] simp only [Formula.swap_temporal_some_past, Formula.swap_temporal]

Note: This linter can be disabled with `set_option linter.unusedSimpArgs false`
warning: Theories/Bimodal/Metalogic/SoundnessLemmas/FrameClassVariants.lean:131:29: This simp argument is unused:
  Formula.neg

Hint: Omit it from the simp argument list.
  [apply] simp only [Formula.swap_temporal_some_past, Formula.swap_temporal_all_future, Formula.swap_temporal]

Note: This linter can be disabled with `set_option linter.unusedSimpArgs false`
warning: Theories/Bimodal/Metalogic/SoundnessLemmas/FrameClassVariants.lean:139:29: This simp argument is unused:
  Formula.neg

Hint: Omit it from the simp argument list.
  [apply] simp only [Formula.swap_temporal_some_future, Formula.swap_temporal_all_past, Formula.swap_temporal]

Note: This linter can be disabled with `set_option linter.unusedSimpArgs false`
warning: Theories/Bimodal/Metalogic/SoundnessLemmas/FrameClassVariants.lean:382:15: This simp argument is unused:
  Formula.neg

Hint: Omit it from the simp argument list.
  [apply] simp only [truth_at, Truth.some_future_iff]

Note: This linter can be disabled with `set_option linter.unusedSimpArgs false`
warning: Theories/Bimodal/Metalogic/SoundnessLemmas/FrameClassVariants.lean:388:15: This simp argument is unused:
  Formula.neg

Hint: Omit it from the simp argument list.
  [apply] simp only [truth_at, Truth.some_past_iff]

Note: This linter can be disabled with `set_option linter.unusedSimpArgs false`
warning: Theories/Bimodal/Metalogic/SoundnessLemmas/FrameClassVariants.lean:729:6: `push_neg` has been deprecated. Prefer using `push Not` instead.
If you'd rather continue using `push_neg` in your project, you can implement it as follows:
```
open Lean.Parser.Tactic in
macro "push_neg" cfg:optConfig loc:(location)? : tactic =>
  `(tactic| push $cfg:optConfig Not $[$loc]?)
```
warning: Theories/Bimodal/Metalogic/SoundnessLemmas/FrameClassVariants.lean:768:6: `push_neg` has been deprecated. Prefer using `push Not` instead.
If you'd rather continue using `push_neg` in your project, you can implement it as follows:
```
open Lean.Parser.Tactic in
macro "push_neg" cfg:optConfig loc:(location)? : tactic =>
  `(tactic| push $cfg:optConfig Not $[$loc]?)
```
warning: Theories/Bimodal/Metalogic/SoundnessLemmas/FrameClassVariants.lean:783:13: This simp argument is unused:
  Formula.neg

Hint: Omit it from the simp argument list.
  [apply] simp only [truth_at, Truth.future_iff, Truth.some_future_iff]

Note: This linter can be disabled with `set_option linter.unusedSimpArgs false`
warning: Theories/Bimodal/Metalogic/SoundnessLemmas/FrameClassVariants.lean:845:13: This simp argument is unused:
  Formula.neg

Hint: Omit it from the simp argument list.
  [apply] simp only [truth_at, Truth.past_iff, Truth.some_past_iff]

Note: This linter can be disabled with `set_option linter.unusedSimpArgs false`
⚠ [744/1021] Replayed Bimodal.Metalogic.Soundness
warning: Theories/Bimodal/Metalogic/Soundness.lean:108:23: This simp argument is unused:
  Truth.future_iff

Hint: Omit it from the simp argument list.
  [apply] simp only [truth_at, Truth.past_iff, Truth.some_future_iff, Truth.some_past_iff]

Note: This linter can be disabled with `set_option linter.unusedSimpArgs false`
warning: Theories/Bimodal/Metalogic/Soundness.lean:108:41: This simp argument is unused:
  Truth.past_iff

Hint: Omit it from the simp argument list.
  [apply] simp only [truth_at, Truth.future_iff, Truth.some_future_iff, Truth.some_past_iff]

Note: This linter can be disabled with `set_option linter.unusedSimpArgs false`
warning: Theories/Bimodal/Metalogic/Soundness.lean:108:57: This simp argument is unused:
  Truth.some_future_iff

Hint: Omit it from the simp argument list.
  [apply] simp only [truth_at, Truth.future_iff, Truth.past_iff, Truth.some_past_iff]

Note: This linter can be disabled with `set_option linter.unusedSimpArgs false`
warning: Theories/Bimodal/Metalogic/Soundness.lean:108:80: This simp argument is unused:
  Truth.some_past_iff

Hint: Omit it from the simp argument list.
  [apply] simp only [truth_at, Truth.future_iff, Truth.past_iff, Truth.some_future_iff]

Note: This linter can be disabled with `set_option linter.unusedSimpArgs false`
warning: Theories/Bimodal/Metalogic/Soundness.lean:115:23: This simp argument is unused:
  Truth.future_iff

Hint: Omit it from the simp argument list.
  [apply] simp only [truth_at, Truth.past_iff, Truth.some_future_iff, Truth.some_past_iff]

Note: This linter can be disabled with `set_option linter.unusedSimpArgs false`
warning: Theories/Bimodal/Metalogic/Soundness.lean:115:41: This simp argument is unused:
  Truth.past_iff

Hint: Omit it from the simp argument list.
  [apply] simp only [truth_at, Truth.future_iff, Truth.some_future_iff, Truth.some_past_iff]

Note: This linter can be disabled with `set_option linter.unusedSimpArgs false`
warning: Theories/Bimodal/Metalogic/Soundness.lean:115:57: This simp argument is unused:
  Truth.some_future_iff

Hint: Omit it from the simp argument list.
  [apply] simp only [truth_at, Truth.future_iff, Truth.past_iff, Truth.some_past_iff]

Note: This linter can be disabled with `set_option linter.unusedSimpArgs false`
warning: Theories/Bimodal/Metalogic/Soundness.lean:115:80: This simp argument is unused:
  Truth.some_past_iff

Hint: Omit it from the simp argument list.
  [apply] simp only [truth_at, Truth.future_iff, Truth.past_iff, Truth.some_future_iff]

Note: This linter can be disabled with `set_option linter.unusedSimpArgs false`
warning: Theories/Bimodal/Metalogic/Soundness.lean:122:23: This simp argument is unused:
  Truth.future_iff

Hint: Omit it from the simp argument list.
  [apply] simp only [truth_at, Truth.past_iff, Truth.some_future_iff, Truth.some_past_iff]

Note: This linter can be disabled with `set_option linter.unusedSimpArgs false`
warning: Theories/Bimodal/Metalogic/Soundness.lean:122:41: This simp argument is unused:
  Truth.past_iff

Hint: Omit it from the simp argument list.
  [apply] simp only [truth_at, Truth.future_iff, Truth.some_future_iff, Truth.some_past_iff]

Note: This linter can be disabled with `set_option linter.unusedSimpArgs false`
warning: Theories/Bimodal/Metalogic/Soundness.lean:122:57: This simp argument is unused:
  Truth.some_future_iff

Hint: Omit it from the simp argument list.
  [apply] simp only [truth_at, Truth.future_iff, Truth.past_iff, Truth.some_past_iff]

Note: This linter can be disabled with `set_option linter.unusedSimpArgs false`
warning: Theories/Bimodal/Metalogic/Soundness.lean:122:80: This simp argument is unused:
  Truth.some_past_iff

Hint: Omit it from the simp argument list.
  [apply] simp only [truth_at, Truth.future_iff, Truth.past_iff, Truth.some_future_iff]

Note: This linter can be disabled with `set_option linter.unusedSimpArgs false`
warning: Theories/Bimodal/Metalogic/Soundness.lean:129:23: This simp argument is unused:
  Truth.future_iff

Hint: Omit it from the simp argument list.
  [apply] simp only [truth_at, Truth.past_iff, Truth.some_future_iff, Truth.some_past_iff]

Note: This linter can be disabled with `set_option linter.unusedSimpArgs false`
warning: Theories/Bimodal/Metalogic/Soundness.lean:129:41: This simp argument is unused:
  Truth.past_iff

Hint: Omit it from the simp argument list.
  [apply] simp only [truth_at, Truth.future_iff, Truth.some_future_iff, Truth.some_past_iff]

Note: This linter can be disabled with `set_option linter.unusedSimpArgs false`
warning: Theories/Bimodal/Metalogic/Soundness.lean:129:57: This simp argument is unused:
  Truth.some_future_iff

Hint: Omit it from the simp argument list.
  [apply] simp only [truth_at, Truth.future_iff, Truth.past_iff, Truth.some_past_iff]

Note: This linter can be disabled with `set_option linter.unusedSimpArgs false`
warning: Theories/Bimodal/Metalogic/Soundness.lean:129:80: This simp argument is unused:
  Truth.some_past_iff

Hint: Omit it from the simp argument list.
  [apply] simp only [truth_at, Truth.future_iff, Truth.past_iff, Truth.some_future_iff]

Note: This linter can be disabled with `set_option linter.unusedSimpArgs false`
warning: Theories/Bimodal/Metalogic/Soundness.lean:137:23: This simp argument is unused:
  Truth.future_iff

Hint: Omit it from the simp argument list.
  [apply] simp only [truth_at, Truth.past_iff, Truth.some_future_iff, Truth.some_past_iff]

Note: This linter can be disabled with `set_option linter.unusedSimpArgs false`
warning: Theories/Bimodal/Metalogic/Soundness.lean:137:41: This simp argument is unused:
  Truth.past_iff

Hint: Omit it from the simp argument list.
  [apply] simp only [truth_at, Truth.future_iff, Truth.some_future_iff, Truth.some_past_iff]

Note: This linter can be disabled with `set_option linter.unusedSimpArgs false`
warning: Theories/Bimodal/Metalogic/Soundness.lean:137:57: This simp argument is unused:
  Truth.some_future_iff

Hint: Omit it from the simp argument list.
  [apply] simp only [truth_at, Truth.future_iff, Truth.past_iff, Truth.some_past_iff]

Note: This linter can be disabled with `set_option linter.unusedSimpArgs false`
warning: Theories/Bimodal/Metalogic/Soundness.lean:137:80: This simp argument is unused:
  Truth.some_past_iff

Hint: Omit it from the simp argument list.
  [apply] simp only [truth_at, Truth.future_iff, Truth.past_iff, Truth.some_future_iff]

Note: This linter can be disabled with `set_option linter.unusedSimpArgs false`
warning: Theories/Bimodal/Metalogic/Soundness.lean:145:23: This simp argument is unused:
  Truth.future_iff

Hint: Omit it from the simp argument list.
  [apply] simp only [truth_at, Truth.past_iff, Truth.some_future_iff, Truth.some_past_iff]

Note: This linter can be disabled with `set_option linter.unusedSimpArgs false`
warning: Theories/Bimodal/Metalogic/Soundness.lean:145:41: This simp argument is unused:
  Truth.past_iff

Hint: Omit it from the simp argument list.
  [apply] simp only [truth_at, Truth.future_iff, Truth.some_future_iff, Truth.some_past_iff]

Note: This linter can be disabled with `set_option linter.unusedSimpArgs false`
warning: Theories/Bimodal/Metalogic/Soundness.lean:145:57: This simp argument is unused:
  Truth.some_future_iff

Hint: Omit it from the simp argument list.
  [apply] simp only [truth_at, Truth.future_iff, Truth.past_iff, Truth.some_past_iff]

Note: This linter can be disabled with `set_option linter.unusedSimpArgs false`
warning: Theories/Bimodal/Metalogic/Soundness.lean:145:80: This simp argument is unused:
  Truth.some_past_iff

Hint: Omit it from the simp argument list.
  [apply] simp only [truth_at, Truth.future_iff, Truth.past_iff, Truth.some_future_iff]

Note: This linter can be disabled with `set_option linter.unusedSimpArgs false`
warning: Theories/Bimodal/Metalogic/Soundness.lean:155:23: This simp argument is unused:
  Truth.future_iff

Hint: Omit it from the simp argument list.
  [apply] simp only [truth_at, Truth.past_iff, Truth.some_future_iff, Truth.some_past_iff]

Note: This linter can be disabled with `set_option linter.unusedSimpArgs false`
warning: Theories/Bimodal/Metalogic/Soundness.lean:155:41: This simp argument is unused:
  Truth.past_iff

Hint: Omit it from the simp argument list.
  [apply] simp only [truth_at, Truth.future_iff, Truth.some_future_iff, Truth.some_past_iff]

Note: This linter can be disabled with `set_option linter.unusedSimpArgs false`
warning: Theories/Bimodal/Metalogic/Soundness.lean:155:57: This simp argument is unused:
  Truth.some_future_iff

Hint: Omit it from the simp argument list.
  [apply] simp only [truth_at, Truth.future_iff, Truth.past_iff, Truth.some_past_iff]

Note: This linter can be disabled with `set_option linter.unusedSimpArgs false`
warning: Theories/Bimodal/Metalogic/Soundness.lean:155:80: This simp argument is unused:
  Truth.some_past_iff

Hint: Omit it from the simp argument list.
  [apply] simp only [truth_at, Truth.future_iff, Truth.past_iff, Truth.some_future_iff]

Note: This linter can be disabled with `set_option linter.unusedSimpArgs false`
warning: Theories/Bimodal/Metalogic/Soundness.lean:163:23: This simp argument is unused:
  Truth.future_iff

Hint: Omit it from the simp argument list.
  [apply] simp only [truth_at, Truth.past_iff, Truth.some_future_iff, Truth.some_past_iff]

Note: This linter can be disabled with `set_option linter.unusedSimpArgs false`
warning: Theories/Bimodal/Metalogic/Soundness.lean:163:41: This simp argument is unused:
  Truth.past_iff

Hint: Omit it from the simp argument list.
  [apply] simp only [truth_at, Truth.future_iff, Truth.some_future_iff, Truth.some_past_iff]

Note: This linter can be disabled with `set_option linter.unusedSimpArgs false`
warning: Theories/Bimodal/Metalogic/Soundness.lean:163:57: This simp argument is unused:
  Truth.some_future_iff

Hint: Omit it from the simp argument list.
  [apply] simp only [truth_at, Truth.future_iff, Truth.past_iff, Truth.some_past_iff]

Note: This linter can be disabled with `set_option linter.unusedSimpArgs false`
warning: Theories/Bimodal/Metalogic/Soundness.lean:163:80: This simp argument is unused:
  Truth.some_past_iff

Hint: Omit it from the simp argument list.
  [apply] simp only [truth_at, Truth.future_iff, Truth.past_iff, Truth.some_future_iff]

Note: This linter can be disabled with `set_option linter.unusedSimpArgs false`
warning: Theories/Bimodal/Metalogic/Soundness.lean:168:27: This simp argument is unused:
  Truth.future_iff

Hint: Omit it from the simp argument list.
  [apply] simp only [truth_at, Truth.past_iff, Truth.some_future_iff, Truth.some_past_iff]

Note: This linter can be disabled with `set_option linter.unusedSimpArgs false`
warning: Theories/Bimodal/Metalogic/Soundness.lean:168:45: This simp argument is unused:
  Truth.past_iff

Hint: Omit it from the simp argument list.
  [apply] simp only [truth_at, Truth.future_iff, Truth.some_future_iff, Truth.some_past_iff]

Note: This linter can be disabled with `set_option linter.unusedSimpArgs false`
warning: Theories/Bimodal/Metalogic/Soundness.lean:168:61: This simp argument is unused:
  Truth.some_future_iff

Hint: Omit it from the simp argument list.
  [apply] simp only [truth_at, Truth.future_iff, Truth.past_iff, Truth.some_past_iff]

Note: This linter can be disabled with `set_option linter.unusedSimpArgs false`
warning: Theories/Bimodal/Metalogic/Soundness.lean:168:84: This simp argument is unused:
  Truth.some_past_iff

Hint: Omit it from the simp argument list.
  [apply] simp only [truth_at, Truth.future_iff, Truth.past_iff, Truth.some_future_iff]

Note: This linter can be disabled with `set_option linter.unusedSimpArgs false`
warning: Theories/Bimodal/Metalogic/Soundness.lean:178:23: This simp argument is unused:
  Truth.future_iff

Hint: Omit it from the simp argument list.
  [apply] simp only [truth_at, Truth.past_iff, Truth.some_future_iff, Truth.some_past_iff]

Note: This linter can be disabled with `set_option linter.unusedSimpArgs false`
warning: Theories/Bimodal/Metalogic/Soundness.lean:178:41: This simp argument is unused:
  Truth.past_iff

Hint: Omit it from the simp argument list.
  [apply] simp only [truth_at, Truth.future_iff, Truth.some_future_iff, Truth.some_past_iff]

Note: This linter can be disabled with `set_option linter.unusedSimpArgs false`
warning: Theories/Bimodal/Metalogic/Soundness.lean:178:57: This simp argument is unused:
  Truth.some_future_iff

Hint: Omit it from the simp argument list.
  [apply] simp only [truth_at, Truth.future_iff, Truth.past_iff, Truth.some_past_iff]

Note: This linter can be disabled with `set_option linter.unusedSimpArgs false`
warning: Theories/Bimodal/Metalogic/Soundness.lean:178:80: This simp argument is unused:
  Truth.some_past_iff

Hint: Omit it from the simp argument list.
  [apply] simp only [truth_at, Truth.future_iff, Truth.past_iff, Truth.some_future_iff]

Note: This linter can be disabled with `set_option linter.unusedSimpArgs false`
warning: Theories/Bimodal/Metalogic/Soundness.lean:186:41: This simp argument is unused:
  Truth.past_iff

Hint: Omit it from the simp argument list.
  [apply] simp only [truth_at, Truth.future_iff, Truth.some_future_iff, Truth.some_past_iff]

Note: This linter can be disabled with `set_option linter.unusedSimpArgs false`
warning: Theories/Bimodal/Metalogic/Soundness.lean:186:57: This simp argument is unused:
  Truth.some_future_iff

Hint: Omit it from the simp argument list.
  [apply] simp only [truth_at, Truth.future_iff, Truth.past_iff, Truth.some_past_iff]

Note: This linter can be disabled with `set_option linter.unusedSimpArgs false`
warning: Theories/Bimodal/Metalogic/Soundness.lean:186:80: This simp argument is unused:
  Truth.some_past_iff

Hint: Omit it from the simp argument list.
  [apply] simp only [truth_at, Truth.future_iff, Truth.past_iff, Truth.some_future_iff]

Note: This linter can be disabled with `set_option linter.unusedSimpArgs false`
warning: Theories/Bimodal/Metalogic/Soundness.lean:194:41: This simp argument is unused:
  Truth.past_iff

Hint: Omit it from the simp argument list.
  [apply] simp only [truth_at, Truth.future_iff, Truth.some_future_iff, Truth.some_past_iff]

Note: This linter can be disabled with `set_option linter.unusedSimpArgs false`
warning: Theories/Bimodal/Metalogic/Soundness.lean:194:57: This simp argument is unused:
  Truth.some_future_iff

Hint: Omit it from the simp argument list.
  [apply] simp only [truth_at, Truth.future_iff, Truth.past_iff, Truth.some_past_iff]

Note: This linter can be disabled with `set_option linter.unusedSimpArgs false`
warning: Theories/Bimodal/Metalogic/Soundness.lean:194:80: This simp argument is unused:
  Truth.some_past_iff

Hint: Omit it from the simp argument list.
  [apply] simp only [truth_at, Truth.future_iff, Truth.past_iff, Truth.some_future_iff]

Note: This linter can be disabled with `set_option linter.unusedSimpArgs false`
warning: Theories/Bimodal/Metalogic/Soundness.lean:222:41: This simp argument is unused:
  Truth.past_iff

Hint: Omit it from the simp argument list.
  [apply] simp only [truth_at, Truth.future_iff, Truth.some_future_iff, Truth.some_past_iff]

Note: This linter can be disabled with `set_option linter.unusedSimpArgs false`
warning: Theories/Bimodal/Metalogic/Soundness.lean:222:57: This simp argument is unused:
  Truth.some_future_iff

Hint: Omit it from the simp argument list.
  [apply] simp only [truth_at, Truth.future_iff, Truth.past_iff, Truth.some_past_iff]

Note: This linter can be disabled with `set_option linter.unusedSimpArgs false`
warning: Theories/Bimodal/Metalogic/Soundness.lean:233:57: This simp argument is unused:
  Truth.some_future_iff

Hint: Omit it from the simp argument list.
  [apply] simp only [truth_at, Truth.future_iff, Truth.past_iff, Truth.some_past_iff]

Note: This linter can be disabled with `set_option linter.unusedSimpArgs false`
warning: Theories/Bimodal/Metalogic/Soundness.lean:233:80: This simp argument is unused:
  Truth.some_past_iff

Hint: Omit it from the simp argument list.
  [apply] simp only [truth_at, Truth.future_iff, Truth.past_iff, Truth.some_future_iff]

Note: This linter can be disabled with `set_option linter.unusedSimpArgs false`
warning: Theories/Bimodal/Metalogic/Soundness.lean:255:41: This simp argument is unused:
  Truth.past_iff

Hint: Omit it from the simp argument list.
  [apply] simp only [truth_at, Truth.future_iff, Truth.some_future_iff, Truth.some_past_iff]

Note: This linter can be disabled with `set_option linter.unusedSimpArgs false`
warning: Theories/Bimodal/Metalogic/Soundness.lean:255:57: This simp argument is unused:
  Truth.some_future_iff

Hint: Omit it from the simp argument list.
  [apply] simp only [truth_at, Truth.future_iff, Truth.past_iff, Truth.some_past_iff]

Note: This linter can be disabled with `set_option linter.unusedSimpArgs false`
warning: Theories/Bimodal/Metalogic/Soundness.lean:255:80: This simp argument is unused:
  Truth.some_past_iff

Hint: Omit it from the simp argument list.
  [apply] simp only [truth_at, Truth.future_iff, Truth.past_iff, Truth.some_future_iff]

Note: This linter can be disabled with `set_option linter.unusedSimpArgs false`
warning: Theories/Bimodal/Metalogic/Soundness.lean:264:23: This simp argument is unused:
  Truth.future_iff

Hint: Omit it from the simp argument list.
  [apply] simp only [truth_at, Truth.past_iff, Truth.some_future_iff, Truth.some_past_iff]

Note: This linter can be disabled with `set_option linter.unusedSimpArgs false`
warning: Theories/Bimodal/Metalogic/Soundness.lean:264:80: This simp argument is unused:
  Truth.some_past_iff

Hint: Omit it from the simp argument list.
  [apply] simp only [truth_at, Truth.future_iff, Truth.past_iff, Truth.some_future_iff]

Note: This linter can be disabled with `set_option linter.unusedSimpArgs false`
warning: Theories/Bimodal/Metalogic/Soundness.lean:294:4: Try this: intro _ h_neg_second
warning: Theories/Bimodal/Metalogic/Soundness.lean:304:4: Try this: intro _ _
warning: Theories/Bimodal/Metalogic/Soundness.lean:331:4: Try this: intro _ _
warning: Theories/Bimodal/Metalogic/Soundness.lean:339:4: Try this: intro _ h_neg_second
warning: Theories/Bimodal/Metalogic/Soundness.lean:371:36: This simp argument is unused:
  Truth.future_iff

Hint: Omit it from the simp argument list.
  [apply] simp only [Formula.neg, truth_at, Truth.past_iff, Truth.some_future_iff, Truth.some_past_iff]

Note: This linter can be disabled with `set_option linter.unusedSimpArgs false`
warning: Theories/Bimodal/Metalogic/Soundness.lean:371:54: This simp argument is unused:
  Truth.past_iff

Hint: Omit it from the simp argument list.
  [apply] simp only [Formula.neg, truth_at, Truth.future_iff, Truth.some_future_iff, Truth.some_past_iff]

Note: This linter can be disabled with `set_option linter.unusedSimpArgs false`
warning: Theories/Bimodal/Metalogic/Soundness.lean:371:70: This simp argument is unused:
  Truth.some_future_iff

Hint: Omit it from the simp argument list.
  [apply] simp only [Formula.neg, truth_at, Truth.future_iff, Truth.past_iff, Truth.some_past_iff]

Note: This linter can be disabled with `set_option linter.unusedSimpArgs false`
warning: Theories/Bimodal/Metalogic/Soundness.lean:371:93: This simp argument is unused:
  Truth.some_past_iff

Hint: Omit it from the simp argument list.
  [apply] simp only [Formula.neg, truth_at, Truth.future_iff, Truth.past_iff, Truth.some_future_iff]

Note: This linter can be disabled with `set_option linter.unusedSimpArgs false`
warning: Theories/Bimodal/Metalogic/Soundness.lean:382:41: This simp argument is unused:
  Truth.past_iff

Hint: Omit it from the simp argument list.
  [apply] simp only [truth_at, Truth.future_iff, Truth.some_future_iff, Truth.some_past_iff]

Note: This linter can be disabled with `set_option linter.unusedSimpArgs false`
warning: Theories/Bimodal/Metalogic/Soundness.lean:382:57: This simp argument is unused:
  Truth.some_future_iff

Hint: Omit it from the simp argument list.
  [apply] simp only [truth_at, Truth.future_iff, Truth.past_iff, Truth.some_past_iff]

Note: This linter can be disabled with `set_option linter.unusedSimpArgs false`
warning: Theories/Bimodal/Metalogic/Soundness.lean:382:80: This simp argument is unused:
  Truth.some_past_iff

Hint: Omit it from the simp argument list.
  [apply] simp only [truth_at, Truth.future_iff, Truth.past_iff, Truth.some_future_iff]

Note: This linter can be disabled with `set_option linter.unusedSimpArgs false`
warning: Theories/Bimodal/Metalogic/Soundness.lean:400:27: This simp argument is unused:
  Truth.some_past_iff

Hint: Omit it from the simp argument list.
  [apply] simp only [Formula.and, Formula.neg, truth_at, Truth.some_future_iff, Truth.future_iff, Truth.past_iff]

Note: This linter can be disabled with `set_option linter.unusedSimpArgs false`
warning: Theories/Bimodal/Metalogic/Soundness.lean:400:48: This simp argument is unused:
  Truth.future_iff

Hint: Omit it from the simp argument list.
  [apply] simp only [Formula.and, Formula.neg, truth_at, Truth.some_future_iff, Truth.some_past_iff, Truth.past_iff]

Note: This linter can be disabled with `set_option linter.unusedSimpArgs false`
warning: Theories/Bimodal/Metalogic/Soundness.lean:459:41: This simp argument is unused:
  Truth.past_iff

Hint: Omit it from the simp argument list.
  [apply] simp only [truth_at, Truth.future_iff, Truth.some_future_iff, Truth.some_past_iff]

Note: This linter can be disabled with `set_option linter.unusedSimpArgs false`
warning: Theories/Bimodal/Metalogic/Soundness.lean:459:57: This simp argument is unused:
  Truth.some_future_iff

Hint: Omit it from the simp argument list.
  [apply] simp only [truth_at, Truth.future_iff, Truth.past_iff, Truth.some_past_iff]

Note: This linter can be disabled with `set_option linter.unusedSimpArgs false`
warning: Theories/Bimodal/Metalogic/Soundness.lean:459:80: This simp argument is unused:
  Truth.some_past_iff

Hint: Omit it from the simp argument list.
  [apply] simp only [truth_at, Truth.future_iff, Truth.past_iff, Truth.some_future_iff]

Note: This linter can be disabled with `set_option linter.unusedSimpArgs false`
warning: Theories/Bimodal/Metalogic/Soundness.lean:469:23: This simp argument is unused:
  Truth.future_iff

Hint: Omit it from the simp argument list.
  [apply] simp only [truth_at, Truth.past_iff, Truth.some_future_iff, Truth.some_past_iff]

Note: This linter can be disabled with `set_option linter.unusedSimpArgs false`
warning: Theories/Bimodal/Metalogic/Soundness.lean:469:57: This simp argument is unused:
  Truth.some_future_iff

Hint: Omit it from the simp argument list.
  [apply] simp only [truth_at, Truth.future_iff, Truth.past_iff, Truth.some_past_iff]

Note: This linter can be disabled with `set_option linter.unusedSimpArgs false`
warning: Theories/Bimodal/Metalogic/Soundness.lean:469:80: This simp argument is unused:
  Truth.some_past_iff

Hint: Omit it from the simp argument list.
  [apply] simp only [truth_at, Truth.future_iff, Truth.past_iff, Truth.some_future_iff]

Note: This linter can be disabled with `set_option linter.unusedSimpArgs false`
warning: Theories/Bimodal/Metalogic/Soundness.lean:478:41: This simp argument is unused:
  Truth.past_iff

Hint: Omit it from the simp argument list.
  [apply] simp only [truth_at, Truth.future_iff, Truth.some_future_iff, Truth.some_past_iff]

Note: This linter can be disabled with `set_option linter.unusedSimpArgs false`
warning: Theories/Bimodal/Metalogic/Soundness.lean:478:57: This simp argument is unused:
  Truth.some_future_iff

Hint: Omit it from the simp argument list.
  [apply] simp only [truth_at, Truth.future_iff, Truth.past_iff, Truth.some_past_iff]

Note: This linter can be disabled with `set_option linter.unusedSimpArgs false`
warning: Theories/Bimodal/Metalogic/Soundness.lean:478:80: This simp argument is unused:
  Truth.some_past_iff

Hint: Omit it from the simp argument list.
  [apply] simp only [truth_at, Truth.future_iff, Truth.past_iff, Truth.some_future_iff]

Note: This linter can be disabled with `set_option linter.unusedSimpArgs false`
warning: Theories/Bimodal/Metalogic/Soundness.lean:486:23: This simp argument is unused:
  Truth.future_iff

Hint: Omit it from the simp argument list.
  [apply] simp only [truth_at, Truth.past_iff, Truth.some_future_iff, Truth.some_past_iff]

Note: This linter can be disabled with `set_option linter.unusedSimpArgs false`
warning: Theories/Bimodal/Metalogic/Soundness.lean:486:57: This simp argument is unused:
  Truth.some_future_iff

Hint: Omit it from the simp argument list.
  [apply] simp only [truth_at, Truth.future_iff, Truth.past_iff, Truth.some_past_iff]

Note: This linter can be disabled with `set_option linter.unusedSimpArgs false`
warning: Theories/Bimodal/Metalogic/Soundness.lean:486:80: This simp argument is unused:
  Truth.some_past_iff

Hint: Omit it from the simp argument list.
  [apply] simp only [truth_at, Truth.future_iff, Truth.past_iff, Truth.some_future_iff]

Note: This linter can be disabled with `set_option linter.unusedSimpArgs false`
warning: Theories/Bimodal/Metalogic/Soundness.lean:731:23: This simp argument is unused:
  Truth.future_iff

Hint: Omit it from the simp argument list.
  [apply] simp only [truth_at, Truth.past_iff, Truth.some_future_iff, Truth.some_past_iff]

Note: This linter can be disabled with `set_option linter.unusedSimpArgs false`
warning: Theories/Bimodal/Metalogic/Soundness.lean:731:41: This simp argument is unused:
  Truth.past_iff

Hint: Omit it from the simp argument list.
  [apply] simp only [truth_at, Truth.future_iff, Truth.some_future_iff, Truth.some_past_iff]

Note: This linter can be disabled with `set_option linter.unusedSimpArgs false`
warning: Theories/Bimodal/Metalogic/Soundness.lean:731:57: This simp argument is unused:
  Truth.some_future_iff

Hint: Omit it from the simp argument list.
  [apply] simp only [truth_at, Truth.future_iff, Truth.past_iff, Truth.some_past_iff]

Note: This linter can be disabled with `set_option linter.unusedSimpArgs false`
warning: Theories/Bimodal/Metalogic/Soundness.lean:731:80: This simp argument is unused:
  Truth.some_past_iff

Hint: Omit it from the simp argument list.
  [apply] simp only [truth_at, Truth.future_iff, Truth.past_iff, Truth.some_future_iff]

Note: This linter can be disabled with `set_option linter.unusedSimpArgs false`
warning: Theories/Bimodal/Metalogic/Soundness.lean:749:23: This simp argument is unused:
  Truth.future_iff

Hint: Omit it from the simp argument list.
  [apply] simp only [truth_at, Truth.past_iff, Truth.some_future_iff, Truth.some_past_iff]

Note: This linter can be disabled with `set_option linter.unusedSimpArgs false`
warning: Theories/Bimodal/Metalogic/Soundness.lean:749:41: This simp argument is unused:
  Truth.past_iff

Hint: Omit it from the simp argument list.
  [apply] simp only [truth_at, Truth.future_iff, Truth.some_future_iff, Truth.some_past_iff]

Note: This linter can be disabled with `set_option linter.unusedSimpArgs false`
warning: Theories/Bimodal/Metalogic/Soundness.lean:749:57: This simp argument is unused:
  Truth.some_future_iff

Hint: Omit it from the simp argument list.
  [apply] simp only [truth_at, Truth.future_iff, Truth.past_iff, Truth.some_past_iff]

Note: This linter can be disabled with `set_option linter.unusedSimpArgs false`
warning: Theories/Bimodal/Metalogic/Soundness.lean:749:80: This simp argument is unused:
  Truth.some_past_iff

Hint: Omit it from the simp argument list.
  [apply] simp only [truth_at, Truth.future_iff, Truth.past_iff, Truth.some_future_iff]

Note: This linter can be disabled with `set_option linter.unusedSimpArgs false`
warning: Theories/Bimodal/Metalogic/Soundness.lean:767:41: This simp argument is unused:
  Truth.past_iff

Hint: Omit it from the simp argument list.
  [apply] simp only [truth_at, Truth.future_iff, Truth.some_future_iff, Truth.some_past_iff]

Note: This linter can be disabled with `set_option linter.unusedSimpArgs false`
warning: Theories/Bimodal/Metalogic/Soundness.lean:767:57: This simp argument is unused:
  Truth.some_future_iff

Hint: Omit it from the simp argument list.
  [apply] simp only [truth_at, Truth.future_iff, Truth.past_iff, Truth.some_past_iff]

Note: This linter can be disabled with `set_option linter.unusedSimpArgs false`
warning: Theories/Bimodal/Metalogic/Soundness.lean:767:80: This simp argument is unused:
  Truth.some_past_iff

Hint: Omit it from the simp argument list.
  [apply] simp only [truth_at, Truth.future_iff, Truth.past_iff, Truth.some_future_iff]

Note: This linter can be disabled with `set_option linter.unusedSimpArgs false`
warning: Theories/Bimodal/Metalogic/Soundness.lean:785:23: This simp argument is unused:
  Truth.future_iff

Hint: Omit it from the simp argument list.
  [apply] simp only [truth_at, Truth.past_iff, Truth.some_future_iff, Truth.some_past_iff]

Note: This linter can be disabled with `set_option linter.unusedSimpArgs false`
warning: Theories/Bimodal/Metalogic/Soundness.lean:785:57: This simp argument is unused:
  Truth.some_future_iff

Hint: Omit it from the simp argument list.
  [apply] simp only [truth_at, Truth.future_iff, Truth.past_iff, Truth.some_past_iff]

Note: This linter can be disabled with `set_option linter.unusedSimpArgs false`
warning: Theories/Bimodal/Metalogic/Soundness.lean:785:80: This simp argument is unused:
  Truth.some_past_iff

Hint: Omit it from the simp argument list.
  [apply] simp only [truth_at, Truth.future_iff, Truth.past_iff, Truth.some_future_iff]

Note: This linter can be disabled with `set_option linter.unusedSimpArgs false`
warning: Theories/Bimodal/Metalogic/Soundness.lean:804:23: This simp argument is unused:
  Truth.future_iff

Hint: Omit it from the simp argument list.
  [apply] simp only [truth_at, Truth.past_iff, Truth.some_future_iff, Truth.some_past_iff]

Note: This linter can be disabled with `set_option linter.unusedSimpArgs false`
warning: Theories/Bimodal/Metalogic/Soundness.lean:804:41: This simp argument is unused:
  Truth.past_iff

Hint: Omit it from the simp argument list.
  [apply] simp only [truth_at, Truth.future_iff, Truth.some_future_iff, Truth.some_past_iff]

Note: This linter can be disabled with `set_option linter.unusedSimpArgs false`
warning: Theories/Bimodal/Metalogic/Soundness.lean:804:57: This simp argument is unused:
  Truth.some_future_iff

Hint: Omit it from the simp argument list.
  [apply] simp only [truth_at, Truth.future_iff, Truth.past_iff, Truth.some_past_iff]

Note: This linter can be disabled with `set_option linter.unusedSimpArgs false`
warning: Theories/Bimodal/Metalogic/Soundness.lean:804:80: This simp argument is unused:
  Truth.some_past_iff

Hint: Omit it from the simp argument list.
  [apply] simp only [truth_at, Truth.future_iff, Truth.past_iff, Truth.some_future_iff]

Note: This linter can be disabled with `set_option linter.unusedSimpArgs false`
warning: Theories/Bimodal/Metalogic/Soundness.lean:988:23: This simp argument is unused:
  Truth.future_iff

Hint: Omit it from the simp argument list.
  [apply] simp only [truth_at, Truth.past_iff, Truth.some_future_iff, Truth.some_past_iff]

Note: This linter can be disabled with `set_option linter.unusedSimpArgs false`
warning: Theories/Bimodal/Metalogic/Soundness.lean:988:41: This simp argument is unused:
  Truth.past_iff

Hint: Omit it from the simp argument list.
  [apply] simp only [truth_at, Truth.future_iff, Truth.some_future_iff, Truth.some_past_iff]

Note: This linter can be disabled with `set_option linter.unusedSimpArgs false`
warning: Theories/Bimodal/Metalogic/Soundness.lean:988:57: This simp argument is unused:
  Truth.some_future_iff

Hint: Omit it from the simp argument list.
  [apply] simp only [truth_at, Truth.future_iff, Truth.past_iff, Truth.some_past_iff]

Note: This linter can be disabled with `set_option linter.unusedSimpArgs false`
warning: Theories/Bimodal/Metalogic/Soundness.lean:988:80: This simp argument is unused:
  Truth.some_past_iff

Hint: Omit it from the simp argument list.
  [apply] simp only [truth_at, Truth.future_iff, Truth.past_iff, Truth.some_future_iff]

Note: This linter can be disabled with `set_option linter.unusedSimpArgs false`
warning: Theories/Bimodal/Metalogic/Soundness.lean:999:13: This simp argument is unused:
  truth_at

Hint: Omit it from the simp argument list.
  [apply] simp only [Truth.future_iff, Truth.past_iff, Truth.some_future_iff, Truth.some_past_iff]

Note: This linter can be disabled with `set_option linter.unusedSimpArgs false`
warning: Theories/Bimodal/Metalogic/Soundness.lean:999:41: This simp argument is unused:
  Truth.past_iff

Hint: Omit it from the simp argument list.
  [apply] simp only [truth_at, Truth.future_iff, Truth.some_future_iff, Truth.some_past_iff]

Note: This linter can be disabled with `set_option linter.unusedSimpArgs false`
warning: Theories/Bimodal/Metalogic/Soundness.lean:999:57: This simp argument is unused:
  Truth.some_future_iff

Hint: Omit it from the simp argument list.
  [apply] simp only [truth_at, Truth.future_iff, Truth.past_iff, Truth.some_past_iff]

Note: This linter can be disabled with `set_option linter.unusedSimpArgs false`
warning: Theories/Bimodal/Metalogic/Soundness.lean:999:80: This simp argument is unused:
  Truth.some_past_iff

Hint: Omit it from the simp argument list.
  [apply] simp only [truth_at, Truth.future_iff, Truth.past_iff, Truth.some_future_iff]

Note: This linter can be disabled with `set_option linter.unusedSimpArgs false`
warning: Theories/Bimodal/Metalogic/Soundness.lean:1084:25: This simp argument is unused:
  Truth.future_iff

Hint: Omit it from the simp argument list.
  [apply] simp only [truth_at, Truth.past_iff, Truth.some_future_iff, Truth.some_past_iff] at h1

Note: This linter can be disabled with `set_option linter.unusedSimpArgs false`
warning: Theories/Bimodal/Metalogic/Soundness.lean:1084:43: This simp argument is unused:
  Truth.past_iff

Hint: Omit it from the simp argument list.
  [apply] simp only [truth_at, Truth.future_iff, Truth.some_future_iff, Truth.some_past_iff] at h1

Note: This linter can be disabled with `set_option linter.unusedSimpArgs false`
warning: Theories/Bimodal/Metalogic/Soundness.lean:1084:59: This simp argument is unused:
  Truth.some_future_iff

Hint: Omit it from the simp argument list.
  [apply] simp only [truth_at, Truth.future_iff, Truth.past_iff, Truth.some_past_iff] at h1

Note: This linter can be disabled with `set_option linter.unusedSimpArgs false`
warning: Theories/Bimodal/Metalogic/Soundness.lean:1084:82: This simp argument is unused:
  Truth.some_past_iff

Hint: Omit it from the simp argument list.
  [apply] simp only [truth_at, Truth.future_iff, Truth.past_iff, Truth.some_future_iff] at h1

Note: This linter can be disabled with `set_option linter.unusedSimpArgs false`
warning: Theories/Bimodal/Metalogic/Soundness.lean:1087:25: This simp argument is unused:
  Truth.future_iff

Hint: Omit it from the simp argument list.
  [apply] simp only [truth_at, Truth.past_iff, Truth.some_future_iff, Truth.some_past_iff]

Note: This linter can be disabled with `set_option linter.unusedSimpArgs false`
warning: Theories/Bimodal/Metalogic/Soundness.lean:1087:43: This simp argument is unused:
  Truth.past_iff

Hint: Omit it from the simp argument list.
  [apply] simp only [truth_at, Truth.future_iff, Truth.some_future_iff, Truth.some_past_iff]

Note: This linter can be disabled with `set_option linter.unusedSimpArgs false`
warning: Theories/Bimodal/Metalogic/Soundness.lean:1087:59: This simp argument is unused:
  Truth.some_future_iff

Hint: Omit it from the simp argument list.
  [apply] simp only [truth_at, Truth.future_iff, Truth.past_iff, Truth.some_past_iff]

Note: This linter can be disabled with `set_option linter.unusedSimpArgs false`
warning: Theories/Bimodal/Metalogic/Soundness.lean:1087:82: This simp argument is unused:
  Truth.some_past_iff

Hint: Omit it from the simp argument list.
  [apply] simp only [truth_at, Truth.future_iff, Truth.past_iff, Truth.some_future_iff]

Note: This linter can be disabled with `set_option linter.unusedSimpArgs false`
warning: Theories/Bimodal/Metalogic/Soundness.lean:1091:15: This simp argument is unused:
  truth_at

Hint: Omit it from the simp argument list.
  [apply] simp only [Truth.future_iff, Truth.past_iff, Truth.some_future_iff, Truth.some_past_iff]

Note: This linter can be disabled with `set_option linter.unusedSimpArgs false`
warning: Theories/Bimodal/Metalogic/Soundness.lean:1091:43: This simp argument is unused:
  Truth.past_iff

Hint: Omit it from the simp argument list.
  [apply] simp only [truth_at, Truth.future_iff, Truth.some_future_iff, Truth.some_past_iff]

Note: This linter can be disabled with `set_option linter.unusedSimpArgs false`
warning: Theories/Bimodal/Metalogic/Soundness.lean:1091:59: This simp argument is unused:
  Truth.some_future_iff

Hint: Omit it from the simp argument list.
  [apply] simp only [truth_at, Truth.future_iff, Truth.past_iff, Truth.some_past_iff]

Note: This linter can be disabled with `set_option linter.unusedSimpArgs false`
warning: Theories/Bimodal/Metalogic/Soundness.lean:1091:82: This simp argument is unused:
  Truth.some_past_iff

Hint: Omit it from the simp argument list.
  [apply] simp only [truth_at, Truth.future_iff, Truth.past_iff, Truth.some_future_iff]

Note: This linter can be disabled with `set_option linter.unusedSimpArgs false`
warning: Theories/Bimodal/Metalogic/Soundness.lean:1140:25: This simp argument is unused:
  Truth.future_iff

Hint: Omit it from the simp argument list.
  [apply] simp only [truth_at, Truth.past_iff, Truth.some_future_iff, Truth.some_past_iff] at h1'

Note: This linter can be disabled with `set_option linter.unusedSimpArgs false`
warning: Theories/Bimodal/Metalogic/Soundness.lean:1140:43: This simp argument is unused:
  Truth.past_iff

Hint: Omit it from the simp argument list.
  [apply] simp only [truth_at, Truth.future_iff, Truth.some_future_iff, Truth.some_past_iff] at h1'

Note: This linter can be disabled with `set_option linter.unusedSimpArgs false`
warning: Theories/Bimodal/Metalogic/Soundness.lean:1140:59: This simp argument is unused:
  Truth.some_future_iff

Hint: Omit it from the simp argument list.
  [apply] simp only [truth_at, Truth.future_iff, Truth.past_iff, Truth.some_past_iff] at h1'

Note: This linter can be disabled with `set_option linter.unusedSimpArgs false`
warning: Theories/Bimodal/Metalogic/Soundness.lean:1140:82: This simp argument is unused:
  Truth.some_past_iff

Hint: Omit it from the simp argument list.
  [apply] simp only [truth_at, Truth.future_iff, Truth.past_iff, Truth.some_future_iff] at h1'

Note: This linter can be disabled with `set_option linter.unusedSimpArgs false`
warning: Theories/Bimodal/Metalogic/Soundness.lean:1146:25: This simp argument is unused:
  Truth.future_iff

Hint: Omit it from the simp argument list.
  [apply] simp only [truth_at, Truth.past_iff, Truth.some_future_iff, Truth.some_past_iff]

Note: This linter can be disabled with `set_option linter.unusedSimpArgs false`
warning: Theories/Bimodal/Metalogic/Soundness.lean:1146:43: This simp argument is unused:
  Truth.past_iff

Hint: Omit it from the simp argument list.
  [apply] simp only [truth_at, Truth.future_iff, Truth.some_future_iff, Truth.some_past_iff]

Note: This linter can be disabled with `set_option linter.unusedSimpArgs false`
warning: Theories/Bimodal/Metalogic/Soundness.lean:1146:59: This simp argument is unused:
  Truth.some_future_iff

Hint: Omit it from the simp argument list.
  [apply] simp only [truth_at, Truth.future_iff, Truth.past_iff, Truth.some_past_iff]

Note: This linter can be disabled with `set_option linter.unusedSimpArgs false`
warning: Theories/Bimodal/Metalogic/Soundness.lean:1146:82: This simp argument is unused:
  Truth.some_past_iff

Hint: Omit it from the simp argument list.
  [apply] simp only [truth_at, Truth.future_iff, Truth.past_iff, Truth.some_future_iff]

Note: This linter can be disabled with `set_option linter.unusedSimpArgs false`
warning: Theories/Bimodal/Metalogic/Soundness.lean:1153:15: This simp argument is unused:
  truth_at

Hint: Omit it from the simp argument list.
  [apply] simp only [Truth.future_iff, Truth.past_iff, Truth.some_future_iff, Truth.some_past_iff]

Note: This linter can be disabled with `set_option linter.unusedSimpArgs false`
warning: Theories/Bimodal/Metalogic/Soundness.lean:1153:43: This simp argument is unused:
  Truth.past_iff

Hint: Omit it from the simp argument list.
  [apply] simp only [truth_at, Truth.future_iff, Truth.some_future_iff, Truth.some_past_iff]

Note: This linter can be disabled with `set_option linter.unusedSimpArgs false`
warning: Theories/Bimodal/Metalogic/Soundness.lean:1153:59: This simp argument is unused:
  Truth.some_future_iff

Hint: Omit it from the simp argument list.
  [apply] simp only [truth_at, Truth.future_iff, Truth.past_iff, Truth.some_past_iff]

Note: This linter can be disabled with `set_option linter.unusedSimpArgs false`
warning: Theories/Bimodal/Metalogic/Soundness.lean:1153:82: This simp argument is unused:
  Truth.some_past_iff

Hint: Omit it from the simp argument list.
  [apply] simp only [truth_at, Truth.future_iff, Truth.past_iff, Truth.some_future_iff]

Note: This linter can be disabled with `set_option linter.unusedSimpArgs false`
warning: Theories/Bimodal/Metalogic/Soundness.lean:1254:25: This simp argument is unused:
  Truth.future_iff

Hint: Omit it from the simp argument list.
  [apply] simp only [truth_at, Truth.past_iff, Truth.some_future_iff, Truth.some_past_iff] at h1

Note: This linter can be disabled with `set_option linter.unusedSimpArgs false`
warning: Theories/Bimodal/Metalogic/Soundness.lean:1254:43: This simp argument is unused:
  Truth.past_iff

Hint: Omit it from the simp argument list.
  [apply] simp only [truth_at, Truth.future_iff, Truth.some_future_iff, Truth.some_past_iff] at h1

Note: This linter can be disabled with `set_option linter.unusedSimpArgs false`
warning: Theories/Bimodal/Metalogic/Soundness.lean:1254:59: This simp argument is unused:
  Truth.some_future_iff

Hint: Omit it from the simp argument list.
  [apply] simp only [truth_at, Truth.future_iff, Truth.past_iff, Truth.some_past_iff] at h1

Note: This linter can be disabled with `set_option linter.unusedSimpArgs false`
warning: Theories/Bimodal/Metalogic/Soundness.lean:1254:82: This simp argument is unused:
  Truth.some_past_iff

Hint: Omit it from the simp argument list.
  [apply] simp only [truth_at, Truth.future_iff, Truth.past_iff, Truth.some_future_iff] at h1

Note: This linter can be disabled with `set_option linter.unusedSimpArgs false`
warning: Theories/Bimodal/Metalogic/Soundness.lean:1257:25: This simp argument is unused:
  Truth.future_iff

Hint: Omit it from the simp argument list.
  [apply] simp only [truth_at, Truth.past_iff, Truth.some_future_iff, Truth.some_past_iff]

Note: This linter can be disabled with `set_option linter.unusedSimpArgs false`
warning: Theories/Bimodal/Metalogic/Soundness.lean:1257:43: This simp argument is unused:
  Truth.past_iff

Hint: Omit it from the simp argument list.
  [apply] simp only [truth_at, Truth.future_iff, Truth.some_future_iff, Truth.some_past_iff]

Note: This linter can be disabled with `set_option linter.unusedSimpArgs false`
warning: Theories/Bimodal/Metalogic/Soundness.lean:1257:59: This simp argument is unused:
  Truth.some_future_iff

Hint: Omit it from the simp argument list.
  [apply] simp only [truth_at, Truth.future_iff, Truth.past_iff, Truth.some_past_iff]

Note: This linter can be disabled with `set_option linter.unusedSimpArgs false`
warning: Theories/Bimodal/Metalogic/Soundness.lean:1257:82: This simp argument is unused:
  Truth.some_past_iff

Hint: Omit it from the simp argument list.
  [apply] simp only [truth_at, Truth.future_iff, Truth.past_iff, Truth.some_future_iff]

Note: This linter can be disabled with `set_option linter.unusedSimpArgs false`
warning: Theories/Bimodal/Metalogic/Soundness.lean:1261:15: This simp argument is unused:
  truth_at

Hint: Omit it from the simp argument list.
  [apply] simp only [Truth.future_iff, Truth.past_iff, Truth.some_future_iff, Truth.some_past_iff]

Note: This linter can be disabled with `set_option linter.unusedSimpArgs false`
warning: Theories/Bimodal/Metalogic/Soundness.lean:1261:43: This simp argument is unused:
  Truth.past_iff

Hint: Omit it from the simp argument list.
  [apply] simp only [truth_at, Truth.future_iff, Truth.some_future_iff, Truth.some_past_iff]

Note: This linter can be disabled with `set_option linter.unusedSimpArgs false`
warning: Theories/Bimodal/Metalogic/Soundness.lean:1261:59: This simp argument is unused:
  Truth.some_future_iff

Hint: Omit it from the simp argument list.
  [apply] simp only [truth_at, Truth.future_iff, Truth.past_iff, Truth.some_past_iff]

Note: This linter can be disabled with `set_option linter.unusedSimpArgs false`
warning: Theories/Bimodal/Metalogic/Soundness.lean:1261:82: This simp argument is unused:
  Truth.some_past_iff

Hint: Omit it from the simp argument list.
  [apply] simp only [truth_at, Truth.future_iff, Truth.past_iff, Truth.some_future_iff]

Note: This linter can be disabled with `set_option linter.unusedSimpArgs false`
warning: Theories/Bimodal/Metalogic/Soundness.lean:1299:25: This simp argument is unused:
  Truth.future_iff

Hint: Omit it from the simp argument list.
  [apply] simp only [truth_at, Truth.past_iff, Truth.some_future_iff, Truth.some_past_iff] at h1'

Note: This linter can be disabled with `set_option linter.unusedSimpArgs false`
warning: Theories/Bimodal/Metalogic/Soundness.lean:1299:43: This simp argument is unused:
  Truth.past_iff

Hint: Omit it from the simp argument list.
  [apply] simp only [truth_at, Truth.future_iff, Truth.some_future_iff, Truth.some_past_iff] at h1'

Note: This linter can be disabled with `set_option linter.unusedSimpArgs false`
warning: Theories/Bimodal/Metalogic/Soundness.lean:1299:59: This simp argument is unused:
  Truth.some_future_iff

Hint: Omit it from the simp argument list.
  [apply] simp only [truth_at, Truth.future_iff, Truth.past_iff, Truth.some_past_iff] at h1'

Note: This linter can be disabled with `set_option linter.unusedSimpArgs false`
warning: Theories/Bimodal/Metalogic/Soundness.lean:1299:82: This simp argument is unused:
  Truth.some_past_iff

Hint: Omit it from the simp argument list.
  [apply] simp only [truth_at, Truth.future_iff, Truth.past_iff, Truth.some_future_iff] at h1'

Note: This linter can be disabled with `set_option linter.unusedSimpArgs false`
warning: Theories/Bimodal/Metalogic/Soundness.lean:1304:25: This simp argument is unused:
  Truth.future_iff

Hint: Omit it from the simp argument list.
  [apply] simp only [truth_at, Truth.past_iff, Truth.some_future_iff, Truth.some_past_iff]

Note: This linter can be disabled with `set_option linter.unusedSimpArgs false`
warning: Theories/Bimodal/Metalogic/Soundness.lean:1304:43: This simp argument is unused:
  Truth.past_iff

Hint: Omit it from the simp argument list.
  [apply] simp only [truth_at, Truth.future_iff, Truth.some_future_iff, Truth.some_past_iff]

Note: This linter can be disabled with `set_option linter.unusedSimpArgs false`
warning: Theories/Bimodal/Metalogic/Soundness.lean:1304:59: This simp argument is unused:
  Truth.some_future_iff

Hint: Omit it from the simp argument list.
  [apply] simp only [truth_at, Truth.future_iff, Truth.past_iff, Truth.some_past_iff]

Note: This linter can be disabled with `set_option linter.unusedSimpArgs false`
warning: Theories/Bimodal/Metalogic/Soundness.lean:1304:82: This simp argument is unused:
  Truth.some_past_iff

Hint: Omit it from the simp argument list.
  [apply] simp only [truth_at, Truth.future_iff, Truth.past_iff, Truth.some_future_iff]

Note: This linter can be disabled with `set_option linter.unusedSimpArgs false`
warning: Theories/Bimodal/Metalogic/Soundness.lean:1310:15: This simp argument is unused:
  truth_at

Hint: Omit it from the simp argument list.
  [apply] simp only [Truth.future_iff, Truth.past_iff, Truth.some_future_iff, Truth.some_past_iff]

Note: This linter can be disabled with `set_option linter.unusedSimpArgs false`
warning: Theories/Bimodal/Metalogic/Soundness.lean:1310:43: This simp argument is unused:
  Truth.past_iff

Hint: Omit it from the simp argument list.
  [apply] simp only [truth_at, Truth.future_iff, Truth.some_future_iff, Truth.some_past_iff]

Note: This linter can be disabled with `set_option linter.unusedSimpArgs false`
warning: Theories/Bimodal/Metalogic/Soundness.lean:1310:59: This simp argument is unused:
  Truth.some_future_iff

Hint: Omit it from the simp argument list.
  [apply] simp only [truth_at, Truth.future_iff, Truth.past_iff, Truth.some_past_iff]

Note: This linter can be disabled with `set_option linter.unusedSimpArgs false`
warning: Theories/Bimodal/Metalogic/Soundness.lean:1310:82: This simp argument is unused:
  Truth.some_past_iff

Hint: Omit it from the simp argument list.
  [apply] simp only [truth_at, Truth.future_iff, Truth.past_iff, Truth.some_future_iff]

Note: This linter can be disabled with `set_option linter.unusedSimpArgs false`
warning: Theories/Bimodal/Metalogic/Soundness.lean:1355:25: This simp argument is unused:
  Truth.future_iff

Hint: Omit it from the simp argument list.
  [apply] simp only [truth_at, Truth.past_iff, Truth.some_future_iff, Truth.some_past_iff] at h1

Note: This linter can be disabled with `set_option linter.unusedSimpArgs false`
warning: Theories/Bimodal/Metalogic/Soundness.lean:1355:43: This simp argument is unused:
  Truth.past_iff

Hint: Omit it from the simp argument list.
  [apply] simp only [truth_at, Truth.future_iff, Truth.some_future_iff, Truth.some_past_iff] at h1

Note: This linter can be disabled with `set_option linter.unusedSimpArgs false`
warning: Theories/Bimodal/Metalogic/Soundness.lean:1355:59: This simp argument is unused:
  Truth.some_future_iff

Hint: Omit it from the simp argument list.
  [apply] simp only [truth_at, Truth.future_iff, Truth.past_iff, Truth.some_past_iff] at h1

Note: This linter can be disabled with `set_option linter.unusedSimpArgs false`
warning: Theories/Bimodal/Metalogic/Soundness.lean:1355:82: This simp argument is unused:
  Truth.some_past_iff

Hint: Omit it from the simp argument list.
  [apply] simp only [truth_at, Truth.future_iff, Truth.past_iff, Truth.some_future_iff] at h1

Note: This linter can be disabled with `set_option linter.unusedSimpArgs false`
warning: Theories/Bimodal/Metalogic/Soundness.lean:1358:25: This simp argument is unused:
  Truth.future_iff

Hint: Omit it from the simp argument list.
  [apply] simp only [truth_at, Truth.past_iff, Truth.some_future_iff, Truth.some_past_iff]

Note: This linter can be disabled with `set_option linter.unusedSimpArgs false`
warning: Theories/Bimodal/Metalogic/Soundness.lean:1358:43: This simp argument is unused:
  Truth.past_iff

Hint: Omit it from the simp argument list.
  [apply] simp only [truth_at, Truth.future_iff, Truth.some_future_iff, Truth.some_past_iff]

Note: This linter can be disabled with `set_option linter.unusedSimpArgs false`
warning: Theories/Bimodal/Metalogic/Soundness.lean:1358:59: This simp argument is unused:
  Truth.some_future_iff

Hint: Omit it from the simp argument list.
  [apply] simp only [truth_at, Truth.future_iff, Truth.past_iff, Truth.some_past_iff]

Note: This linter can be disabled with `set_option linter.unusedSimpArgs false`
warning: Theories/Bimodal/Metalogic/Soundness.lean:1358:82: This simp argument is unused:
  Truth.some_past_iff

Hint: Omit it from the simp argument list.
  [apply] simp only [truth_at, Truth.future_iff, Truth.past_iff, Truth.some_future_iff]

Note: This linter can be disabled with `set_option linter.unusedSimpArgs false`
warning: Theories/Bimodal/Metalogic/Soundness.lean:1362:15: This simp argument is unused:
  truth_at

Hint: Omit it from the simp argument list.
  [apply] simp only [Truth.future_iff, Truth.past_iff, Truth.some_future_iff, Truth.some_past_iff]

Note: This linter can be disabled with `set_option linter.unusedSimpArgs false`
warning: Theories/Bimodal/Metalogic/Soundness.lean:1362:43: This simp argument is unused:
  Truth.past_iff

Hint: Omit it from the simp argument list.
  [apply] simp only [truth_at, Truth.future_iff, Truth.some_future_iff, Truth.some_past_iff]

Note: This linter can be disabled with `set_option linter.unusedSimpArgs false`
warning: Theories/Bimodal/Metalogic/Soundness.lean:1362:59: This simp argument is unused:
  Truth.some_future_iff

Hint: Omit it from the simp argument list.
  [apply] simp only [truth_at, Truth.future_iff, Truth.past_iff, Truth.some_past_iff]

Note: This linter can be disabled with `set_option linter.unusedSimpArgs false`
warning: Theories/Bimodal/Metalogic/Soundness.lean:1362:82: This simp argument is unused:
  Truth.some_past_iff

Hint: Omit it from the simp argument list.
  [apply] simp only [truth_at, Truth.future_iff, Truth.past_iff, Truth.some_future_iff]

Note: This linter can be disabled with `set_option linter.unusedSimpArgs false`
⚠ [752/1021] Replayed Bimodal.Metalogic.Decidability.Closure
warning: Theories/Bimodal/Metalogic/Decidability/Closure.lean:265:4: `push_neg` has been deprecated. Prefer using `push Not` instead.
If you'd rather continue using `push_neg` in your project, you can implement it as follows:
```
open Lean.Parser.Tactic in
macro "push_neg" cfg:optConfig loc:(location)? : tactic =>
  `(tactic| push $cfg:optConfig Not $[$loc]?)
```
⚠ [754/1021] Replayed Bimodal.Metalogic.Decidability.Saturation
warning: Theories/Bimodal/Metalogic/Decidability/Saturation.lean:330:23: Variable name `tracker` is not explicitly referenced.

Hint: The binding can be removed (if unused) or named `_` (if used implicitly). Alternatively, prefix the name with `_` to silence this warning:
  [apply] _tracker

Note: This linter can be disabled with `set_option linter.unusedVariables false`
warning: Theories/Bimodal/Metalogic/Decidability/Saturation.lean:350:19: Variable name `newBranch` is not explicitly referenced.

Hint: The binding can be removed (if unused) or named `_` (if used implicitly). Alternatively, prefix the name with `_` to silence this warning:
  [apply] _newBranch

Note: This linter can be disabled with `set_option linter.unusedVariables false`
warning: Theories/Bimodal/Metalogic/Decidability/Saturation.lean:406:16: Variable name `h` is not explicitly referenced.

Hint: The binding can be removed (if unused) or named `_` (if used implicitly). Alternatively, prefix the name with `_` to silence this warning:
  [apply] _h

Note: This linter can be disabled with `set_option linter.unusedVariables false`
info: Theories/Bimodal/Metalogic/Decidability/Saturation.lean:701:0: "PASS: U(p, bot) -> F(p) is valid"
info: Theories/Bimodal/Metalogic/Decidability/Saturation.lean:711:0: "PASS: S(p, bot) -> P(p) is valid"
info: Theories/Bimodal/Metalogic/Decidability/Saturation.lean:721:0: "PASS: F(p) -> U(p, top) is valid (BX12)"
info: Theories/Bimodal/Metalogic/Decidability/Saturation.lean:730:0: "PASS: P(p) -> S(p, top) is valid (BX12')"
info: Theories/Bimodal/Metalogic/Decidability/Saturation.lean:739:0: "PASS: F(top) -> top is valid"
info: Theories/Bimodal/Metalogic/Decidability/Saturation.lean:749:0: "PASS: U(p, q) is satisfiable (open branch found)"
info: Theories/Bimodal/Metalogic/Decidability/Saturation.lean:758:0: "PASS: p -> p is valid"
info: Theories/Bimodal/Metalogic/Decidability/Saturation.lean:783:0: "PASS B1: G(p) -> G(p) is valid"
info: Theories/Bimodal/Metalogic/Decidability/Saturation.lean:792:0: "PASS B2: U(p,q) -> U(p,q) is valid"
info: Theories/Bimodal/Metalogic/Decidability/Saturation.lean:802:0: "PASS B3: U(p,bot) -> F(p) is valid (eventuality witnessed)"
info: Theories/Bimodal/Metalogic/Decidability/Saturation.lean:829:0: "PASS: □p → Gp is valid"
info: Theories/Bimodal/Metalogic/Decidability/Saturation.lean:838:0: "PASS: □p → Hp is valid"
info: Theories/Bimodal/Metalogic/Decidability/Saturation.lean:850:0: "PASS: □p → always p is valid (P1 perpetuity)"
info: Theories/Bimodal/Metalogic/Decidability/Saturation.lean:860:0: "PASS: □(□p) → G(□p) is valid"
info: Theories/Bimodal/Metalogic/Decidability/Saturation.lean:870:0: "PASS: p ∧ F(¬p) is satisfiable (open branch found)"
info: Theories/Bimodal/Metalogic/Decidability/Saturation.lean:879:0: "PASS: □p → □(Gp) is valid (modal_future)"
info: Theories/Bimodal/Metalogic/Decidability/Saturation.lean:906:0: "PASS E1: U(U(p,q),r) -> U(U(p,q),r) is valid"
info: Theories/Bimodal/Metalogic/Decidability/Saturation.lean:916:0: "PASS E2: S(p,bot) -> P(p) is valid"
info: Theories/Bimodal/Metalogic/Decidability/Saturation.lean:925:0: "PASS E3: p -> (q -> p) is valid"
info: Theories/Bimodal/Metalogic/Decidability/Saturation.lean:935:0: "PASS E4: U(p,q) is satisfiable (open branch with blocking)"
info: Theories/Bimodal/Metalogic/Decidability/Saturation.lean:946:0: "INFO E5: G(p) -> p is invalid (strict reading)"
info: Theories/Bimodal/Metalogic/Decidability/Saturation.lean:1239:0: "PASS FC1: GGp → Gp closes under Dense"
info: Theories/Bimodal/Metalogic/Decidability/Saturation.lean:1248:0: "PASS FC2: GGp → Gp correctly non-closing under Base (fuel exhausted)"
info: Theories/Bimodal/Metalogic/Decidability/Saturation.lean:1257:0: "PASS FC3: ¬U(⊤,⊥) closes under Dense"
info: Theories/Bimodal/Metalogic/Decidability/Saturation.lean:1266:0: "PASS FC4: ¬U(⊤,⊥) correctly open under Base"
info: Theories/Bimodal/Metalogic/Decidability/Saturation.lean:1275:0: "PASS FC5: F(p) → U(p, ¬p) closes under Discrete"
info: Theories/Bimodal/Metalogic/Decidability/Saturation.lean:1284:0: "PASS FC6: F(p) → U(p, ¬p) correctly non-closing under Base"
info: Theories/Bimodal/Metalogic/Decidability/Saturation.lean:1293:0: "PASS FC7: F(p) → U(p, ¬p) correctly non-closing under Dense"
info: Theories/Bimodal/Metalogic/Decidability/Saturation.lean:1302:0: "PASS FC8: p → p closes under all frame classes (monotonicity)"
info: Theories/Bimodal/Metalogic/Decidability/Saturation.lean:1316:0: "PASS FC9: ¬U(⊤,⊥) correctly open under Discrete"
info: Theories/Bimodal/Metalogic/Decidability/Saturation.lean:1338:0: "PASS PL1: diamond p terminates with open branch (no loop)"
info: Theories/Bimodal/Metalogic/Decidability/Saturation.lean:1347:0: "PASS PL2: (box(bot -> bot) -> r) terminates (no stall)"
info: Theories/Bimodal/Metalogic/Decidability/Saturation.lean:1356:0: "PASS PL3: box(bot -> p) is valid"
info: Theories/Bimodal/Metalogic/Decidability/Saturation.lean:1365:0: "PASS PL4: box(p -> p) is valid"
info: Theories/Bimodal/Metalogic/Decidability/Saturation.lean:1374:0: "PASS PL5: (box bot -> r) is valid"
info: Theories/Bimodal/Metalogic/Decidability/Saturation.lean:1409:0: "PASS AN1: G(p) → ¬F(¬p) is valid"
info: Theories/Bimodal/Metalogic/Decidability/Saturation.lean:1422:0: "PASS AN2: U(p,q) is satisfiable (active untlNeg created time)"
info: Theories/Bimodal/Metalogic/Decidability/Saturation.lean:1434:0: "PASS AN3: U(p,q) → U(p,q) is valid"
info: Theories/Bimodal/Metalogic/Decidability/Saturation.lean:1444:0: "PASS AN4: S(p,q) is satisfiable (active snceNeg created time)"
info: Theories/Bimodal/Metalogic/Decidability/Saturation.lean:1455:0: "PASS AN5: H(p) → ¬P(¬p) is valid"
info: Theories/Bimodal/Metalogic/Decidability/Saturation.lean:1472:0: "PASS AN6: nested Until identity valid (fuel=500)"
info: Theories/Bimodal/Metalogic/Decidability/Saturation.lean:1486:0: "PASS AN7: U(p,q) → F(p) valid (fuel=500)"
info: Theories/Bimodal/Metalogic/Decidability/Saturation.lean:1499:0: "PASS AN8: ¬U(p,q) satisfiable (fuel=500, active rule + blocking)"
info: Theories/Bimodal/Metalogic/Decidability/Saturation.lean:1521:0: "PASS FA1: balanced branches get equal fuel"
info: Theories/Bimodal/Metalogic/Decidability/Saturation.lean:1534:0: "PASS FA2: temporal branch gets more fuel than propositional"
info: Theories/Bimodal/Metalogic/Decidability/Saturation.lean:1545:0: "PASS FA3: all allocations in bounds [1, 199]: [25, 100, 75]"
info: Theories/Bimodal/Metalogic/Decidability/Saturation.lean:1556:0: "PASS FA4: fuel=0 gives all zeros"
info: Theories/Bimodal/Metalogic/Decidability/Saturation.lean:1565:0: "PASS FA5: difficulty ordering correct: prop=1 < modal=3 < temp=4"
⚠ [756/1021] Replayed Bimodal.Metalogic.Decidability.CountermodelExtraction
warning: Theories/Bimodal/Metalogic/Decidability/CountermodelExtraction.lean:355:36: This simp argument is unused:
  Option.isSome_some

Hint: Omit it from the simp argument list.
  [apply] simp only [SignedFormula.isPos]

Note: This linter can be disabled with `set_option linter.unusedSimpArgs false`
warning: Theories/Bimodal/Metalogic/Decidability/CountermodelExtraction.lean:421:2: `push_neg` has been deprecated. Prefer using `push Not` instead.
If you'd rather continue using `push_neg` in your project, you can implement it as follows:
```
open Lean.Parser.Tactic in
macro "push_neg" cfg:optConfig loc:(location)? : tactic =>
  `(tactic| push $cfg:optConfig Not $[$loc]?)
```
warning: Theories/Bimodal/Metalogic/Decidability/CountermodelExtraction.lean:465:13: This simp argument is unused:
  List.findSome?

Hint: Omit it from the simp argument list.
  [apply] simp only [isApplicable, asNeg?, asAnd?, asOr?, asDiamond?, applyRule]

Note: This linter can be disabled with `set_option linter.unusedSimpArgs false`
warning: Theories/Bimodal/Metalogic/Decidability/CountermodelExtraction.lean:472:13: This simp argument is unused:
  List.findSome?

Hint: Omit it from the simp argument list.
  [apply] simp only [isApplicable, asNeg?, asAnd?, asOr?, asDiamond?, applyRule]

Note: This linter can be disabled with `set_option linter.unusedSimpArgs false`
warning: Theories/Bimodal/Metalogic/Decidability/CountermodelExtraction.lean:540:13: This simp argument is unused:
  List.findSome?

Hint: Omit it from the simp argument list.
  [apply] simp only [isApplicable, asNeg?, asAnd?, asOr?, asDiamond?, applyRule]

Note: This linter can be disabled with `set_option linter.unusedSimpArgs false`
warning: Theories/Bimodal/Metalogic/Decidability/CountermodelExtraction.lean:602:61: This simp argument is unused:
  Formula.some_past

Hint: Omit it from the simp argument list.
  [apply] simp [isApplicable, asSomePast?, Formula.top, applyRule] at this

Note: This linter can be disabled with `set_option linter.unusedSimpArgs false`
warning: Theories/Bimodal/Metalogic/Decidability/CountermodelExtraction.lean:773:2: `push_neg` has been deprecated. Prefer using `push Not` instead.
If you'd rather continue using `push_neg` in your project, you can implement it as follows:
```
open Lean.Parser.Tactic in
macro "push_neg" cfg:optConfig loc:(location)? : tactic =>
  `(tactic| push $cfg:optConfig Not $[$loc]?)
```
warning: Theories/Bimodal/Metalogic/Decidability/CountermodelExtraction.lean:828:2: `push_neg` has been deprecated. Prefer using `push Not` instead.
If you'd rather continue using `push_neg` in your project, you can implement it as follows:
```
open Lean.Parser.Tactic in
macro "push_neg" cfg:optConfig loc:(location)? : tactic =>
  `(tactic| push $cfg:optConfig Not $[$loc]?)
```
ℹ [758/1021] Replayed Bimodal.Automation.Normalization
info: Theories/Bimodal/Automation/Normalization.lean:233:0: neg_unfold : ∀ (φ : Formula), φ.neg = φ.imp bot
info: Theories/Bimodal/Automation/Normalization.lean:234:0: top_unfold : top = bot.imp bot
info: Theories/Bimodal/Automation/Normalization.lean:235:0: next_unfold : ∀ (φ : Formula), φ.next = φ.untl bot
info: Theories/Bimodal/Automation/Normalization.lean:236:0: prev_unfold : ∀ (φ : Formula), φ.prev = φ.snce bot
info: Theories/Bimodal/Automation/Normalization.lean:237:0: and_unfold : ∀ (φ ψ : Formula), φ.and ψ = (φ.imp (ψ.imp bot)).imp bot
info: Theories/Bimodal/Automation/Normalization.lean:238:0: or_unfold : ∀ (φ ψ : Formula), φ.or ψ = (φ.imp bot).imp ψ
info: Theories/Bimodal/Automation/Normalization.lean:239:0: diamond_unfold : ∀ (φ : Formula), φ.diamond = (φ.imp bot).box.imp bot
info: Theories/Bimodal/Automation/Normalization.lean:240:0: some_future_unfold : ∀ (φ : Formula), φ.some_future = φ.untl (bot.imp bot)
info: Theories/Bimodal/Automation/Normalization.lean:241:0: some_past_unfold : ∀ (φ : Formula), φ.some_past = φ.snce (bot.imp bot)
info: Theories/Bimodal/Automation/Normalization.lean:242:0: all_future_unfold : ∀ (φ : Formula), φ.all_future = ((φ.imp bot).untl (bot.imp bot)).imp bot
info: Theories/Bimodal/Automation/Normalization.lean:243:0: all_past_unfold : ∀ (φ : Formula), φ.all_past = ((φ.imp bot).snce (bot.imp bot)).imp bot
info: Theories/Bimodal/Automation/Normalization.lean:244:0: weak_future_unfold : ∀ (φ : Formula),
  φ.weak_future = (φ.imp ((((φ.imp bot).untl (bot.imp bot)).imp bot).imp bot)).imp bot
info: Theories/Bimodal/Automation/Normalization.lean:245:0: weak_past_unfold : ∀ (φ : Formula), φ.weak_past = (φ.imp ((((φ.imp bot).snce (bot.imp bot)).imp bot).imp bot)).imp bot
info: Theories/Bimodal/Automation/Normalization.lean:246:0: always_unfold : ∀ (φ : Formula), △φ = φ.all_past.and (φ.and φ.all_future)
info: Theories/Bimodal/Automation/Normalization.lean:247:0: sometimes_unfold : ∀ (φ : Formula), ▽φ = (△φ.neg).neg
info: Theories/Bimodal/Automation/Normalization.lean:248:0: strong_release_unfold : ∀ (φ ψ : Formula), φ.strong_release ψ = (ψ.and φ).untl ψ
info: Theories/Bimodal/Automation/Normalization.lean:249:0: strong_trigger_unfold : ∀ (φ ψ : Formula), φ.strong_trigger ψ = (ψ.and φ).snce ψ
info: Theories/Bimodal/Automation/Normalization.lean:607:0: Bimodal.Automation.Normalization.EnrichedFormula.neg
  (Bimodal.Automation.Normalization.EnrichedFormula.atom { base := "p", fresh_index := none })
info: Theories/Bimodal/Automation/Normalization.lean:614:0: Bimodal.Automation.Normalization.EnrichedFormula.top
info: Theories/Bimodal/Automation/Normalization.lean:621:0: Bimodal.Automation.Normalization.EnrichedFormula.diamond
  (Bimodal.Automation.Normalization.EnrichedFormula.atom { base := "p", fresh_index := none })
info: Theories/Bimodal/Automation/Normalization.lean:628:0: Bimodal.Automation.Normalization.EnrichedFormula.and_
  (Bimodal.Automation.Normalization.EnrichedFormula.atom { base := "p", fresh_index := none })
  (Bimodal.Automation.Normalization.EnrichedFormula.atom { base := "q", fresh_index := none })
info: Theories/Bimodal/Automation/Normalization.lean:635:0: Bimodal.Automation.Normalization.EnrichedFormula.imp
  (Bimodal.Automation.Normalization.EnrichedFormula.neg
    (Bimodal.Automation.Normalization.EnrichedFormula.atom { base := "p", fresh_index := none }))
  (Bimodal.Automation.Normalization.EnrichedFormula.atom { base := "q", fresh_index := none })
info: Theories/Bimodal/Automation/Normalization.lean:642:0: Bimodal.Automation.Normalization.EnrichedFormula.some_future
  (Bimodal.Automation.Normalization.EnrichedFormula.atom { base := "p", fresh_index := none })
info: Theories/Bimodal/Automation/Normalization.lean:649:0: Bimodal.Automation.Normalization.EnrichedFormula.some_past
  (Bimodal.Automation.Normalization.EnrichedFormula.atom { base := "p", fresh_index := none })
info: Theories/Bimodal/Automation/Normalization.lean:655:0: Bimodal.Automation.Normalization.EnrichedFormula.all_future
  (Bimodal.Automation.Normalization.EnrichedFormula.atom { base := "p", fresh_index := none })
info: Theories/Bimodal/Automation/Normalization.lean:661:0: Bimodal.Automation.Normalization.EnrichedFormula.all_past
  (Bimodal.Automation.Normalization.EnrichedFormula.atom { base := "p", fresh_index := none })
info: Theories/Bimodal/Automation/Normalization.lean:667:0: Bimodal.Automation.Normalization.EnrichedFormula.next
  (Bimodal.Automation.Normalization.EnrichedFormula.atom { base := "p", fresh_index := none })
info: Theories/Bimodal/Automation/Normalization.lean:673:0: Bimodal.Automation.Normalization.EnrichedFormula.prev
  (Bimodal.Automation.Normalization.EnrichedFormula.atom { base := "p", fresh_index := none })
info: Theories/Bimodal/Automation/Normalization.lean:680:0: [(true, (Bimodal.Syntax.Formula.imp
  (Bimodal.Syntax.Formula.atom { base := "p", fresh_index := none })
  (Bimodal.Syntax.Formula.bot), Bimodal.Automation.Normalization.EnrichedFormula.neg
  (Bimodal.Automation.Normalization.EnrichedFormula.atom { base := "p", fresh_index := none }))), (true, (Bimodal.Syntax.Formula.imp (Bimodal.Syntax.Formula.bot) (Bimodal.Syntax.Formula.bot), Bimodal.Automation.Normalization.EnrichedFormula.top)), (true, (Bimodal.Syntax.Formula.imp
  (Bimodal.Syntax.Formula.imp
    (Bimodal.Syntax.Formula.atom { base := "p", fresh_index := none })
    (Bimodal.Syntax.Formula.imp
      (Bimodal.Syntax.Formula.atom { base := "q", fresh_index := none })
      (Bimodal.Syntax.Formula.bot)))
  (Bimodal.Syntax.Formula.bot), Bimodal.Automation.Normalization.EnrichedFormula.and_
  (Bimodal.Automation.Normalization.EnrichedFormula.atom { base := "p", fresh_index := none })
  (Bimodal.Automation.Normalization.EnrichedFormula.atom { base := "q", fresh_index := none }))), (true, (Bimodal.Syntax.Formula.imp
  (Bimodal.Syntax.Formula.imp
    (Bimodal.Syntax.Formula.atom { base := "p", fresh_index := none })
    (Bimodal.Syntax.Formula.bot))
  (Bimodal.Syntax.Formula.atom { base := "q", fresh_index := none }), Bimodal.Automation.Normalization.EnrichedFormula.imp
  (Bimodal.Automation.Normalization.EnrichedFormula.neg
    (Bimodal.Automation.Normalization.EnrichedFormula.atom { base := "p", fresh_index := none }))
  (Bimodal.Automation.Normalization.EnrichedFormula.atom { base := "q", fresh_index := none }))), (true, (Bimodal.Syntax.Formula.imp
  (Bimodal.Syntax.Formula.box
    (Bimodal.Syntax.Formula.imp
      (Bimodal.Syntax.Formula.atom { base := "p", fresh_index := none })
      (Bimodal.Syntax.Formula.bot)))
  (Bimodal.Syntax.Formula.bot), Bimodal.Automation.Normalization.EnrichedFormula.diamond
  (Bimodal.Automation.Normalization.EnrichedFormula.atom { base := "p", fresh_index := none }))), (true, (Bimodal.Syntax.Formula.untl
  (Bimodal.Syntax.Formula.atom { base := "p", fresh_index := none })
  (Bimodal.Syntax.Formula.imp (Bimodal.Syntax.Formula.bot) (Bimodal.Syntax.Formula.bot)), Bimodal.Automation.Normalization.EnrichedFormula.some_future
  (Bimodal.Automation.Normalization.EnrichedFormula.atom { base := "p", fresh_index := none }))), (true, (Bimodal.Syntax.Formula.snce
  (Bimodal.Syntax.Formula.atom { base := "p", fresh_index := none })
  (Bimodal.Syntax.Formula.imp (Bimodal.Syntax.Formula.bot) (Bimodal.Syntax.Formula.bot)), Bimodal.Automation.Normalization.EnrichedFormula.some_past
  (Bimodal.Automation.Normalization.EnrichedFormula.atom { base := "p", fresh_index := none }))), (true, (Bimodal.Syntax.Formula.imp
  (Bimodal.Syntax.Formula.untl
    (Bimodal.Syntax.Formula.imp
      (Bimodal.Syntax.Formula.atom { base := "p", fresh_index := none })
      (Bimodal.Syntax.Formula.bot))
    (Bimodal.Syntax.Formula.imp (Bimodal.Syntax.Formula.bot) (Bimodal.Syntax.Formula.bot)))
  (Bimodal.Syntax.Formula.bot), Bimodal.Automation.Normalization.EnrichedFormula.all_future
  (Bimodal.Automation.Normalization.EnrichedFormula.atom { base := "p", fresh_index := none }))), (true, (Bimodal.Syntax.Formula.imp
  (Bimodal.Syntax.Formula.snce
    (Bimodal.Syntax.Formula.imp
      (Bimodal.Syntax.Formula.atom { base := "p", fresh_index := none })
      (Bimodal.Syntax.Formula.bot))
    (Bimodal.Syntax.Formula.imp (Bimodal.Syntax.Formula.bot) (Bimodal.Syntax.Formula.bot)))
  (Bimodal.Syntax.Formula.bot), Bimodal.Automation.Normalization.EnrichedFormula.all_past
  (Bimodal.Automation.Normalization.EnrichedFormula.atom { base := "p", fresh_index := none }))), (true, (Bimodal.Syntax.Formula.untl
  (Bimodal.Syntax.Formula.atom { base := "p", fresh_index := none })
  (Bimodal.Syntax.Formula.bot), Bimodal.Automation.Normalization.EnrichedFormula.next
  (Bimodal.Automation.Normalization.EnrichedFormula.atom { base := "p", fresh_index := none }))), (true, (Bimodal.Syntax.Formula.snce
  (Bimodal.Syntax.Formula.atom { base := "p", fresh_index := none })
  (Bimodal.Syntax.Formula.bot), Bimodal.Automation.Normalization.EnrichedFormula.prev
  (Bimodal.Automation.Normalization.EnrichedFormula.atom { base := "p", fresh_index := none })))]
info: Theories/Bimodal/Automation/Normalization.lean:701:0: Bimodal.Automation.Normalization.EnrichedFormula.weak_future
  (Bimodal.Automation.Normalization.EnrichedFormula.atom { base := "p", fresh_index := none })
info: Theories/Bimodal/Automation/Normalization.lean:707:0: Bimodal.Automation.Normalization.EnrichedFormula.weak_past
  (Bimodal.Automation.Normalization.EnrichedFormula.atom { base := "p", fresh_index := none })
info: Theories/Bimodal/Automation/Normalization.lean:713:0: Bimodal.Automation.Normalization.EnrichedFormula.always
  (Bimodal.Automation.Normalization.EnrichedFormula.atom { base := "p", fresh_index := none })
info: Theories/Bimodal/Automation/Normalization.lean:719:0: Bimodal.Automation.Normalization.EnrichedFormula.sometimes
  (Bimodal.Automation.Normalization.EnrichedFormula.atom { base := "p", fresh_index := none })
info: Theories/Bimodal/Automation/Normalization.lean:725:0: [(true, Bimodal.Automation.Normalization.EnrichedFormula.always
  (Bimodal.Automation.Normalization.EnrichedFormula.atom { base := "p", fresh_index := none })), (true, Bimodal.Automation.Normalization.EnrichedFormula.sometimes
  (Bimodal.Automation.Normalization.EnrichedFormula.atom { base := "p", fresh_index := none })), (true, Bimodal.Automation.Normalization.EnrichedFormula.weak_future
  (Bimodal.Automation.Normalization.EnrichedFormula.atom { base := "p", fresh_index := none })), (true, Bimodal.Automation.Normalization.EnrichedFormula.weak_past
  (Bimodal.Automation.Normalization.EnrichedFormula.atom { base := "p", fresh_index := none }))]
info: Theories/Bimodal/Automation/Normalization.lean:904:0: "Round-trip test: ALL PASS (21 formulas tested)"
info: Theories/Bimodal/Automation/Normalization.lean:1121:0: "{\"tag\": \"neg\", \"child\": {\"tag\": \"atom\", \"name\": \"p\"}}"
info: Theories/Bimodal/Automation/Normalization.lean:1127:0: "{\"tag\": \"diamond\", \"child\": {\"tag\": \"atom\", \"name\": \"p\"}}"
info: Theories/Bimodal/Automation/Normalization.lean:1133:0: "{\"tag\": \"diamond\", \"child\": {\"tag\": \"atom\", \"name\": \"p\"}}"
info: Theories/Bimodal/Automation/Normalization.lean:1139:0: "△p"
info: Theories/Bimodal/Automation/Normalization.lean:1145:0: "(and (atom \"p\") (atom \"q\"))"
info: Theories/Bimodal/Automation/Normalization.lean:1151:0: "{\"tag\": \"always\", \"child\": {\"tag\": \"atom\", \"name\": \"p\"}}"
info: Theories/Bimodal/Automation/Normalization.lean:1157:0: "(<>p → Gq)"
⚠ [760/1021] Replayed Bimodal.Metalogic.Core.DeductionTheorem
warning: Theories/Bimodal/Metalogic/Core/DeductionTheorem.lean:109:8: This simp argument is unused:
  List.filter

Hint: Omit it from the simp argument list.
  [apply] simp at hx

Note: This linter can be disabled with `set_option linter.unusedSimpArgs false`
warning: Theories/Bimodal/Metalogic/Core/DeductionTheorem.lean:137:12: This simp argument is unused:
  List.filter

Hint: Omit it from the simp argument list.
  [apply] simp at h_in

Note: This linter can be disabled with `set_option linter.unusedSimpArgs false`
warning: Theories/Bimodal/Metalogic/Core/DeductionTheorem.lean:146:12: This simp argument is unused:
  List.filter

Hint: Omit it from the simp argument list.
  [apply] simp

Note: This linter can be disabled with `set_option linter.unusedSimpArgs false`
warning: Theories/Bimodal/Metalogic/Core/DeductionTheorem.lean:233:16: This simp argument is unused:
  List.filter

Hint: Omit it from the simp argument list.
  [apply] simp

Note: This linter can be disabled with `set_option linter.unusedSimpArgs false`
warning: Theories/Bimodal/Metalogic/Core/DeductionTheorem.lean:261:16: This simp argument is unused:
  List.filter

Hint: Omit it from the simp argument list.
  [apply] simp at hx ⊢

Note: This linter can be disabled with `set_option linter.unusedSimpArgs false`
warning: Theories/Bimodal/Metalogic/Core/DeductionTheorem.lean:268:16: This simp argument is unused:
  List.filter

Hint: Omit it from the simp argument list.
  [apply] simp

Note: This linter can be disabled with `set_option linter.unusedSimpArgs false`
warning: Theories/Bimodal/Metalogic/Core/DeductionTheorem.lean:288:2: 'simp_wf' tactic does nothing

Note: This linter can be disabled with `set_option linter.unusedTactic false`
warning: Theories/Bimodal/Metalogic/Core/DeductionTheorem.lean:429:2: 'simp_wf' tactic does nothing

Note: This linter can be disabled with `set_option linter.unusedTactic false`
⚠ [767/1021] Replayed Bimodal.Metalogic.Core.MaximalConsistent
warning: Theories/Bimodal/Metalogic/Core/MaximalConsistent.lean:358:2: `push_neg` has been deprecated. Prefer using `push Not` instead.
If you'd rather continue using `push_neg` in your project, you can implement it as follows:
```
open Lean.Parser.Tactic in
macro "push_neg" cfg:optConfig loc:(location)? : tactic =>
  `(tactic| push $cfg:optConfig Not $[$loc]?)
```
warning: Theories/Bimodal/Metalogic/Core/MaximalConsistent.lean:489:2: `push_neg` has been deprecated. Prefer using `push Not` instead.
If you'd rather continue using `push_neg` in your project, you can implement it as follows:
```
open Lean.Parser.Tactic in
macro "push_neg" cfg:optConfig loc:(location)? : tactic =>
  `(tactic| push $cfg:optConfig Not $[$loc]?)
```
⚠ [769/1021] Replayed Bimodal.Theorems.GeneralizedNecessitation
warning: Theories/Bimodal/Theorems/GeneralizedNecessitation.lean:96:47: This simp argument is unused:
  Formula.swap_temporal

Hint: Omit it from the simp argument list.
  [apply] simp only [Formula.swap_temporal_all_future, Formula.swap_temporal_involution] at final

Note: This linter can be disabled with `set_option linter.unusedSimpArgs false`
⚠ [771/1021] Replayed Bimodal.Metalogic.Core.MCSProperties
warning: Theories/Bimodal/Metalogic/Core/MCSProperties.lean:84:2: `push_neg` has been deprecated. Prefer using `push Not` instead.
If you'd rather continue using `push_neg` in your project, you can implement it as follows:
```
open Lean.Parser.Tactic in
macro "push_neg" cfg:optConfig loc:(location)? : tactic =>
  `(tactic| push $cfg:optConfig Not $[$loc]?)
```
warning: Theories/Bimodal/Metalogic/Core/MCSProperties.lean:95:6: `push_neg` has been deprecated. Prefer using `push Not` instead.
If you'd rather continue using `push_neg` in your project, you can implement it as follows:
```
open Lean.Parser.Tactic in
macro "push_neg" cfg:optConfig loc:(location)? : tactic =>
  `(tactic| push $cfg:optConfig Not $[$loc]?)
```
warning: Theories/Bimodal/Metalogic/Core/MCSProperties.lean:143:4: `push_neg` has been deprecated. Prefer using `push Not` instead.
If you'd rather continue using `push_neg` in your project, you can implement it as follows:
```
open Lean.Parser.Tactic in
macro "push_neg" cfg:optConfig loc:(location)? : tactic =>
  `(tactic| push $cfg:optConfig Not $[$loc]?)
```
warning: Theories/Bimodal/Metalogic/Core/MCSProperties.lean:184:4: `push_neg` has been deprecated. Prefer using `push Not` instead.
If you'd rather continue using `push_neg` in your project, you can implement it as follows:
```
open Lean.Parser.Tactic in
macro "push_neg" cfg:optConfig loc:(location)? : tactic =>
  `(tactic| push $cfg:optConfig Not $[$loc]?)
```
warning: Theories/Bimodal/Metalogic/Core/MCSProperties.lean:194:8: `push_neg` has been deprecated. Prefer using `push Not` instead.
If you'd rather continue using `push_neg` in your project, you can implement it as follows:
```
open Lean.Parser.Tactic in
macro "push_neg" cfg:optConfig loc:(location)? : tactic =>
  `(tactic| push $cfg:optConfig Not $[$loc]?)
```
warning: Theories/Bimodal/Metalogic/Core/MCSProperties.lean:227:6: `push_neg` has been deprecated. Prefer using `push Not` instead.
If you'd rather continue using `push_neg` in your project, you can implement it as follows:
```
open Lean.Parser.Tactic in
macro "push_neg" cfg:optConfig loc:(location)? : tactic =>
  `(tactic| push $cfg:optConfig Not $[$loc]?)
```
⚠ [773/1021] Replayed Bimodal.Theorems.Perpetuity.Principles
warning: Theories/Bimodal/Theorems/Perpetuity/Principles.lean:402:4: This simp argument is unused:
  Formula.swap_temporal_all_past

Hint: Omit it from the simp argument list.
  [apply] simp only [Formula.swap_temporal, Formula.swap_temporal_all_future,
    Formula.swap_temporal_involution] at mf_swap

Note: This linter can be disabled with `set_option linter.unusedSimpArgs false`
warning: Theories/Bimodal/Theorems/Perpetuity/Principles.lean:669:4: This simp argument is unused:
  Formula.swap_temporal_all_past

Hint: Omit it from the simp argument list.
  [apply] simp only [Formula.swap_temporal, Formula.swap_temporal_all_future, Formula.swap_temporal_involution] at td

Note: This linter can be disabled with `set_option linter.unusedSimpArgs false`
warning: Theories/Bimodal/Theorems/Perpetuity/Principles.lean:746:4: This simp argument is unused:
  Formula.swap_temporal_all_past

Hint: Omit it from the simp argument list.
  [apply] simp only [Formula.swap_temporal, Formula.swap_temporal_all_future, Formula.swap_temporal_involution] at td

Note: This linter can be disabled with `set_option linter.unusedSimpArgs false`
warning: Theories/Bimodal/Theorems/Perpetuity/Principles.lean:812:4: This simp argument is unused:
  Formula.swap_temporal_all_past

Hint: Omit it from the simp argument list.
  [apply] simp only [Formula.swap_temporal, Formula.swap_temporal_all_future,
    Formula.swap_temporal_involution] at td_result

Note: This linter can be disabled with `set_option linter.unusedSimpArgs false`
warning: Theories/Bimodal/Theorems/Perpetuity/Principles.lean:848:4: This simp argument is unused:
  Formula.swap_temporal_all_past

Hint: Omit it from the simp argument list.
  [apply] simp only [Formula.swap_temporal, Formula.swap_temporal_all_future, Formula.swap_temporal_involution]

Note: This linter can be disabled with `set_option linter.unusedSimpArgs false`
⚠ [774/1021] Replayed Bimodal.Theorems.Perpetuity.Bridge
warning: Theories/Bimodal/Theorems/Perpetuity/Bridge.lean:191:6: This simp argument is unused:
  Formula.swap_temporal_all_past

Hint: Omit it from the simp argument list.
  [apply] simp only [Formula.swap_temporal, Formula.swap_temporal_all_future,
    Formula.swap_temporal_involution] at past_raw

Note: This linter can be disabled with `set_option linter.unusedSimpArgs false`
warning: Theories/Bimodal/Theorems/Perpetuity/Bridge.lean:604:6: This simp argument is unused:
  Formula.swap_temporal_all_past

Hint: Omit it from the simp argument list.
  [apply] simp only [Formula.swap_temporal, Formula.swap_temporal_all_future,
    Formula.swap_temporal_involution] at past_raw

Note: This linter can be disabled with `set_option linter.unusedSimpArgs false`
warning: Theories/Bimodal/Theorems/Perpetuity/Bridge.lean:706:6: This simp argument is unused:
  Formula.swap_temporal_all_past

Hint: Omit it from the simp argument list.
  [apply] simp only [Formula.swap_temporal, Formula.swap_temporal_all_future,
    Formula.swap_temporal_involution] at past_raw

Note: This linter can be disabled with `set_option linter.unusedSimpArgs false`
⚠ [778/1021] Replayed Bimodal.Metalogic.Bundle.SuccRelation
warning: Theories/Bimodal/Metalogic/Bundle/SuccRelation.lean:553:8: declaration uses `sorry`
warning: Theories/Bimodal/Metalogic/Bundle/SuccRelation.lean:562:8: declaration uses `sorry`
warning: Theories/Bimodal/Metalogic/Bundle/SuccRelation.lean:585:8: declaration uses `sorry`
warning: Theories/Bimodal/Metalogic/Bundle/SuccRelation.lean:609:8: declaration uses `sorry`
warning: Theories/Bimodal/Metalogic/Bundle/SuccRelation.lean:623:8: declaration uses `sorry`
warning: Theories/Bimodal/Metalogic/Bundle/SuccRelation.lean:636:8: declaration uses `sorry`
warning: Theories/Bimodal/Metalogic/Bundle/SuccRelation.lean:646:8: declaration uses `sorry`
⚠ [782/1021] Replayed Bimodal.Metalogic.Bundle.BFMCS
warning: Theories/Bimodal/Metalogic/Bundle/BFMCS.lean:171:53: Variable name `hfam` is not explicitly referenced.

Hint: The binding can be removed (if unused) or named `_` (if used implicitly). Alternatively, prefix the name with `_` to silence this warning:
  [apply] _hfam

Note: This linter can be disabled with `set_option linter.unusedVariables false`
warning: Theories/Bimodal/Metalogic/Bundle/BFMCS.lean:208:2: `push_neg` has been deprecated. Prefer using `push Not` instead.
If you'd rather continue using `push_neg` in your project, you can implement it as follows:
```
open Lean.Parser.Tactic in
macro "push_neg" cfg:optConfig loc:(location)? : tactic =>
  `(tactic| push $cfg:optConfig Not $[$loc]?)
```
⚠ [783/1021] Replayed Bimodal.Metalogic.Bundle.ModalSaturation
warning: Theories/Bimodal/Metalogic/Bundle/ModalSaturation.lean:86:4: `push_neg` has been deprecated. Prefer using `push Not` instead.
If you'd rather continue using `push_neg` in your project, you can implement it as follows:
```
open Lean.Parser.Tactic in
macro "push_neg" cfg:optConfig loc:(location)? : tactic =>
  `(tactic| push $cfg:optConfig Not $[$loc]?)
```
warning: Theories/Bimodal/Metalogic/Bundle/ModalSaturation.lean:121:21: Variable name `h_diamond` is not explicitly referenced.

Hint: The binding can be removed (if unused) or named `_` (if used implicitly). Alternatively, prefix the name with `_` to silence this warning:
  [apply] _h_diamond

Note: This linter can be disabled with `set_option linter.unusedVariables false`
⚠ [784/1021] Replayed Bimodal.Metalogic.Bundle.Construction
warning: Theories/Bimodal/Metalogic/Bundle/Construction.lean:51:2: Try this: intro L hL ⟨d⟩
⚠ [785/1021] Replayed Bimodal.Metalogic.Bundle.TemporalCoherence
warning: Theories/Bimodal/Metalogic/Bundle/TemporalCoherence.lean:306:0: automatically included section variable(s) unused in theorem `Bimodal.Metalogic.Bundle.BFMCS.temporally_coherent_implies_restricted`:
  [Zero D]
consider restructuring your `variable` declarations so that the variables are not in scope or explicitly omit them:
  omit [Zero D] in theorem ...

Note: This linter can be disabled with `set_option linter.unusedSectionVars false`
warning: Theories/Bimodal/Metalogic/Bundle/TemporalCoherence.lean:325:0: automatically included section variable(s) unused in theorem `Bimodal.Metalogic.Bundle.restricted_temporal_backward_G`:
  [Zero D]
consider restructuring your `variable` declarations so that the variables are not in scope or explicitly omit them:
  omit [Zero D] in theorem ...

Note: This linter can be disabled with `set_option linter.unusedSectionVars false`
warning: Theories/Bimodal/Metalogic/Bundle/TemporalCoherence.lean:350:0: automatically included section variable(s) unused in theorem `Bimodal.Metalogic.Bundle.restricted_temporal_backward_H`:
  [Zero D]
consider restructuring your `variable` declarations so that the variables are not in scope or explicitly omit them:
  omit [Zero D] in theorem ...

Note: This linter can be disabled with `set_option linter.unusedSectionVars false`
warning: Theories/Bimodal/Metalogic/Bundle/TemporalCoherence.lean:377:0: automatically included section variable(s) unused in theorem `Bimodal.Metalogic.Bundle.restricted_temporal_backward_G_strict`:
  [Zero D]
consider restructuring your `variable` declarations so that the variables are not in scope or explicitly omit them:
  omit [Zero D] in theorem ...

Note: This linter can be disabled with `set_option linter.unusedSectionVars false`
warning: Theories/Bimodal/Metalogic/Bundle/TemporalCoherence.lean:401:0: automatically included section variable(s) unused in theorem `Bimodal.Metalogic.Bundle.restricted_temporal_backward_H_strict`:
  [Zero D]
consider restructuring your `variable` declarations so that the variables are not in scope or explicitly omit them:
  omit [Zero D] in theorem ...

Note: This linter can be disabled with `set_option linter.unusedSectionVars false`
⚠ [787/1021] Replayed Bimodal.Metalogic.Bundle.SuccExistence
warning: Theories/Bimodal/Metalogic/Bundle/SuccExistence.lean:436:8: declaration uses `sorry`
warning: Theories/Bimodal/Metalogic/Bundle/SuccExistence.lean:742:8: declaration uses `sorry`
warning: Theories/Bimodal/Metalogic/Bundle/SuccExistence.lean:816:8: declaration uses `sorry`
⚠ [788/1021] Replayed Bimodal.Metalogic.Core.RestrictedMCS.Basic
warning: Theories/Bimodal/Metalogic/Core/RestrictedMCS/Basic.lean:153:4: `push_neg` has been deprecated. Prefer using `push Not` instead.
If you'd rather continue using `push_neg` in your project, you can implement it as follows:
```
open Lean.Parser.Tactic in
macro "push_neg" cfg:optConfig loc:(location)? : tactic =>
  `(tactic| push $cfg:optConfig Not $[$loc]?)
```
warning: Theories/Bimodal/Metalogic/Core/RestrictedMCS/Basic.lean:197:4: `push_neg` has been deprecated. Prefer using `push Not` instead.
If you'd rather continue using `push_neg` in your project, you can implement it as follows:
```
open Lean.Parser.Tactic in
macro "push_neg" cfg:optConfig loc:(location)? : tactic =>
  `(tactic| push $cfg:optConfig Not $[$loc]?)
```
warning: Theories/Bimodal/Metalogic/Core/RestrictedMCS/Basic.lean:407:4: Try this: intro L hL ⟨d⟩
warning: Theories/Bimodal/Metalogic/Core/RestrictedMCS/Basic.lean:504:4: `push_neg` has been deprecated. Prefer using `push Not` instead.
If you'd rather continue using `push_neg` in your project, you can implement it as follows:
```
open Lean.Parser.Tactic in
macro "push_neg" cfg:optConfig loc:(location)? : tactic =>
  `(tactic| push $cfg:optConfig Not $[$loc]?)
```
warning: Theories/Bimodal/Metalogic/Core/RestrictedMCS/Basic.lean:609:4: `push_neg` has been deprecated. Prefer using `push Not` instead.
If you'd rather continue using `push_neg` in your project, you can implement it as follows:
```
open Lean.Parser.Tactic in
macro "push_neg" cfg:optConfig loc:(location)? : tactic =>
  `(tactic| push $cfg:optConfig Not $[$loc]?)
```
⚠ [823/1021] Replayed Bimodal.Metalogic.Decidability.FMP.Filtration
warning: Theories/Bimodal/Metalogic/Decidability/FMP/Filtration.lean:237:19: This simp argument is unused:
  hd

Hint: Omit it from the simp argument list.
  [apply] simp only [↓reduceIte, hnd]

Note: This linter can be disabled with `set_option linter.unusedSimpArgs false`
warning: Theories/Bimodal/Metalogic/Decidability/FMP/Filtration.lean:297:9: Variable name `S` is not explicitly referenced.

Hint: The binding can be removed (if unused) or named `_` (if used implicitly). Alternatively, prefix the name with `_` to silence this warning:
  [apply] _S

Note: This linter can be disabled with `set_option linter.unusedVariables false`
warning: Theories/Bimodal/Metalogic/Decidability/FMP/Filtration.lean:297:11: Variable name `T` is not explicitly referenced.

Hint: The binding can be removed (if unused) or named `_` (if used implicitly). Alternatively, prefix the name with `_` to silence this warning:
  [apply] _T

Note: This linter can be disabled with `set_option linter.unusedVariables false`
⚠ [837/1021] Replayed Bimodal.Metalogic.Decidability.FMP.FiniteModel
warning: Theories/Bimodal/Metalogic/Decidability/FMP/FiniteModel.lean:85:9: Variable name `S` is not explicitly referenced.

Hint: The binding can be removed (if unused) or named `_` (if used implicitly). Alternatively, prefix the name with `_` to silence this warning:
  [apply] _S

Note: This linter can be disabled with `set_option linter.unusedVariables false`
warning: Theories/Bimodal/Metalogic/Decidability/FMP/FiniteModel.lean:85:11: Variable name `T` is not explicitly referenced.

Hint: The binding can be removed (if unused) or named `_` (if used implicitly). Alternatively, prefix the name with `_` to silence this warning:
  [apply] _T

Note: This linter can be disabled with `set_option linter.unusedVariables false`
⚠ [838/1021] Replayed Bimodal.Metalogic.Decidability.FMP.TruthPreservation
warning: Theories/Bimodal/Metalogic/Decidability/FMP/TruthPreservation.lean:75:9: Variable name `S` is not explicitly referenced.

Hint: The binding can be removed (if unused) or named `_` (if used implicitly). Alternatively, prefix the name with `_` to silence this warning:
  [apply] _S

Note: This linter can be disabled with `set_option linter.unusedVariables false`
warning: Theories/Bimodal/Metalogic/Decidability/FMP/TruthPreservation.lean:75:11: Variable name `T` is not explicitly referenced.

Hint: The binding can be removed (if unused) or named `_` (if used implicitly). Alternatively, prefix the name with `_` to silence this warning:
  [apply] _T

Note: This linter can be disabled with `set_option linter.unusedVariables false`
⚠ [839/1021] Replayed Bimodal.Metalogic.Decidability.FMP.FMP
warning: Theories/Bimodal/Metalogic/Decidability/FMP/FMP.lean:72:4: Try this: intro L hL ⟨d_bot⟩
warning: Theories/Bimodal/Metalogic/Decidability/FMP/FMP.lean:174:7: Variable name `S` is not explicitly referenced.

Hint: The binding can be removed (if unused) or named `_` (if used implicitly). Alternatively, prefix the name with `_` to silence this warning:
  [apply] _S

Note: This linter can be disabled with `set_option linter.unusedVariables false`
⚠ [845/1021] Replayed Bimodal.Metalogic.Decidability.Propositional.Decidable
warning: Theories/Bimodal/Metalogic/Decidability/Propositional/Decidable.lean:129:23: This simp argument is unused:
  PropForm.denote

Hint: Omit it from the simp argument list.
  [apply] simp [reifyWith, hφeq, hψeq]

Note: This linter can be disabled with `set_option linter.unusedSimpArgs false`
warning: Theories/Bimodal/Metalogic/Decidability/Propositional/Decidable.lean:161:8: This simp argument is unused:
  PropForm.eval

Hint: Omit it from the simp argument list.
  [apply] simp [Bimodal.Semantics.truth_at, WorldHistory.trivial, trivialModel, reifyWith]

Note: This linter can be disabled with `set_option linter.unusedSimpArgs false`
warning: Theories/Bimodal/Metalogic/Decidability/Propositional/Decidable.lean:164:51: This simp argument is unused:
  PropForm.eval

Hint: Omit it from the simp argument list.
  [apply] simp [Bimodal.Semantics.truth_at, reifyWith]

Note: This linter can be disabled with `set_option linter.unusedSimpArgs false`
warning: Theories/Bimodal/Metalogic/Decidability/Propositional/Decidable.lean:187:4: `push_neg` has been deprecated. Prefer using `push Not` instead.
If you'd rather continue using `push_neg` in your project, you can implement it as follows:
```
open Lean.Parser.Tactic in
macro "push_neg" cfg:optConfig loc:(location)? : tactic =>
  `(tactic| push $cfg:optConfig Not $[$loc]?)
```
⚠ [847/1021] Replayed Bimodal.Metalogic.BXCanonical.Frame
warning: Theories/Bimodal/Metalogic/BXCanonical/Frame.lean:74:0: Definition `g_content_closed_derivation` is a proposition; use `theorem` instead of `def`

Note: This linter can be disabled with `set_option linter.defProp false`
warning: Theories/Bimodal/Metalogic/BXCanonical/Frame.lean:98:0: Definition `h_content_closed_derivation` is a proposition; use `theorem` instead of `def`

Note: This linter can be disabled with `set_option linter.defProp false`
warning: Theories/Bimodal/Metalogic/BXCanonical/Frame.lean:212:0: Definition `bx_forward_witness` is a proposition; use `theorem` instead of `def`

Note: This linter can be disabled with `set_option linter.defProp false`
warning: Theories/Bimodal/Metalogic/BXCanonical/Frame.lean:224:0: Definition `bx_backward_witness` is a proposition; use `theorem` instead of `def`

Note: This linter can be disabled with `set_option linter.defProp false`
warning: Theories/Bimodal/Metalogic/BXCanonical/Frame.lean:248:0: Definition `bx_G_backward` is a proposition; use `theorem` instead of `def`

Note: This linter can be disabled with `set_option linter.defProp false`
warning: Theories/Bimodal/Metalogic/BXCanonical/Frame.lean:323:0: Definition `bx_H_backward` is a proposition; use `theorem` instead of `def`

Note: This linter can be disabled with `set_option linter.defProp false`
warning: Theories/Bimodal/Metalogic/BXCanonical/Frame.lean:391:0: Definition `bx_modal_witness` is a proposition; use `theorem` instead of `def`

Note: This linter can be disabled with `set_option linter.defProp false`
warning: Theories/Bimodal/Metalogic/BXCanonical/Frame.lean:674:5: Variable name `h_not_psi` is not explicitly referenced.

Hint: The binding can be removed (if unused) or named `_` (if used implicitly). Alternatively, prefix the name with `_` to silence this warning:
  [apply] _h_not_psi

Note: This linter can be disabled with `set_option linter.unusedVariables false`
warning: Theories/Bimodal/Metalogic/BXCanonical/Frame.lean:662:0: Definition `bx_until_eventuality_resolution` is a proposition; use `theorem` instead of `def`

Note: This linter can be disabled with `set_option linter.defProp false`
warning: Theories/Bimodal/Metalogic/BXCanonical/Frame.lean:693:5: Variable name `h_not_psi` is not explicitly referenced.

Hint: The binding can be removed (if unused) or named `_` (if used implicitly). Alternatively, prefix the name with `_` to silence this warning:
  [apply] _h_not_psi

Note: This linter can be disabled with `set_option linter.unusedVariables false`
warning: Theories/Bimodal/Metalogic/BXCanonical/Frame.lean:684:0: Definition `bx_since_eventuality_resolution` is a proposition; use `theorem` instead of `def`

Note: This linter can be disabled with `set_option linter.defProp false`
⚠ [852/1021] Replayed Bimodal.Metalogic.BXCanonical.Chronicle.ChronicleTypes
warning: Theories/Bimodal/Metalogic/BXCanonical/Chronicle/ChronicleTypes.lean:104:0: Definition `bx_modal_witness_fc` is a proposition; use `theorem` instead of `def`

Note: This linter can be disabled with `set_option linter.defProp false`
warning: Theories/Bimodal/Metalogic/BXCanonical/Chronicle/ChronicleTypes.lean:546:2: The namespace `Chronicle` is duplicated in the declaration `Bimodal.Metalogic.BXCanonical.Chronicle.Chronicle.g`.

Note: This linter can be disabled with `set_option linter.dupNamespace false`
warning: Theories/Bimodal/Metalogic/BXCanonical/Chronicle/ChronicleTypes.lean:548:2: The namespace `Chronicle` is duplicated in the declaration `Bimodal.Metalogic.BXCanonical.Chronicle.Chronicle.dom`.

Note: This linter can be disabled with `set_option linter.dupNamespace false`
warning: Theories/Bimodal/Metalogic/BXCanonical/Chronicle/ChronicleTypes.lean:542:10: The namespace `Chronicle` is duplicated in the declaration `Bimodal.Metalogic.BXCanonical.Chronicle.Chronicle`.

Note: This linter can be disabled with `set_option linter.dupNamespace false`
warning: Theories/Bimodal/Metalogic/BXCanonical/Chronicle/ChronicleTypes.lean:542:10: The namespace `Chronicle` is duplicated in the declaration `Bimodal.Metalogic.BXCanonical.Chronicle.Chronicle.mk`.

Note: This linter can be disabled with `set_option linter.dupNamespace false`
warning: Theories/Bimodal/Metalogic/BXCanonical/Chronicle/ChronicleTypes.lean:544:2: The namespace `Chronicle` is duplicated in the declaration `Bimodal.Metalogic.BXCanonical.Chronicle.Chronicle.f`.

Note: This linter can be disabled with `set_option linter.dupNamespace false`
warning: Theories/Bimodal/Metalogic/BXCanonical/Chronicle/ChronicleTypes.lean:553:4: The namespace `Chronicle` is duplicated in the declaration `Bimodal.Metalogic.BXCanonical.Chronicle.Chronicle.c0`.

Note: This linter can be disabled with `set_option linter.dupNamespace false`
warning: Theories/Bimodal/Metalogic/BXCanonical/Chronicle/ChronicleTypes.lean:561:4: The namespace `Chronicle` is duplicated in the declaration `Bimodal.Metalogic.BXCanonical.Chronicle.Chronicle.c1`.

Note: This linter can be disabled with `set_option linter.dupNamespace false`
warning: Theories/Bimodal/Metalogic/BXCanonical/Chronicle/ChronicleTypes.lean:566:4: The namespace `Chronicle` is duplicated in the declaration `Bimodal.Metalogic.BXCanonical.Chronicle.Chronicle.c2`.

Note: This linter can be disabled with `set_option linter.dupNamespace false`
warning: Theories/Bimodal/Metalogic/BXCanonical/Chronicle/ChronicleTypes.lean:582:4: The namespace `Chronicle` is duplicated in the declaration `Bimodal.Metalogic.BXCanonical.Chronicle.Chronicle.c2'`.

Note: This linter can be disabled with `set_option linter.dupNamespace false`
warning: Theories/Bimodal/Metalogic/BXCanonical/Chronicle/ChronicleTypes.lean:593:4: The namespace `Chronicle` is duplicated in the declaration `Bimodal.Metalogic.BXCanonical.Chronicle.Chronicle.c3`.

Note: This linter can be disabled with `set_option linter.dupNamespace false`
warning: Theories/Bimodal/Metalogic/BXCanonical/Chronicle/ChronicleTypes.lean:611:4: The namespace `Chronicle` is duplicated in the declaration `Bimodal.Metalogic.BXCanonical.Chronicle.Chronicle.c4`.

Note: This linter can be disabled with `set_option linter.dupNamespace false`
warning: Theories/Bimodal/Metalogic/BXCanonical/Chronicle/ChronicleTypes.lean:626:4: The namespace `Chronicle` is duplicated in the declaration `Bimodal.Metalogic.BXCanonical.Chronicle.Chronicle.c4'`.

Note: This linter can be disabled with `set_option linter.dupNamespace false`
warning: Theories/Bimodal/Metalogic/BXCanonical/Chronicle/ChronicleTypes.lean:637:4: The namespace `Chronicle` is duplicated in the declaration `Bimodal.Metalogic.BXCanonical.Chronicle.Chronicle.c5`.

Note: This linter can be disabled with `set_option linter.dupNamespace false`
warning: Theories/Bimodal/Metalogic/BXCanonical/Chronicle/ChronicleTypes.lean:646:4: The namespace `Chronicle` is duplicated in the declaration `Bimodal.Metalogic.BXCanonical.Chronicle.Chronicle.c5'`.

Note: This linter can be disabled with `set_option linter.dupNamespace false`
⚠ [855/1021] Replayed Bimodal.Metalogic.BXCanonical.Quasimodel.HintikkaPoint
warning: Theories/Bimodal/Metalogic/BXCanonical/Quasimodel/HintikkaPoint.lean:142:6: Variable name `h1` is not explicitly referenced.

Hint: The binding can be removed (if unused) or named `_` (if used implicitly). Alternatively, prefix the name with `_` to silence this warning:
  [apply] _h1

Note: This linter can be disabled with `set_option linter.unusedVariables false`
warning: Theories/Bimodal/Metalogic/BXCanonical/Quasimodel/HintikkaPoint.lean:142:9: Variable name `h2` is not explicitly referenced.

Hint: The binding can be removed (if unused) or named `_` (if used implicitly). Alternatively, prefix the name with `_` to silence this warning:
  [apply] _h2

Note: This linter can be disabled with `set_option linter.unusedVariables false`
⚠ [860/1021] Replayed Bimodal.Metalogic.BXCanonical.Chronicle.PointInsertion
warning: Theories/Bimodal/Metalogic/BXCanonical/Chronicle/PointInsertion.lean:148:0: Definition `lemma_2_4` is a proposition; use `theorem` instead of `def`

Note: This linter can be disabled with `set_option linter.defProp false`
warning: Theories/Bimodal/Metalogic/BXCanonical/Chronicle/PointInsertion.lean:314:5: Variable name `h_mcs_C` is not explicitly referenced.

Hint: The binding can be removed (if unused) or named `_` (if used implicitly). Alternatively, prefix the name with `_` to silence this warning:
  [apply] _h_mcs_C

Note: This linter can be disabled with `set_option linter.unusedVariables false`
warning: Theories/Bimodal/Metalogic/BXCanonical/Chronicle/PointInsertion.lean:310:0: Definition `lemma_2_6` is a proposition; use `theorem` instead of `def`

Note: This linter can be disabled with `set_option linter.defProp false`
warning: Theories/Bimodal/Metalogic/BXCanonical/Chronicle/PointInsertion.lean:435:0: Definition `g_propagation_witness` is a proposition; use `theorem` instead of `def`

Note: This linter can be disabled with `set_option linter.defProp false`
warning: Theories/Bimodal/Metalogic/BXCanonical/Chronicle/PointInsertion.lean:1252:10: This simp argument is unused:
  List.mem_singleton

Hint: Omit it from the simp argument list.
  [apply] simp at h

Note: This linter can be disabled with `set_option linter.unusedSimpArgs false`
warning: Theories/Bimodal/Metalogic/BXCanonical/Chronicle/PointInsertion.lean:1308:35: This simp argument is unused:
  List.mem_singleton

Hint: Omit it from the simp argument list.
  [apply] simp at hψ

Note: This linter can be disabled with `set_option linter.unusedSimpArgs false`
warning: Theories/Bimodal/Metalogic/BXCanonical/Chronicle/PointInsertion.lean:1523:4: `push_neg` has been deprecated. Prefer using `push Not` instead.
If you'd rather continue using `push_neg` in your project, you can implement it as follows:
```
open Lean.Parser.Tactic in
macro "push_neg" cfg:optConfig loc:(location)? : tactic =>
  `(tactic| push $cfg:optConfig Not $[$loc]?)
```
warning: Theories/Bimodal/Metalogic/BXCanonical/Chronicle/PointInsertion.lean:1656:4: `push_neg` has been deprecated. Prefer using `push Not` instead.
If you'd rather continue using `push_neg` in your project, you can implement it as follows:
```
open Lean.Parser.Tactic in
macro "push_neg" cfg:optConfig loc:(location)? : tactic =>
  `(tactic| push $cfg:optConfig Not $[$loc]?)
```
warning: Theories/Bimodal/Metalogic/BXCanonical/Chronicle/PointInsertion.lean:1837:28: Variable name `fc` is not explicitly referenced.

Hint: The binding can be removed (if unused) or named `_` (if used implicitly). Alternatively, prefix the name with `_` to silence this warning:
  [apply] _fc

Note: This linter can be disabled with `set_option linter.unusedVariables false`
warning: Theories/Bimodal/Metalogic/BXCanonical/Chronicle/PointInsertion.lean:1847:38: Variable name `h` is not explicitly referenced.

Hint: The binding can be removed (if unused) or named `_` (if used implicitly). Alternatively, prefix the name with `_` to silence this warning:
  [apply] _h

Note: This linter can be disabled with `set_option linter.unusedVariables false`
warning: Theories/Bimodal/Metalogic/BXCanonical/Chronicle/PointInsertion.lean:1915:41: Variable name `fc` is not explicitly referenced.

Hint: The binding can be removed (if unused) or named `_` (if used implicitly). Alternatively, prefix the name with `_` to silence this warning:
  [apply] _fc

Note: This linter can be disabled with `set_option linter.unusedVariables false`
warning: Theories/Bimodal/Metalogic/BXCanonical/Chronicle/PointInsertion.lean:1999:4: `push_neg` has been deprecated. Prefer using `push Not` instead.
If you'd rather continue using `push_neg` in your project, you can implement it as follows:
```
open Lean.Parser.Tactic in
macro "push_neg" cfg:optConfig loc:(location)? : tactic =>
  `(tactic| push $cfg:optConfig Not $[$loc]?)
```
warning: Theories/Bimodal/Metalogic/BXCanonical/Chronicle/PointInsertion.lean:2291:5: Variable name `h_mcs_C` is not explicitly referenced.

Hint: The binding can be removed (if unused) or named `_` (if used implicitly). Alternatively, prefix the name with `_` to silence this warning:
  [apply] _h_mcs_C

Note: This linter can be disabled with `set_option linter.unusedVariables false`
warning: Theories/Bimodal/Metalogic/BXCanonical/Chronicle/PointInsertion.lean:2673:4: `push_neg` has been deprecated. Prefer using `push Not` instead.
If you'd rather continue using `push_neg` in your project, you can implement it as follows:
```
open Lean.Parser.Tactic in
macro "push_neg" cfg:optConfig loc:(location)? : tactic =>
  `(tactic| push $cfg:optConfig Not $[$loc]?)
```
warning: Theories/Bimodal/Metalogic/BXCanonical/Chronicle/PointInsertion.lean:3334:0: Definition `lemma_2_4_with_guard` is a proposition; use `theorem` instead of `def`

Note: This linter can be disabled with `set_option linter.defProp false`
warning: Theories/Bimodal/Metalogic/BXCanonical/Chronicle/PointInsertion.lean:3494:0: Definition `lemma_2_4_since_with_guard` is a proposition; use `theorem` instead of `def`

Note: This linter can be disabled with `set_option linter.defProp false`
⚠ [1033/1877] Replayed Bimodal.Metalogic.BXCanonical.Chronicle.CounterexampleElimination
warning: Theories/Bimodal/Metalogic/BXCanonical/Chronicle/CounterexampleElimination.lean:259:5: Variable name `h_dom_sub` is not explicitly referenced.

Hint: The binding can be removed (if unused) or named `_` (if used implicitly). Alternatively, prefix the name with `_` to silence this warning:
  [apply] _h_dom_sub

Note: This linter can be disabled with `set_option linter.unusedVariables false`
warning: Theories/Bimodal/Metalogic/BXCanonical/Chronicle/CounterexampleElimination.lean:261:5: Variable name `h_adj'` is not explicitly referenced.

Hint: The binding can be removed (if unused) or named `_` (if used implicitly). Alternatively, prefix the name with `_` to silence this warning:
  [apply] _h_adj'

Note: This linter can be disabled with `set_option linter.unusedVariables false`
warning: Theories/Bimodal/Metalogic/BXCanonical/Chronicle/CounterexampleElimination.lean:328:0: Definition `eliminate_C5_counterexample` is a proposition; use `theorem` instead of `def`

Note: This linter can be disabled with `set_option linter.defProp false`
warning: Theories/Bimodal/Metalogic/BXCanonical/Chronicle/CounterexampleElimination.lean:379:0: Definition `eliminate_C5'_counterexample` is a proposition; use `theorem` instead of `def`

Note: This linter can be disabled with `set_option linter.defProp false`
warning: Theories/Bimodal/Metalogic/BXCanonical/Chronicle/CounterexampleElimination.lean:442:27: Variable name `h_y_mem` is not explicitly referenced.

Hint: The binding can be removed (if unused) or named `_` (if used implicitly). Alternatively, prefix the name with `_` to silence this warning:
  [apply] _h_y_mem

Note: This linter can be disabled with `set_option linter.unusedVariables false`
warning: Theories/Bimodal/Metalogic/BXCanonical/Chronicle/CounterexampleElimination.lean:445:5: Variable name `h_not` is not explicitly referenced.

Hint: The binding can be removed (if unused) or named `_` (if used implicitly). Alternatively, prefix the name with `_` to silence this warning:
  [apply] _h_not

Note: This linter can be disabled with `set_option linter.unusedVariables false`
warning: Theories/Bimodal/Metalogic/BXCanonical/Chronicle/CounterexampleElimination.lean:434:0: Definition `eliminate_g_prop_counterexample` is a proposition; use `theorem` instead of `def`

Note: This linter can be disabled with `set_option linter.defProp false`
warning: Theories/Bimodal/Metalogic/BXCanonical/Chronicle/CounterexampleElimination.lean:482:27: Variable name `h_y_mem` is not explicitly referenced.

Hint: The binding can be removed (if unused) or named `_` (if used implicitly). Alternatively, prefix the name with `_` to silence this warning:
  [apply] _h_y_mem

Note: This linter can be disabled with `set_option linter.unusedVariables false`
warning: Theories/Bimodal/Metalogic/BXCanonical/Chronicle/CounterexampleElimination.lean:485:5: Variable name `h_not` is not explicitly referenced.

Hint: The binding can be removed (if unused) or named `_` (if used implicitly). Alternatively, prefix the name with `_` to silence this warning:
  [apply] _h_not

Note: This linter can be disabled with `set_option linter.unusedVariables false`
warning: Theories/Bimodal/Metalogic/BXCanonical/Chronicle/CounterexampleElimination.lean:475:0: Definition `eliminate_h_prop_counterexample` is a proposition; use `theorem` instead of `def`

Note: This linter can be disabled with `set_option linter.defProp false`
warning: Theories/Bimodal/Metalogic/BXCanonical/Chronicle/CounterexampleElimination.lean:782:33: `push_neg` has been deprecated. Prefer using `push Not` instead.
If you'd rather continue using `push_neg` in your project, you can implement it as follows:
```
open Lean.Parser.Tactic in
macro "push_neg" cfg:optConfig loc:(location)? : tactic =>
  `(tactic| push $cfg:optConfig Not $[$loc]?)
```
warning: Theories/Bimodal/Metalogic/BXCanonical/Chronicle/CounterexampleElimination.lean:878:33: `push_neg` has been deprecated. Prefer using `push Not` instead.
If you'd rather continue using `push_neg` in your project, you can implement it as follows:
```
open Lean.Parser.Tactic in
macro "push_neg" cfg:optConfig loc:(location)? : tactic =>
  `(tactic| push $cfg:optConfig Not $[$loc]?)
```
warning: Theories/Bimodal/Metalogic/BXCanonical/Chronicle/CounterexampleElimination.lean:881:33: `push_neg` has been deprecated. Prefer using `push Not` instead.
If you'd rather continue using `push_neg` in your project, you can implement it as follows:
```
open Lean.Parser.Tactic in
macro "push_neg" cfg:optConfig loc:(location)? : tactic =>
  `(tactic| push $cfg:optConfig Not $[$loc]?)
```
warning: Theories/Bimodal/Metalogic/BXCanonical/Chronicle/CounterexampleElimination.lean:885:14: `push_neg` has been deprecated. Prefer using `push Not` instead.
If you'd rather continue using `push_neg` in your project, you can implement it as follows:
```
open Lean.Parser.Tactic in
macro "push_neg" cfg:optConfig loc:(location)? : tactic =>
  `(tactic| push $cfg:optConfig Not $[$loc]?)
```
warning: Theories/Bimodal/Metalogic/BXCanonical/Chronicle/CounterexampleElimination.lean:925:18: `push_neg` has been deprecated. Prefer using `push Not` instead.
If you'd rather continue using `push_neg` in your project, you can implement it as follows:
```
open Lean.Parser.Tactic in
macro "push_neg" cfg:optConfig loc:(location)? : tactic =>
  `(tactic| push $cfg:optConfig Not $[$loc]?)
```
warning: Theories/Bimodal/Metalogic/BXCanonical/Chronicle/CounterexampleElimination.lean:1076:29: `push_neg` has been deprecated. Prefer using `push Not` instead.
If you'd rather continue using `push_neg` in your project, you can implement it as follows:
```
open Lean.Parser.Tactic in
macro "push_neg" cfg:optConfig loc:(location)? : tactic =>
  `(tactic| push $cfg:optConfig Not $[$loc]?)
```
warning: Theories/Bimodal/Metalogic/BXCanonical/Chronicle/CounterexampleElimination.lean:1086:27: `push_neg` has been deprecated. Prefer using `push Not` instead.
If you'd rather continue using `push_neg` in your project, you can implement it as follows:
```
open Lean.Parser.Tactic in
macro "push_neg" cfg:optConfig loc:(location)? : tactic =>
  `(tactic| push $cfg:optConfig Not $[$loc]?)
```
warning: Theories/Bimodal/Metalogic/BXCanonical/Chronicle/CounterexampleElimination.lean:728:44: This simp argument is unused:
  ite_true

Hint: Omit it from the simp argument list.
  [apply] simp only [ha_ne, hb_ne, ite_false]

Note: This linter can be disabled with `set_option linter.unusedSimpArgs false`
warning: Theories/Bimodal/Metalogic/BXCanonical/Chronicle/CounterexampleElimination.lean:1082:69: This simp argument is unused:
  and_true

Hint: Omit it from the simp argument list.
  [apply] simp only [val, g', if_true, hx'_ne_z, if_false, hz_ne_pt, and_self, if_true]

Note: This linter can be disabled with `set_option linter.unusedSimpArgs false`
warning: Theories/Bimodal/Metalogic/BXCanonical/Chronicle/CounterexampleElimination.lean:1093:81: This simp argument is unused:
  ne_of_gt hstart_lt_z

Hint: Omit it from the simp argument list.
  [apply] simp only [ne_of_lt hstart_lt_z, if_false, if_true, and_self, if_true]

Note: This linter can be disabled with `set_option linter.unusedSimpArgs false`
warning: Theories/Bimodal/Metalogic/BXCanonical/Chronicle/CounterexampleElimination.lean:1457:33: `push_neg` has been deprecated. Prefer using `push Not` instead.
If you'd rather continue using `push_neg` in your project, you can implement it as follows:
```
open Lean.Parser.Tactic in
macro "push_neg" cfg:optConfig loc:(location)? : tactic =>
  `(tactic| push $cfg:optConfig Not $[$loc]?)
```
warning: Theories/Bimodal/Metalogic/BXCanonical/Chronicle/CounterexampleElimination.lean:1460:33: `push_neg` has been deprecated. Prefer using `push Not` instead.
If you'd rather continue using `push_neg` in your project, you can implement it as follows:
```
open Lean.Parser.Tactic in
macro "push_neg" cfg:optConfig loc:(location)? : tactic =>
  `(tactic| push $cfg:optConfig Not $[$loc]?)
```
warning: Theories/Bimodal/Metalogic/BXCanonical/Chronicle/CounterexampleElimination.lean:1464:14: `push_neg` has been deprecated. Prefer using `push Not` instead.
If you'd rather continue using `push_neg` in your project, you can implement it as follows:
```
open Lean.Parser.Tactic in
macro "push_neg" cfg:optConfig loc:(location)? : tactic =>
  `(tactic| push $cfg:optConfig Not $[$loc]?)
```
warning: Theories/Bimodal/Metalogic/BXCanonical/Chronicle/CounterexampleElimination.lean:1504:18: `push_neg` has been deprecated. Prefer using `push Not` instead.
If you'd rather continue using `push_neg` in your project, you can implement it as follows:
```
open Lean.Parser.Tactic in
macro "push_neg" cfg:optConfig loc:(location)? : tactic =>
  `(tactic| push $cfg:optConfig Not $[$loc]?)
```
warning: Theories/Bimodal/Metalogic/BXCanonical/Chronicle/CounterexampleElimination.lean:1656:29: `push_neg` has been deprecated. Prefer using `push Not` instead.
If you'd rather continue using `push_neg` in your project, you can implement it as follows:
```
open Lean.Parser.Tactic in
macro "push_neg" cfg:optConfig loc:(location)? : tactic =>
  `(tactic| push $cfg:optConfig Not $[$loc]?)
```
warning: Theories/Bimodal/Metalogic/BXCanonical/Chronicle/CounterexampleElimination.lean:1667:27: `push_neg` has been deprecated. Prefer using `push Not` instead.
If you'd rather continue using `push_neg` in your project, you can implement it as follows:
```
open Lean.Parser.Tactic in
macro "push_neg" cfg:optConfig loc:(location)? : tactic =>
  `(tactic| push $cfg:optConfig Not $[$loc]?)
```
warning: Theories/Bimodal/Metalogic/BXCanonical/Chronicle/CounterexampleElimination.lean:1663:66: This simp argument is unused:
  false_and

Hint: Omit it from the simp argument list.
  [apply] simp only [ite_true, hb_ne_z, ite_false, g', hz_ne_x'', ite_false, and_self, ite_true]

Note: This linter can be disabled with `set_option linter.unusedSimpArgs false`
warning: Theories/Bimodal/Metalogic/BXCanonical/Chronicle/CounterexampleElimination.lean:1674:79: This simp argument is unused:
  ne_of_gt hx''_lt_z

Hint: Omit it from the simp argument list.
  [apply] simp only [ne_of_lt hx''_lt_z, if_false, if_true, and_self, if_true]

Note: This linter can be disabled with `set_option linter.unusedSimpArgs false`
warning: Theories/Bimodal/Metalogic/BXCanonical/Chronicle/CounterexampleElimination.lean:1799:27: This simp argument is unused:
  gt_iff_lt

Hint: Omit it from the simp argument list.
  [apply] simp_all only

Note: This linter can be disabled with `set_option linter.unusedSimpArgs false`
warning: Theories/Bimodal/Metalogic/BXCanonical/Chronicle/CounterexampleElimination.lean:1939:39: `push_neg` has been deprecated. Prefer using `push Not` instead.
If you'd rather continue using `push_neg` in your project, you can implement it as follows:
```
open Lean.Parser.Tactic in
macro "push_neg" cfg:optConfig loc:(location)? : tactic =>
  `(tactic| push $cfg:optConfig Not $[$loc]?)
```
warning: Theories/Bimodal/Metalogic/BXCanonical/Chronicle/CounterexampleElimination.lean:2166:33: `push_neg` has been deprecated. Prefer using `push Not` instead.
If you'd rather continue using `push_neg` in your project, you can implement it as follows:
```
open Lean.Parser.Tactic in
macro "push_neg" cfg:optConfig loc:(location)? : tactic =>
  `(tactic| push $cfg:optConfig Not $[$loc]?)
```
warning: Theories/Bimodal/Metalogic/BXCanonical/Chronicle/CounterexampleElimination.lean:2184:33: `push_neg` has been deprecated. Prefer using `push Not` instead.
If you'd rather continue using `push_neg` in your project, you can implement it as follows:
```
open Lean.Parser.Tactic in
macro "push_neg" cfg:optConfig loc:(location)? : tactic =>
  `(tactic| push $cfg:optConfig Not $[$loc]?)
```
warning: Theories/Bimodal/Metalogic/BXCanonical/Chronicle/CounterexampleElimination.lean:2340:16: `push_neg` has been deprecated. Prefer using `push Not` instead.
If you'd rather continue using `push_neg` in your project, you can implement it as follows:
```
open Lean.Parser.Tactic in
macro "push_neg" cfg:optConfig loc:(location)? : tactic =>
  `(tactic| push $cfg:optConfig Not $[$loc]?)
```
warning: Theories/Bimodal/Metalogic/BXCanonical/Chronicle/CounterexampleElimination.lean:2687:33: `push_neg` has been deprecated. Prefer using `push Not` instead.
If you'd rather continue using `push_neg` in your project, you can implement it as follows:
```
open Lean.Parser.Tactic in
macro "push_neg" cfg:optConfig loc:(location)? : tactic =>
  `(tactic| push $cfg:optConfig Not $[$loc]?)
```
warning: Theories/Bimodal/Metalogic/BXCanonical/Chronicle/CounterexampleElimination.lean:2705:33: `push_neg` has been deprecated. Prefer using `push Not` instead.
If you'd rather continue using `push_neg` in your project, you can implement it as follows:
```
open Lean.Parser.Tactic in
macro "push_neg" cfg:optConfig loc:(location)? : tactic =>
  `(tactic| push $cfg:optConfig Not $[$loc]?)
```
warning: Theories/Bimodal/Metalogic/BXCanonical/Chronicle/CounterexampleElimination.lean:2855:16: `push_neg` has been deprecated. Prefer using `push Not` instead.
If you'd rather continue using `push_neg` in your project, you can implement it as follows:
```
open Lean.Parser.Tactic in
macro "push_neg" cfg:optConfig loc:(location)? : tactic =>
  `(tactic| push $cfg:optConfig Not $[$loc]?)
```
warning: Theories/Bimodal/Metalogic/BXCanonical/Chronicle/CounterexampleElimination.lean:3032:29: `push_neg` has been deprecated. Prefer using `push Not` instead.
If you'd rather continue using `push_neg` in your project, you can implement it as follows:
```
open Lean.Parser.Tactic in
macro "push_neg" cfg:optConfig loc:(location)? : tactic =>
  `(tactic| push $cfg:optConfig Not $[$loc]?)
```
warning: Theories/Bimodal/Metalogic/BXCanonical/Chronicle/CounterexampleElimination.lean:3050:29: `push_neg` has been deprecated. Prefer using `push Not` instead.
If you'd rather continue using `push_neg` in your project, you can implement it as follows:
```
open Lean.Parser.Tactic in
macro "push_neg" cfg:optConfig loc:(location)? : tactic =>
  `(tactic| push $cfg:optConfig Not $[$loc]?)
```
warning: Theories/Bimodal/Metalogic/BXCanonical/Chronicle/CounterexampleElimination.lean:3174:16: `push_neg` has been deprecated. Prefer using `push Not` instead.
If you'd rather continue using `push_neg` in your project, you can implement it as follows:
```
open Lean.Parser.Tactic in
macro "push_neg" cfg:optConfig loc:(location)? : tactic =>
  `(tactic| push $cfg:optConfig Not $[$loc]?)
```
warning: Theories/Bimodal/Metalogic/BXCanonical/Chronicle/CounterexampleElimination.lean:3335:29: `push_neg` has been deprecated. Prefer using `push Not` instead.
If you'd rather continue using `push_neg` in your project, you can implement it as follows:
```
open Lean.Parser.Tactic in
macro "push_neg" cfg:optConfig loc:(location)? : tactic =>
  `(tactic| push $cfg:optConfig Not $[$loc]?)
```
warning: Theories/Bimodal/Metalogic/BXCanonical/Chronicle/CounterexampleElimination.lean:3353:29: `push_neg` has been deprecated. Prefer using `push Not` instead.
If you'd rather continue using `push_neg` in your project, you can implement it as follows:
```
open Lean.Parser.Tactic in
macro "push_neg" cfg:optConfig loc:(location)? : tactic =>
  `(tactic| push $cfg:optConfig Not $[$loc]?)
```
warning: Theories/Bimodal/Metalogic/BXCanonical/Chronicle/CounterexampleElimination.lean:3478:16: `push_neg` has been deprecated. Prefer using `push Not` instead.
If you'd rather continue using `push_neg` in your project, you can implement it as follows:
```
open Lean.Parser.Tactic in
macro "push_neg" cfg:optConfig loc:(location)? : tactic =>
  `(tactic| push $cfg:optConfig Not $[$loc]?)
```
⚠ [1037/1877] Replayed Bimodal.Metalogic.BXCanonical.Chronicle.ChronicleConstruction
warning: Theories/Bimodal/Metalogic/BXCanonical/Chronicle/ChronicleConstruction.lean:116:59: Variable name `h_mcs` is not explicitly referenced.

Hint: The binding can be removed (if unused) or named `_` (if used implicitly). Alternatively, prefix the name with `_` to silence this warning:
  [apply] _h_mcs

Note: This linter can be disabled with `set_option linter.unusedVariables false`
warning: Theories/Bimodal/Metalogic/BXCanonical/Chronicle/ChronicleConstruction.lean:848:5: Variable name `hx` is not explicitly referenced.

Hint: The binding can be removed (if unused) or named `_` (if used implicitly). Alternatively, prefix the name with `_` to silence this warning:
  [apply] _hx

Note: This linter can be disabled with `set_option linter.unusedVariables false`
warning: Theories/Bimodal/Metalogic/BXCanonical/Chronicle/ChronicleConstruction.lean:849:5: Variable name `hz` is not explicitly referenced.

Hint: The binding can be removed (if unused) or named `_` (if used implicitly). Alternatively, prefix the name with `_` to silence this warning:
  [apply] _hz

Note: This linter can be disabled with `set_option linter.unusedVariables false`
warning: Theories/Bimodal/Metalogic/BXCanonical/Chronicle/ChronicleConstruction.lean:1343:6: `push_neg` has been deprecated. Prefer using `push Not` instead.
If you'd rather continue using `push_neg` in your project, you can implement it as follows:
```
open Lean.Parser.Tactic in
macro "push_neg" cfg:optConfig loc:(location)? : tactic =>
  `(tactic| push $cfg:optConfig Not $[$loc]?)
```
warning: Theories/Bimodal/Metalogic/BXCanonical/Chronicle/ChronicleConstruction.lean:1365:17: `push_neg` has been deprecated. Prefer using `push Not` instead.
If you'd rather continue using `push_neg` in your project, you can implement it as follows:
```
open Lean.Parser.Tactic in
macro "push_neg" cfg:optConfig loc:(location)? : tactic =>
  `(tactic| push $cfg:optConfig Not $[$loc]?)
```
warning: Theories/Bimodal/Metalogic/BXCanonical/Chronicle/ChronicleConstruction.lean:1380:31: Variable name `hxy` is not explicitly referenced.

Hint: The binding can be removed (if unused) or named `_` (if used implicitly). Alternatively, prefix the name with `_` to silence this warning:
  [apply] _hxy

Note: This linter can be disabled with `set_option linter.unusedVariables false`
⚠ [1041/1877] Replayed Bimodal.Metalogic.Algebraic.BooleanStructure
warning: Theories/Bimodal/Metalogic/Algebraic/BooleanStructure.lean:445:17: Variable name `a` is not explicitly referenced.

Hint: The binding can be removed (if unused) or named `_` (if used implicitly). Alternatively, prefix the name with `_` to silence this warning:
  [apply] _a

Note: This linter can be disabled with `set_option linter.unusedVariables false`
warning: Theories/Bimodal/Metalogic/Algebraic/BooleanStructure.lean:445:19: Variable name `b` is not explicitly referenced.

Hint: The binding can be removed (if unused) or named `_` (if used implicitly). Alternatively, prefix the name with `_` to silence this warning:
  [apply] _b

Note: This linter can be disabled with `set_option linter.unusedVariables false`
⚠ [1043/1877] Replayed Bimodal.Metalogic.Algebraic.UltrafilterMCS
warning: Theories/Bimodal/Metalogic/Algebraic/UltrafilterMCS.lean:165:6: `push_neg` has been deprecated. Prefer using `push Not` instead.
If you'd rather continue using `push_neg` in your project, you can implement it as follows:
```
open Lean.Parser.Tactic in
macro "push_neg" cfg:optConfig loc:(location)? : tactic =>
  `(tactic| push $cfg:optConfig Not $[$loc]?)
```
warning: Theories/Bimodal/Metalogic/Algebraic/UltrafilterMCS.lean:264:4: `push_neg` has been deprecated. Prefer using `push Not` instead.
If you'd rather continue using `push_neg` in your project, you can implement it as follows:
```
open Lean.Parser.Tactic in
macro "push_neg" cfg:optConfig loc:(location)? : tactic =>
  `(tactic| push $cfg:optConfig Not $[$loc]?)
```
warning: Theories/Bimodal/Metalogic/Algebraic/UltrafilterMCS.lean:362:6: `push_neg` has been deprecated. Prefer using `push Not` instead.
If you'd rather continue using `push_neg` in your project, you can implement it as follows:
```
open Lean.Parser.Tactic in
macro "push_neg" cfg:optConfig loc:(location)? : tactic =>
  `(tactic| push $cfg:optConfig Not $[$loc]?)
```
warning: Theories/Bimodal/Metalogic/Algebraic/UltrafilterMCS.lean:396:8: `push_neg` has been deprecated. Prefer using `push Not` instead.
If you'd rather continue using `push_neg` in your project, you can implement it as follows:
```
open Lean.Parser.Tactic in
macro "push_neg" cfg:optConfig loc:(location)? : tactic =>
  `(tactic| push $cfg:optConfig Not $[$loc]?)
```
warning: Theories/Bimodal/Metalogic/Algebraic/UltrafilterMCS.lean:666:4: Try this: intro L hL ⟨d_bot⟩
warning: Theories/Bimodal/Metalogic/Algebraic/UltrafilterMCS.lean:800:6: `push_neg` has been deprecated. Prefer using `push Not` instead.
If you'd rather continue using `push_neg` in your project, you can implement it as follows:
```
open Lean.Parser.Tactic in
macro "push_neg" cfg:optConfig loc:(location)? : tactic =>
  `(tactic| push $cfg:optConfig Not $[$loc]?)
```
warning: Theories/Bimodal/Metalogic/Algebraic/UltrafilterMCS.lean:987:4: `push_neg` has been deprecated. Prefer using `push Not` instead.
If you'd rather continue using `push_neg` in your project, you can implement it as follows:
```
open Lean.Parser.Tactic in
macro "push_neg" cfg:optConfig loc:(location)? : tactic =>
  `(tactic| push $cfg:optConfig Not $[$loc]?)
```
⚠ [1044/1877] Replayed Bimodal.Metalogic.Algebraic.ParametricCanonical
warning: Theories/Bimodal/Metalogic/Algebraic/ParametricCanonical.lean:101:0: automatically included section variable(s) unused in theorem `Bimodal.Metalogic.Algebraic.ParametricCanonical.parametric_task_rel_nullity_identity`:
  [IsOrderedAddMonoid D]
consider restructuring your `variable` declarations so that the variables are not in scope or explicitly omit them:
  omit [IsOrderedAddMonoid D] in theorem ...

Note: This linter can be disabled with `set_option linter.unusedSectionVars false`
warning: Theories/Bimodal/Metalogic/Algebraic/ParametricCanonical.lean:140:37: This simp argument is unused:
  hy_neg

Hint: Omit it from the simp argument list.
  [apply] simp only [hy_npos, ite_false] at h2

Note: This linter can be disabled with `set_option linter.unusedSimpArgs false`
warning: Theories/Bimodal/Metalogic/Algebraic/ParametricCanonical.lean:149:35: This simp argument is unused:
  hx_neg

Hint: Omit it from the simp argument list.
  [apply] simp only [hx_npos, ite_false] at h1

Note: This linter can be disabled with `set_option linter.unusedSimpArgs false`
warning: Theories/Bimodal/Metalogic/Algebraic/ParametricCanonical.lean:223:0: automatically included section variable(s) unused in theorem `Bimodal.Metalogic.Algebraic.ParametricCanonical.parametric_task_rel_pos`:
  [IsOrderedAddMonoid D]
consider restructuring your `variable` declarations so that the variables are not in scope or explicitly omit them:
  omit [IsOrderedAddMonoid D] in theorem ...

Note: This linter can be disabled with `set_option linter.unusedSectionVars false`
warning: Theories/Bimodal/Metalogic/Algebraic/ParametricCanonical.lean:239:0: automatically included section variable(s) unused in theorem `Bimodal.Metalogic.Algebraic.ParametricCanonical.parametric_task_rel_neg`:
  [IsOrderedAddMonoid D]
consider restructuring your `variable` declarations so that the variables are not in scope or explicitly omit them:
  omit [IsOrderedAddMonoid D] in theorem ...

Note: This linter can be disabled with `set_option linter.unusedSectionVars false`
⚠ [1045/1877] Replayed Bimodal.Metalogic.Algebraic.ParametricHistory
warning: Theories/Bimodal/Metalogic/Algebraic/ParametricHistory.lean:135:13: This simp argument is unused:
  Subtype.mk.injEq

Hint: Omit it from the simp argument list.
  [apply] simp only [Set.ext_iff]

Note: This linter can be disabled with `set_option linter.unusedSimpArgs false`
warning: Theories/Bimodal/Metalogic/Algebraic/ParametricHistory.lean:135:31: This simp argument is unused:
  Set.ext_iff

Hint: Omit it from the simp argument list.
  [apply] simp only [Subtype.mk.injEq]

Note: This linter can be disabled with `set_option linter.unusedSimpArgs false`
⚠ [1046/1877] Replayed Bimodal.Metalogic.Algebraic.ParametricTruthLemma
warning: Theories/Bimodal/Metalogic/Algebraic/ParametricTruthLemma.lean:182:0: automatically included section variable(s) unused in theorem `Bimodal.Metalogic.Algebraic.ParametricTruthLemma.parametric_box_persistent`:
  [AddCommGroup D]
  [IsOrderedAddMonoid D]
consider restructuring your `variable` declarations so that the variables are not in scope or explicitly omit them:
  omit [AddCommGroup D] [IsOrderedAddMonoid D] in theorem ...

Note: This linter can be disabled with `set_option linter.unusedSectionVars false`
warning: Theories/Bimodal/Metalogic/Algebraic/ParametricTruthLemma.lean:227:19: Variable name `h_tc` is not explicitly referenced.

Hint: The binding can be removed (if unused) or named `_` (if used implicitly). Alternatively, prefix the name with `_` to silence this warning:
  [apply] _h_tc

Note: This linter can be disabled with `set_option linter.unusedVariables false`
warning: Theories/Bimodal/Metalogic/Algebraic/ParametricTruthLemma.lean:362:5: Variable name `h_tc` is not explicitly referenced.

Hint: The binding can be removed (if unused) or named `_` (if used implicitly). Alternatively, prefix the name with `_` to silence this warning:
  [apply] _h_tc

Note: This linter can be disabled with `set_option linter.unusedVariables false`
⚠ [1047/1877] Replayed Bimodal.Metalogic.Algebraic.ParametricCompleteness
warning: Theories/Bimodal/Metalogic/Algebraic/ParametricCompleteness.lean:189:19: Variable name `h_not_prov` is not explicitly referenced.

Hint: The binding can be removed (if unused) or named `_` (if used implicitly). Alternatively, prefix the name with `_` to silence this warning:
  [apply] _h_not_prov

Note: This linter can be disabled with `set_option linter.unusedVariables false`
warning: Theories/Bimodal/Metalogic/Algebraic/ParametricCompleteness.lean:258:24: Variable name `h_tc` is not explicitly referenced.

Hint: The binding can be removed (if unused) or named `_` (if used implicitly). Alternatively, prefix the name with `_` to silence this warning:
  [apply] _h_tc

Note: This linter can be disabled with `set_option linter.unusedVariables false`
warning: Theories/Bimodal/Metalogic/Algebraic/ParametricCompleteness.lean:259:10: Variable name `h_buc` is not explicitly referenced.

Hint: The binding can be removed (if unused) or named `_` (if used implicitly). Alternatively, prefix the name with `_` to silence this warning:
  [apply] _h_buc

Note: This linter can be disabled with `set_option linter.unusedVariables false`
warning: Theories/Bimodal/Metalogic/Algebraic/ParametricCompleteness.lean:260:10: Variable name `h_fuc` is not explicitly referenced.

Hint: The binding can be removed (if unused) or named `_` (if used implicitly). Alternatively, prefix the name with `_` to silence this warning:
  [apply] _h_fuc

Note: This linter can be disabled with `set_option linter.unusedVariables false`
warning: Theories/Bimodal/Metalogic/Algebraic/ParametricCompleteness.lean:261:25: Variable name `hfam` is not explicitly referenced.

Hint: The binding can be removed (if unused) or named `_` (if used implicitly). Alternatively, prefix the name with `_` to silence this warning:
  [apply] _hfam

Note: This linter can be disabled with `set_option linter.unusedVariables false`
warning: Theories/Bimodal/Metalogic/Algebraic/ParametricCompleteness.lean:263:21: Variable name `h_tc` is not explicitly referenced.

Hint: The binding can be removed (if unused) or named `_` (if used implicitly). Alternatively, prefix the name with `_` to silence this warning:
  [apply] _h_tc

Note: This linter can be disabled with `set_option linter.unusedVariables false`
warning: Theories/Bimodal/Metalogic/Algebraic/ParametricCompleteness.lean:264:22: Variable name `hfam` is not explicitly referenced.

Hint: The binding can be removed (if unused) or named `_` (if used implicitly). Alternatively, prefix the name with `_` to silence this warning:
  [apply] _hfam

Note: This linter can be disabled with `set_option linter.unusedVariables false`
⚠ [1048/1877] Replayed Bimodal.Metalogic.Algebraic.RestrictedParametricTruthLemma
warning: Theories/Bimodal/Metalogic/Algebraic/RestrictedParametricTruthLemma.lean:111:5: Variable name `h_rtc` is not explicitly referenced.

Hint: The binding can be removed (if unused) or named `_` (if used implicitly). Alternatively, prefix the name with `_` to silence this warning:
  [apply] _h_rtc

Note: This linter can be disabled with `set_option linter.unusedVariables false`
warning: Theories/Bimodal/Metalogic/Algebraic/RestrictedParametricTruthLemma.lean:271:5: Variable name `h_rtc` is not explicitly referenced.

Hint: The binding can be removed (if unused) or named `_` (if used implicitly). Alternatively, prefix the name with `_` to silence this warning:
  [apply] _h_rtc

Note: This linter can be disabled with `set_option linter.unusedVariables false`
⚠ [1701/1877] Replayed Bimodal.Metalogic.BXCanonical.Chronicle.ChronicleToCountermodelBasic
warning: Theories/Bimodal/Metalogic/BXCanonical/Chronicle/ChronicleToCountermodelBasic.lean:203:0: Definition `Bimodal.Metalogic.BXCanonical.Chronicle.limitDomSubtype_denselyOrdered_from_F'T` of class type is semireducible. Most type class instances should be instance-reducible, so consider marking this
definition with `@[instance_reducible]`. If it is intentionally semireducible, this warning can be disabled with `set_option warn.classDefReducibility false`.
warning: Theories/Bimodal/Metalogic/BXCanonical/Chronicle/ChronicleToCountermodelBasic.lean:203:0: Definition `limitDomSubtype_denselyOrdered_from_F'T` is a proposition; use `theorem` instead of `def`

Note: This linter can be disabled with `set_option linter.defProp false`
warning: Theories/Bimodal/Metalogic/BXCanonical/Chronicle/ChronicleToCountermodelBasic.lean:914:4: `push_neg` has been deprecated. Prefer using `push Not` instead.
If you'd rather continue using `push_neg` in your project, you can implement it as follows:
```
open Lean.Parser.Tactic in
macro "push_neg" cfg:optConfig loc:(location)? : tactic =>
  `(tactic| push $cfg:optConfig Not $[$loc]?)
```
warning: Theories/Bimodal/Metalogic/BXCanonical/Chronicle/ChronicleToCountermodelBasic.lean:918:0: Definition `Bimodal.Metalogic.BXCanonical.Chronicle.limitDomSubtype_succOrder` of class type is semireducible. Most type class instances should be instance-reducible, so consider marking this
definition with `@[instance_reducible]`. If it is intentionally semireducible, this warning can be disabled with `set_option warn.classDefReducibility false`.
warning: Theories/Bimodal/Metalogic/BXCanonical/Chronicle/ChronicleToCountermodelBasic.lean:967:4: `push_neg` has been deprecated. Prefer using `push Not` instead.
If you'd rather continue using `push_neg` in your project, you can implement it as follows:
```
open Lean.Parser.Tactic in
macro "push_neg" cfg:optConfig loc:(location)? : tactic =>
  `(tactic| push $cfg:optConfig Not $[$loc]?)
```
warning: Theories/Bimodal/Metalogic/BXCanonical/Chronicle/ChronicleToCountermodelBasic.lean:971:0: Definition `Bimodal.Metalogic.BXCanonical.Chronicle.limitDomSubtype_predOrder` of class type is semireducible. Most type class instances should be instance-reducible, so consider marking this
definition with `@[instance_reducible]`. If it is intentionally semireducible, this warning can be disabled with `set_option warn.classDefReducibility false`.
warning: Theories/Bimodal/Metalogic/BXCanonical/Chronicle/ChronicleToCountermodelBasic.lean:1025:4: `push_neg` has been deprecated. Prefer using `push Not` instead.
If you'd rather continue using `push_neg` in your project, you can implement it as follows:
```
open Lean.Parser.Tactic in
macro "push_neg" cfg:optConfig loc:(location)? : tactic =>
  `(tactic| push $cfg:optConfig Not $[$loc]?)
```
warning: Theories/Bimodal/Metalogic/BXCanonical/Chronicle/ChronicleToCountermodelBasic.lean:1054:4: `push_neg` has been deprecated. Prefer using `push Not` instead.
If you'd rather continue using `push_neg` in your project, you can implement it as follows:
```
open Lean.Parser.Tactic in
macro "push_neg" cfg:optConfig loc:(location)? : tactic =>
  `(tactic| push $cfg:optConfig Not $[$loc]?)
```
⚠ [1705/1877] Replayed Bimodal.Metalogic.WeakCanonical.MonadicFO
warning: Theories/Bimodal/Metalogic/WeakCanonical/MonadicFO.lean:1:0: 'Mathlib.Data.Finite.Card' has been deprecated: please replace this import by

import Mathlib.SetTheory.Cardinal.NatCard
warning: Theories/Bimodal/Metalogic/WeakCanonical/MonadicFO.lean:584:38: This simp argument is unused:
  Fin.val_mk

Hint: Omit it from the simp argument list.
  [apply] simp [relativize_env, Fin.castSucc, i.isLt]

Note: This linter can be disabled with `set_option linter.unusedSimpArgs false`
warning: Theories/Bimodal/Metalogic/WeakCanonical/MonadicFO.lean:590:24: This simp argument is unused:
  dif_neg (by omega : ¬n < n)

Hint: Omit it from the simp argument list.
  [apply] simp [relativize_env]

Note: This linter can be disabled with `set_option linter.unusedSimpArgs false`
warning: Theories/Bimodal/Metalogic/WeakCanonical/MonadicFO.lean:598:8: This simp argument is unused:
  show ¬(n + 1 = n) from by omega

Hint: Omit it from the simp argument list.
  [apply] simp

Note: This linter can be disabled with `set_option linter.unusedSimpArgs false`
warning: Theories/Bimodal/Metalogic/WeakCanonical/MonadicFO.lean:625:18: This simp argument is unused:
  show j.val + 1 = n + 1 from by omega

Hint: Omit it from the simp argument list.
  [apply] simp [h2]

Note: This linter can be disabled with `set_option linter.unusedSimpArgs false`
warning: Theories/Bimodal/Metalogic/WeakCanonical/MonadicFO.lean:627:18: This simp argument is unused:
  this

Hint: Omit it from the simp argument list.
  [apply] simp [h2]

Note: This linter can be disabled with `set_option linter.unusedSimpArgs false`
warning: Theories/Bimodal/Metalogic/WeakCanonical/MonadicFO.lean:636:25: Variable name `h_le` is not explicitly referenced.

Hint: The binding can be removed (if unused) or named `_` (if used implicitly). Alternatively, prefix the name with `_` to silence this warning:
  [apply] _h_le

Note: This linter can be disabled with `set_option linter.unusedVariables false`
warning: Theories/Bimodal/Metalogic/WeakCanonical/MonadicFO.lean:684:12: This simp argument is unused:
  show (n + 1 = n + 1) from rfl

Hint: Omit it from the simp argument list.
  [apply] simp only [relativize_env, dif_pos (show (0 : Nat) < n + 1 from by omega),
    dif_neg (show ¬(n + 1 < n + 1) from by omega), ite_true, Fin.cons_zero]

Note: This linter can be disabled with `set_option linter.unusedSimpArgs false`
warning: Theories/Bimodal/Metalogic/WeakCanonical/MonadicFO.lean:684:53: This simp argument is unused:
  Fin.cons_zero

Hint: Omit it from the simp argument list.
  [apply] simp only [relativize_env, dif_pos (show (0 : Nat) < n + 1 from by omega),
    dif_neg (show ¬(n + 1 < n + 1) from by omega), show (n + 1 = n + 1) from rfl, ite_true]

Note: This linter can be disabled with `set_option linter.unusedSimpArgs false`
warning: Theories/Bimodal/Metalogic/WeakCanonical/MonadicFO.lean:689:61: This simp argument is unused:
  Fin.cons_zero

Hint: Omit it from the simp argument list.
  [apply] simp only [relativize_env, dif_pos (show (0 : Nat) < n + 1 from by omega),
    dif_neg (show ¬(n + 2 < n + 1) from by omega), show ¬(n + 2 = n + 1) from by omega, ite_false]

Note: This linter can be disabled with `set_option linter.unusedSimpArgs false`
⚠ [1706/1877] Replayed Bimodal.Metalogic.WeakCanonical.Table
warning: Theories/Bimodal/Metalogic/WeakCanonical/Table.lean:258:6: `push_neg` has been deprecated. Prefer using `push Not` instead.
If you'd rather continue using `push_neg` in your project, you can implement it as follows:
```
open Lean.Parser.Tactic in
macro "push_neg" cfg:optConfig loc:(location)? : tactic =>
  `(tactic| push $cfg:optConfig Not $[$loc]?)
```
warning: Theories/Bimodal/Metalogic/WeakCanonical/Table.lean:268:28: `push_neg` has been deprecated. Prefer using `push Not` instead.
If you'd rather continue using `push_neg` in your project, you can implement it as follows:
```
open Lean.Parser.Tactic in
macro "push_neg" cfg:optConfig loc:(location)? : tactic =>
  `(tactic| push $cfg:optConfig Not $[$loc]?)
```
warning: Theories/Bimodal/Metalogic/WeakCanonical/Table.lean:270:20: `push_neg` has been deprecated. Prefer using `push Not` instead.
If you'd rather continue using `push_neg` in your project, you can implement it as follows:
```
open Lean.Parser.Tactic in
macro "push_neg" cfg:optConfig loc:(location)? : tactic =>
  `(tactic| push $cfg:optConfig Not $[$loc]?)
```
warning: Theories/Bimodal/Metalogic/WeakCanonical/Table.lean:275:28: `push_neg` has been deprecated. Prefer using `push Not` instead.
If you'd rather continue using `push_neg` in your project, you can implement it as follows:
```
open Lean.Parser.Tactic in
macro "push_neg" cfg:optConfig loc:(location)? : tactic =>
  `(tactic| push $cfg:optConfig Not $[$loc]?)
```
warning: Theories/Bimodal/Metalogic/WeakCanonical/Table.lean:277:20: `push_neg` has been deprecated. Prefer using `push Not` instead.
If you'd rather continue using `push_neg` in your project, you can implement it as follows:
```
open Lean.Parser.Tactic in
macro "push_neg" cfg:optConfig loc:(location)? : tactic =>
  `(tactic| push $cfg:optConfig Not $[$loc]?)
```
⚠ [1707/1877] Replayed Bimodal.Metalogic.WeakCanonical.StaviConnectives
warning: Theories/Bimodal/Metalogic/WeakCanonical/StaviConnectives.lean:369:8: `push_neg` has been deprecated. Prefer using `push Not` instead.
If you'd rather continue using `push_neg` in your project, you can implement it as follows:
```
open Lean.Parser.Tactic in
macro "push_neg" cfg:optConfig loc:(location)? : tactic =>
  `(tactic| push $cfg:optConfig Not $[$loc]?)
```
warning: Theories/Bimodal/Metalogic/WeakCanonical/StaviConnectives.lean:420:8: `push_neg` has been deprecated. Prefer using `push Not` instead.
If you'd rather continue using `push_neg` in your project, you can implement it as follows:
```
open Lean.Parser.Tactic in
macro "push_neg" cfg:optConfig loc:(location)? : tactic =>
  `(tactic| push $cfg:optConfig Not $[$loc]?)
```
warning: Theories/Bimodal/Metalogic/WeakCanonical/StaviConnectives.lean:472:4: `push_neg` has been deprecated. Prefer using `push Not` instead.
If you'd rather continue using `push_neg` in your project, you can implement it as follows:
```
open Lean.Parser.Tactic in
macro "push_neg" cfg:optConfig loc:(location)? : tactic =>
  `(tactic| push $cfg:optConfig Not $[$loc]?)
```
⚠ [1708/1877] Replayed Bimodal.Metalogic.WeakCanonical.NormalForm
warning: Theories/Bimodal/Metalogic/WeakCanonical/NormalForm.lean:344:21: Variable name `hkm` is not explicitly referenced.

Hint: The binding can be removed (if unused) or named `_` (if used implicitly). Alternatively, prefix the name with `_` to silence this warning:
  [apply] _hkm

Note: This linter can be disabled with `set_option linter.unusedVariables false`
warning: Theories/Bimodal/Metalogic/WeakCanonical/NormalForm.lean:347:5: Variable name `h_agree_k` is not explicitly referenced.

Hint: The binding can be removed (if unused) or named `_` (if used implicitly). Alternatively, prefix the name with `_` to silence this warning:
  [apply] _h_agree_k

Note: This linter can be disabled with `set_option linter.unusedVariables false`
warning: Theories/Bimodal/Metalogic/WeakCanonical/NormalForm.lean:441:5: Variable name `h_same_nf` is not explicitly referenced.

Hint: The binding can be removed (if unused) or named `_` (if used implicitly). Alternatively, prefix the name with `_` to silence this warning:
  [apply] _h_same_nf

Note: This linter can be disabled with `set_option linter.unusedVariables false`
warning: Theories/Bimodal/Metalogic/WeakCanonical/NormalForm.lean:459:25: This simp argument is unused:
  lt_irrefl

Hint: Omit it from the simp argument list.
  [apply] simp

Note: This linter can be disabled with `set_option linter.unusedSimpArgs false`
warning: Theories/Bimodal/Metalogic/WeakCanonical/NormalForm.lean:488:25: This simp argument is unused:
  lt_irrefl

Hint: Omit it from the simp argument list.
  [apply] simp

Note: This linter can be disabled with `set_option linter.unusedSimpArgs false`
warning: Theories/Bimodal/Metalogic/WeakCanonical/NormalForm.lean:666:18: This simp argument is unused:
  iff_true

Hint: Omit it from the simp argument list.
  [apply] simp only [MonadicFormula.trueFormula, eval, lt_irrefl, not_false_eq_true, implies_true]

Note: This linter can be disabled with `set_option linter.unusedSimpArgs false`
⚠ [1709/1877] Replayed Bimodal.Metalogic.WeakCanonical.EFGames.Defs
warning: Theories/Bimodal/Metalogic/WeakCanonical/EFGames/Defs.lean:270:15: `push_neg` has been deprecated. Prefer using `push Not` instead.
If you'd rather continue using `push_neg` in your project, you can implement it as follows:
```
open Lean.Parser.Tactic in
macro "push_neg" cfg:optConfig loc:(location)? : tactic =>
  `(tactic| push $cfg:optConfig Not $[$loc]?)
```
warning: Theories/Bimodal/Metalogic/WeakCanonical/EFGames/Defs.lean:379:31: `push_neg` has been deprecated. Prefer using `push Not` instead.
If you'd rather continue using `push_neg` in your project, you can implement it as follows:
```
open Lean.Parser.Tactic in
macro "push_neg" cfg:optConfig loc:(location)? : tactic =>
  `(tactic| push $cfg:optConfig Not $[$loc]?)
```
warning: Theories/Bimodal/Metalogic/WeakCanonical/EFGames/Defs.lean:391:21: `push_neg` has been deprecated. Prefer using `push Not` instead.
If you'd rather continue using `push_neg` in your project, you can implement it as follows:
```
open Lean.Parser.Tactic in
macro "push_neg" cfg:optConfig loc:(location)? : tactic =>
  `(tactic| push $cfg:optConfig Not $[$loc]?)
```
warning: Theories/Bimodal/Metalogic/WeakCanonical/EFGames/Defs.lean:504:19: `push_neg` has been deprecated. Prefer using `push Not` instead.
If you'd rather continue using `push_neg` in your project, you can implement it as follows:
```
open Lean.Parser.Tactic in
macro "push_neg" cfg:optConfig loc:(location)? : tactic =>
  `(tactic| push $cfg:optConfig Not $[$loc]?)
```
warning: Theories/Bimodal/Metalogic/WeakCanonical/EFGames/Defs.lean:523:17: `push_neg` has been deprecated. Prefer using `push Not` instead.
If you'd rather continue using `push_neg` in your project, you can implement it as follows:
```
open Lean.Parser.Tactic in
macro "push_neg" cfg:optConfig loc:(location)? : tactic =>
  `(tactic| push $cfg:optConfig Not $[$loc]?)
```
warning: Theories/Bimodal/Metalogic/WeakCanonical/EFGames/Defs.lean:546:17: `push_neg` has been deprecated. Prefer using `push Not` instead.
If you'd rather continue using `push_neg` in your project, you can implement it as follows:
```
open Lean.Parser.Tactic in
macro "push_neg" cfg:optConfig loc:(location)? : tactic =>
  `(tactic| push $cfg:optConfig Not $[$loc]?)
```
⚠ [1710/1877] Replayed Bimodal.Metalogic.WeakCanonical.EFGames.TypeFormulas
warning: Theories/Bimodal/Metalogic/WeakCanonical/EFGames/TypeFormulas.lean:102:33: This simp argument is unused:
  extendedLE

Hint: Omit it from the simp argument list.
  [apply] simp [rank_embed, Sum.map]

Note: This linter can be disabled with `set_option linter.unusedSimpArgs false`
warning: Theories/Bimodal/Metalogic/WeakCanonical/EFGames/TypeFormulas.lean:106:33: This simp argument is unused:
  extendedLE

Hint: Omit it from the simp argument list.
  [apply] simp [rank_embed, Sum.map, rank_embed_gap]

Note: This linter can be disabled with `set_option linter.unusedSimpArgs false`
warning: Theories/Bimodal/Metalogic/WeakCanonical/EFGames/TypeFormulas.lean:112:33: This simp argument is unused:
  extendedLE

Hint: Omit it from the simp argument list.
  [apply] simp [rank_embed, Sum.map, rank_embed_gap]

Note: This linter can be disabled with `set_option linter.unusedSimpArgs false`
warning: Theories/Bimodal/Metalogic/WeakCanonical/EFGames/TypeFormulas.lean:116:33: This simp argument is unused:
  extendedLE

Hint: Omit it from the simp argument list.
  [apply] simp [rank_embed, Sum.map, rank_embed_gap]

Note: This linter can be disabled with `set_option linter.unusedSimpArgs false`
warning: Theories/Bimodal/Metalogic/WeakCanonical/EFGames/TypeFormulas.lean:507:40: This simp argument is unused:
  extendedStructure

Hint: Omit it from the simp argument list.
  [apply] simp [rank_embed, Sum.map]

Note: This linter can be disabled with `set_option linter.unusedSimpArgs false`
warning: Theories/Bimodal/Metalogic/WeakCanonical/EFGames/TypeFormulas.lean:508:40: This simp argument is unused:
  extendedStructure

Hint: Omit it from the simp argument list.
  [apply] simp [rank_embed, Sum.map, rank_embed_gap]

Note: This linter can be disabled with `set_option linter.unusedSimpArgs false`
warning: Theories/Bimodal/Metalogic/WeakCanonical/EFGames/TypeFormulas.lean:596:8: `push_neg` has been deprecated. Prefer using `push Not` instead.
If you'd rather continue using `push_neg` in your project, you can implement it as follows:
```
open Lean.Parser.Tactic in
macro "push_neg" cfg:optConfig loc:(location)? : tactic =>
  `(tactic| push $cfg:optConfig Not $[$loc]?)
```
warning: Theories/Bimodal/Metalogic/WeakCanonical/EFGames/TypeFormulas.lean:794:25: `push_neg` has been deprecated. Prefer using `push Not` instead.
If you'd rather continue using `push_neg` in your project, you can implement it as follows:
```
open Lean.Parser.Tactic in
macro "push_neg" cfg:optConfig loc:(location)? : tactic =>
  `(tactic| push $cfg:optConfig Not $[$loc]?)
```
warning: Theories/Bimodal/Metalogic/WeakCanonical/EFGames/TypeFormulas.lean:911:27: `push_neg` has been deprecated. Prefer using `push Not` instead.
If you'd rather continue using `push_neg` in your project, you can implement it as follows:
```
open Lean.Parser.Tactic in
macro "push_neg" cfg:optConfig loc:(location)? : tactic =>
  `(tactic| push $cfg:optConfig Not $[$loc]?)
```
warning: Theories/Bimodal/Metalogic/WeakCanonical/EFGames/TypeFormulas.lean:914:27: `push_neg` has been deprecated. Prefer using `push Not` instead.
If you'd rather continue using `push_neg` in your project, you can implement it as follows:
```
open Lean.Parser.Tactic in
macro "push_neg" cfg:optConfig loc:(location)? : tactic =>
  `(tactic| push $cfg:optConfig Not $[$loc]?)
```
⚠ [1711/1877] Replayed Bimodal.Metalogic.WeakCanonical.EFGames.GapDetection
warning: Theories/Bimodal/Metalogic/WeakCanonical/EFGames/GapDetection.lean:219:43: This simp argument is unused:
  Formula.and

Hint: Omit it from the simp argument list.
  [apply] simp only [flatten_stavi, stavi_depth, Formula.neg, operator_depth]

Note: This linter can be disabled with `set_option linter.unusedSimpArgs false`
warning: Theories/Bimodal/Metalogic/WeakCanonical/EFGames/GapDetection.lean:219:56: This simp argument is unused:
  Formula.neg

Hint: Omit it from the simp argument list.
  [apply] simp only [flatten_stavi, stavi_depth, Formula.and, operator_depth]

Note: This linter can be disabled with `set_option linter.unusedSimpArgs false`
warning: Theories/Bimodal/Metalogic/WeakCanonical/EFGames/GapDetection.lean:222:43: This simp argument is unused:
  Formula.and

Hint: Omit it from the simp argument list.
  [apply] simp only [flatten_stavi, stavi_depth, Formula.neg, operator_depth]

Note: This linter can be disabled with `set_option linter.unusedSimpArgs false`
warning: Theories/Bimodal/Metalogic/WeakCanonical/EFGames/GapDetection.lean:222:56: This simp argument is unused:
  Formula.neg

Hint: Omit it from the simp argument list.
  [apply] simp only [flatten_stavi, stavi_depth, Formula.and, operator_depth]

Note: This linter can be disabled with `set_option linter.unusedSimpArgs false`
warning: Theories/Bimodal/Metalogic/WeakCanonical/EFGames/GapDetection.lean:377:50: This simp argument is unused:
  extendedStructure

Hint: Omit it from the simp argument list.
  [apply] simp only [temporal_truth_mu, temporal_truth, extendPoint]

Note: This linter can be disabled with `set_option linter.unusedSimpArgs false`
warning: Theories/Bimodal/Metalogic/WeakCanonical/EFGames/GapDetection.lean:384:50: This simp argument is unused:
  extendedStructure

Hint: Omit it from the simp argument list.
  [apply] simp only [temporal_truth_mu, temporal_truth, extendPoint]

Note: This linter can be disabled with `set_option linter.unusedSimpArgs false`
warning: Theories/Bimodal/Metalogic/WeakCanonical/EFGames/GapDetection.lean:495:39: `push_neg` has been deprecated. Prefer using `push Not` instead.
If you'd rather continue using `push_neg` in your project, you can implement it as follows:
```
open Lean.Parser.Tactic in
macro "push_neg" cfg:optConfig loc:(location)? : tactic =>
  `(tactic| push $cfg:optConfig Not $[$loc]?)
```
warning: Theories/Bimodal/Metalogic/WeakCanonical/EFGames/GapDetection.lean:634:27: `push_neg` has been deprecated. Prefer using `push Not` instead.
If you'd rather continue using `push_neg` in your project, you can implement it as follows:
```
open Lean.Parser.Tactic in
macro "push_neg" cfg:optConfig loc:(location)? : tactic =>
  `(tactic| push $cfg:optConfig Not $[$loc]?)
```
warning: Theories/Bimodal/Metalogic/WeakCanonical/EFGames/GapDetection.lean:637:27: `push_neg` has been deprecated. Prefer using `push Not` instead.
If you'd rather continue using `push_neg` in your project, you can implement it as follows:
```
open Lean.Parser.Tactic in
macro "push_neg" cfg:optConfig loc:(location)? : tactic =>
  `(tactic| push $cfg:optConfig Not $[$loc]?)
```
warning: Theories/Bimodal/Metalogic/WeakCanonical/EFGames/GapDetection.lean:791:4: `push_neg` has been deprecated. Prefer using `push Not` instead.
If you'd rather continue using `push_neg` in your project, you can implement it as follows:
```
open Lean.Parser.Tactic in
macro "push_neg" cfg:optConfig loc:(location)? : tactic =>
  `(tactic| push $cfg:optConfig Not $[$loc]?)
```
warning: Theories/Bimodal/Metalogic/WeakCanonical/EFGames/GapDetection.lean:807:4: `push_neg` has been deprecated. Prefer using `push Not` instead.
If you'd rather continue using `push_neg` in your project, you can implement it as follows:
```
open Lean.Parser.Tactic in
macro "push_neg" cfg:optConfig loc:(location)? : tactic =>
  `(tactic| push $cfg:optConfig Not $[$loc]?)
```
warning: Theories/Bimodal/Metalogic/WeakCanonical/EFGames/GapDetection.lean:872:31: `push_neg` has been deprecated. Prefer using `push Not` instead.
If you'd rather continue using `push_neg` in your project, you can implement it as follows:
```
open Lean.Parser.Tactic in
macro "push_neg" cfg:optConfig loc:(location)? : tactic =>
  `(tactic| push $cfg:optConfig Not $[$loc]?)
```
warning: Theories/Bimodal/Metalogic/WeakCanonical/EFGames/GapDetection.lean:908:21: `push_neg` has been deprecated. Prefer using `push Not` instead.
If you'd rather continue using `push_neg` in your project, you can implement it as follows:
```
open Lean.Parser.Tactic in
macro "push_neg" cfg:optConfig loc:(location)? : tactic =>
  `(tactic| push $cfg:optConfig Not $[$loc]?)
```
warning: Theories/Bimodal/Metalogic/WeakCanonical/EFGames/GapDetection.lean:922:21: `push_neg` has been deprecated. Prefer using `push Not` instead.
If you'd rather continue using `push_neg` in your project, you can implement it as follows:
```
open Lean.Parser.Tactic in
macro "push_neg" cfg:optConfig loc:(location)? : tactic =>
  `(tactic| push $cfg:optConfig Not $[$loc]?)
```
warning: Theories/Bimodal/Metalogic/WeakCanonical/EFGames/GapDetection.lean:945:21: `push_neg` has been deprecated. Prefer using `push Not` instead.
If you'd rather continue using `push_neg` in your project, you can implement it as follows:
```
open Lean.Parser.Tactic in
macro "push_neg" cfg:optConfig loc:(location)? : tactic =>
  `(tactic| push $cfg:optConfig Not $[$loc]?)
```
warning: Theories/Bimodal/Metalogic/WeakCanonical/EFGames/GapDetection.lean:947:21: `push_neg` has been deprecated. Prefer using `push Not` instead.
If you'd rather continue using `push_neg` in your project, you can implement it as follows:
```
open Lean.Parser.Tactic in
macro "push_neg" cfg:optConfig loc:(location)? : tactic =>
  `(tactic| push $cfg:optConfig Not $[$loc]?)
```
warning: Theories/Bimodal/Metalogic/WeakCanonical/EFGames/GapDetection.lean:998:21: `push_neg` has been deprecated. Prefer using `push Not` instead.
If you'd rather continue using `push_neg` in your project, you can implement it as follows:
```
open Lean.Parser.Tactic in
macro "push_neg" cfg:optConfig loc:(location)? : tactic =>
  `(tactic| push $cfg:optConfig Not $[$loc]?)
```
warning: Theories/Bimodal/Metalogic/WeakCanonical/EFGames/GapDetection.lean:1001:25: `push_neg` has been deprecated. Prefer using `push Not` instead.
If you'd rather continue using `push_neg` in your project, you can implement it as follows:
```
open Lean.Parser.Tactic in
macro "push_neg" cfg:optConfig loc:(location)? : tactic =>
  `(tactic| push $cfg:optConfig Not $[$loc]?)
```
warning: Theories/Bimodal/Metalogic/WeakCanonical/EFGames/GapDetection.lean:1004:21: `push_neg` has been deprecated. Prefer using `push Not` instead.
If you'd rather continue using `push_neg` in your project, you can implement it as follows:
```
open Lean.Parser.Tactic in
macro "push_neg" cfg:optConfig loc:(location)? : tactic =>
  `(tactic| push $cfg:optConfig Not $[$loc]?)
```
warning: Theories/Bimodal/Metalogic/WeakCanonical/EFGames/GapDetection.lean:1028:35: `push_neg` has been deprecated. Prefer using `push Not` instead.
If you'd rather continue using `push_neg` in your project, you can implement it as follows:
```
open Lean.Parser.Tactic in
macro "push_neg" cfg:optConfig loc:(location)? : tactic =>
  `(tactic| push $cfg:optConfig Not $[$loc]?)
```
warning: Theories/Bimodal/Metalogic/WeakCanonical/EFGames/GapDetection.lean:1032:31: `push_neg` has been deprecated. Prefer using `push Not` instead.
If you'd rather continue using `push_neg` in your project, you can implement it as follows:
```
open Lean.Parser.Tactic in
macro "push_neg" cfg:optConfig loc:(location)? : tactic =>
  `(tactic| push $cfg:optConfig Not $[$loc]?)
```
warning: Theories/Bimodal/Metalogic/WeakCanonical/EFGames/GapDetection.lean:1036:23: `push_neg` has been deprecated. Prefer using `push Not` instead.
If you'd rather continue using `push_neg` in your project, you can implement it as follows:
```
open Lean.Parser.Tactic in
macro "push_neg" cfg:optConfig loc:(location)? : tactic =>
  `(tactic| push $cfg:optConfig Not $[$loc]?)
```
warning: Theories/Bimodal/Metalogic/WeakCanonical/EFGames/GapDetection.lean:1047:27: `push_neg` has been deprecated. Prefer using `push Not` instead.
If you'd rather continue using `push_neg` in your project, you can implement it as follows:
```
open Lean.Parser.Tactic in
macro "push_neg" cfg:optConfig loc:(location)? : tactic =>
  `(tactic| push $cfg:optConfig Not $[$loc]?)
```
warning: Theories/Bimodal/Metalogic/WeakCanonical/EFGames/GapDetection.lean:1067:29: `push_neg` has been deprecated. Prefer using `push Not` instead.
If you'd rather continue using `push_neg` in your project, you can implement it as follows:
```
open Lean.Parser.Tactic in
macro "push_neg" cfg:optConfig loc:(location)? : tactic =>
  `(tactic| push $cfg:optConfig Not $[$loc]?)
```
warning: Theories/Bimodal/Metalogic/WeakCanonical/EFGames/GapDetection.lean:1074:25: `push_neg` has been deprecated. Prefer using `push Not` instead.
If you'd rather continue using `push_neg` in your project, you can implement it as follows:
```
open Lean.Parser.Tactic in
macro "push_neg" cfg:optConfig loc:(location)? : tactic =>
  `(tactic| push $cfg:optConfig Not $[$loc]?)
```
warning: Theories/Bimodal/Metalogic/WeakCanonical/EFGames/GapDetection.lean:1082:25: `push_neg` has been deprecated. Prefer using `push Not` instead.
If you'd rather continue using `push_neg` in your project, you can implement it as follows:
```
open Lean.Parser.Tactic in
macro "push_neg" cfg:optConfig loc:(location)? : tactic =>
  `(tactic| push $cfg:optConfig Not $[$loc]?)
```
warning: Theories/Bimodal/Metalogic/WeakCanonical/EFGames/GapDetection.lean:1086:21: `push_neg` has been deprecated. Prefer using `push Not` instead.
If you'd rather continue using `push_neg` in your project, you can implement it as follows:
```
open Lean.Parser.Tactic in
macro "push_neg" cfg:optConfig loc:(location)? : tactic =>
  `(tactic| push $cfg:optConfig Not $[$loc]?)
```
warning: Theories/Bimodal/Metalogic/WeakCanonical/EFGames/GapDetection.lean:1222:25: `push_neg` has been deprecated. Prefer using `push Not` instead.
If you'd rather continue using `push_neg` in your project, you can implement it as follows:
```
open Lean.Parser.Tactic in
macro "push_neg" cfg:optConfig loc:(location)? : tactic =>
  `(tactic| push $cfg:optConfig Not $[$loc]?)
```
warning: Theories/Bimodal/Metalogic/WeakCanonical/EFGames/GapDetection.lean:1266:27: `push_neg` has been deprecated. Prefer using `push Not` instead.
If you'd rather continue using `push_neg` in your project, you can implement it as follows:
```
open Lean.Parser.Tactic in
macro "push_neg" cfg:optConfig loc:(location)? : tactic =>
  `(tactic| push $cfg:optConfig Not $[$loc]?)
```
warning: Theories/Bimodal/Metalogic/WeakCanonical/EFGames/GapDetection.lean:1283:10: `push_neg` has been deprecated. Prefer using `push Not` instead.
If you'd rather continue using `push_neg` in your project, you can implement it as follows:
```
open Lean.Parser.Tactic in
macro "push_neg" cfg:optConfig loc:(location)? : tactic =>
  `(tactic| push $cfg:optConfig Not $[$loc]?)
```
warning: Theories/Bimodal/Metalogic/WeakCanonical/EFGames/GapDetection.lean:1333:35: `push_neg` has been deprecated. Prefer using `push Not` instead.
If you'd rather continue using `push_neg` in your project, you can implement it as follows:
```
open Lean.Parser.Tactic in
macro "push_neg" cfg:optConfig loc:(location)? : tactic =>
  `(tactic| push $cfg:optConfig Not $[$loc]?)
```
warning: Theories/Bimodal/Metalogic/WeakCanonical/EFGames/GapDetection.lean:1367:25: `push_neg` has been deprecated. Prefer using `push Not` instead.
If you'd rather continue using `push_neg` in your project, you can implement it as follows:
```
open Lean.Parser.Tactic in
macro "push_neg" cfg:optConfig loc:(location)? : tactic =>
  `(tactic| push $cfg:optConfig Not $[$loc]?)
```
warning: Theories/Bimodal/Metalogic/WeakCanonical/EFGames/GapDetection.lean:1379:25: `push_neg` has been deprecated. Prefer using `push Not` instead.
If you'd rather continue using `push_neg` in your project, you can implement it as follows:
```
open Lean.Parser.Tactic in
macro "push_neg" cfg:optConfig loc:(location)? : tactic =>
  `(tactic| push $cfg:optConfig Not $[$loc]?)
```
warning: Theories/Bimodal/Metalogic/WeakCanonical/EFGames/GapDetection.lean:1407:25: `push_neg` has been deprecated. Prefer using `push Not` instead.
If you'd rather continue using `push_neg` in your project, you can implement it as follows:
```
open Lean.Parser.Tactic in
macro "push_neg" cfg:optConfig loc:(location)? : tactic =>
  `(tactic| push $cfg:optConfig Not $[$loc]?)
```
warning: Theories/Bimodal/Metalogic/WeakCanonical/EFGames/GapDetection.lean:1409:25: `push_neg` has been deprecated. Prefer using `push Not` instead.
If you'd rather continue using `push_neg` in your project, you can implement it as follows:
```
open Lean.Parser.Tactic in
macro "push_neg" cfg:optConfig loc:(location)? : tactic =>
  `(tactic| push $cfg:optConfig Not $[$loc]?)
```
warning: Theories/Bimodal/Metalogic/WeakCanonical/EFGames/GapDetection.lean:1431:29: `push_neg` has been deprecated. Prefer using `push Not` instead.
If you'd rather continue using `push_neg` in your project, you can implement it as follows:
```
open Lean.Parser.Tactic in
macro "push_neg" cfg:optConfig loc:(location)? : tactic =>
  `(tactic| push $cfg:optConfig Not $[$loc]?)
```
warning: Theories/Bimodal/Metalogic/WeakCanonical/EFGames/GapDetection.lean:1448:40: `push_neg` has been deprecated. Prefer using `push Not` instead.
If you'd rather continue using `push_neg` in your project, you can implement it as follows:
```
open Lean.Parser.Tactic in
macro "push_neg" cfg:optConfig loc:(location)? : tactic =>
  `(tactic| push $cfg:optConfig Not $[$loc]?)
```
warning: Theories/Bimodal/Metalogic/WeakCanonical/EFGames/GapDetection.lean:1458:25: `push_neg` has been deprecated. Prefer using `push Not` instead.
If you'd rather continue using `push_neg` in your project, you can implement it as follows:
```
open Lean.Parser.Tactic in
macro "push_neg" cfg:optConfig loc:(location)? : tactic =>
  `(tactic| push $cfg:optConfig Not $[$loc]?)
```
warning: Theories/Bimodal/Metalogic/WeakCanonical/EFGames/GapDetection.lean:1476:33: `push_neg` has been deprecated. Prefer using `push Not` instead.
If you'd rather continue using `push_neg` in your project, you can implement it as follows:
```
open Lean.Parser.Tactic in
macro "push_neg" cfg:optConfig loc:(location)? : tactic =>
  `(tactic| push $cfg:optConfig Not $[$loc]?)
```
warning: Theories/Bimodal/Metalogic/WeakCanonical/EFGames/GapDetection.lean:1481:27: `push_neg` has been deprecated. Prefer using `push Not` instead.
If you'd rather continue using `push_neg` in your project, you can implement it as follows:
```
open Lean.Parser.Tactic in
macro "push_neg" cfg:optConfig loc:(location)? : tactic =>
  `(tactic| push $cfg:optConfig Not $[$loc]?)
```
warning: Theories/Bimodal/Metalogic/WeakCanonical/EFGames/GapDetection.lean:1511:12: `push_neg` has been deprecated. Prefer using `push Not` instead.
If you'd rather continue using `push_neg` in your project, you can implement it as follows:
```
open Lean.Parser.Tactic in
macro "push_neg" cfg:optConfig loc:(location)? : tactic =>
  `(tactic| push $cfg:optConfig Not $[$loc]?)
```
warning: Theories/Bimodal/Metalogic/WeakCanonical/EFGames/GapDetection.lean:1531:16: `push_neg` has been deprecated. Prefer using `push Not` instead.
If you'd rather continue using `push_neg` in your project, you can implement it as follows:
```
open Lean.Parser.Tactic in
macro "push_neg" cfg:optConfig loc:(location)? : tactic =>
  `(tactic| push $cfg:optConfig Not $[$loc]?)
```
warning: Theories/Bimodal/Metalogic/WeakCanonical/EFGames/GapDetection.lean:1552:25: `push_neg` has been deprecated. Prefer using `push Not` instead.
If you'd rather continue using `push_neg` in your project, you can implement it as follows:
```
open Lean.Parser.Tactic in
macro "push_neg" cfg:optConfig loc:(location)? : tactic =>
  `(tactic| push $cfg:optConfig Not $[$loc]?)
```
warning: Theories/Bimodal/Metalogic/WeakCanonical/EFGames/GapDetection.lean:1560:25: `push_neg` has been deprecated. Prefer using `push Not` instead.
If you'd rather continue using `push_neg` in your project, you can implement it as follows:
```
open Lean.Parser.Tactic in
macro "push_neg" cfg:optConfig loc:(location)? : tactic =>
  `(tactic| push $cfg:optConfig Not $[$loc]?)
```
warning: Theories/Bimodal/Metalogic/WeakCanonical/EFGames/GapDetection.lean:1600:40: `push_neg` has been deprecated. Prefer using `push Not` instead.
If you'd rather continue using `push_neg` in your project, you can implement it as follows:
```
open Lean.Parser.Tactic in
macro "push_neg" cfg:optConfig loc:(location)? : tactic =>
  `(tactic| push $cfg:optConfig Not $[$loc]?)
```
warning: Theories/Bimodal/Metalogic/WeakCanonical/EFGames/GapDetection.lean:1605:39: `push_neg` has been deprecated. Prefer using `push Not` instead.
If you'd rather continue using `push_neg` in your project, you can implement it as follows:
```
open Lean.Parser.Tactic in
macro "push_neg" cfg:optConfig loc:(location)? : tactic =>
  `(tactic| push $cfg:optConfig Not $[$loc]?)
```
warning: Theories/Bimodal/Metalogic/WeakCanonical/EFGames/GapDetection.lean:1609:23: `push_neg` has been deprecated. Prefer using `push Not` instead.
If you'd rather continue using `push_neg` in your project, you can implement it as follows:
```
open Lean.Parser.Tactic in
macro "push_neg" cfg:optConfig loc:(location)? : tactic =>
  `(tactic| push $cfg:optConfig Not $[$loc]?)
```
warning: Theories/Bimodal/Metalogic/WeakCanonical/EFGames/GapDetection.lean:1630:33: `push_neg` has been deprecated. Prefer using `push Not` instead.
If you'd rather continue using `push_neg` in your project, you can implement it as follows:
```
open Lean.Parser.Tactic in
macro "push_neg" cfg:optConfig loc:(location)? : tactic =>
  `(tactic| push $cfg:optConfig Not $[$loc]?)
```
warning: Theories/Bimodal/Metalogic/WeakCanonical/EFGames/GapDetection.lean:1638:33: `push_neg` has been deprecated. Prefer using `push Not` instead.
If you'd rather continue using `push_neg` in your project, you can implement it as follows:
```
open Lean.Parser.Tactic in
macro "push_neg" cfg:optConfig loc:(location)? : tactic =>
  `(tactic| push $cfg:optConfig Not $[$loc]?)
```
warning: Theories/Bimodal/Metalogic/WeakCanonical/EFGames/GapDetection.lean:1645:31: `push_neg` has been deprecated. Prefer using `push Not` instead.
If you'd rather continue using `push_neg` in your project, you can implement it as follows:
```
open Lean.Parser.Tactic in
macro "push_neg" cfg:optConfig loc:(location)? : tactic =>
  `(tactic| push $cfg:optConfig Not $[$loc]?)
```
warning: Theories/Bimodal/Metalogic/WeakCanonical/EFGames/GapDetection.lean:1652:31: `push_neg` has been deprecated. Prefer using `push Not` instead.
If you'd rather continue using `push_neg` in your project, you can implement it as follows:
```
open Lean.Parser.Tactic in
macro "push_neg" cfg:optConfig loc:(location)? : tactic =>
  `(tactic| push $cfg:optConfig Not $[$loc]?)
```
warning: Theories/Bimodal/Metalogic/WeakCanonical/EFGames/GapDetection.lean:1667:31: `push_neg` has been deprecated. Prefer using `push Not` instead.
If you'd rather continue using `push_neg` in your project, you can implement it as follows:
```
open Lean.Parser.Tactic in
macro "push_neg" cfg:optConfig loc:(location)? : tactic =>
  `(tactic| push $cfg:optConfig Not $[$loc]?)
```
warning: Theories/Bimodal/Metalogic/WeakCanonical/EFGames/GapDetection.lean:1690:29: `push_neg` has been deprecated. Prefer using `push Not` instead.
If you'd rather continue using `push_neg` in your project, you can implement it as follows:
```
open Lean.Parser.Tactic in
macro "push_neg" cfg:optConfig loc:(location)? : tactic =>
  `(tactic| push $cfg:optConfig Not $[$loc]?)
```
warning: Theories/Bimodal/Metalogic/WeakCanonical/EFGames/GapDetection.lean:1727:23: `push_neg` has been deprecated. Prefer using `push Not` instead.
If you'd rather continue using `push_neg` in your project, you can implement it as follows:
```
open Lean.Parser.Tactic in
macro "push_neg" cfg:optConfig loc:(location)? : tactic =>
  `(tactic| push $cfg:optConfig Not $[$loc]?)
```
warning: Theories/Bimodal/Metalogic/WeakCanonical/EFGames/GapDetection.lean:1811:25: `push_neg` has been deprecated. Prefer using `push Not` instead.
If you'd rather continue using `push_neg` in your project, you can implement it as follows:
```
open Lean.Parser.Tactic in
macro "push_neg" cfg:optConfig loc:(location)? : tactic =>
  `(tactic| push $cfg:optConfig Not $[$loc]?)
```
warning: Theories/Bimodal/Metalogic/WeakCanonical/EFGames/GapDetection.lean:1861:14: `push_neg` has been deprecated. Prefer using `push Not` instead.
If you'd rather continue using `push_neg` in your project, you can implement it as follows:
```
open Lean.Parser.Tactic in
macro "push_neg" cfg:optConfig loc:(location)? : tactic =>
  `(tactic| push $cfg:optConfig Not $[$loc]?)
```
warning: Theories/Bimodal/Metalogic/WeakCanonical/EFGames/GapDetection.lean:1887:10: `push_neg` has been deprecated. Prefer using `push Not` instead.
If you'd rather continue using `push_neg` in your project, you can implement it as follows:
```
open Lean.Parser.Tactic in
macro "push_neg" cfg:optConfig loc:(location)? : tactic =>
  `(tactic| push $cfg:optConfig Not $[$loc]?)
```
warning: Theories/Bimodal/Metalogic/WeakCanonical/EFGames/GapDetection.lean:1901:12: `push_neg` has been deprecated. Prefer using `push Not` instead.
If you'd rather continue using `push_neg` in your project, you can implement it as follows:
```
open Lean.Parser.Tactic in
macro "push_neg" cfg:optConfig loc:(location)? : tactic =>
  `(tactic| push $cfg:optConfig Not $[$loc]?)
```
warning: Theories/Bimodal/Metalogic/WeakCanonical/EFGames/GapDetection.lean:1931:12: `push_neg` has been deprecated. Prefer using `push Not` instead.
If you'd rather continue using `push_neg` in your project, you can implement it as follows:
```
open Lean.Parser.Tactic in
macro "push_neg" cfg:optConfig loc:(location)? : tactic =>
  `(tactic| push $cfg:optConfig Not $[$loc]?)
```
warning: Theories/Bimodal/Metalogic/WeakCanonical/EFGames/GapDetection.lean:1972:29: `push_neg` has been deprecated. Prefer using `push Not` instead.
If you'd rather continue using `push_neg` in your project, you can implement it as follows:
```
open Lean.Parser.Tactic in
macro "push_neg" cfg:optConfig loc:(location)? : tactic =>
  `(tactic| push $cfg:optConfig Not $[$loc]?)
```
warning: Theories/Bimodal/Metalogic/WeakCanonical/EFGames/GapDetection.lean:2035:31: `push_neg` has been deprecated. Prefer using `push Not` instead.
If you'd rather continue using `push_neg` in your project, you can implement it as follows:
```
open Lean.Parser.Tactic in
macro "push_neg" cfg:optConfig loc:(location)? : tactic =>
  `(tactic| push $cfg:optConfig Not $[$loc]?)
```
warning: Theories/Bimodal/Metalogic/WeakCanonical/EFGames/GapDetection.lean:2088:33: `push_neg` has been deprecated. Prefer using `push Not` instead.
If you'd rather continue using `push_neg` in your project, you can implement it as follows:
```
open Lean.Parser.Tactic in
macro "push_neg" cfg:optConfig loc:(location)? : tactic =>
  `(tactic| push $cfg:optConfig Not $[$loc]?)
```
warning: Theories/Bimodal/Metalogic/WeakCanonical/EFGames/GapDetection.lean:2119:23: `push_neg` has been deprecated. Prefer using `push Not` instead.
If you'd rather continue using `push_neg` in your project, you can implement it as follows:
```
open Lean.Parser.Tactic in
macro "push_neg" cfg:optConfig loc:(location)? : tactic =>
  `(tactic| push $cfg:optConfig Not $[$loc]?)
```
warning: Theories/Bimodal/Metalogic/WeakCanonical/EFGames/GapDetection.lean:2129:23: `push_neg` has been deprecated. Prefer using `push Not` instead.
If you'd rather continue using `push_neg` in your project, you can implement it as follows:
```
open Lean.Parser.Tactic in
macro "push_neg" cfg:optConfig loc:(location)? : tactic =>
  `(tactic| push $cfg:optConfig Not $[$loc]?)
```
warning: Theories/Bimodal/Metalogic/WeakCanonical/EFGames/GapDetection.lean:2153:23: `push_neg` has been deprecated. Prefer using `push Not` instead.
If you'd rather continue using `push_neg` in your project, you can implement it as follows:
```
open Lean.Parser.Tactic in
macro "push_neg" cfg:optConfig loc:(location)? : tactic =>
  `(tactic| push $cfg:optConfig Not $[$loc]?)
```
warning: Theories/Bimodal/Metalogic/WeakCanonical/EFGames/GapDetection.lean:2155:23: `push_neg` has been deprecated. Prefer using `push Not` instead.
If you'd rather continue using `push_neg` in your project, you can implement it as follows:
```
open Lean.Parser.Tactic in
macro "push_neg" cfg:optConfig loc:(location)? : tactic =>
  `(tactic| push $cfg:optConfig Not $[$loc]?)
```
warning: Theories/Bimodal/Metalogic/WeakCanonical/EFGames/GapDetection.lean:2176:27: `push_neg` has been deprecated. Prefer using `push Not` instead.
If you'd rather continue using `push_neg` in your project, you can implement it as follows:
```
open Lean.Parser.Tactic in
macro "push_neg" cfg:optConfig loc:(location)? : tactic =>
  `(tactic| push $cfg:optConfig Not $[$loc]?)
```
warning: Theories/Bimodal/Metalogic/WeakCanonical/EFGames/GapDetection.lean:2189:38: `push_neg` has been deprecated. Prefer using `push Not` instead.
If you'd rather continue using `push_neg` in your project, you can implement it as follows:
```
open Lean.Parser.Tactic in
macro "push_neg" cfg:optConfig loc:(location)? : tactic =>
  `(tactic| push $cfg:optConfig Not $[$loc]?)
```
warning: Theories/Bimodal/Metalogic/WeakCanonical/EFGames/GapDetection.lean:2195:23: `push_neg` has been deprecated. Prefer using `push Not` instead.
If you'd rather continue using `push_neg` in your project, you can implement it as follows:
```
open Lean.Parser.Tactic in
macro "push_neg" cfg:optConfig loc:(location)? : tactic =>
  `(tactic| push $cfg:optConfig Not $[$loc]?)
```
warning: Theories/Bimodal/Metalogic/WeakCanonical/EFGames/GapDetection.lean:2207:31: `push_neg` has been deprecated. Prefer using `push Not` instead.
If you'd rather continue using `push_neg` in your project, you can implement it as follows:
```
open Lean.Parser.Tactic in
macro "push_neg" cfg:optConfig loc:(location)? : tactic =>
  `(tactic| push $cfg:optConfig Not $[$loc]?)
```
warning: Theories/Bimodal/Metalogic/WeakCanonical/EFGames/GapDetection.lean:2210:25: `push_neg` has been deprecated. Prefer using `push Not` instead.
If you'd rather continue using `push_neg` in your project, you can implement it as follows:
```
open Lean.Parser.Tactic in
macro "push_neg" cfg:optConfig loc:(location)? : tactic =>
  `(tactic| push $cfg:optConfig Not $[$loc]?)
```
warning: Theories/Bimodal/Metalogic/WeakCanonical/EFGames/GapDetection.lean:2225:10: `push_neg` has been deprecated. Prefer using `push Not` instead.
If you'd rather continue using `push_neg` in your project, you can implement it as follows:
```
open Lean.Parser.Tactic in
macro "push_neg" cfg:optConfig loc:(location)? : tactic =>
  `(tactic| push $cfg:optConfig Not $[$loc]?)
```
warning: Theories/Bimodal/Metalogic/WeakCanonical/EFGames/GapDetection.lean:2258:16: `push_neg` has been deprecated. Prefer using `push Not` instead.
If you'd rather continue using `push_neg` in your project, you can implement it as follows:
```
open Lean.Parser.Tactic in
macro "push_neg" cfg:optConfig loc:(location)? : tactic =>
  `(tactic| push $cfg:optConfig Not $[$loc]?)
```
warning: Theories/Bimodal/Metalogic/WeakCanonical/EFGames/GapDetection.lean:2275:12: `push_neg` has been deprecated. Prefer using `push Not` instead.
If you'd rather continue using `push_neg` in your project, you can implement it as follows:
```
open Lean.Parser.Tactic in
macro "push_neg" cfg:optConfig loc:(location)? : tactic =>
  `(tactic| push $cfg:optConfig Not $[$loc]?)
```
warning: Theories/Bimodal/Metalogic/WeakCanonical/EFGames/GapDetection.lean:2288:14: `push_neg` has been deprecated. Prefer using `push Not` instead.
If you'd rather continue using `push_neg` in your project, you can implement it as follows:
```
open Lean.Parser.Tactic in
macro "push_neg" cfg:optConfig loc:(location)? : tactic =>
  `(tactic| push $cfg:optConfig Not $[$loc]?)
```
warning: Theories/Bimodal/Metalogic/WeakCanonical/EFGames/GapDetection.lean:2306:12: `push_neg` has been deprecated. Prefer using `push Not` instead.
If you'd rather continue using `push_neg` in your project, you can implement it as follows:
```
open Lean.Parser.Tactic in
macro "push_neg" cfg:optConfig loc:(location)? : tactic =>
  `(tactic| push $cfg:optConfig Not $[$loc]?)
```
warning: Theories/Bimodal/Metalogic/WeakCanonical/EFGames/GapDetection.lean:2336:23: `push_neg` has been deprecated. Prefer using `push Not` instead.
If you'd rather continue using `push_neg` in your project, you can implement it as follows:
```
open Lean.Parser.Tactic in
macro "push_neg" cfg:optConfig loc:(location)? : tactic =>
  `(tactic| push $cfg:optConfig Not $[$loc]?)
```
warning: Theories/Bimodal/Metalogic/WeakCanonical/EFGames/GapDetection.lean:2368:27: `push_neg` has been deprecated. Prefer using `push Not` instead.
If you'd rather continue using `push_neg` in your project, you can implement it as follows:
```
open Lean.Parser.Tactic in
macro "push_neg" cfg:optConfig loc:(location)? : tactic =>
  `(tactic| push $cfg:optConfig Not $[$loc]?)
```
warning: Theories/Bimodal/Metalogic/WeakCanonical/EFGames/GapDetection.lean:2384:38: `push_neg` has been deprecated. Prefer using `push Not` instead.
If you'd rather continue using `push_neg` in your project, you can implement it as follows:
```
open Lean.Parser.Tactic in
macro "push_neg" cfg:optConfig loc:(location)? : tactic =>
  `(tactic| push $cfg:optConfig Not $[$loc]?)
```
warning: Theories/Bimodal/Metalogic/WeakCanonical/EFGames/GapDetection.lean:2388:37: `push_neg` has been deprecated. Prefer using `push Not` instead.
If you'd rather continue using `push_neg` in your project, you can implement it as follows:
```
open Lean.Parser.Tactic in
macro "push_neg" cfg:optConfig loc:(location)? : tactic =>
  `(tactic| push $cfg:optConfig Not $[$loc]?)
```
warning: Theories/Bimodal/Metalogic/WeakCanonical/EFGames/GapDetection.lean:2391:21: `push_neg` has been deprecated. Prefer using `push Not` instead.
If you'd rather continue using `push_neg` in your project, you can implement it as follows:
```
open Lean.Parser.Tactic in
macro "push_neg" cfg:optConfig loc:(location)? : tactic =>
  `(tactic| push $cfg:optConfig Not $[$loc]?)
```
warning: Theories/Bimodal/Metalogic/WeakCanonical/EFGames/GapDetection.lean:2420:31: `push_neg` has been deprecated. Prefer using `push Not` instead.
If you'd rather continue using `push_neg` in your project, you can implement it as follows:
```
open Lean.Parser.Tactic in
macro "push_neg" cfg:optConfig loc:(location)? : tactic =>
  `(tactic| push $cfg:optConfig Not $[$loc]?)
```
warning: Theories/Bimodal/Metalogic/WeakCanonical/EFGames/GapDetection.lean:2427:31: `push_neg` has been deprecated. Prefer using `push Not` instead.
If you'd rather continue using `push_neg` in your project, you can implement it as follows:
```
open Lean.Parser.Tactic in
macro "push_neg" cfg:optConfig loc:(location)? : tactic =>
  `(tactic| push $cfg:optConfig Not $[$loc]?)
```
warning: Theories/Bimodal/Metalogic/WeakCanonical/EFGames/GapDetection.lean:2433:29: `push_neg` has been deprecated. Prefer using `push Not` instead.
If you'd rather continue using `push_neg` in your project, you can implement it as follows:
```
open Lean.Parser.Tactic in
macro "push_neg" cfg:optConfig loc:(location)? : tactic =>
  `(tactic| push $cfg:optConfig Not $[$loc]?)
```
warning: Theories/Bimodal/Metalogic/WeakCanonical/EFGames/GapDetection.lean:2439:29: `push_neg` has been deprecated. Prefer using `push Not` instead.
If you'd rather continue using `push_neg` in your project, you can implement it as follows:
```
open Lean.Parser.Tactic in
macro "push_neg" cfg:optConfig loc:(location)? : tactic =>
  `(tactic| push $cfg:optConfig Not $[$loc]?)
```
warning: Theories/Bimodal/Metalogic/WeakCanonical/EFGames/GapDetection.lean:2453:29: `push_neg` has been deprecated. Prefer using `push Not` instead.
If you'd rather continue using `push_neg` in your project, you can implement it as follows:
```
open Lean.Parser.Tactic in
macro "push_neg" cfg:optConfig loc:(location)? : tactic =>
  `(tactic| push $cfg:optConfig Not $[$loc]?)
```
warning: Theories/Bimodal/Metalogic/WeakCanonical/EFGames/GapDetection.lean:2470:27: `push_neg` has been deprecated. Prefer using `push Not` instead.
If you'd rather continue using `push_neg` in your project, you can implement it as follows:
```
open Lean.Parser.Tactic in
macro "push_neg" cfg:optConfig loc:(location)? : tactic =>
  `(tactic| push $cfg:optConfig Not $[$loc]?)
```
warning: Theories/Bimodal/Metalogic/WeakCanonical/EFGames/GapDetection.lean:2494:25: `push_neg` has been deprecated. Prefer using `push Not` instead.
If you'd rather continue using `push_neg` in your project, you can implement it as follows:
```
open Lean.Parser.Tactic in
macro "push_neg" cfg:optConfig loc:(location)? : tactic =>
  `(tactic| push $cfg:optConfig Not $[$loc]?)
```
warning: Theories/Bimodal/Metalogic/WeakCanonical/EFGames/GapDetection.lean:2517:8: `push_neg` has been deprecated. Prefer using `push Not` instead.
If you'd rather continue using `push_neg` in your project, you can implement it as follows:
```
open Lean.Parser.Tactic in
macro "push_neg" cfg:optConfig loc:(location)? : tactic =>
  `(tactic| push $cfg:optConfig Not $[$loc]?)
```
warning: Theories/Bimodal/Metalogic/WeakCanonical/EFGames/GapDetection.lean:2576:33: `push_neg` has been deprecated. Prefer using `push Not` instead.
If you'd rather continue using `push_neg` in your project, you can implement it as follows:
```
open Lean.Parser.Tactic in
macro "push_neg" cfg:optConfig loc:(location)? : tactic =>
  `(tactic| push $cfg:optConfig Not $[$loc]?)
```
warning: Theories/Bimodal/Metalogic/WeakCanonical/EFGames/GapDetection.lean:2607:23: `push_neg` has been deprecated. Prefer using `push Not` instead.
If you'd rather continue using `push_neg` in your project, you can implement it as follows:
```
open Lean.Parser.Tactic in
macro "push_neg" cfg:optConfig loc:(location)? : tactic =>
  `(tactic| push $cfg:optConfig Not $[$loc]?)
```
warning: Theories/Bimodal/Metalogic/WeakCanonical/EFGames/GapDetection.lean:2617:23: `push_neg` has been deprecated. Prefer using `push Not` instead.
If you'd rather continue using `push_neg` in your project, you can implement it as follows:
```
open Lean.Parser.Tactic in
macro "push_neg" cfg:optConfig loc:(location)? : tactic =>
  `(tactic| push $cfg:optConfig Not $[$loc]?)
```
warning: Theories/Bimodal/Metalogic/WeakCanonical/EFGames/GapDetection.lean:2641:23: `push_neg` has been deprecated. Prefer using `push Not` instead.
If you'd rather continue using `push_neg` in your project, you can implement it as follows:
```
open Lean.Parser.Tactic in
macro "push_neg" cfg:optConfig loc:(location)? : tactic =>
  `(tactic| push $cfg:optConfig Not $[$loc]?)
```
warning: Theories/Bimodal/Metalogic/WeakCanonical/EFGames/GapDetection.lean:2643:23: `push_neg` has been deprecated. Prefer using `push Not` instead.
If you'd rather continue using `push_neg` in your project, you can implement it as follows:
```
open Lean.Parser.Tactic in
macro "push_neg" cfg:optConfig loc:(location)? : tactic =>
  `(tactic| push $cfg:optConfig Not $[$loc]?)
```
warning: Theories/Bimodal/Metalogic/WeakCanonical/EFGames/GapDetection.lean:2664:27: `push_neg` has been deprecated. Prefer using `push Not` instead.
If you'd rather continue using `push_neg` in your project, you can implement it as follows:
```
open Lean.Parser.Tactic in
macro "push_neg" cfg:optConfig loc:(location)? : tactic =>
  `(tactic| push $cfg:optConfig Not $[$loc]?)
```
warning: Theories/Bimodal/Metalogic/WeakCanonical/EFGames/GapDetection.lean:2677:38: `push_neg` has been deprecated. Prefer using `push Not` instead.
If you'd rather continue using `push_neg` in your project, you can implement it as follows:
```
open Lean.Parser.Tactic in
macro "push_neg" cfg:optConfig loc:(location)? : tactic =>
  `(tactic| push $cfg:optConfig Not $[$loc]?)
```
warning: Theories/Bimodal/Metalogic/WeakCanonical/EFGames/GapDetection.lean:2683:23: `push_neg` has been deprecated. Prefer using `push Not` instead.
If you'd rather continue using `push_neg` in your project, you can implement it as follows:
```
open Lean.Parser.Tactic in
macro "push_neg" cfg:optConfig loc:(location)? : tactic =>
  `(tactic| push $cfg:optConfig Not $[$loc]?)
```
warning: Theories/Bimodal/Metalogic/WeakCanonical/EFGames/GapDetection.lean:2695:31: `push_neg` has been deprecated. Prefer using `push Not` instead.
If you'd rather continue using `push_neg` in your project, you can implement it as follows:
```
open Lean.Parser.Tactic in
macro "push_neg" cfg:optConfig loc:(location)? : tactic =>
  `(tactic| push $cfg:optConfig Not $[$loc]?)
```
warning: Theories/Bimodal/Metalogic/WeakCanonical/EFGames/GapDetection.lean:2698:25: `push_neg` has been deprecated. Prefer using `push Not` instead.
If you'd rather continue using `push_neg` in your project, you can implement it as follows:
```
open Lean.Parser.Tactic in
macro "push_neg" cfg:optConfig loc:(location)? : tactic =>
  `(tactic| push $cfg:optConfig Not $[$loc]?)
```
warning: Theories/Bimodal/Metalogic/WeakCanonical/EFGames/GapDetection.lean:2713:10: `push_neg` has been deprecated. Prefer using `push Not` instead.
If you'd rather continue using `push_neg` in your project, you can implement it as follows:
```
open Lean.Parser.Tactic in
macro "push_neg" cfg:optConfig loc:(location)? : tactic =>
  `(tactic| push $cfg:optConfig Not $[$loc]?)
```
warning: Theories/Bimodal/Metalogic/WeakCanonical/EFGames/GapDetection.lean:2729:14: `push_neg` has been deprecated. Prefer using `push Not` instead.
If you'd rather continue using `push_neg` in your project, you can implement it as follows:
```
open Lean.Parser.Tactic in
macro "push_neg" cfg:optConfig loc:(location)? : tactic =>
  `(tactic| push $cfg:optConfig Not $[$loc]?)
```
warning: Theories/Bimodal/Metalogic/WeakCanonical/EFGames/GapDetection.lean:2740:23: `push_neg` has been deprecated. Prefer using `push Not` instead.
If you'd rather continue using `push_neg` in your project, you can implement it as follows:
```
open Lean.Parser.Tactic in
macro "push_neg" cfg:optConfig loc:(location)? : tactic =>
  `(tactic| push $cfg:optConfig Not $[$loc]?)
```
warning: Theories/Bimodal/Metalogic/WeakCanonical/EFGames/GapDetection.lean:2747:23: `push_neg` has been deprecated. Prefer using `push Not` instead.
If you'd rather continue using `push_neg` in your project, you can implement it as follows:
```
open Lean.Parser.Tactic in
macro "push_neg" cfg:optConfig loc:(location)? : tactic =>
  `(tactic| push $cfg:optConfig Not $[$loc]?)
```
warning: Theories/Bimodal/Metalogic/WeakCanonical/EFGames/GapDetection.lean:2779:38: `push_neg` has been deprecated. Prefer using `push Not` instead.
If you'd rather continue using `push_neg` in your project, you can implement it as follows:
```
open Lean.Parser.Tactic in
macro "push_neg" cfg:optConfig loc:(location)? : tactic =>
  `(tactic| push $cfg:optConfig Not $[$loc]?)
```
warning: Theories/Bimodal/Metalogic/WeakCanonical/EFGames/GapDetection.lean:2783:37: `push_neg` has been deprecated. Prefer using `push Not` instead.
If you'd rather continue using `push_neg` in your project, you can implement it as follows:
```
open Lean.Parser.Tactic in
macro "push_neg" cfg:optConfig loc:(location)? : tactic =>
  `(tactic| push $cfg:optConfig Not $[$loc]?)
```
warning: Theories/Bimodal/Metalogic/WeakCanonical/EFGames/GapDetection.lean:2786:21: `push_neg` has been deprecated. Prefer using `push Not` instead.
If you'd rather continue using `push_neg` in your project, you can implement it as follows:
```
open Lean.Parser.Tactic in
macro "push_neg" cfg:optConfig loc:(location)? : tactic =>
  `(tactic| push $cfg:optConfig Not $[$loc]?)
```
warning: Theories/Bimodal/Metalogic/WeakCanonical/EFGames/GapDetection.lean:2804:31: `push_neg` has been deprecated. Prefer using `push Not` instead.
If you'd rather continue using `push_neg` in your project, you can implement it as follows:
```
open Lean.Parser.Tactic in
macro "push_neg" cfg:optConfig loc:(location)? : tactic =>
  `(tactic| push $cfg:optConfig Not $[$loc]?)
```
warning: Theories/Bimodal/Metalogic/WeakCanonical/EFGames/GapDetection.lean:2811:31: `push_neg` has been deprecated. Prefer using `push Not` instead.
If you'd rather continue using `push_neg` in your project, you can implement it as follows:
```
open Lean.Parser.Tactic in
macro "push_neg" cfg:optConfig loc:(location)? : tactic =>
  `(tactic| push $cfg:optConfig Not $[$loc]?)
```
warning: Theories/Bimodal/Metalogic/WeakCanonical/EFGames/GapDetection.lean:2817:29: `push_neg` has been deprecated. Prefer using `push Not` instead.
If you'd rather continue using `push_neg` in your project, you can implement it as follows:
```
open Lean.Parser.Tactic in
macro "push_neg" cfg:optConfig loc:(location)? : tactic =>
  `(tactic| push $cfg:optConfig Not $[$loc]?)
```
warning: Theories/Bimodal/Metalogic/WeakCanonical/EFGames/GapDetection.lean:2823:29: `push_neg` has been deprecated. Prefer using `push Not` instead.
If you'd rather continue using `push_neg` in your project, you can implement it as follows:
```
open Lean.Parser.Tactic in
macro "push_neg" cfg:optConfig loc:(location)? : tactic =>
  `(tactic| push $cfg:optConfig Not $[$loc]?)
```
warning: Theories/Bimodal/Metalogic/WeakCanonical/EFGames/GapDetection.lean:2837:29: `push_neg` has been deprecated. Prefer using `push Not` instead.
If you'd rather continue using `push_neg` in your project, you can implement it as follows:
```
open Lean.Parser.Tactic in
macro "push_neg" cfg:optConfig loc:(location)? : tactic =>
  `(tactic| push $cfg:optConfig Not $[$loc]?)
```
warning: Theories/Bimodal/Metalogic/WeakCanonical/EFGames/GapDetection.lean:2854:27: `push_neg` has been deprecated. Prefer using `push Not` instead.
If you'd rather continue using `push_neg` in your project, you can implement it as follows:
```
open Lean.Parser.Tactic in
macro "push_neg" cfg:optConfig loc:(location)? : tactic =>
  `(tactic| push $cfg:optConfig Not $[$loc]?)
```
warning: Theories/Bimodal/Metalogic/WeakCanonical/EFGames/GapDetection.lean:1262:44: This simp argument is unused:
  stavi_temporal_truth

Hint: Omit it from the simp argument list.
  [apply] simp only [stavi_temporal_truth_mu, temporal_truth_mu]

Note: This linter can be disabled with `set_option linter.unusedSimpArgs false`
warning: Theories/Bimodal/Metalogic/WeakCanonical/EFGames/GapDetection.lean:1832:42: This simp argument is unused:
  stavi_temporal_truth

Hint: Omit it from the simp argument list.
  [apply] simp only [stavi_temporal_truth_mu]

Note: This linter can be disabled with `set_option linter.unusedSimpArgs false`
warning: Theories/Bimodal/Metalogic/WeakCanonical/EFGames/GapDetection.lean:2314:42: This simp argument is unused:
  stavi_temporal_truth

Hint: Omit it from the simp argument list.
  [apply] simp only [stavi_temporal_truth_mu] at hSnce_mu

Note: This linter can be disabled with `set_option linter.unusedSimpArgs false`
warning: Theories/Bimodal/Metalogic/WeakCanonical/EFGames/GapDetection.lean:2356:44: This simp argument is unused:
  stavi_temporal_truth

Hint: Omit it from the simp argument list.
  [apply] simp only [stavi_temporal_truth_mu]

Note: This linter can be disabled with `set_option linter.unusedSimpArgs false`
warning: Theories/Bimodal/Metalogic/WeakCanonical/EFGames/GapDetection.lean:2917:36: `push_neg` has been deprecated. Prefer using `push Not` instead.
If you'd rather continue using `push_neg` in your project, you can implement it as follows:
```
open Lean.Parser.Tactic in
macro "push_neg" cfg:optConfig loc:(location)? : tactic =>
  `(tactic| push $cfg:optConfig Not $[$loc]?)
```
warning: Theories/Bimodal/Metalogic/WeakCanonical/EFGames/GapDetection.lean:2957:21: `push_neg` has been deprecated. Prefer using `push Not` instead.
If you'd rather continue using `push_neg` in your project, you can implement it as follows:
```
open Lean.Parser.Tactic in
macro "push_neg" cfg:optConfig loc:(location)? : tactic =>
  `(tactic| push $cfg:optConfig Not $[$loc]?)
```
warning: Theories/Bimodal/Metalogic/WeakCanonical/EFGames/GapDetection.lean:2976:21: `push_neg` has been deprecated. Prefer using `push Not` instead.
If you'd rather continue using `push_neg` in your project, you can implement it as follows:
```
open Lean.Parser.Tactic in
macro "push_neg" cfg:optConfig loc:(location)? : tactic =>
  `(tactic| push $cfg:optConfig Not $[$loc]?)
```
warning: Theories/Bimodal/Metalogic/WeakCanonical/EFGames/GapDetection.lean:2997:10: `push_neg` has been deprecated. Prefer using `push Not` instead.
If you'd rather continue using `push_neg` in your project, you can implement it as follows:
```
open Lean.Parser.Tactic in
macro "push_neg" cfg:optConfig loc:(location)? : tactic =>
  `(tactic| push $cfg:optConfig Not $[$loc]?)
```
warning: Theories/Bimodal/Metalogic/WeakCanonical/EFGames/GapDetection.lean:3010:21: `push_neg` has been deprecated. Prefer using `push Not` instead.
If you'd rather continue using `push_neg` in your project, you can implement it as follows:
```
open Lean.Parser.Tactic in
macro "push_neg" cfg:optConfig loc:(location)? : tactic =>
  `(tactic| push $cfg:optConfig Not $[$loc]?)
```
warning: Theories/Bimodal/Metalogic/WeakCanonical/EFGames/GapDetection.lean:3048:25: `push_neg` has been deprecated. Prefer using `push Not` instead.
If you'd rather continue using `push_neg` in your project, you can implement it as follows:
```
open Lean.Parser.Tactic in
macro "push_neg" cfg:optConfig loc:(location)? : tactic =>
  `(tactic| push $cfg:optConfig Not $[$loc]?)
```
warning: Theories/Bimodal/Metalogic/WeakCanonical/EFGames/GapDetection.lean:3076:35: `push_neg` has been deprecated. Prefer using `push Not` instead.
If you'd rather continue using `push_neg` in your project, you can implement it as follows:
```
open Lean.Parser.Tactic in
macro "push_neg" cfg:optConfig loc:(location)? : tactic =>
  `(tactic| push $cfg:optConfig Not $[$loc]?)
```
warning: Theories/Bimodal/Metalogic/WeakCanonical/EFGames/GapDetection.lean:3079:31: `push_neg` has been deprecated. Prefer using `push Not` instead.
If you'd rather continue using `push_neg` in your project, you can implement it as follows:
```
open Lean.Parser.Tactic in
macro "push_neg" cfg:optConfig loc:(location)? : tactic =>
  `(tactic| push $cfg:optConfig Not $[$loc]?)
```
warning: Theories/Bimodal/Metalogic/WeakCanonical/EFGames/GapDetection.lean:3083:36: `push_neg` has been deprecated. Prefer using `push Not` instead.
If you'd rather continue using `push_neg` in your project, you can implement it as follows:
```
open Lean.Parser.Tactic in
macro "push_neg" cfg:optConfig loc:(location)? : tactic =>
  `(tactic| push $cfg:optConfig Not $[$loc]?)
```
warning: Theories/Bimodal/Metalogic/WeakCanonical/EFGames/GapDetection.lean:3096:29: `push_neg` has been deprecated. Prefer using `push Not` instead.
If you'd rather continue using `push_neg` in your project, you can implement it as follows:
```
open Lean.Parser.Tactic in
macro "push_neg" cfg:optConfig loc:(location)? : tactic =>
  `(tactic| push $cfg:optConfig Not $[$loc]?)
```
warning: Theories/Bimodal/Metalogic/WeakCanonical/EFGames/GapDetection.lean:3103:27: `push_neg` has been deprecated. Prefer using `push Not` instead.
If you'd rather continue using `push_neg` in your project, you can implement it as follows:
```
open Lean.Parser.Tactic in
macro "push_neg" cfg:optConfig loc:(location)? : tactic =>
  `(tactic| push $cfg:optConfig Not $[$loc]?)
```
warning: Theories/Bimodal/Metalogic/WeakCanonical/EFGames/GapDetection.lean:3111:25: `push_neg` has been deprecated. Prefer using `push Not` instead.
If you'd rather continue using `push_neg` in your project, you can implement it as follows:
```
open Lean.Parser.Tactic in
macro "push_neg" cfg:optConfig loc:(location)? : tactic =>
  `(tactic| push $cfg:optConfig Not $[$loc]?)
```
warning: Theories/Bimodal/Metalogic/WeakCanonical/EFGames/GapDetection.lean:3118:25: `push_neg` has been deprecated. Prefer using `push Not` instead.
If you'd rather continue using `push_neg` in your project, you can implement it as follows:
```
open Lean.Parser.Tactic in
macro "push_neg" cfg:optConfig loc:(location)? : tactic =>
  `(tactic| push $cfg:optConfig Not $[$loc]?)
```
warning: Theories/Bimodal/Metalogic/WeakCanonical/EFGames/GapDetection.lean:3144:4: `push_neg` has been deprecated. Prefer using `push Not` instead.
If you'd rather continue using `push_neg` in your project, you can implement it as follows:
```
open Lean.Parser.Tactic in
macro "push_neg" cfg:optConfig loc:(location)? : tactic =>
  `(tactic| push $cfg:optConfig Not $[$loc]?)
```
warning: Theories/Bimodal/Metalogic/WeakCanonical/EFGames/GapDetection.lean:3156:21: `push_neg` has been deprecated. Prefer using `push Not` instead.
If you'd rather continue using `push_neg` in your project, you can implement it as follows:
```
open Lean.Parser.Tactic in
macro "push_neg" cfg:optConfig loc:(location)? : tactic =>
  `(tactic| push $cfg:optConfig Not $[$loc]?)
```
warning: Theories/Bimodal/Metalogic/WeakCanonical/EFGames/GapDetection.lean:3287:35: `push_neg` has been deprecated. Prefer using `push Not` instead.
If you'd rather continue using `push_neg` in your project, you can implement it as follows:
```
open Lean.Parser.Tactic in
macro "push_neg" cfg:optConfig loc:(location)? : tactic =>
  `(tactic| push $cfg:optConfig Not $[$loc]?)
```
warning: Theories/Bimodal/Metalogic/WeakCanonical/EFGames/GapDetection.lean:3327:40: `push_neg` has been deprecated. Prefer using `push Not` instead.
If you'd rather continue using `push_neg` in your project, you can implement it as follows:
```
open Lean.Parser.Tactic in
macro "push_neg" cfg:optConfig loc:(location)? : tactic =>
  `(tactic| push $cfg:optConfig Not $[$loc]?)
```
warning: Theories/Bimodal/Metalogic/WeakCanonical/EFGames/GapDetection.lean:3334:25: `push_neg` has been deprecated. Prefer using `push Not` instead.
If you'd rather continue using `push_neg` in your project, you can implement it as follows:
```
open Lean.Parser.Tactic in
macro "push_neg" cfg:optConfig loc:(location)? : tactic =>
  `(tactic| push $cfg:optConfig Not $[$loc]?)
```
warning: Theories/Bimodal/Metalogic/WeakCanonical/EFGames/GapDetection.lean:3359:14: `push_neg` has been deprecated. Prefer using `push Not` instead.
If you'd rather continue using `push_neg` in your project, you can implement it as follows:
```
open Lean.Parser.Tactic in
macro "push_neg" cfg:optConfig loc:(location)? : tactic =>
  `(tactic| push $cfg:optConfig Not $[$loc]?)
```
warning: Theories/Bimodal/Metalogic/WeakCanonical/EFGames/GapDetection.lean:3382:29: `push_neg` has been deprecated. Prefer using `push Not` instead.
If you'd rather continue using `push_neg` in your project, you can implement it as follows:
```
open Lean.Parser.Tactic in
macro "push_neg" cfg:optConfig loc:(location)? : tactic =>
  `(tactic| push $cfg:optConfig Not $[$loc]?)
```
warning: Theories/Bimodal/Metalogic/WeakCanonical/EFGames/GapDetection.lean:3403:12: `push_neg` has been deprecated. Prefer using `push Not` instead.
If you'd rather continue using `push_neg` in your project, you can implement it as follows:
```
open Lean.Parser.Tactic in
macro "push_neg" cfg:optConfig loc:(location)? : tactic =>
  `(tactic| push $cfg:optConfig Not $[$loc]?)
```
warning: Theories/Bimodal/Metalogic/WeakCanonical/EFGames/GapDetection.lean:3424:29: `push_neg` has been deprecated. Prefer using `push Not` instead.
If you'd rather continue using `push_neg` in your project, you can implement it as follows:
```
open Lean.Parser.Tactic in
macro "push_neg" cfg:optConfig loc:(location)? : tactic =>
  `(tactic| push $cfg:optConfig Not $[$loc]?)
```
warning: Theories/Bimodal/Metalogic/WeakCanonical/EFGames/GapDetection.lean:3454:12: `push_neg` has been deprecated. Prefer using `push Not` instead.
If you'd rather continue using `push_neg` in your project, you can implement it as follows:
```
open Lean.Parser.Tactic in
macro "push_neg" cfg:optConfig loc:(location)? : tactic =>
  `(tactic| push $cfg:optConfig Not $[$loc]?)
```
warning: Theories/Bimodal/Metalogic/WeakCanonical/EFGames/GapDetection.lean:3479:14: `push_neg` has been deprecated. Prefer using `push Not` instead.
If you'd rather continue using `push_neg` in your project, you can implement it as follows:
```
open Lean.Parser.Tactic in
macro "push_neg" cfg:optConfig loc:(location)? : tactic =>
  `(tactic| push $cfg:optConfig Not $[$loc]?)
```
warning: Theories/Bimodal/Metalogic/WeakCanonical/EFGames/GapDetection.lean:3562:31: `push_neg` has been deprecated. Prefer using `push Not` instead.
If you'd rather continue using `push_neg` in your project, you can implement it as follows:
```
open Lean.Parser.Tactic in
macro "push_neg" cfg:optConfig loc:(location)? : tactic =>
  `(tactic| push $cfg:optConfig Not $[$loc]?)
```
warning: Theories/Bimodal/Metalogic/WeakCanonical/EFGames/GapDetection.lean:3567:12: `push_neg` has been deprecated. Prefer using `push Not` instead.
If you'd rather continue using `push_neg` in your project, you can implement it as follows:
```
open Lean.Parser.Tactic in
macro "push_neg" cfg:optConfig loc:(location)? : tactic =>
  `(tactic| push $cfg:optConfig Not $[$loc]?)
```
warning: Theories/Bimodal/Metalogic/WeakCanonical/EFGames/GapDetection.lean:3569:31: `push_neg` has been deprecated. Prefer using `push Not` instead.
If you'd rather continue using `push_neg` in your project, you can implement it as follows:
```
open Lean.Parser.Tactic in
macro "push_neg" cfg:optConfig loc:(location)? : tactic =>
  `(tactic| push $cfg:optConfig Not $[$loc]?)
```
warning: Theories/Bimodal/Metalogic/WeakCanonical/EFGames/GapDetection.lean:3614:40: `push_neg` has been deprecated. Prefer using `push Not` instead.
If you'd rather continue using `push_neg` in your project, you can implement it as follows:
```
open Lean.Parser.Tactic in
macro "push_neg" cfg:optConfig loc:(location)? : tactic =>
  `(tactic| push $cfg:optConfig Not $[$loc]?)
```
warning: Theories/Bimodal/Metalogic/WeakCanonical/EFGames/GapDetection.lean:3619:39: `push_neg` has been deprecated. Prefer using `push Not` instead.
If you'd rather continue using `push_neg` in your project, you can implement it as follows:
```
open Lean.Parser.Tactic in
macro "push_neg" cfg:optConfig loc:(location)? : tactic =>
  `(tactic| push $cfg:optConfig Not $[$loc]?)
```
warning: Theories/Bimodal/Metalogic/WeakCanonical/EFGames/GapDetection.lean:3652:33: `push_neg` has been deprecated. Prefer using `push Not` instead.
If you'd rather continue using `push_neg` in your project, you can implement it as follows:
```
open Lean.Parser.Tactic in
macro "push_neg" cfg:optConfig loc:(location)? : tactic =>
  `(tactic| push $cfg:optConfig Not $[$loc]?)
```
warning: Theories/Bimodal/Metalogic/WeakCanonical/EFGames/GapDetection.lean:3658:14: `push_neg` has been deprecated. Prefer using `push Not` instead.
If you'd rather continue using `push_neg` in your project, you can implement it as follows:
```
open Lean.Parser.Tactic in
macro "push_neg" cfg:optConfig loc:(location)? : tactic =>
  `(tactic| push $cfg:optConfig Not $[$loc]?)
```
warning: Theories/Bimodal/Metalogic/WeakCanonical/EFGames/GapDetection.lean:3662:33: `push_neg` has been deprecated. Prefer using `push Not` instead.
If you'd rather continue using `push_neg` in your project, you can implement it as follows:
```
open Lean.Parser.Tactic in
macro "push_neg" cfg:optConfig loc:(location)? : tactic =>
  `(tactic| push $cfg:optConfig Not $[$loc]?)
```
warning: Theories/Bimodal/Metalogic/WeakCanonical/EFGames/GapDetection.lean:3670:31: `push_neg` has been deprecated. Prefer using `push Not` instead.
If you'd rather continue using `push_neg` in your project, you can implement it as follows:
```
open Lean.Parser.Tactic in
macro "push_neg" cfg:optConfig loc:(location)? : tactic =>
  `(tactic| push $cfg:optConfig Not $[$loc]?)
```
warning: Theories/Bimodal/Metalogic/WeakCanonical/EFGames/GapDetection.lean:3678:31: `push_neg` has been deprecated. Prefer using `push Not` instead.
If you'd rather continue using `push_neg` in your project, you can implement it as follows:
```
open Lean.Parser.Tactic in
macro "push_neg" cfg:optConfig loc:(location)? : tactic =>
  `(tactic| push $cfg:optConfig Not $[$loc]?)
```
warning: Theories/Bimodal/Metalogic/WeakCanonical/EFGames/GapDetection.lean:3697:27: `push_neg` has been deprecated. Prefer using `push Not` instead.
If you'd rather continue using `push_neg` in your project, you can implement it as follows:
```
open Lean.Parser.Tactic in
macro "push_neg" cfg:optConfig loc:(location)? : tactic =>
  `(tactic| push $cfg:optConfig Not $[$loc]?)
```
warning: Theories/Bimodal/Metalogic/WeakCanonical/EFGames/GapDetection.lean:3712:27: `push_neg` has been deprecated. Prefer using `push Not` instead.
If you'd rather continue using `push_neg` in your project, you can implement it as follows:
```
open Lean.Parser.Tactic in
macro "push_neg" cfg:optConfig loc:(location)? : tactic =>
  `(tactic| push $cfg:optConfig Not $[$loc]?)
```
warning: Theories/Bimodal/Metalogic/WeakCanonical/EFGames/GapDetection.lean:3723:25: `push_neg` has been deprecated. Prefer using `push Not` instead.
If you'd rather continue using `push_neg` in your project, you can implement it as follows:
```
open Lean.Parser.Tactic in
macro "push_neg" cfg:optConfig loc:(location)? : tactic =>
  `(tactic| push $cfg:optConfig Not $[$loc]?)
```
warning: Theories/Bimodal/Metalogic/WeakCanonical/EFGames/GapDetection.lean:3741:27: `push_neg` has been deprecated. Prefer using `push Not` instead.
If you'd rather continue using `push_neg` in your project, you can implement it as follows:
```
open Lean.Parser.Tactic in
macro "push_neg" cfg:optConfig loc:(location)? : tactic =>
  `(tactic| push $cfg:optConfig Not $[$loc]?)
```
warning: Theories/Bimodal/Metalogic/WeakCanonical/EFGames/GapDetection.lean:3759:10: `push_neg` has been deprecated. Prefer using `push Not` instead.
If you'd rather continue using `push_neg` in your project, you can implement it as follows:
```
open Lean.Parser.Tactic in
macro "push_neg" cfg:optConfig loc:(location)? : tactic =>
  `(tactic| push $cfg:optConfig Not $[$loc]?)
```
warning: Theories/Bimodal/Metalogic/WeakCanonical/EFGames/GapDetection.lean:3895:33: `push_neg` has been deprecated. Prefer using `push Not` instead.
If you'd rather continue using `push_neg` in your project, you can implement it as follows:
```
open Lean.Parser.Tactic in
macro "push_neg" cfg:optConfig loc:(location)? : tactic =>
  `(tactic| push $cfg:optConfig Not $[$loc]?)
```
warning: Theories/Bimodal/Metalogic/WeakCanonical/EFGames/GapDetection.lean:3928:38: `push_neg` has been deprecated. Prefer using `push Not` instead.
If you'd rather continue using `push_neg` in your project, you can implement it as follows:
```
open Lean.Parser.Tactic in
macro "push_neg" cfg:optConfig loc:(location)? : tactic =>
  `(tactic| push $cfg:optConfig Not $[$loc]?)
```
warning: Theories/Bimodal/Metalogic/WeakCanonical/EFGames/GapDetection.lean:3934:23: `push_neg` has been deprecated. Prefer using `push Not` instead.
If you'd rather continue using `push_neg` in your project, you can implement it as follows:
```
open Lean.Parser.Tactic in
macro "push_neg" cfg:optConfig loc:(location)? : tactic =>
  `(tactic| push $cfg:optConfig Not $[$loc]?)
```
warning: Theories/Bimodal/Metalogic/WeakCanonical/EFGames/GapDetection.lean:3958:12: `push_neg` has been deprecated. Prefer using `push Not` instead.
If you'd rather continue using `push_neg` in your project, you can implement it as follows:
```
open Lean.Parser.Tactic in
macro "push_neg" cfg:optConfig loc:(location)? : tactic =>
  `(tactic| push $cfg:optConfig Not $[$loc]?)
```
warning: Theories/Bimodal/Metalogic/WeakCanonical/EFGames/GapDetection.lean:3977:27: `push_neg` has been deprecated. Prefer using `push Not` instead.
If you'd rather continue using `push_neg` in your project, you can implement it as follows:
```
open Lean.Parser.Tactic in
macro "push_neg" cfg:optConfig loc:(location)? : tactic =>
  `(tactic| push $cfg:optConfig Not $[$loc]?)
```
warning: Theories/Bimodal/Metalogic/WeakCanonical/EFGames/GapDetection.lean:3994:10: `push_neg` has been deprecated. Prefer using `push Not` instead.
If you'd rather continue using `push_neg` in your project, you can implement it as follows:
```
open Lean.Parser.Tactic in
macro "push_neg" cfg:optConfig loc:(location)? : tactic =>
  `(tactic| push $cfg:optConfig Not $[$loc]?)
```
warning: Theories/Bimodal/Metalogic/WeakCanonical/EFGames/GapDetection.lean:4009:27: `push_neg` has been deprecated. Prefer using `push Not` instead.
If you'd rather continue using `push_neg` in your project, you can implement it as follows:
```
open Lean.Parser.Tactic in
macro "push_neg" cfg:optConfig loc:(location)? : tactic =>
  `(tactic| push $cfg:optConfig Not $[$loc]?)
```
warning: Theories/Bimodal/Metalogic/WeakCanonical/EFGames/GapDetection.lean:4033:10: `push_neg` has been deprecated. Prefer using `push Not` instead.
If you'd rather continue using `push_neg` in your project, you can implement it as follows:
```
open Lean.Parser.Tactic in
macro "push_neg" cfg:optConfig loc:(location)? : tactic =>
  `(tactic| push $cfg:optConfig Not $[$loc]?)
```
warning: Theories/Bimodal/Metalogic/WeakCanonical/EFGames/GapDetection.lean:4064:12: `push_neg` has been deprecated. Prefer using `push Not` instead.
If you'd rather continue using `push_neg` in your project, you can implement it as follows:
```
open Lean.Parser.Tactic in
macro "push_neg" cfg:optConfig loc:(location)? : tactic =>
  `(tactic| push $cfg:optConfig Not $[$loc]?)
```
warning: Theories/Bimodal/Metalogic/WeakCanonical/EFGames/GapDetection.lean:4077:16: `push_neg` has been deprecated. Prefer using `push Not` instead.
If you'd rather continue using `push_neg` in your project, you can implement it as follows:
```
open Lean.Parser.Tactic in
macro "push_neg" cfg:optConfig loc:(location)? : tactic =>
  `(tactic| push $cfg:optConfig Not $[$loc]?)
```
warning: Theories/Bimodal/Metalogic/WeakCanonical/EFGames/GapDetection.lean:4095:18: `push_neg` has been deprecated. Prefer using `push Not` instead.
If you'd rather continue using `push_neg` in your project, you can implement it as follows:
```
open Lean.Parser.Tactic in
macro "push_neg" cfg:optConfig loc:(location)? : tactic =>
  `(tactic| push $cfg:optConfig Not $[$loc]?)
```
warning: Theories/Bimodal/Metalogic/WeakCanonical/EFGames/GapDetection.lean:4128:14: `push_neg` has been deprecated. Prefer using `push Not` instead.
If you'd rather continue using `push_neg` in your project, you can implement it as follows:
```
open Lean.Parser.Tactic in
macro "push_neg" cfg:optConfig loc:(location)? : tactic =>
  `(tactic| push $cfg:optConfig Not $[$loc]?)
```
warning: Theories/Bimodal/Metalogic/WeakCanonical/EFGames/GapDetection.lean:4150:27: `push_neg` has been deprecated. Prefer using `push Not` instead.
If you'd rather continue using `push_neg` in your project, you can implement it as follows:
```
open Lean.Parser.Tactic in
macro "push_neg" cfg:optConfig loc:(location)? : tactic =>
  `(tactic| push $cfg:optConfig Not $[$loc]?)
```
warning: Theories/Bimodal/Metalogic/WeakCanonical/EFGames/GapDetection.lean:4153:27: `push_neg` has been deprecated. Prefer using `push Not` instead.
If you'd rather continue using `push_neg` in your project, you can implement it as follows:
```
open Lean.Parser.Tactic in
macro "push_neg" cfg:optConfig loc:(location)? : tactic =>
  `(tactic| push $cfg:optConfig Not $[$loc]?)
```
warning: Theories/Bimodal/Metalogic/WeakCanonical/EFGames/GapDetection.lean:4156:27: `push_neg` has been deprecated. Prefer using `push Not` instead.
If you'd rather continue using `push_neg` in your project, you can implement it as follows:
```
open Lean.Parser.Tactic in
macro "push_neg" cfg:optConfig loc:(location)? : tactic =>
  `(tactic| push $cfg:optConfig Not $[$loc]?)
```
warning: Theories/Bimodal/Metalogic/WeakCanonical/EFGames/GapDetection.lean:4169:27: `push_neg` has been deprecated. Prefer using `push Not` instead.
If you'd rather continue using `push_neg` in your project, you can implement it as follows:
```
open Lean.Parser.Tactic in
macro "push_neg" cfg:optConfig loc:(location)? : tactic =>
  `(tactic| push $cfg:optConfig Not $[$loc]?)
```
warning: Theories/Bimodal/Metalogic/WeakCanonical/EFGames/GapDetection.lean:4202:27: `push_neg` has been deprecated. Prefer using `push Not` instead.
If you'd rather continue using `push_neg` in your project, you can implement it as follows:
```
open Lean.Parser.Tactic in
macro "push_neg" cfg:optConfig loc:(location)? : tactic =>
  `(tactic| push $cfg:optConfig Not $[$loc]?)
```
warning: Theories/Bimodal/Metalogic/WeakCanonical/EFGames/GapDetection.lean:4221:38: `push_neg` has been deprecated. Prefer using `push Not` instead.
If you'd rather continue using `push_neg` in your project, you can implement it as follows:
```
open Lean.Parser.Tactic in
macro "push_neg" cfg:optConfig loc:(location)? : tactic =>
  `(tactic| push $cfg:optConfig Not $[$loc]?)
```
warning: Theories/Bimodal/Metalogic/WeakCanonical/EFGames/GapDetection.lean:4225:37: `push_neg` has been deprecated. Prefer using `push Not` instead.
If you'd rather continue using `push_neg` in your project, you can implement it as follows:
```
open Lean.Parser.Tactic in
macro "push_neg" cfg:optConfig loc:(location)? : tactic =>
  `(tactic| push $cfg:optConfig Not $[$loc]?)
```
warning: Theories/Bimodal/Metalogic/WeakCanonical/EFGames/GapDetection.lean:4246:31: `push_neg` has been deprecated. Prefer using `push Not` instead.
If you'd rather continue using `push_neg` in your project, you can implement it as follows:
```
open Lean.Parser.Tactic in
macro "push_neg" cfg:optConfig loc:(location)? : tactic =>
  `(tactic| push $cfg:optConfig Not $[$loc]?)
```
warning: Theories/Bimodal/Metalogic/WeakCanonical/EFGames/GapDetection.lean:4251:12: `push_neg` has been deprecated. Prefer using `push Not` instead.
If you'd rather continue using `push_neg` in your project, you can implement it as follows:
```
open Lean.Parser.Tactic in
macro "push_neg" cfg:optConfig loc:(location)? : tactic =>
  `(tactic| push $cfg:optConfig Not $[$loc]?)
```
warning: Theories/Bimodal/Metalogic/WeakCanonical/EFGames/GapDetection.lean:4255:31: `push_neg` has been deprecated. Prefer using `push Not` instead.
If you'd rather continue using `push_neg` in your project, you can implement it as follows:
```
open Lean.Parser.Tactic in
macro "push_neg" cfg:optConfig loc:(location)? : tactic =>
  `(tactic| push $cfg:optConfig Not $[$loc]?)
```
warning: Theories/Bimodal/Metalogic/WeakCanonical/EFGames/GapDetection.lean:4262:29: `push_neg` has been deprecated. Prefer using `push Not` instead.
If you'd rather continue using `push_neg` in your project, you can implement it as follows:
```
open Lean.Parser.Tactic in
macro "push_neg" cfg:optConfig loc:(location)? : tactic =>
  `(tactic| push $cfg:optConfig Not $[$loc]?)
```
warning: Theories/Bimodal/Metalogic/WeakCanonical/EFGames/GapDetection.lean:4269:29: `push_neg` has been deprecated. Prefer using `push Not` instead.
If you'd rather continue using `push_neg` in your project, you can implement it as follows:
```
open Lean.Parser.Tactic in
macro "push_neg" cfg:optConfig loc:(location)? : tactic =>
  `(tactic| push $cfg:optConfig Not $[$loc]?)
```
warning: Theories/Bimodal/Metalogic/WeakCanonical/EFGames/GapDetection.lean:4286:25: `push_neg` has been deprecated. Prefer using `push Not` instead.
If you'd rather continue using `push_neg` in your project, you can implement it as follows:
```
open Lean.Parser.Tactic in
macro "push_neg" cfg:optConfig loc:(location)? : tactic =>
  `(tactic| push $cfg:optConfig Not $[$loc]?)
```
warning: Theories/Bimodal/Metalogic/WeakCanonical/EFGames/GapDetection.lean:4300:25: `push_neg` has been deprecated. Prefer using `push Not` instead.
If you'd rather continue using `push_neg` in your project, you can implement it as follows:
```
open Lean.Parser.Tactic in
macro "push_neg" cfg:optConfig loc:(location)? : tactic =>
  `(tactic| push $cfg:optConfig Not $[$loc]?)
```
warning: Theories/Bimodal/Metalogic/WeakCanonical/EFGames/GapDetection.lean:4310:23: `push_neg` has been deprecated. Prefer using `push Not` instead.
If you'd rather continue using `push_neg` in your project, you can implement it as follows:
```
open Lean.Parser.Tactic in
macro "push_neg" cfg:optConfig loc:(location)? : tactic =>
  `(tactic| push $cfg:optConfig Not $[$loc]?)
```
warning: Theories/Bimodal/Metalogic/WeakCanonical/EFGames/GapDetection.lean:4467:25: `push_neg` has been deprecated. Prefer using `push Not` instead.
If you'd rather continue using `push_neg` in your project, you can implement it as follows:
```
open Lean.Parser.Tactic in
macro "push_neg" cfg:optConfig loc:(location)? : tactic =>
  `(tactic| push $cfg:optConfig Not $[$loc]?)
```
warning: Theories/Bimodal/Metalogic/WeakCanonical/EFGames/GapDetection.lean:4509:14: `push_neg` has been deprecated. Prefer using `push Not` instead.
If you'd rather continue using `push_neg` in your project, you can implement it as follows:
```
open Lean.Parser.Tactic in
macro "push_neg" cfg:optConfig loc:(location)? : tactic =>
  `(tactic| push $cfg:optConfig Not $[$loc]?)
```
warning: Theories/Bimodal/Metalogic/WeakCanonical/EFGames/GapDetection.lean:4526:10: `push_neg` has been deprecated. Prefer using `push Not` instead.
If you'd rather continue using `push_neg` in your project, you can implement it as follows:
```
open Lean.Parser.Tactic in
macro "push_neg" cfg:optConfig loc:(location)? : tactic =>
  `(tactic| push $cfg:optConfig Not $[$loc]?)
```
warning: Theories/Bimodal/Metalogic/WeakCanonical/EFGames/GapDetection.lean:4536:12: `push_neg` has been deprecated. Prefer using `push Not` instead.
If you'd rather continue using `push_neg` in your project, you can implement it as follows:
```
open Lean.Parser.Tactic in
macro "push_neg" cfg:optConfig loc:(location)? : tactic =>
  `(tactic| push $cfg:optConfig Not $[$loc]?)
```
warning: Theories/Bimodal/Metalogic/WeakCanonical/EFGames/GapDetection.lean:4557:12: `push_neg` has been deprecated. Prefer using `push Not` instead.
If you'd rather continue using `push_neg` in your project, you can implement it as follows:
```
open Lean.Parser.Tactic in
macro "push_neg" cfg:optConfig loc:(location)? : tactic =>
  `(tactic| push $cfg:optConfig Not $[$loc]?)
```
warning: Theories/Bimodal/Metalogic/WeakCanonical/EFGames/GapDetection.lean:4586:29: `push_neg` has been deprecated. Prefer using `push Not` instead.
If you'd rather continue using `push_neg` in your project, you can implement it as follows:
```
open Lean.Parser.Tactic in
macro "push_neg" cfg:optConfig loc:(location)? : tactic =>
  `(tactic| push $cfg:optConfig Not $[$loc]?)
```
warning: Theories/Bimodal/Metalogic/WeakCanonical/EFGames/GapDetection.lean:4652:14: `push_neg` has been deprecated. Prefer using `push Not` instead.
If you'd rather continue using `push_neg` in your project, you can implement it as follows:
```
open Lean.Parser.Tactic in
macro "push_neg" cfg:optConfig loc:(location)? : tactic =>
  `(tactic| push $cfg:optConfig Not $[$loc]?)
```
warning: Theories/Bimodal/Metalogic/WeakCanonical/EFGames/GapDetection.lean:4691:33: `push_neg` has been deprecated. Prefer using `push Not` instead.
If you'd rather continue using `push_neg` in your project, you can implement it as follows:
```
open Lean.Parser.Tactic in
macro "push_neg" cfg:optConfig loc:(location)? : tactic =>
  `(tactic| push $cfg:optConfig Not $[$loc]?)
```
warning: Theories/Bimodal/Metalogic/WeakCanonical/EFGames/GapDetection.lean:4724:38: `push_neg` has been deprecated. Prefer using `push Not` instead.
If you'd rather continue using `push_neg` in your project, you can implement it as follows:
```
open Lean.Parser.Tactic in
macro "push_neg" cfg:optConfig loc:(location)? : tactic =>
  `(tactic| push $cfg:optConfig Not $[$loc]?)
```
warning: Theories/Bimodal/Metalogic/WeakCanonical/EFGames/GapDetection.lean:4730:23: `push_neg` has been deprecated. Prefer using `push Not` instead.
If you'd rather continue using `push_neg` in your project, you can implement it as follows:
```
open Lean.Parser.Tactic in
macro "push_neg" cfg:optConfig loc:(location)? : tactic =>
  `(tactic| push $cfg:optConfig Not $[$loc]?)
```
warning: Theories/Bimodal/Metalogic/WeakCanonical/EFGames/GapDetection.lean:4754:12: `push_neg` has been deprecated. Prefer using `push Not` instead.
If you'd rather continue using `push_neg` in your project, you can implement it as follows:
```
open Lean.Parser.Tactic in
macro "push_neg" cfg:optConfig loc:(location)? : tactic =>
  `(tactic| push $cfg:optConfig Not $[$loc]?)
```
warning: Theories/Bimodal/Metalogic/WeakCanonical/EFGames/GapDetection.lean:4773:27: `push_neg` has been deprecated. Prefer using `push Not` instead.
If you'd rather continue using `push_neg` in your project, you can implement it as follows:
```
open Lean.Parser.Tactic in
macro "push_neg" cfg:optConfig loc:(location)? : tactic =>
  `(tactic| push $cfg:optConfig Not $[$loc]?)
```
warning: Theories/Bimodal/Metalogic/WeakCanonical/EFGames/GapDetection.lean:4790:10: `push_neg` has been deprecated. Prefer using `push Not` instead.
If you'd rather continue using `push_neg` in your project, you can implement it as follows:
```
open Lean.Parser.Tactic in
macro "push_neg" cfg:optConfig loc:(location)? : tactic =>
  `(tactic| push $cfg:optConfig Not $[$loc]?)
```
warning: Theories/Bimodal/Metalogic/WeakCanonical/EFGames/GapDetection.lean:4805:27: `push_neg` has been deprecated. Prefer using `push Not` instead.
If you'd rather continue using `push_neg` in your project, you can implement it as follows:
```
open Lean.Parser.Tactic in
macro "push_neg" cfg:optConfig loc:(location)? : tactic =>
  `(tactic| push $cfg:optConfig Not $[$loc]?)
```
warning: Theories/Bimodal/Metalogic/WeakCanonical/EFGames/GapDetection.lean:4828:10: `push_neg` has been deprecated. Prefer using `push Not` instead.
If you'd rather continue using `push_neg` in your project, you can implement it as follows:
```
open Lean.Parser.Tactic in
macro "push_neg" cfg:optConfig loc:(location)? : tactic =>
  `(tactic| push $cfg:optConfig Not $[$loc]?)
```
warning: Theories/Bimodal/Metalogic/WeakCanonical/EFGames/GapDetection.lean:4848:10: `push_neg` has been deprecated. Prefer using `push Not` instead.
If you'd rather continue using `push_neg` in your project, you can implement it as follows:
```
open Lean.Parser.Tactic in
macro "push_neg" cfg:optConfig loc:(location)? : tactic =>
  `(tactic| push $cfg:optConfig Not $[$loc]?)
```
warning: Theories/Bimodal/Metalogic/WeakCanonical/EFGames/GapDetection.lean:4870:27: `push_neg` has been deprecated. Prefer using `push Not` instead.
If you'd rather continue using `push_neg` in your project, you can implement it as follows:
```
open Lean.Parser.Tactic in
macro "push_neg" cfg:optConfig loc:(location)? : tactic =>
  `(tactic| push $cfg:optConfig Not $[$loc]?)
```
warning: Theories/Bimodal/Metalogic/WeakCanonical/EFGames/GapDetection.lean:4906:38: `push_neg` has been deprecated. Prefer using `push Not` instead.
If you'd rather continue using `push_neg` in your project, you can implement it as follows:
```
open Lean.Parser.Tactic in
macro "push_neg" cfg:optConfig loc:(location)? : tactic =>
  `(tactic| push $cfg:optConfig Not $[$loc]?)
```
warning: Theories/Bimodal/Metalogic/WeakCanonical/EFGames/GapDetection.lean:4910:37: `push_neg` has been deprecated. Prefer using `push Not` instead.
If you'd rather continue using `push_neg` in your project, you can implement it as follows:
```
open Lean.Parser.Tactic in
macro "push_neg" cfg:optConfig loc:(location)? : tactic =>
  `(tactic| push $cfg:optConfig Not $[$loc]?)
```
warning: Theories/Bimodal/Metalogic/WeakCanonical/EFGames/GapDetection.lean:4930:31: `push_neg` has been deprecated. Prefer using `push Not` instead.
If you'd rather continue using `push_neg` in your project, you can implement it as follows:
```
open Lean.Parser.Tactic in
macro "push_neg" cfg:optConfig loc:(location)? : tactic =>
  `(tactic| push $cfg:optConfig Not $[$loc]?)
```
warning: Theories/Bimodal/Metalogic/WeakCanonical/EFGames/GapDetection.lean:4935:12: `push_neg` has been deprecated. Prefer using `push Not` instead.
If you'd rather continue using `push_neg` in your project, you can implement it as follows:
```
open Lean.Parser.Tactic in
macro "push_neg" cfg:optConfig loc:(location)? : tactic =>
  `(tactic| push $cfg:optConfig Not $[$loc]?)
```
warning: Theories/Bimodal/Metalogic/WeakCanonical/EFGames/GapDetection.lean:4939:31: `push_neg` has been deprecated. Prefer using `push Not` instead.
If you'd rather continue using `push_neg` in your project, you can implement it as follows:
```
open Lean.Parser.Tactic in
macro "push_neg" cfg:optConfig loc:(location)? : tactic =>
  `(tactic| push $cfg:optConfig Not $[$loc]?)
```
warning: Theories/Bimodal/Metalogic/WeakCanonical/EFGames/GapDetection.lean:4945:29: `push_neg` has been deprecated. Prefer using `push Not` instead.
If you'd rather continue using `push_neg` in your project, you can implement it as follows:
```
open Lean.Parser.Tactic in
macro "push_neg" cfg:optConfig loc:(location)? : tactic =>
  `(tactic| push $cfg:optConfig Not $[$loc]?)
```
warning: Theories/Bimodal/Metalogic/WeakCanonical/EFGames/GapDetection.lean:4951:29: `push_neg` has been deprecated. Prefer using `push Not` instead.
If you'd rather continue using `push_neg` in your project, you can implement it as follows:
```
open Lean.Parser.Tactic in
macro "push_neg" cfg:optConfig loc:(location)? : tactic =>
  `(tactic| push $cfg:optConfig Not $[$loc]?)
```
warning: Theories/Bimodal/Metalogic/WeakCanonical/EFGames/GapDetection.lean:4968:25: `push_neg` has been deprecated. Prefer using `push Not` instead.
If you'd rather continue using `push_neg` in your project, you can implement it as follows:
```
open Lean.Parser.Tactic in
macro "push_neg" cfg:optConfig loc:(location)? : tactic =>
  `(tactic| push $cfg:optConfig Not $[$loc]?)
```
warning: Theories/Bimodal/Metalogic/WeakCanonical/EFGames/GapDetection.lean:4982:25: `push_neg` has been deprecated. Prefer using `push Not` instead.
If you'd rather continue using `push_neg` in your project, you can implement it as follows:
```
open Lean.Parser.Tactic in
macro "push_neg" cfg:optConfig loc:(location)? : tactic =>
  `(tactic| push $cfg:optConfig Not $[$loc]?)
```
warning: Theories/Bimodal/Metalogic/WeakCanonical/EFGames/GapDetection.lean:4992:23: `push_neg` has been deprecated. Prefer using `push Not` instead.
If you'd rather continue using `push_neg` in your project, you can implement it as follows:
```
open Lean.Parser.Tactic in
macro "push_neg" cfg:optConfig loc:(location)? : tactic =>
  `(tactic| push $cfg:optConfig Not $[$loc]?)
```
warning: Theories/Bimodal/Metalogic/WeakCanonical/EFGames/GapDetection.lean:5008:25: `push_neg` has been deprecated. Prefer using `push Not` instead.
If you'd rather continue using `push_neg` in your project, you can implement it as follows:
```
open Lean.Parser.Tactic in
macro "push_neg" cfg:optConfig loc:(location)? : tactic =>
  `(tactic| push $cfg:optConfig Not $[$loc]?)
```
warning: Theories/Bimodal/Metalogic/WeakCanonical/EFGames/GapDetection.lean:5024:8: `push_neg` has been deprecated. Prefer using `push Not` instead.
If you'd rather continue using `push_neg` in your project, you can implement it as follows:
```
open Lean.Parser.Tactic in
macro "push_neg" cfg:optConfig loc:(location)? : tactic =>
  `(tactic| push $cfg:optConfig Not $[$loc]?)
```
warning: Theories/Bimodal/Metalogic/WeakCanonical/EFGames/GapDetection.lean:3737:44: This simp argument is unused:
  stavi_temporal_truth

Hint: Omit it from the simp argument list.
  [apply] simp only [stavi_temporal_truth_mu, temporal_truth_mu]

Note: This linter can be disabled with `set_option linter.unusedSimpArgs false`
warning: Theories/Bimodal/Metalogic/WeakCanonical/EFGames/GapDetection.lean:4040:44: This simp argument is unused:
  stavi_temporal_truth

Hint: Omit it from the simp argument list.
  [apply] simp only [stavi_temporal_truth_mu]

Note: This linter can be disabled with `set_option linter.unusedSimpArgs false`
warning: Theories/Bimodal/Metalogic/WeakCanonical/EFGames/GapDetection.lean:4135:42: This simp argument is unused:
  stavi_temporal_truth

Hint: Omit it from the simp argument list.
  [apply] simp only [stavi_temporal_truth_mu] at hUA

Note: This linter can be disabled with `set_option linter.unusedSimpArgs false`
warning: Theories/Bimodal/Metalogic/WeakCanonical/EFGames/GapDetection.lean:4190:44: This simp argument is unused:
  stavi_temporal_truth

Hint: Omit it from the simp argument list.
  [apply] simp only [stavi_temporal_truth_mu]

Note: This linter can be disabled with `set_option linter.unusedSimpArgs false`
warning: Theories/Bimodal/Metalogic/WeakCanonical/EFGames/GapDetection.lean:4485:42: This simp argument is unused:
  stavi_temporal_truth

Hint: Omit it from the simp argument list.
  [apply] simp only [stavi_temporal_truth_mu]

Note: This linter can be disabled with `set_option linter.unusedSimpArgs false`
warning: Theories/Bimodal/Metalogic/WeakCanonical/EFGames/GapDetection.lean:4834:44: This simp argument is unused:
  stavi_temporal_truth

Hint: Omit it from the simp argument list.
  [apply] simp only [stavi_temporal_truth_mu]

Note: This linter can be disabled with `set_option linter.unusedSimpArgs false`
warning: Theories/Bimodal/Metalogic/WeakCanonical/EFGames/GapDetection.lean:4854:42: This simp argument is unused:
  stavi_temporal_truth

Hint: Omit it from the simp argument list.
  [apply] simp only [stavi_temporal_truth_mu] at hUA

Note: This linter can be disabled with `set_option linter.unusedSimpArgs false`
warning: Theories/Bimodal/Metalogic/WeakCanonical/EFGames/GapDetection.lean:5006:42: This simp argument is unused:
  stavi_temporal_truth

Hint: Omit it from the simp argument list.
  [apply] simp only [stavi_temporal_truth_mu, temporal_truth_mu]

Note: This linter can be disabled with `set_option linter.unusedSimpArgs false`
warning: Theories/Bimodal/Metalogic/WeakCanonical/EFGames/GapDetection.lean:5006:64: This simp argument is unused:
  temporal_truth_mu

Hint: Omit it from the simp argument list.
  [apply] simp only [stavi_temporal_truth_mu, stavi_temporal_truth]

Note: This linter can be disabled with `set_option linter.unusedSimpArgs false`
warning: Theories/Bimodal/Metalogic/WeakCanonical/EFGames/GapDetection.lean:5011:39: This simp argument is unused:
  temporal_truth

Hint: Omit it from the simp argument list.
  [apply] simp only [stavi_temporal_truth] at hX_u₀

Note: This linter can be disabled with `set_option linter.unusedSimpArgs false`
⚠ [1712/1877] Replayed Bimodal.Metalogic.WeakCanonical.EFGames.CustomGame
warning: Theories/Bimodal/Metalogic/WeakCanonical/EFGames/CustomGame.lean:126:8: This simp argument is unused:
  show (1 + k.val : Nat) ≠ 0 from by omega

Hint: Omit it from the simp argument list.
  [apply] simp [show ¬((1 + ↑k : Nat) = n + 1) from by { have := k.isLt; omega
      },
    show ¬((1 + ↑k : Nat) = n + 2) from by { have := k.isLt; omega
      },
    show 1 + ↑k - 1 = k.val from by omega]

Note: This linter can be disabled with `set_option linter.unusedSimpArgs false`
warning: Theories/Bimodal/Metalogic/WeakCanonical/EFGames/CustomGame.lean:159:8: This simp argument is unused:
  show (n + 1 : Nat) ≠ 0 from by omega

Hint: Omit it from the simp argument list.
  [apply] simp

Note: This linter can be disabled with `set_option linter.unusedSimpArgs false`
warning: Theories/Bimodal/Metalogic/WeakCanonical/EFGames/CustomGame.lean:167:8: This simp argument is unused:
  show (n + 2 : Nat) ≠ 0 from by omega

Hint: Omit it from the simp argument list.
  [apply] simp [show ¬((n + 2 : Nat) = n + 1) from by omega]

Note: This linter can be disabled with `set_option linter.unusedSimpArgs false`
warning: Theories/Bimodal/Metalogic/WeakCanonical/EFGames/CustomGame.lean:167:46: This simp argument is unused:
  show ¬((n + 2 : Nat) = n + 1) from by omega

Hint: Omit it from the simp argument list.
  [apply] simp [show (n + 2 : Nat) ≠ 0 from by omega]

Note: This linter can be disabled with `set_option linter.unusedSimpArgs false`
warning: Theories/Bimodal/Metalogic/WeakCanonical/EFGames/CustomGame.lean:204:5: Variable name `hlt_l` is not explicitly referenced.

Hint: The binding can be removed (if unused) or named `_` (if used implicitly). Alternatively, prefix the name with `_` to silence this warning:
  [apply] _hlt_l

Note: This linter can be disabled with `set_option linter.unusedVariables false`
warning: Theories/Bimodal/Metalogic/WeakCanonical/EFGames/CustomGame.lean:205:5: Variable name `hlt_r` is not explicitly referenced.

Hint: The binding can be removed (if unused) or named `_` (if used implicitly). Alternatively, prefix the name with `_` to silence this warning:
  [apply] _hlt_r

Note: This linter can be disabled with `set_option linter.unusedVariables false`
warning: Theories/Bimodal/Metalogic/WeakCanonical/EFGames/CustomGame.lean:318:5: Variable name `h_gap_N` is not explicitly referenced.

Hint: The binding can be removed (if unused) or named `_` (if used implicitly). Alternatively, prefix the name with `_` to silence this warning:
  [apply] _h_gap_N

Note: This linter can be disabled with `set_option linter.unusedVariables false`
warning: Theories/Bimodal/Metalogic/WeakCanonical/EFGames/CustomGame.lean:319:5: Variable name `h_form` is not explicitly referenced.

Hint: The binding can be removed (if unused) or named `_` (if used implicitly). Alternatively, prefix the name with `_` to silence this warning:
  [apply] _h_form

Note: This linter can be disabled with `set_option linter.unusedVariables false`
warning: Theories/Bimodal/Metalogic/WeakCanonical/EFGames/CustomGame.lean:322:5: Variable name `h_gp` is not explicitly referenced.

Hint: The binding can be removed (if unused) or named `_` (if used implicitly). Alternatively, prefix the name with `_` to silence this warning:
  [apply] _h_gp

Note: This linter can be disabled with `set_option linter.unusedVariables false`
warning: Theories/Bimodal/Metalogic/WeakCanonical/EFGames/CustomGame.lean:444:19: Variable name `hx'y'` is not explicitly referenced.

Hint: The binding can be removed (if unused) or named `_` (if used implicitly). Alternatively, prefix the name with `_` to silence this warning:
  [apply] _hx'y'

Note: This linter can be disabled with `set_option linter.unusedVariables false`
warning: Theories/Bimodal/Metalogic/WeakCanonical/EFGames/CustomGame.lean:603:51: This simp argument is unused:
  extendPoint

Hint: Omit it from the simp argument list.
  [apply] simp [rank_embed, Sum.map] at hg

Note: This linter can be disabled with `set_option linter.unusedSimpArgs false`
warning: Theories/Bimodal/Metalogic/WeakCanonical/EFGames/CustomGame.lean:610:51: This simp argument is unused:
  extendPoint

Hint: Omit it from the simp argument list.
  [apply] simp [rank_embed, Sum.map] at hg

Note: This linter can be disabled with `set_option linter.unusedSimpArgs false`
warning: Theories/Bimodal/Metalogic/WeakCanonical/EFGames/CustomGame.lean:651:20: Variable name `hr` is not explicitly referenced.

Hint: The binding can be removed (if unused) or named `_` (if used implicitly). Alternatively, prefix the name with `_` to silence this warning:
  [apply] _hr

Note: This linter can be disabled with `set_option linter.unusedVariables false`
warning: Theories/Bimodal/Metalogic/WeakCanonical/EFGames/CustomGame.lean:749:66: This simp argument is unused:
  temporal_truth

Hint: Omit it from the simp argument list.
  [apply] simp [sf_verum, stavi_temporal_truth_mu, temporal_truth_mu, extendedStructure, extendPoint, Formula.top]

Note: This linter can be disabled with `set_option linter.unusedSimpArgs false`
warning: Theories/Bimodal/Metalogic/WeakCanonical/EFGames/CustomGame.lean:750:12: This simp argument is unused:
  extendedStructure

Hint: Omit it from the simp argument list.
  [apply] simp [sf_verum, stavi_temporal_truth_mu, temporal_truth_mu, temporal_truth, extendPoint, Formula.top]

Note: This linter can be disabled with `set_option linter.unusedSimpArgs false`
warning: Theories/Bimodal/Metalogic/WeakCanonical/EFGames/CustomGame.lean:750:31: This simp argument is unused:
  extendPoint

Hint: Omit it from the simp argument list.
  [apply] simp [sf_verum, stavi_temporal_truth_mu, temporal_truth_mu, temporal_truth, extendedStructure, Formula.top]

Note: This linter can be disabled with `set_option linter.unusedSimpArgs false`
warning: Theories/Bimodal/Metalogic/WeakCanonical/EFGames/CustomGame.lean:750:44: This simp argument is unused:
  Formula.top

Hint: Omit it from the simp argument list.
  [apply] simp [sf_verum, stavi_temporal_truth_mu, temporal_truth_mu, temporal_truth, extendedStructure, extendPoint]

Note: This linter can be disabled with `set_option linter.unusedSimpArgs false`
warning: Theories/Bimodal/Metalogic/WeakCanonical/EFGames/CustomGame.lean:771:66: This simp argument is unused:
  temporal_truth

Hint: Omit it from the simp argument list.
  [apply] simp [sf_verum, stavi_temporal_truth_mu, temporal_truth_mu, extendedStructure, extendPoint, Formula.top]

Note: This linter can be disabled with `set_option linter.unusedSimpArgs false`
warning: Theories/Bimodal/Metalogic/WeakCanonical/EFGames/CustomGame.lean:772:12: This simp argument is unused:
  extendedStructure

Hint: Omit it from the simp argument list.
  [apply] simp [sf_verum, stavi_temporal_truth_mu, temporal_truth_mu, temporal_truth, extendPoint, Formula.top]

Note: This linter can be disabled with `set_option linter.unusedSimpArgs false`
warning: Theories/Bimodal/Metalogic/WeakCanonical/EFGames/CustomGame.lean:772:31: This simp argument is unused:
  extendPoint

Hint: Omit it from the simp argument list.
  [apply] simp [sf_verum, stavi_temporal_truth_mu, temporal_truth_mu, temporal_truth, extendedStructure, Formula.top]

Note: This linter can be disabled with `set_option linter.unusedSimpArgs false`
warning: Theories/Bimodal/Metalogic/WeakCanonical/EFGames/CustomGame.lean:772:44: This simp argument is unused:
  Formula.top

Hint: Omit it from the simp argument list.
  [apply] simp [sf_verum, stavi_temporal_truth_mu, temporal_truth_mu, temporal_truth, extendedStructure, extendPoint]

Note: This linter can be disabled with `set_option linter.unusedSimpArgs false`
warning: Theories/Bimodal/Metalogic/WeakCanonical/EFGames/CustomGame.lean:818:0: Definition `extendPoint_lt_gap` is a proposition; use `theorem` instead of `def`

Note: This linter can be disabled with `set_option linter.defProp false`
warning: Theories/Bimodal/Metalogic/WeakCanonical/EFGames/CustomGame.lean:826:0: Definition `lt_gap_mem_cut` is a proposition; use `theorem` instead of `def`

Note: This linter can be disabled with `set_option linter.defProp false`
warning: Theories/Bimodal/Metalogic/WeakCanonical/EFGames/CustomGame.lean:854:2: `push_neg` has been deprecated. Prefer using `push Not` instead.
If you'd rather continue using `push_neg` in your project, you can implement it as follows:
```
open Lean.Parser.Tactic in
macro "push_neg" cfg:optConfig loc:(location)? : tactic =>
  `(tactic| push $cfg:optConfig Not $[$loc]?)
```
warning: Theories/Bimodal/Metalogic/WeakCanonical/EFGames/CustomGame.lean:863:15: `push_neg` has been deprecated. Prefer using `push Not` instead.
If you'd rather continue using `push_neg` in your project, you can implement it as follows:
```
open Lean.Parser.Tactic in
macro "push_neg" cfg:optConfig loc:(location)? : tactic =>
  `(tactic| push $cfg:optConfig Not $[$loc]?)
```
warning: Theories/Bimodal/Metalogic/WeakCanonical/EFGames/CustomGame.lean:885:66: This simp argument is unused:
  temporal_truth

Hint: Omit it from the simp argument list.
  [apply] simp [sf_verum, stavi_temporal_truth_mu, temporal_truth_mu, extendedStructure, extendPoint, Formula.top]

Note: This linter can be disabled with `set_option linter.unusedSimpArgs false`
warning: Theories/Bimodal/Metalogic/WeakCanonical/EFGames/CustomGame.lean:886:12: This simp argument is unused:
  extendedStructure

Hint: Omit it from the simp argument list.
  [apply] simp [sf_verum, stavi_temporal_truth_mu, temporal_truth_mu, temporal_truth, extendPoint, Formula.top]

Note: This linter can be disabled with `set_option linter.unusedSimpArgs false`
warning: Theories/Bimodal/Metalogic/WeakCanonical/EFGames/CustomGame.lean:886:44: This simp argument is unused:
  Formula.top

Hint: Omit it from the simp argument list.
  [apply] simp [sf_verum, stavi_temporal_truth_mu, temporal_truth_mu, temporal_truth, extendedStructure, extendPoint]

Note: This linter can be disabled with `set_option linter.unusedSimpArgs false`
warning: Theories/Bimodal/Metalogic/WeakCanonical/EFGames/CustomGame.lean:925:66: This simp argument is unused:
  temporal_truth

Hint: Omit it from the simp argument list.
  [apply] simp [sf_verum, stavi_temporal_truth_mu, temporal_truth_mu, extendedStructure, extendPoint, Formula.top]

Note: This linter can be disabled with `set_option linter.unusedSimpArgs false`
warning: Theories/Bimodal/Metalogic/WeakCanonical/EFGames/CustomGame.lean:926:12: This simp argument is unused:
  extendedStructure

Hint: Omit it from the simp argument list.
  [apply] simp [sf_verum, stavi_temporal_truth_mu, temporal_truth_mu, temporal_truth, extendPoint, Formula.top]

Note: This linter can be disabled with `set_option linter.unusedSimpArgs false`
warning: Theories/Bimodal/Metalogic/WeakCanonical/EFGames/CustomGame.lean:926:44: This simp argument is unused:
  Formula.top

Hint: Omit it from the simp argument list.
  [apply] simp [sf_verum, stavi_temporal_truth_mu, temporal_truth_mu, temporal_truth, extendedStructure, extendPoint]

Note: This linter can be disabled with `set_option linter.unusedSimpArgs false`
warning: Theories/Bimodal/Metalogic/WeakCanonical/EFGames/CustomGame.lean:983:5: Variable name `hD_depth` is not explicitly referenced.

Hint: The binding can be removed (if unused) or named `_` (if used implicitly). Alternatively, prefix the name with `_` to silence this warning:
  [apply] _hD_depth

Note: This linter can be disabled with `set_option linter.unusedVariables false`
warning: Theories/Bimodal/Metalogic/WeakCanonical/EFGames/CustomGame.lean:1040:74: This simp argument is unused:
  temporal_truth

Hint: Omit it from the simp argument list.
  [apply] simp [sf_verum, stavi_temporal_truth_mu, temporal_truth_mu, extendedStructure, extendPoint, Formula.top]

Note: This linter can be disabled with `set_option linter.unusedSimpArgs false`
warning: Theories/Bimodal/Metalogic/WeakCanonical/EFGames/CustomGame.lean:1041:20: This simp argument is unused:
  extendedStructure

Hint: Omit it from the simp argument list.
  [apply] simp [sf_verum, stavi_temporal_truth_mu, temporal_truth_mu, temporal_truth, extendPoint, Formula.top]

Note: This linter can be disabled with `set_option linter.unusedSimpArgs false`
warning: Theories/Bimodal/Metalogic/WeakCanonical/EFGames/CustomGame.lean:1041:52: This simp argument is unused:
  Formula.top

Hint: Omit it from the simp argument list.
  [apply] simp [sf_verum, stavi_temporal_truth_mu, temporal_truth_mu, temporal_truth, extendedStructure, extendPoint]

Note: This linter can be disabled with `set_option linter.unusedSimpArgs false`
warning: Theories/Bimodal/Metalogic/WeakCanonical/EFGames/CustomGame.lean:1071:72: This simp argument is unused:
  temporal_truth

Hint: Omit it from the simp argument list.
  [apply] simp [sf_verum, stavi_temporal_truth_mu, temporal_truth_mu, extendedStructure, extendPoint, Formula.top]

Note: This linter can be disabled with `set_option linter.unusedSimpArgs false`
warning: Theories/Bimodal/Metalogic/WeakCanonical/EFGames/CustomGame.lean:1072:18: This simp argument is unused:
  extendedStructure

Hint: Omit it from the simp argument list.
  [apply] simp [sf_verum, stavi_temporal_truth_mu, temporal_truth_mu, temporal_truth, extendPoint, Formula.top]

Note: This linter can be disabled with `set_option linter.unusedSimpArgs false`
warning: Theories/Bimodal/Metalogic/WeakCanonical/EFGames/CustomGame.lean:1072:50: This simp argument is unused:
  Formula.top

Hint: Omit it from the simp argument list.
  [apply] simp [sf_verum, stavi_temporal_truth_mu, temporal_truth_mu, temporal_truth, extendedStructure, extendPoint]

Note: This linter can be disabled with `set_option linter.unusedSimpArgs false`
warning: Theories/Bimodal/Metalogic/WeakCanonical/EFGames/CustomGame.lean:1120:61: This simp argument is unused:
  extendPoint

Hint: Omit it from the simp argument list.
  [apply] simp [rank_embed, Sum.map, in_rank_embed_range]

Note: This linter can be disabled with `set_option linter.unusedSimpArgs false`
warning: Theories/Bimodal/Metalogic/WeakCanonical/EFGames/CustomGame.lean:1248:33: Variable name `hx'd` is not explicitly referenced.

Hint: The binding can be removed (if unused) or named `_` (if used implicitly). Alternatively, prefix the name with `_` to silence this warning:
  [apply] _hx'd

Note: This linter can be disabled with `set_option linter.unusedVariables false`
warning: Theories/Bimodal/Metalogic/WeakCanonical/EFGames/CustomGame.lean:1249:5: Variable name `hcd_type` is not explicitly referenced.

Hint: The binding can be removed (if unused) or named `_` (if used implicitly). Alternatively, prefix the name with `_` to silence this warning:
  [apply] _hcd_type

Note: This linter can be disabled with `set_option linter.unusedVariables false`
warning: Theories/Bimodal/Metalogic/WeakCanonical/EFGames/CustomGame.lean:1252:5: Variable name `hcd_gp` is not explicitly referenced.

Hint: The binding can be removed (if unused) or named `_` (if used implicitly). Alternatively, prefix the name with `_` to silence this warning:
  [apply] _hcd_gp

Note: This linter can be disabled with `set_option linter.unusedVariables false`
warning: Theories/Bimodal/Metalogic/WeakCanonical/EFGames/CustomGame.lean:1277:17: This simp argument is unused:
  show ¬(n < n) from by omega

Hint: Omit it from the simp argument list.
  [apply] simp [a_pad]

Note: This linter can be disabled with `set_option linter.unusedSimpArgs false`
warning: Theories/Bimodal/Metalogic/WeakCanonical/EFGames/CustomGame.lean:1319:8: This simp argument is unused:
  dite_true

Hint: Omit it from the simp argument list.
  [apply] simp only [game_tuple, show (n + 1 : Nat) ≠ 0 from by omega, show (i.val + 1 : Nat) ≠ 0 from by omega,
    show (n + 1 : Nat) ≠ (n + 1) + 1 from by omega, show (n + 1 : Nat) ≠ (n + 1) + 2 from by omega,
    show (i.val + 1 : Nat) ≠ (n + 1) + 1 from by omega, show (i.val + 1 : Nat) ≠ (n + 1) + 2 from by omega,
    show n + 1 - 1 = n from by omega, show i.val + 1 - 1 = i.val from by omega, dite_false] at hcmp

Note: This linter can be disabled with `set_option linter.unusedSimpArgs false`
warning: Theories/Bimodal/Metalogic/WeakCanonical/EFGames/CustomGame.lean:1355:17: This simp argument is unused:
  show (n + 1 : Nat) = n + 1 from rfl

Hint: Omit it from the simp argument list.
  [apply] simp only [show (n + 2 : Nat) ≠ 0 from by omega, show (n + 2 : Nat) = (n + 1) + 1 from by omega,
    show (n + 2 : Nat) ≠ (n + 1) + 2 from by omega, show (n + 1 : Nat) ≠ 0 from by omega, dite_true, dite_false] at hcmp

Note: This linter can be disabled with `set_option linter.unusedSimpArgs false`
warning: Theories/Bimodal/Metalogic/WeakCanonical/EFGames/CustomGame.lean:1477:49: Variable name `hdy'` is not explicitly referenced.

Hint: The binding can be removed (if unused) or named `_` (if used implicitly). Alternatively, prefix the name with `_` to silence this warning:
  [apply] _hdy'

Note: This linter can be disabled with `set_option linter.unusedVariables false`
warning: Theories/Bimodal/Metalogic/WeakCanonical/EFGames/CustomGame.lean:1478:5: Variable name `hcd_type` is not explicitly referenced.

Hint: The binding can be removed (if unused) or named `_` (if used implicitly). Alternatively, prefix the name with `_` to silence this warning:
  [apply] _hcd_type

Note: This linter can be disabled with `set_option linter.unusedVariables false`
warning: Theories/Bimodal/Metalogic/WeakCanonical/EFGames/CustomGame.lean:1481:5: Variable name `hcd_gp` is not explicitly referenced.

Hint: The binding can be removed (if unused) or named `_` (if used implicitly). Alternatively, prefix the name with `_` to silence this warning:
  [apply] _hcd_gp

Note: This linter can be disabled with `set_option linter.unusedVariables false`
warning: Theories/Bimodal/Metalogic/WeakCanonical/EFGames/CustomGame.lean:1537:8: This simp argument is unused:
  dite_true

Hint: Omit it from the simp argument list.
  [apply] simp only [game_tuple, show (i.val + 2 : Nat) ≠ 0 from by omega, show (1 : Nat) ≠ 0 from by omega,
    show (i.val + 2 : Nat) ≠ (n + 1) + 1 from by omega, show (i.val + 2 : Nat) ≠ (n + 1) + 2 from by omega,
    show (1 : Nat) ≠ (n + 1) + 1 from by omega, show (1 : Nat) ≠ (n + 1) + 2 from by omega,
    show i.val + 2 - 1 = i.val + 1 from by omega, show 1 - 1 = 0 from by omega, dite_false] at hcmp

Note: This linter can be disabled with `set_option linter.unusedSimpArgs false`
warning: Theories/Bimodal/Metalogic/WeakCanonical/EFGames/CustomGame.lean:1639:28: This simp argument is unused:
  h0

Hint: Omit it from the simp argument list.
  [apply] simp

Note: This linter can be disabled with `set_option linter.unusedSimpArgs false`
warning: Theories/Bimodal/Metalogic/WeakCanonical/EFGames/CustomGame.lean:1642:31: This simp argument is unused:
  hn1

Hint: Omit it from the simp argument list.
  [apply] simp [show ¬(0 : Nat) = n + 1 from by omega]

Note: This linter can be disabled with `set_option linter.unusedSimpArgs false`
warning: Theories/Bimodal/Metalogic/WeakCanonical/EFGames/CustomGame.lean:1642:36: This simp argument is unused:
  show ¬(0 : Nat) = n + 1 from by omega

Hint: Omit it from the simp argument list.
  [apply] simp [hn1]

Note: This linter can be disabled with `set_option linter.unusedSimpArgs false`
warning: Theories/Bimodal/Metalogic/WeakCanonical/EFGames/CustomGame.lean:1645:33: This simp argument is unused:
  hn2

Hint: Omit it from the simp argument list.
  [apply] simp [show ¬(0 : Nat) = n + 2 from by omega, show n + 2 ≠ n + 1 from by omega]

Note: This linter can be disabled with `set_option linter.unusedSimpArgs false`
warning: Theories/Bimodal/Metalogic/WeakCanonical/EFGames/CustomGame.lean:1645:38: This simp argument is unused:
  show ¬(0 : Nat) = n + 2 from by omega

Hint: Omit it from the simp argument list.
  [apply] simp [hn2, show n + 2 ≠ n + 1 from by omega]

Note: This linter can be disabled with `set_option linter.unusedSimpArgs false`
warning: Theories/Bimodal/Metalogic/WeakCanonical/EFGames/CustomGame.lean:1646:10: This simp argument is unused:
  show n + 2 ≠ n + 1 from by omega

Hint: Omit it from the simp argument list.
  [apply] simp [hn2, show ¬(0 : Nat) = n + 2 from by omega]

Note: This linter can be disabled with `set_option linter.unusedSimpArgs false`
warning: Theories/Bimodal/Metalogic/WeakCanonical/EFGames/CustomGame.lean:1654:16: This simp argument is unused:
  h_sel

Hint: Omit it from the simp argument list.
  [apply] simp [h_sel_n1, h_sel_n2]

Note: This linter can be disabled with `set_option linter.unusedSimpArgs false`
warning: Theories/Bimodal/Metalogic/WeakCanonical/EFGames/CustomGame.lean:1660:28: This simp argument is unused:
  h0

Hint: Omit it from the simp argument list.
  [apply] simp

Note: This linter can be disabled with `set_option linter.unusedSimpArgs false`
warning: Theories/Bimodal/Metalogic/WeakCanonical/EFGames/CustomGame.lean:1663:31: This simp argument is unused:
  hn1

Hint: Omit it from the simp argument list.
  [apply] simp [show ¬(0 : Nat) = n + 1 from by omega]

Note: This linter can be disabled with `set_option linter.unusedSimpArgs false`
warning: Theories/Bimodal/Metalogic/WeakCanonical/EFGames/CustomGame.lean:1663:36: This simp argument is unused:
  show ¬(0 : Nat) = n + 1 from by omega

Hint: Omit it from the simp argument list.
  [apply] simp [hn1]

Note: This linter can be disabled with `set_option linter.unusedSimpArgs false`
warning: Theories/Bimodal/Metalogic/WeakCanonical/EFGames/CustomGame.lean:1666:33: This simp argument is unused:
  hn2

Hint: Omit it from the simp argument list.
  [apply] simp [show ¬(0 : Nat) = n + 2 from by omega, show n + 2 ≠ n + 1 from by omega]

Note: This linter can be disabled with `set_option linter.unusedSimpArgs false`
warning: Theories/Bimodal/Metalogic/WeakCanonical/EFGames/CustomGame.lean:1666:38: This simp argument is unused:
  show ¬(0 : Nat) = n + 2 from by omega

Hint: Omit it from the simp argument list.
  [apply] simp [hn2, show n + 2 ≠ n + 1 from by omega]

Note: This linter can be disabled with `set_option linter.unusedSimpArgs false`
warning: Theories/Bimodal/Metalogic/WeakCanonical/EFGames/CustomGame.lean:1667:10: This simp argument is unused:
  show n + 2 ≠ n + 1 from by omega

Hint: Omit it from the simp argument list.
  [apply] simp [hn2, show ¬(0 : Nat) = n + 2 from by omega]

Note: This linter can be disabled with `set_option linter.unusedSimpArgs false`
warning: Theories/Bimodal/Metalogic/WeakCanonical/EFGames/CustomGame.lean:1674:16: This simp argument is unused:
  h_sel

Hint: Omit it from the simp argument list.
  [apply] simp [h_sel_n1, h_sel_n2]

Note: This linter can be disabled with `set_option linter.unusedSimpArgs false`
⚠ [1713/1877] Replayed Bimodal.Metalogic.WeakCanonical.EFGames.Decomposition
warning: Theories/Bimodal/Metalogic/WeakCanonical/EFGames/Decomposition.lean:160:6: This simp argument is unused:
  show (n + 2) = n + 2 from rfl

Hint: Omit it from the simp argument list.
  [apply] simp only [game_tuple, show (n + 2) ≠ 0 from by omega, show ¬(n + 2 = n + 1) from by omega, dite_false,
    dite_true] at this

Note: This linter can be disabled with `set_option linter.unusedSimpArgs false`
warning: Theories/Bimodal/Metalogic/WeakCanonical/EFGames/Decomposition.lean:180:31: 'simp [Fin.ext_iff]' tactic does nothing

Note: This linter can be disabled with `set_option linter.unusedTactic false`
warning: Theories/Bimodal/Metalogic/WeakCanonical/EFGames/Decomposition.lean:188:31: 'simp [Fin.ext_iff]' tactic does nothing

Note: This linter can be disabled with `set_option linter.unusedTactic false`
warning: Theories/Bimodal/Metalogic/WeakCanonical/EFGames/Decomposition.lean:200:31: 'simp [Fin.ext_iff]' tactic does nothing

Note: This linter can be disabled with `set_option linter.unusedTactic false`
warning: Theories/Bimodal/Metalogic/WeakCanonical/EFGames/Decomposition.lean:224:36: 'simp [Fin.ext_iff]' tactic does nothing

Note: This linter can be disabled with `set_option linter.unusedTactic false`
warning: Theories/Bimodal/Metalogic/WeakCanonical/EFGames/Decomposition.lean:233:40: 'simp [Fin.ext_iff]' tactic does nothing

Note: This linter can be disabled with `set_option linter.unusedTactic false`
warning: Theories/Bimodal/Metalogic/WeakCanonical/EFGames/Decomposition.lean:234:40: 'simp [Fin.ext_iff]' tactic does nothing

Note: This linter can be disabled with `set_option linter.unusedTactic false`
warning: Theories/Bimodal/Metalogic/WeakCanonical/EFGames/Decomposition.lean:247:40: 'simp [Fin.ext_iff]' tactic does nothing

Note: This linter can be disabled with `set_option linter.unusedTactic false`
warning: Theories/Bimodal/Metalogic/WeakCanonical/EFGames/Decomposition.lean:248:40: 'simp [Fin.ext_iff]' tactic does nothing

Note: This linter can be disabled with `set_option linter.unusedTactic false`
warning: Theories/Bimodal/Metalogic/WeakCanonical/EFGames/Decomposition.lean:180:31: this tactic is never executed

Note: This linter can be disabled with `set_option linter.unreachableTactic false`
warning: Theories/Bimodal/Metalogic/WeakCanonical/EFGames/Decomposition.lean:188:31: this tactic is never executed

Note: This linter can be disabled with `set_option linter.unreachableTactic false`
warning: Theories/Bimodal/Metalogic/WeakCanonical/EFGames/Decomposition.lean:200:31: this tactic is never executed

Note: This linter can be disabled with `set_option linter.unreachableTactic false`
warning: Theories/Bimodal/Metalogic/WeakCanonical/EFGames/Decomposition.lean:224:36: this tactic is never executed

Note: This linter can be disabled with `set_option linter.unreachableTactic false`
warning: Theories/Bimodal/Metalogic/WeakCanonical/EFGames/Decomposition.lean:233:40: this tactic is never executed

Note: This linter can be disabled with `set_option linter.unreachableTactic false`
warning: Theories/Bimodal/Metalogic/WeakCanonical/EFGames/Decomposition.lean:234:40: this tactic is never executed

Note: This linter can be disabled with `set_option linter.unreachableTactic false`
warning: Theories/Bimodal/Metalogic/WeakCanonical/EFGames/Decomposition.lean:247:40: this tactic is never executed

Note: This linter can be disabled with `set_option linter.unreachableTactic false`
warning: Theories/Bimodal/Metalogic/WeakCanonical/EFGames/Decomposition.lean:248:40: this tactic is never executed

Note: This linter can be disabled with `set_option linter.unreachableTactic false`
warning: Theories/Bimodal/Metalogic/WeakCanonical/EFGames/Decomposition.lean:275:5: Variable name `h_pt` is not explicitly referenced.

Hint: The binding can be removed (if unused) or named `_` (if used implicitly). Alternatively, prefix the name with `_` to silence this warning:
  [apply] _h_pt

Note: This linter can be disabled with `set_option linter.unusedVariables false`
warning: Theories/Bimodal/Metalogic/WeakCanonical/EFGames/Decomposition.lean:276:5: Variable name `h_pt_M` is not explicitly referenced.

Hint: The binding can be removed (if unused) or named `_` (if used implicitly). Alternatively, prefix the name with `_` to silence this warning:
  [apply] _h_pt_M

Note: This linter can be disabled with `set_option linter.unusedVariables false`
⚠ [1714/1877] Replayed Bimodal.Metalogic.WeakCanonical.EFGames.StaviCompleteness
warning: Theories/Bimodal/Metalogic/WeakCanonical/EFGames/StaviCompleteness.lean:334:19: `push_neg` has been deprecated. Prefer using `push Not` instead.
If you'd rather continue using `push_neg` in your project, you can implement it as follows:
```
open Lean.Parser.Tactic in
macro "push_neg" cfg:optConfig loc:(location)? : tactic =>
  `(tactic| push $cfg:optConfig Not $[$loc]?)
```
warning: Theories/Bimodal/Metalogic/WeakCanonical/EFGames/StaviCompleteness.lean:330:45: This simp argument is unused:
  lt_irrefl

Hint: Omit it from the simp argument list.
  [apply] simp [table_mu, eval, temporal_truth_mu]

Note: This linter can be disabled with `set_option linter.unusedSimpArgs false`
warning: Theories/Bimodal/Metalogic/WeakCanonical/EFGames/StaviCompleteness.lean:686:33: 'simp [Fin.cons, insertEnv, Fin.val_succ]' tactic does nothing

Note: This linter can be disabled with `set_option linter.unusedTactic false`
warning: Theories/Bimodal/Metalogic/WeakCanonical/EFGames/StaviCompleteness.lean:686:76: 'omega' tactic does nothing

Note: This linter can be disabled with `set_option linter.unusedTactic false`
warning: Theories/Bimodal/Metalogic/WeakCanonical/EFGames/StaviCompleteness.lean:703:33: 'simp [Fin.cons, insertEnv, Fin.val_succ]' tactic does nothing

Note: This linter can be disabled with `set_option linter.unusedTactic false`
warning: Theories/Bimodal/Metalogic/WeakCanonical/EFGames/StaviCompleteness.lean:703:76: 'omega' tactic does nothing

Note: This linter can be disabled with `set_option linter.unusedTactic false`
warning: Theories/Bimodal/Metalogic/WeakCanonical/EFGames/StaviCompleteness.lean:836:33: 'simp [Fin.cons, insertEnv, Fin.val_succ]' tactic does nothing

Note: This linter can be disabled with `set_option linter.unusedTactic false`
warning: Theories/Bimodal/Metalogic/WeakCanonical/EFGames/StaviCompleteness.lean:836:76: 'omega' tactic does nothing

Note: This linter can be disabled with `set_option linter.unusedTactic false`
warning: Theories/Bimodal/Metalogic/WeakCanonical/EFGames/StaviCompleteness.lean:853:33: 'simp [Fin.cons, insertEnv, Fin.val_succ]' tactic does nothing

Note: This linter can be disabled with `set_option linter.unusedTactic false`
warning: Theories/Bimodal/Metalogic/WeakCanonical/EFGames/StaviCompleteness.lean:853:76: 'omega' tactic does nothing

Note: This linter can be disabled with `set_option linter.unusedTactic false`
warning: Theories/Bimodal/Metalogic/WeakCanonical/EFGames/StaviCompleteness.lean:776:8: Try this: intro u ⟨⟨hmu_u, htu, hus⟩, hn_disj⟩
warning: Theories/Bimodal/Metalogic/WeakCanonical/EFGames/StaviCompleteness.lean:922:8: Try this: intro u ⟨⟨hmu_u, hsu, hut⟩, hn_disj⟩
warning: Theories/Bimodal/Metalogic/WeakCanonical/EFGames/StaviCompleteness.lean:686:33: this tactic is never executed

Note: This linter can be disabled with `set_option linter.unreachableTactic false`
warning: Theories/Bimodal/Metalogic/WeakCanonical/EFGames/StaviCompleteness.lean:686:76: this tactic is never executed

Note: This linter can be disabled with `set_option linter.unreachableTactic false`
warning: Theories/Bimodal/Metalogic/WeakCanonical/EFGames/StaviCompleteness.lean:703:33: this tactic is never executed

Note: This linter can be disabled with `set_option linter.unreachableTactic false`
warning: Theories/Bimodal/Metalogic/WeakCanonical/EFGames/StaviCompleteness.lean:703:76: this tactic is never executed

Note: This linter can be disabled with `set_option linter.unreachableTactic false`
warning: Theories/Bimodal/Metalogic/WeakCanonical/EFGames/StaviCompleteness.lean:836:33: this tactic is never executed

Note: This linter can be disabled with `set_option linter.unreachableTactic false`
warning: Theories/Bimodal/Metalogic/WeakCanonical/EFGames/StaviCompleteness.lean:836:76: this tactic is never executed

Note: This linter can be disabled with `set_option linter.unreachableTactic false`
warning: Theories/Bimodal/Metalogic/WeakCanonical/EFGames/StaviCompleteness.lean:853:33: this tactic is never executed

Note: This linter can be disabled with `set_option linter.unreachableTactic false`
warning: Theories/Bimodal/Metalogic/WeakCanonical/EFGames/StaviCompleteness.lean:853:76: this tactic is never executed

Note: This linter can be disabled with `set_option linter.unreachableTactic false`
warning: Theories/Bimodal/Metalogic/WeakCanonical/EFGames/StaviCompleteness.lean:1420:5: Variable name `h_surj` is not explicitly referenced.

Hint: The binding can be removed (if unused) or named `_` (if used implicitly). Alternatively, prefix the name with `_` to silence this warning:
  [apply] _h_surj

Note: This linter can be disabled with `set_option linter.unusedVariables false`
⚠ [1718/1877] Replayed Bimodal.Metalogic.WeakCanonical.Kamp.VecEAFormula
warning: Theories/Bimodal/Metalogic/WeakCanonical/Kamp/VecEAFormula.lean:388:5: Variable name `hsegn` is not explicitly referenced.

Hint: The binding can be removed (if unused) or named `_` (if used implicitly). Alternatively, prefix the name with `_` to silence this warning:
  [apply] _hsegn

Note: This linter can be disabled with `set_option linter.unusedVariables false`
warning: Theories/Bimodal/Metalogic/WeakCanonical/Kamp/VecEAFormula.lean:420:5: Variable name `hseg0` is not explicitly referenced.

Hint: The binding can be removed (if unused) or named `_` (if used implicitly). Alternatively, prefix the name with `_` to silence this warning:
  [apply] _hseg0

Note: This linter can be disabled with `set_option linter.unusedVariables false`
warning: Theories/Bimodal/Metalogic/WeakCanonical/Kamp/VecEAFormula.lean:441:47: This simp argument is unused:
  Fin.ext_iff

Hint: Omit it from the simp argument list.
  [apply] simp

Note: This linter can be disabled with `set_option linter.unusedSimpArgs false`
warning: Theories/Bimodal/Metalogic/WeakCanonical/Kamp/VecEAFormula.lean:552:19: This simp argument is unused:
  show j.val + 1 ≠ 0 from by omega

Hint: Omit it from the simp argument list.
  [apply] simp [w]

Note: This linter can be disabled with `set_option linter.unusedSimpArgs false`
warning: Theories/Bimodal/Metalogic/WeakCanonical/Kamp/VecEAFormula.lean:570:19: This simp argument is unused:
  show np + 1 ≠ 0 from by omega

Hint: Omit it from the simp argument list.
  [apply] simp [w]

Note: This linter can be disabled with `set_option linter.unusedSimpArgs false`
⚠ [1719/1877] Replayed Bimodal.Metalogic.WeakCanonical.Kamp.VecEATranslation
warning: Theories/Bimodal/Metalogic/WeakCanonical/Kamp/VecEATranslation.lean:127:26: This simp argument is unused:
  BracketFormula.mk

Hint: Omit it from the simp argument list.
  [apply] simp only at this

Note: This linter can be disabled with `set_option linter.unusedSimpArgs false`
⚠ [1724/1877] Replayed Bimodal.Metalogic.WeakCanonical.Kamp.NfDepth0Generalized
warning: Theories/Bimodal/Metalogic/WeakCanonical/Kamp/NfDepth0Generalized.lean:130:27: Used `tac1 <;> tac2` where `(tac1; tac2)` would suffice

Note: This linter can be disabled with `set_option linter.unnecessarySeqFocus false`
warning: Theories/Bimodal/Metalogic/WeakCanonical/Kamp/NfDepth0Generalized.lean:390:7: Variable name `hsec` is not explicitly referenced.

Hint: The binding can be removed (if unused) or named `_` (if used implicitly). Alternatively, prefix the name with `_` to silence this warning:
  [apply] _hsec

Note: This linter can be disabled with `set_option linter.unusedVariables false`
warning: Theories/Bimodal/Metalogic/WeakCanonical/Kamp/NfDepth0Generalized.lean:390:33: Variable name `hsec2` is not explicitly referenced.

Hint: The binding can be removed (if unused) or named `_` (if used implicitly). Alternatively, prefix the name with `_` to silence this warning:
  [apply] _hsec2

Note: This linter can be disabled with `set_option linter.unusedVariables false`
warning: Theories/Bimodal/Metalogic/WeakCanonical/Kamp/NfDepth0Generalized.lean:447:7: Variable name `hcomp` is not explicitly referenced.

Hint: The binding can be removed (if unused) or named `_` (if used implicitly). Alternatively, prefix the name with `_` to silence this warning:
  [apply] _hcomp

Note: This linter can be disabled with `set_option linter.unusedVariables false`
warning: Theories/Bimodal/Metalogic/WeakCanonical/Kamp/NfDepth0Generalized.lean:448:7: Variable name `hcomp2` is not explicitly referenced.

Hint: The binding can be removed (if unused) or named `_` (if used implicitly). Alternatively, prefix the name with `_` to silence this warning:
  [apply] _hcomp2

Note: This linter can be disabled with `set_option linter.unusedVariables false`
warning: Theories/Bimodal/Metalogic/WeakCanonical/Kamp/NfDepth0Generalized.lean:449:7: Variable name `hsec` is not explicitly referenced.

Hint: The binding can be removed (if unused) or named `_` (if used implicitly). Alternatively, prefix the name with `_` to silence this warning:
  [apply] _hsec

Note: This linter can be disabled with `set_option linter.unusedVariables false`
warning: Theories/Bimodal/Metalogic/WeakCanonical/Kamp/NfDepth0Generalized.lean:450:7: Variable name `hsec2` is not explicitly referenced.

Hint: The binding can be removed (if unused) or named `_` (if used implicitly). Alternatively, prefix the name with `_` to silence this warning:
  [apply] _hsec2

Note: This linter can be disabled with `set_option linter.unusedVariables false`
warning: Theories/Bimodal/Metalogic/WeakCanonical/Kamp/NfDepth0Generalized.lean:630:30: This simp argument is unused:
  List.map

Hint: Omit it from the simp argument list.
  [apply] simp only [List.finRange, buildRight_spec]

Note: This linter can be disabled with `set_option linter.unusedSimpArgs false`
warning: Theories/Bimodal/Metalogic/WeakCanonical/Kamp/NfDepth0Generalized.lean:630:40: This simp argument is unused:
  buildRight_spec

Hint: Omit it from the simp argument list.
  [apply] simp only [List.finRange, List.map]

Note: This linter can be disabled with `set_option linter.unusedSimpArgs false`
warning: Theories/Bimodal/Metalogic/WeakCanonical/Kamp/NfDepth0Generalized.lean:670:30: This simp argument is unused:
  List.map

Hint: Omit it from the simp argument list.
  [apply] simp only [List.finRange, buildLeft_spec]

Note: This linter can be disabled with `set_option linter.unusedSimpArgs false`
warning: Theories/Bimodal/Metalogic/WeakCanonical/Kamp/NfDepth0Generalized.lean:670:40: This simp argument is unused:
  buildLeft_spec

Hint: Omit it from the simp argument list.
  [apply] simp only [List.finRange, List.map]

Note: This linter can be disabled with `set_option linter.unusedSimpArgs false`
warning: Theories/Bimodal/Metalogic/WeakCanonical/Kamp/NfDepth0Generalized.lean:731:4: `push_neg` has been deprecated. Prefer using `push Not` instead.
If you'd rather continue using `push_neg` in your project, you can implement it as follows:
```
open Lean.Parser.Tactic in
macro "push_neg" cfg:optConfig loc:(location)? : tactic =>
  `(tactic| push $cfg:optConfig Not $[$loc]?)
```
warning: Theories/Bimodal/Metalogic/WeakCanonical/Kamp/NfDepth0Generalized.lean:779:25: `push_neg` has been deprecated. Prefer using `push Not` instead.
If you'd rather continue using `push_neg` in your project, you can implement it as follows:
```
open Lean.Parser.Tactic in
macro "push_neg" cfg:optConfig loc:(location)? : tactic =>
  `(tactic| push $cfg:optConfig Not $[$loc]?)
```
warning: Theories/Bimodal/Metalogic/WeakCanonical/Kamp/NfDepth0Generalized.lean:836:12: `push_neg` has been deprecated. Prefer using `push Not` instead.
If you'd rather continue using `push_neg` in your project, you can implement it as follows:
```
open Lean.Parser.Tactic in
macro "push_neg" cfg:optConfig loc:(location)? : tactic =>
  `(tactic| push $cfg:optConfig Not $[$loc]?)
```
warning: Theories/Bimodal/Metalogic/WeakCanonical/Kamp/NfDepth0Generalized.lean:909:8: `push_neg` has been deprecated. Prefer using `push Not` instead.
If you'd rather continue using `push_neg` in your project, you can implement it as follows:
```
open Lean.Parser.Tactic in
macro "push_neg" cfg:optConfig loc:(location)? : tactic =>
  `(tactic| push $cfg:optConfig Not $[$loc]?)
```
warning: Theories/Bimodal/Metalogic/WeakCanonical/Kamp/NfDepth0Generalized.lean:960:6: `push_neg` has been deprecated. Prefer using `push Not` instead.
If you'd rather continue using `push_neg` in your project, you can implement it as follows:
```
open Lean.Parser.Tactic in
macro "push_neg" cfg:optConfig loc:(location)? : tactic =>
  `(tactic| push $cfg:optConfig Not $[$loc]?)
```
warning: Theories/Bimodal/Metalogic/WeakCanonical/Kamp/NfDepth0Generalized.lean:1564:8: `push_neg` has been deprecated. Prefer using `push Not` instead.
If you'd rather continue using `push_neg` in your project, you can implement it as follows:
```
open Lean.Parser.Tactic in
macro "push_neg" cfg:optConfig loc:(location)? : tactic =>
  `(tactic| push $cfg:optConfig Not $[$loc]?)
```
warning: Theories/Bimodal/Metalogic/WeakCanonical/Kamp/NfDepth0Generalized.lean:821:24: This simp argument is unused:
  dif_neg (show ¬(kv + 1 < kv + 1) from by omega)

Hint: Omit it from the simp argument list.
  [apply] simp

Note: This linter can be disabled with `set_option linter.unusedSimpArgs false`
warning: Theories/Bimodal/Metalogic/WeakCanonical/Kamp/NfDepth0Generalized.lean:893:24: This simp argument is unused:
  dif_neg (show ¬False from id)

Hint: Omit it from the simp argument list.
  [apply] simp [show ¬(kv + 1 < kv + 1) from by omega]

Note: This linter can be disabled with `set_option linter.unusedSimpArgs false`
warning: Theories/Bimodal/Metalogic/WeakCanonical/Kamp/NfDepth0Generalized.lean:893:55: This simp argument is unused:
  show ¬(kv + 1 < kv + 1) from by omega

Hint: Omit it from the simp argument list.
  [apply] simp [dif_neg (show ¬False from id)]

Note: This linter can be disabled with `set_option linter.unusedSimpArgs false`
warning: Theories/Bimodal/Metalogic/WeakCanonical/Kamp/NfDepth0Generalized.lean:1040:24: This simp argument is unused:
  mem_filter

Hint: Omit it from the simp argument list.
  [apply] simp [nf_lt_bool, h_ab, h_ab_true]

Note: This linter can be disabled with `set_option linter.unusedSimpArgs false`
warning: Theories/Bimodal/Metalogic/WeakCanonical/Kamp/NfDepth0Generalized.lean:1041:24: This simp argument is unused:
  mem_filter

Hint: Omit it from the simp argument list.
  [apply] simp [nf_lt_bool]

Note: This linter can be disabled with `set_option linter.unusedSimpArgs false`
warning: Theories/Bimodal/Metalogic/WeakCanonical/Kamp/NfDepth0Generalized.lean:1209:62: This simp argument is unused:
  dif_neg (Nat.succ_ne_zero i)

Hint: Omit it from the simp argument list.
  [apply] simp only [Nat.succ_ne_zero, ↓reduceDIte]

Note: This linter can be disabled with `set_option linter.unusedSimpArgs false`
warning: Theories/Bimodal/Metalogic/WeakCanonical/Kamp/NfDepth0Generalized.lean:1211:31: This simp argument is unused:
  show (⟨i, by omega⟩ : Fin m).val = i from rfl

Hint: Omit it from the simp argument list.
  [apply] simp only at this

Note: This linter can be disabled with `set_option linter.unusedSimpArgs false`
warning: Theories/Bimodal/Metalogic/WeakCanonical/Kamp/NfDepth0Generalized.lean:1252:62: This simp argument is unused:
  dif_neg (Nat.succ_ne_zero i)

Hint: Omit it from the simp argument list.
  [apply] simp only [Nat.succ_ne_zero, ↓reduceDIte]

Note: This linter can be disabled with `set_option linter.unusedSimpArgs false`
warning: Theories/Bimodal/Metalogic/WeakCanonical/Kamp/NfDepth0Generalized.lean:1254:31: This simp argument is unused:
  show (⟨i, by omega⟩ : Fin m).val = i from rfl

Hint: Omit it from the simp argument list.
  [apply] simp only at this

Note: This linter can be disabled with `set_option linter.unusedSimpArgs false`
warning: Theories/Bimodal/Metalogic/WeakCanonical/Kamp/NfDepth0Generalized.lean:1309:25: This simp argument is unused:
  show (⟨j' + 1, hj⟩ : Fin _).val = j' + 1 from rfl

Hint: Omit it from the simp argument list.
  [apply] simp only [dif_neg (Nat.succ_ne_zero j')] at h_step

Note: This linter can be disabled with `set_option linter.unusedSimpArgs false`
warning: Theories/Bimodal/Metalogic/WeakCanonical/Kamp/NfDepth0Generalized.lean:1325:25: This simp argument is unused:
  show (⟨j' + 1, hj⟩ : Fin _).val = j' + 1 from rfl

Hint: Omit it from the simp argument list.
  [apply] simp only [dif_neg (Nat.succ_ne_zero j')] at h_step

Note: This linter can be disabled with `set_option linter.unusedSimpArgs false`
warning: Theories/Bimodal/Metalogic/WeakCanonical/Kamp/NfDepth0Generalized.lean:1339:23: This simp argument is unused:
  show (⟨0, h_ne⟩ : Fin (n + 1 - k.val)).val = 0 from rfl

Hint: Omit it from the simp argument list.
  [apply] simp only [dite_true] at h0

Note: This linter can be disabled with `set_option linter.unusedSimpArgs false`
warning: Theories/Bimodal/Metalogic/WeakCanonical/Kamp/NfDepth0Generalized.lean:1348:23: This simp argument is unused:
  show (⟨0, h_ne⟩ : Fin k.val).val = 0 from rfl

Hint: Omit it from the simp argument list.
  [apply] simp only [dite_true] at h0

Note: This linter can be disabled with `set_option linter.unusedSimpArgs false`
warning: Theories/Bimodal/Metalogic/WeakCanonical/Kamp/NfDepth0Generalized.lean:1501:55: This simp argument is unused:
  List.map

Hint: Omit it from the simp argument list.
  [apply] simp only [List.finRange, buildRight_spec]

Note: This linter can be disabled with `set_option linter.unusedSimpArgs false`
warning: Theories/Bimodal/Metalogic/WeakCanonical/Kamp/NfDepth0Generalized.lean:1501:65: This simp argument is unused:
  buildRight_spec

Hint: Omit it from the simp argument list.
  [apply] simp only [List.finRange, List.map]

Note: This linter can be disabled with `set_option linter.unusedSimpArgs false`
warning: Theories/Bimodal/Metalogic/WeakCanonical/Kamp/NfDepth0Generalized.lean:1540:55: This simp argument is unused:
  List.map

Hint: Omit it from the simp argument list.
  [apply] simp only [List.finRange, buildLeft_spec]

Note: This linter can be disabled with `set_option linter.unusedSimpArgs false`
warning: Theories/Bimodal/Metalogic/WeakCanonical/Kamp/NfDepth0Generalized.lean:1540:65: This simp argument is unused:
  buildLeft_spec

Hint: Omit it from the simp argument list.
  [apply] simp only [List.finRange, List.map]

Note: This linter can be disabled with `set_option linter.unusedSimpArgs false`
warning: Theories/Bimodal/Metalogic/WeakCanonical/Kamp/NfDepth0Generalized.lean:1213:61: 'ext' tactic does nothing

Note: This linter can be disabled with `set_option linter.unusedTactic false`
warning: Theories/Bimodal/Metalogic/WeakCanonical/Kamp/NfDepth0Generalized.lean:1213:66: 'try omega' tactic does nothing

Note: This linter can be disabled with `set_option linter.unusedTactic false`
warning: Theories/Bimodal/Metalogic/WeakCanonical/Kamp/NfDepth0Generalized.lean:1256:61: 'ext' tactic does nothing

Note: This linter can be disabled with `set_option linter.unusedTactic false`
warning: Theories/Bimodal/Metalogic/WeakCanonical/Kamp/NfDepth0Generalized.lean:1256:66: 'try omega' tactic does nothing

Note: This linter can be disabled with `set_option linter.unusedTactic false`
warning: Theories/Bimodal/Metalogic/WeakCanonical/Kamp/NfDepth0Generalized.lean:1294:18: 'congr 1' tactic does nothing

Note: This linter can be disabled with `set_option linter.unusedTactic false`
warning: Theories/Bimodal/Metalogic/WeakCanonical/Kamp/NfDepth0Generalized.lean:1300:18: 'congr 1' tactic does nothing

Note: This linter can be disabled with `set_option linter.unusedTactic false`
warning: Theories/Bimodal/Metalogic/WeakCanonical/Kamp/NfDepth0Generalized.lean:1213:66: this tactic is never executed

Note: This linter can be disabled with `set_option linter.unreachableTactic false`
warning: Theories/Bimodal/Metalogic/WeakCanonical/Kamp/NfDepth0Generalized.lean:1256:66: this tactic is never executed

Note: This linter can be disabled with `set_option linter.unreachableTactic false`
⚠ [1729/1877] Replayed Bimodal.Metalogic.WeakCanonical.Kamp.PriorINF
warning: Theories/Bimodal/Metalogic/WeakCanonical/Kamp/PriorINF.lean:155:6: `push_neg` has been deprecated. Prefer using `push Not` instead.
If you'd rather continue using `push_neg` in your project, you can implement it as follows:
```
open Lean.Parser.Tactic in
macro "push_neg" cfg:optConfig loc:(location)? : tactic =>
  `(tactic| push $cfg:optConfig Not $[$loc]?)
```
warning: Theories/Bimodal/Metalogic/WeakCanonical/Kamp/PriorINF.lean:183:6: `push_neg` has been deprecated. Prefer using `push Not` instead.
If you'd rather continue using `push_neg` in your project, you can implement it as follows:
```
open Lean.Parser.Tactic in
macro "push_neg" cfg:optConfig loc:(location)? : tactic =>
  `(tactic| push $cfg:optConfig Not $[$loc]?)
```
warning: Theories/Bimodal/Metalogic/WeakCanonical/Kamp/PriorINF.lean:234:6: `push_neg` has been deprecated. Prefer using `push Not` instead.
If you'd rather continue using `push_neg` in your project, you can implement it as follows:
```
open Lean.Parser.Tactic in
macro "push_neg" cfg:optConfig loc:(location)? : tactic =>
  `(tactic| push $cfg:optConfig Not $[$loc]?)
```
warning: Theories/Bimodal/Metalogic/WeakCanonical/Kamp/PriorINF.lean:279:6: `push_neg` has been deprecated. Prefer using `push Not` instead.
If you'd rather continue using `push_neg` in your project, you can implement it as follows:
```
open Lean.Parser.Tactic in
macro "push_neg" cfg:optConfig loc:(location)? : tactic =>
  `(tactic| push $cfg:optConfig Not $[$loc]?)
```
⚠ [1732/1877] Replayed Bimodal.Metalogic.WeakCanonical.Kamp.VecEAClosure
warning: Theories/Bimodal/Metalogic/WeakCanonical/Kamp/VecEAClosure.lean:31:4: `push_neg` has been deprecated. Prefer using `push Not` instead.
If you'd rather continue using `push_neg` in your project, you can implement it as follows:
```
open Lean.Parser.Tactic in
macro "push_neg" cfg:optConfig loc:(location)? : tactic =>
  `(tactic| push $cfg:optConfig Not $[$loc]?)
```
warning: Theories/Bimodal/Metalogic/WeakCanonical/Kamp/VecEAClosure.lean:71:25: Variable name `hz` is not explicitly referenced.

Hint: The binding can be removed (if unused) or named `_` (if used implicitly). Alternatively, prefix the name with `_` to silence this warning:
  [apply] _hz

Note: This linter can be disabled with `set_option linter.unusedVariables false`
warning: Theories/Bimodal/Metalogic/WeakCanonical/Kamp/VecEAClosure.lean:327:17: `Fin.lt_iff_val_lt_val` has been deprecated: Use `Fin.lt_def` instead
warning: Theories/Bimodal/Metalogic/WeakCanonical/Kamp/VecEAClosure.lean:331:57: `Fin.lt_iff_val_lt_val` has been deprecated: Use `Fin.lt_def` instead
warning: Theories/Bimodal/Metalogic/WeakCanonical/Kamp/VecEAClosure.lean:357:12: This simp argument is unused:
  dif_pos this

Hint: Omit it from the simp argument list.
  [apply] simp at hy1

Note: This linter can be disabled with `set_option linter.unusedSimpArgs false`
warning: Theories/Bimodal/Metalogic/WeakCanonical/Kamp/VecEAClosure.lean:359:12: This simp argument is unused:
  dif_pos this

Hint: Omit it from the simp argument list.
  [apply] simp

Note: This linter can be disabled with `set_option linter.unusedSimpArgs false`
warning: Theories/Bimodal/Metalogic/WeakCanonical/Kamp/VecEAClosure.lean:380:16: This simp argument is unused:
  show ¬(n + 1 ≤ n) from by omega

Hint: Omit it from the simp argument list.
  [apply] simp at hhi

Note: This linter can be disabled with `set_option linter.unusedSimpArgs false`
warning: Theories/Bimodal/Metalogic/WeakCanonical/Kamp/VecEAClosure.lean:382:16: This simp argument is unused:
  dif_pos this

Hint: Omit it from the simp argument list.
  [apply] simp

Note: This linter can be disabled with `set_option linter.unusedSimpArgs false`
warning: Theories/Bimodal/Metalogic/WeakCanonical/Kamp/VecEAClosure.lean:390:12: This simp argument is unused:
  dif_neg this

Hint: Omit it from the simp argument list.
  [apply] simp

Note: This linter can be disabled with `set_option linter.unusedSimpArgs false`
⚠ [1733/1877] Replayed Bimodal.Metalogic.WeakCanonical.Kamp.EANegation
warning: Theories/Bimodal/Metalogic/WeakCanonical/Kamp/EANegation.lean:129:17: `Fin.lt_iff_val_lt_val` has been deprecated: Use `Fin.lt_def` instead
warning: Theories/Bimodal/Metalogic/WeakCanonical/Kamp/EANegation.lean:139:28: `Fin.lt_iff_val_lt_val` has been deprecated: Use `Fin.lt_def` instead
warning: Theories/Bimodal/Metalogic/WeakCanonical/Kamp/EANegation.lean:141:63: `Fin.lt_iff_val_lt_val` has been deprecated: Use `Fin.lt_def` instead
warning: Theories/Bimodal/Metalogic/WeakCanonical/Kamp/EANegation.lean:153:28: `Fin.lt_iff_val_lt_val` has been deprecated: Use `Fin.lt_def` instead
warning: Theories/Bimodal/Metalogic/WeakCanonical/Kamp/EANegation.lean:159:25: This simp argument is unused:
  dif_pos rfl

Hint: Omit it from the simp argument list.
  [apply] simp

Note: This linter can be disabled with `set_option linter.unusedSimpArgs false`
warning: Theories/Bimodal/Metalogic/WeakCanonical/Kamp/EANegation.lean:165:12: This simp argument is unused:
  dif_pos (show (0 : Nat) = 0 from rfl)

Hint: Omit it from the simp argument list.
  [apply] simp

Note: This linter can be disabled with `set_option linter.unusedSimpArgs false`
warning: Theories/Bimodal/Metalogic/WeakCanonical/Kamp/EANegation.lean:177:16: This simp argument is unused:
  Fin.ext_iff

Hint: Omit it from the simp argument list.
  [apply] simp

Note: This linter can be disabled with `set_option linter.unusedSimpArgs false`
warning: Theories/Bimodal/Metalogic/WeakCanonical/Kamp/EANegation.lean:178:39: This simp argument is unused:
  Fin.ext_iff

Hint: Omit it from the simp argument list.
  [apply] simp

Note: This linter can be disabled with `set_option linter.unusedSimpArgs false`
warning: Theories/Bimodal/Metalogic/WeakCanonical/Kamp/EANegation.lean:199:40: This simp argument is unused:
  dif_pos rfl

Hint: Omit it from the simp argument list.
  [apply] simp at this

Note: This linter can be disabled with `set_option linter.unusedSimpArgs false`
warning: Theories/Bimodal/Metalogic/WeakCanonical/Kamp/EANegation.lean:200:52: This simp argument is unused:
  dif_pos rfl

Hint: Omit it from the simp argument list.
  [apply] simp at this

Note: This linter can be disabled with `set_option linter.unusedSimpArgs false`
warning: Theories/Bimodal/Metalogic/WeakCanonical/Kamp/EANegation.lean:206:12: This simp argument is unused:
  dif_neg (show (0 : Nat) + 1 ≠ 0 from by omega)

Hint: Omit it from the simp argument list.
  [apply] simp at this

Note: This linter can be disabled with `set_option linter.unusedSimpArgs false`
warning: Theories/Bimodal/Metalogic/WeakCanonical/Kamp/EANegation.lean:219:14: This simp argument is unused:
  dif_neg (show j.val + 1 ≠ 0 from by omega)

Hint: Omit it from the simp argument list.
  [apply] simp at this

Note: This linter can be disabled with `set_option linter.unusedSimpArgs false`
warning: Theories/Bimodal/Metalogic/WeakCanonical/Kamp/EANegation.lean:223:14: This simp argument is unused:
  dif_neg (show (0 : Nat) + 1 ≠ 0 from by omega)

Hint: Omit it from the simp argument list.
  [apply] simp at this

Note: This linter can be disabled with `set_option linter.unusedSimpArgs false`
warning: Theories/Bimodal/Metalogic/WeakCanonical/Kamp/EANegation.lean:230:14: This simp argument is unused:
  dif_neg (show j.val + 1 + 1 ≠ 0 from by omega)

Hint: Omit it from the simp argument list.
  [apply] simp at this

Note: This linter can be disabled with `set_option linter.unusedSimpArgs false`
warning: Theories/Bimodal/Metalogic/WeakCanonical/Kamp/EANegation.lean:235:14: This simp argument is unused:
  dif_neg (show k' + 1 + 1 ≠ 0 from by omega)

Hint: Omit it from the simp argument list.
  [apply] simp at this

Note: This linter can be disabled with `set_option linter.unusedSimpArgs false`
warning: Theories/Bimodal/Metalogic/WeakCanonical/Kamp/EANegation.lean:253:20: `push_neg` has been deprecated. Prefer using `push Not` instead.
If you'd rather continue using `push_neg` in your project, you can implement it as follows:
```
open Lean.Parser.Tactic in
macro "push_neg" cfg:optConfig loc:(location)? : tactic =>
  `(tactic| push $cfg:optConfig Not $[$loc]?)
```
warning: Theories/Bimodal/Metalogic/WeakCanonical/Kamp/EANegation.lean:361:21: `Fin.lt_iff_val_lt_val` has been deprecated: Use `Fin.lt_def` instead
warning: Theories/Bimodal/Metalogic/WeakCanonical/Kamp/EANegation.lean:369:32: `Fin.lt_iff_val_lt_val` has been deprecated: Use `Fin.lt_def` instead
warning: Theories/Bimodal/Metalogic/WeakCanonical/Kamp/EANegation.lean:372:24: `Fin.lt_iff_val_lt_val` has been deprecated: Use `Fin.lt_def` instead
warning: Theories/Bimodal/Metalogic/WeakCanonical/Kamp/EANegation.lean:381:32: `Fin.lt_iff_val_lt_val` has been deprecated: Use `Fin.lt_def` instead
warning: Theories/Bimodal/Metalogic/WeakCanonical/Kamp/EANegation.lean:469:8: `push_neg` has been deprecated. Prefer using `push Not` instead.
If you'd rather continue using `push_neg` in your project, you can implement it as follows:
```
open Lean.Parser.Tactic in
macro "push_neg" cfg:optConfig loc:(location)? : tactic =>
  `(tactic| push $cfg:optConfig Not $[$loc]?)
```
warning: Theories/Bimodal/Metalogic/WeakCanonical/Kamp/EANegation.lean:317:39: Variable name `h_INF` is not explicitly referenced.

Hint: The binding can be removed (if unused) or named `_` (if used implicitly). Alternatively, prefix the name with `_` to silence this warning:
  [apply] _h_INF

Note: This linter can be disabled with `set_option linter.unusedVariables false`
warning: Theories/Bimodal/Metalogic/WeakCanonical/Kamp/EANegation.lean:561:21: `push_neg` has been deprecated. Prefer using `push Not` instead.
If you'd rather continue using `push_neg` in your project, you can implement it as follows:
```
open Lean.Parser.Tactic in
macro "push_neg" cfg:optConfig loc:(location)? : tactic =>
  `(tactic| push $cfg:optConfig Not $[$loc]?)
```
warning: Theories/Bimodal/Metalogic/WeakCanonical/Kamp/EANegation.lean:604:21: `push_neg` has been deprecated. Prefer using `push Not` instead.
If you'd rather continue using `push_neg` in your project, you can implement it as follows:
```
open Lean.Parser.Tactic in
macro "push_neg" cfg:optConfig loc:(location)? : tactic =>
  `(tactic| push $cfg:optConfig Not $[$loc]?)
```
warning: Theories/Bimodal/Metalogic/WeakCanonical/Kamp/EANegation.lean:664:51: This simp argument is unused:
  Fin.val_mk

Hint: Omit it from the simp argument list.
  [apply] simp

Note: This linter can be disabled with `set_option linter.unusedSimpArgs false`
⚠ [1734/1877] Replayed Bimodal.Metalogic.WeakCanonical.Kamp.EANegationClosure
warning: Theories/Bimodal/Metalogic/WeakCanonical/Kamp/EANegationClosure.lean:151:19: This simp argument is unused:
  BracketFormula.toIntervalPattern

Hint: Omit it from the simp argument list.
  [apply] simp only [BracketFormula.tail] at h

Note: This linter can be disabled with `set_option linter.unusedSimpArgs false`
warning: Theories/Bimodal/Metalogic/WeakCanonical/Kamp/EANegationClosure.lean:151:53: This simp argument is unused:
  BracketFormula.tail

Hint: Omit it from the simp argument list.
  [apply] simp only [BracketFormula.toIntervalPattern] at h

Note: This linter can be disabled with `set_option linter.unusedSimpArgs false`
warning: Theories/Bimodal/Metalogic/WeakCanonical/Kamp/EANegationClosure.lean:156:17: This simp argument is unused:
  show (0 : Nat) = 0 from rfl

Hint: Omit it from the simp argument list.
  [apply] simp only [dite_true] at hy1

Note: This linter can be disabled with `set_option linter.unusedSimpArgs false`
warning: Theories/Bimodal/Metalogic/WeakCanonical/Kamp/EANegationClosure.lean:162:19: This simp argument is unused:
  show (0 : Nat) = 0 from rfl

Hint: Omit it from the simp argument list.
  [apply] simp only [dite_true] at hy_lo

Note: This linter can be disabled with `set_option linter.unusedSimpArgs false`
warning: Theories/Bimodal/Metalogic/WeakCanonical/Kamp/EANegationClosure.lean:168:52: This simp argument is unused:
  Fin.ext_iff

Hint: Omit it from the simp argument list.
  [apply] simp

Note: This linter can be disabled with `set_option linter.unusedSimpArgs false`
warning: Theories/Bimodal/Metalogic/WeakCanonical/Kamp/EANegationClosure.lean:169:42: This simp argument is unused:
  Fin.ext_iff

Hint: Omit it from the simp argument list.
  [apply] simp

Note: This linter can be disabled with `set_option linter.unusedSimpArgs false`
warning: Theories/Bimodal/Metalogic/WeakCanonical/Kamp/EANegationClosure.lean:262:2: `push_neg` has been deprecated. Prefer using `push Not` instead.
If you'd rather continue using `push_neg` in your project, you can implement it as follows:
```
open Lean.Parser.Tactic in
macro "push_neg" cfg:optConfig loc:(location)? : tactic =>
  `(tactic| push $cfg:optConfig Not $[$loc]?)
```
warning: Theories/Bimodal/Metalogic/WeakCanonical/Kamp/EANegationClosure.lean:255:5: Variable name `h_INF` is not explicitly referenced.

Hint: The binding can be removed (if unused) or named `_` (if used implicitly). Alternatively, prefix the name with `_` to silence this warning:
  [apply] _h_INF

Note: This linter can be disabled with `set_option linter.unusedVariables false`
warning: Theories/Bimodal/Metalogic/WeakCanonical/Kamp/EANegationClosure.lean:256:57: Variable name `h_lt` is not explicitly referenced.

Hint: The binding can be removed (if unused) or named `_` (if used implicitly). Alternatively, prefix the name with `_` to silence this warning:
  [apply] _h_lt

Note: This linter can be disabled with `set_option linter.unusedVariables false`
warning: Theories/Bimodal/Metalogic/WeakCanonical/Kamp/EANegationClosure.lean:363:6: `push_neg` has been deprecated. Prefer using `push Not` instead.
If you'd rather continue using `push_neg` in your project, you can implement it as follows:
```
open Lean.Parser.Tactic in
macro "push_neg" cfg:optConfig loc:(location)? : tactic =>
  `(tactic| push $cfg:optConfig Not $[$loc]?)
```
warning: Theories/Bimodal/Metalogic/WeakCanonical/Kamp/EANegationClosure.lean:376:2: `push_neg` has been deprecated. Prefer using `push Not` instead.
If you'd rather continue using `push_neg` in your project, you can implement it as follows:
```
open Lean.Parser.Tactic in
macro "push_neg" cfg:optConfig loc:(location)? : tactic =>
  `(tactic| push $cfg:optConfig Not $[$loc]?)
```
warning: Theories/Bimodal/Metalogic/WeakCanonical/Kamp/EANegationClosure.lean:379:64: This simp argument is unused:
  Fin.lt_def

Hint: Omit it from the simp argument list.
  [apply] simp

Note: This linter can be disabled with `set_option linter.unusedSimpArgs false`
warning: Theories/Bimodal/Metalogic/WeakCanonical/Kamp/EANegationClosure.lean:418:4: `push_neg` has been deprecated. Prefer using `push Not` instead.
If you'd rather continue using `push_neg` in your project, you can implement it as follows:
```
open Lean.Parser.Tactic in
macro "push_neg" cfg:optConfig loc:(location)? : tactic =>
  `(tactic| push $cfg:optConfig Not $[$loc]?)
```
warning: Theories/Bimodal/Metalogic/WeakCanonical/Kamp/EANegationClosure.lean:471:6: `push_neg` has been deprecated. Prefer using `push Not` instead.
If you'd rather continue using `push_neg` in your project, you can implement it as follows:
```
open Lean.Parser.Tactic in
macro "push_neg" cfg:optConfig loc:(location)? : tactic =>
  `(tactic| push $cfg:optConfig Not $[$loc]?)
```
warning: Theories/Bimodal/Metalogic/WeakCanonical/Kamp/EANegationClosure.lean:545:8: `push_neg` has been deprecated. Prefer using `push Not` instead.
If you'd rather continue using `push_neg` in your project, you can implement it as follows:
```
open Lean.Parser.Tactic in
macro "push_neg" cfg:optConfig loc:(location)? : tactic =>
  `(tactic| push $cfg:optConfig Not $[$loc]?)
```
warning: Theories/Bimodal/Metalogic/WeakCanonical/Kamp/EANegationClosure.lean:551:6: `push_neg` has been deprecated. Prefer using `push Not` instead.
If you'd rather continue using `push_neg` in your project, you can implement it as follows:
```
open Lean.Parser.Tactic in
macro "push_neg" cfg:optConfig loc:(location)? : tactic =>
  `(tactic| push $cfg:optConfig Not $[$loc]?)
```
warning: Theories/Bimodal/Metalogic/WeakCanonical/Kamp/EANegationClosure.lean:597:6: `push_neg` has been deprecated. Prefer using `push Not` instead.
If you'd rather continue using `push_neg` in your project, you can implement it as follows:
```
open Lean.Parser.Tactic in
macro "push_neg" cfg:optConfig loc:(location)? : tactic =>
  `(tactic| push $cfg:optConfig Not $[$loc]?)
```
warning: Theories/Bimodal/Metalogic/WeakCanonical/Kamp/EANegationClosure.lean:656:2: `push_neg` has been deprecated. Prefer using `push Not` instead.
If you'd rather continue using `push_neg` in your project, you can implement it as follows:
```
open Lean.Parser.Tactic in
macro "push_neg" cfg:optConfig loc:(location)? : tactic =>
  `(tactic| push $cfg:optConfig Not $[$loc]?)
```
warning: Theories/Bimodal/Metalogic/WeakCanonical/Kamp/EANegationClosure.lean:756:2: `push_neg` has been deprecated. Prefer using `push Not` instead.
If you'd rather continue using `push_neg` in your project, you can implement it as follows:
```
open Lean.Parser.Tactic in
macro "push_neg" cfg:optConfig loc:(location)? : tactic =>
  `(tactic| push $cfg:optConfig Not $[$loc]?)
```
⚠ [1738/1877] Replayed Bimodal.Metalogic.WeakCanonical.Kamp.EANegationFix.OnBuilder
warning: Theories/Bimodal/Metalogic/WeakCanonical/Kamp/EANegationFix/OnBuilder.lean:269:8: `push_neg` has been deprecated. Prefer using `push Not` instead.
If you'd rather continue using `push_neg` in your project, you can implement it as follows:
```
open Lean.Parser.Tactic in
macro "push_neg" cfg:optConfig loc:(location)? : tactic =>
  `(tactic| push $cfg:optConfig Not $[$loc]?)
```
⚠ [1739/1877] Replayed Bimodal.Metalogic.WeakCanonical.Kamp.Lemma53
warning: Theories/Bimodal/Metalogic/WeakCanonical/Kamp/Lemma53.lean:166:6: `push_neg` has been deprecated. Prefer using `push Not` instead.
If you'd rather continue using `push_neg` in your project, you can implement it as follows:
```
open Lean.Parser.Tactic in
macro "push_neg" cfg:optConfig loc:(location)? : tactic =>
  `(tactic| push $cfg:optConfig Not $[$loc]?)
```
warning: Theories/Bimodal/Metalogic/WeakCanonical/Kamp/Lemma53.lean:455:20: This simp argument is unused:
  List.ofFn_eq_nil_iff

Hint: Omit it from the simp argument list.
  [apply] simp

Note: This linter can be disabled with `set_option linter.unusedSimpArgs false`
⚠ [1740/1877] Replayed Bimodal.Metalogic.WeakCanonical.Kamp.EANegationFix.BoundedFix
warning: Theories/Bimodal/Metalogic/WeakCanonical/Kamp/EANegationFix/BoundedFix.lean:512:8: `push_neg` has been deprecated. Prefer using `push Not` instead.
If you'd rather continue using `push_neg` in your project, you can implement it as follows:
```
open Lean.Parser.Tactic in
macro "push_neg" cfg:optConfig loc:(location)? : tactic =>
  `(tactic| push $cfg:optConfig Not $[$loc]?)
```
warning: Theories/Bimodal/Metalogic/WeakCanonical/Kamp/EANegationFix/BoundedFix.lean:833:8: `push_neg` has been deprecated. Prefer using `push Not` instead.
If you'd rather continue using `push_neg` in your project, you can implement it as follows:
```
open Lean.Parser.Tactic in
macro "push_neg" cfg:optConfig loc:(location)? : tactic =>
  `(tactic| push $cfg:optConfig Not $[$loc]?)
```
⚠ [1741/1877] Replayed Bimodal.Metalogic.WeakCanonical.Kamp.EANegationFix.BoundedFixAnchored
warning: Theories/Bimodal/Metalogic/WeakCanonical/Kamp/EANegationFix/BoundedFixAnchored.lean:228:8: `push_neg` has been deprecated. Prefer using `push Not` instead.
If you'd rather continue using `push_neg` in your project, you can implement it as follows:
```
open Lean.Parser.Tactic in
macro "push_neg" cfg:optConfig loc:(location)? : tactic =>
  `(tactic| push $cfg:optConfig Not $[$loc]?)
```
warning: Theories/Bimodal/Metalogic/WeakCanonical/Kamp/EANegationFix/BoundedFixAnchored.lean:459:8: `push_neg` has been deprecated. Prefer using `push Not` instead.
If you'd rather continue using `push_neg` in your project, you can implement it as follows:
```
open Lean.Parser.Tactic in
macro "push_neg" cfg:optConfig loc:(location)? : tactic =>
  `(tactic| push $cfg:optConfig Not $[$loc]?)
```
⚠ [1743/1877] Replayed Bimodal.Metalogic.WeakCanonical.Kamp.EANegationFix.NegFixOne
warning: Theories/Bimodal/Metalogic/WeakCanonical/Kamp/EANegationFix/NegFixOne.lean:211:4: `push_neg` has been deprecated. Prefer using `push Not` instead.
If you'd rather continue using `push_neg` in your project, you can implement it as follows:
```
open Lean.Parser.Tactic in
macro "push_neg" cfg:optConfig loc:(location)? : tactic =>
  `(tactic| push $cfg:optConfig Not $[$loc]?)
```
warning: Theories/Bimodal/Metalogic/WeakCanonical/Kamp/EANegationFix/NegFixOne.lean:222:4: `push_neg` has been deprecated. Prefer using `push Not` instead.
If you'd rather continue using `push_neg` in your project, you can implement it as follows:
```
open Lean.Parser.Tactic in
macro "push_neg" cfg:optConfig loc:(location)? : tactic =>
  `(tactic| push $cfg:optConfig Not $[$loc]?)
```
warning: Theories/Bimodal/Metalogic/WeakCanonical/Kamp/EANegationFix/NegFixOne.lean:241:4: `push_neg` has been deprecated. Prefer using `push Not` instead.
If you'd rather continue using `push_neg` in your project, you can implement it as follows:
```
open Lean.Parser.Tactic in
macro "push_neg" cfg:optConfig loc:(location)? : tactic =>
  `(tactic| push $cfg:optConfig Not $[$loc]?)
```
warning: Theories/Bimodal/Metalogic/WeakCanonical/Kamp/EANegationFix/NegFixOne.lean:259:2: `push_neg` has been deprecated. Prefer using `push Not` instead.
If you'd rather continue using `push_neg` in your project, you can implement it as follows:
```
open Lean.Parser.Tactic in
macro "push_neg" cfg:optConfig loc:(location)? : tactic =>
  `(tactic| push $cfg:optConfig Not $[$loc]?)
```
warning: Theories/Bimodal/Metalogic/WeakCanonical/Kamp/EANegationFix/NegFixOne.lean:263:2: `push_neg` has been deprecated. Prefer using `push Not` instead.
If you'd rather continue using `push_neg` in your project, you can implement it as follows:
```
open Lean.Parser.Tactic in
macro "push_neg" cfg:optConfig loc:(location)? : tactic =>
  `(tactic| push $cfg:optConfig Not $[$loc]?)
```
warning: Theories/Bimodal/Metalogic/WeakCanonical/Kamp/EANegationFix/NegFixOne.lean:302:6: `push_neg` has been deprecated. Prefer using `push Not` instead.
If you'd rather continue using `push_neg` in your project, you can implement it as follows:
```
open Lean.Parser.Tactic in
macro "push_neg" cfg:optConfig loc:(location)? : tactic =>
  `(tactic| push $cfg:optConfig Not $[$loc]?)
```
warning: Theories/Bimodal/Metalogic/WeakCanonical/Kamp/EANegationFix/NegFixOne.lean:324:6: `push_neg` has been deprecated. Prefer using `push Not` instead.
If you'd rather continue using `push_neg` in your project, you can implement it as follows:
```
open Lean.Parser.Tactic in
macro "push_neg" cfg:optConfig loc:(location)? : tactic =>
  `(tactic| push $cfg:optConfig Not $[$loc]?)
```
⚠ [1744/1877] Replayed Bimodal.Metalogic.WeakCanonical.Kamp.EANegationFix.NegFix
warning: Theories/Bimodal/Metalogic/WeakCanonical/Kamp/EANegationFix/NegFix.lean:151:4: `push_neg` has been deprecated. Prefer using `push Not` instead.
If you'd rather continue using `push_neg` in your project, you can implement it as follows:
```
open Lean.Parser.Tactic in
macro "push_neg" cfg:optConfig loc:(location)? : tactic =>
  `(tactic| push $cfg:optConfig Not $[$loc]?)
```
warning: Theories/Bimodal/Metalogic/WeakCanonical/Kamp/EANegationFix/NegFix.lean:455:46: Variable name `he` is not explicitly referenced.

Hint: The binding can be removed (if unused) or named `_` (if used implicitly). Alternatively, prefix the name with `_` to silence this warning:
  [apply] _he

Note: This linter can be disabled with `set_option linter.unusedVariables false`
warning: Theories/Bimodal/Metalogic/WeakCanonical/Kamp/EANegationFix/NegFix.lean:499:6: `push_neg` has been deprecated. Prefer using `push Not` instead.
If you'd rather continue using `push_neg` in your project, you can implement it as follows:
```
open Lean.Parser.Tactic in
macro "push_neg" cfg:optConfig loc:(location)? : tactic =>
  `(tactic| push $cfg:optConfig Not $[$loc]?)
```
⚠ [1747/1877] Replayed Bimodal.Metalogic.WeakCanonical.Kamp.DedekindINF
warning: Theories/Bimodal/Metalogic/WeakCanonical/Kamp/DedekindINF.lean:188:6: `push_neg` has been deprecated. Prefer using `push Not` instead.
If you'd rather continue using `push_neg` in your project, you can implement it as follows:
```
open Lean.Parser.Tactic in
macro "push_neg" cfg:optConfig loc:(location)? : tactic =>
  `(tactic| push $cfg:optConfig Not $[$loc]?)
```
warning: Theories/Bimodal/Metalogic/WeakCanonical/Kamp/DedekindINF.lean:213:6: `push_neg` has been deprecated. Prefer using `push Not` instead.
If you'd rather continue using `push_neg` in your project, you can implement it as follows:
```
open Lean.Parser.Tactic in
macro "push_neg" cfg:optConfig loc:(location)? : tactic =>
  `(tactic| push $cfg:optConfig Not $[$loc]?)
```
⚠ [1748/1877] Replayed Bimodal.Metalogic.WeakCanonical.Kamp.NfMultiAnchorBridge.Base
warning: Theories/Bimodal/Metalogic/WeakCanonical/Kamp/NfMultiAnchorBridge/Base.lean:283:29: try 'simp' instead of 'simpa'

Note: This linter can be disabled with `set_option linter.unnecessarySimpa false`
warning: Theories/Bimodal/Metalogic/WeakCanonical/Kamp/NfMultiAnchorBridge/Base.lean:303:10: try 'simp' instead of 'simpa'

Note: This linter can be disabled with `set_option linter.unnecessarySimpa false`
warning: Theories/Bimodal/Metalogic/WeakCanonical/Kamp/NfMultiAnchorBridge/Base.lean:1912:23: This simp argument is unused:
  Fin.cons_succ

Hint: Omit it from the simp argument list.
  [apply] simp [henv', Mcex]

Note: This linter can be disabled with `set_option linter.unusedSimpArgs false`
⚠ [1749/1877] Replayed Bimodal.Metalogic.WeakCanonical.Kamp.NfMultiAnchorBridge.CarrierK1V
warning: Theories/Bimodal/Metalogic/WeakCanonical/Kamp/NfMultiAnchorBridge/CarrierK1V.lean:1789:27: This simp argument is unused:
  hb

Hint: Omit it from the simp argument list.
  [apply] simp

Note: This linter can be disabled with `set_option linter.unusedSimpArgs false`
warning: Theories/Bimodal/Metalogic/WeakCanonical/Kamp/NfMultiAnchorBridge/CarrierK1V.lean:1813:27: This simp argument is unused:
  hb

Hint: Omit it from the simp argument list.
  [apply] simp

Note: This linter can be disabled with `set_option linter.unusedSimpArgs false`
warning: Theories/Bimodal/Metalogic/WeakCanonical/Kamp/NfMultiAnchorBridge/CarrierK1V.lean:1850:31: This simp argument is unused:
  hb

Hint: Omit it from the simp argument list.
  [apply] simp

Note: This linter can be disabled with `set_option linter.unusedSimpArgs false`
warning: Theories/Bimodal/Metalogic/WeakCanonical/Kamp/NfMultiAnchorBridge/CarrierK1V.lean:1867:29: This simp argument is unused:
  hb

Hint: Omit it from the simp argument list.
  [apply] simp

Note: This linter can be disabled with `set_option linter.unusedSimpArgs false`
warning: Theories/Bimodal/Metalogic/WeakCanonical/Kamp/NfMultiAnchorBridge/CarrierK1V.lean:1908:31: This simp argument is unused:
  hb

Hint: Omit it from the simp argument list.
  [apply] simp

Note: This linter can be disabled with `set_option linter.unusedSimpArgs false`
warning: Theories/Bimodal/Metalogic/WeakCanonical/Kamp/NfMultiAnchorBridge/CarrierK1V.lean:1922:29: This simp argument is unused:
  hb

Hint: Omit it from the simp argument list.
  [apply] simp

Note: This linter can be disabled with `set_option linter.unusedSimpArgs false`
warning: Theories/Bimodal/Metalogic/WeakCanonical/Kamp/NfMultiAnchorBridge/CarrierK1V.lean:1954:29: This simp argument is unused:
  hb

Hint: Omit it from the simp argument list.
  [apply] simp

Note: This linter can be disabled with `set_option linter.unusedSimpArgs false`
⚠ [1751/1877] Replayed Bimodal.Metalogic.WeakCanonical.Kamp.NfMultiAnchorBridge.PriorInterface
warning: Theories/Bimodal/Metalogic/WeakCanonical/Kamp/NfMultiAnchorBridge/PriorInterface.lean:42:7: Variable name `h_UZ` is not explicitly referenced.

Hint: The binding can be removed (if unused) or named `_` (if used implicitly). Alternatively, prefix the name with `_` to silence this warning:
  [apply] _h_UZ

Note: This linter can be disabled with `set_option linter.unusedVariables false`
warning: Theories/Bimodal/Metalogic/WeakCanonical/Kamp/NfMultiAnchorBridge/PriorInterface.lean:42:44: Variable name `h_SZ` is not explicitly referenced.

Hint: The binding can be removed (if unused) or named `_` (if used implicitly). Alternatively, prefix the name with `_` to silence this warning:
  [apply] _h_SZ

Note: This linter can be disabled with `set_option linter.unusedVariables false`
⚠ [1754/1877] Replayed Bimodal.Metalogic.WeakCanonical.Kamp.NfMultiAnchorBridge.SubBracket2V
warning: Theories/Bimodal/Metalogic/WeakCanonical/Kamp/NfMultiAnchorBridge/SubBracket2V.lean:524:42: This simp argument is unused:
  Option.mem_def

Hint: Omit it from the simp argument list.
  [apply] simp only [List.head?_cons, Option.some.injEq] at hg

Note: This linter can be disabled with `set_option linter.unusedSimpArgs false`
warning: Theories/Bimodal/Metalogic/WeakCanonical/Kamp/NfMultiAnchorBridge/SubBracket2V.lean:657:40: This simp argument is unused:
  Option.mem_def

Hint: Omit it from the simp argument list.
  [apply] simp only [List.head?_cons, Option.some.injEq] at he

Note: This linter can be disabled with `set_option linter.unusedSimpArgs false`
⚠ [1756/1877] Replayed Bimodal.Metalogic.WeakCanonical.Kamp.NfMultiAnchorBridge.SharedWitness
warning: Theories/Bimodal/Metalogic/WeakCanonical/Kamp/NfMultiAnchorBridge/SharedWitness.lean:816:30: This simp argument is unused:
  kvE2_sepSlotRegionLeft

Hint: Omit it from the simp argument list.
  [apply] simp

Note: This linter can be disabled with `set_option linter.unusedSimpArgs false`
warning: Theories/Bimodal/Metalogic/WeakCanonical/Kamp/NfMultiAnchorBridge/SharedWitness.lean:1450:2: `push_neg` has been deprecated. Prefer using `push Not` instead.
If you'd rather continue using `push_neg` in your project, you can implement it as follows:
```
open Lean.Parser.Tactic in
macro "push_neg" cfg:optConfig loc:(location)? : tactic =>
  `(tactic| push $cfg:optConfig Not $[$loc]?)
```
warning: Theories/Bimodal/Metalogic/WeakCanonical/Kamp/NfMultiAnchorBridge/SharedWitness.lean:2902:25: Variable name `hxw` is not explicitly referenced.

Hint: The binding can be removed (if unused) or named `_` (if used implicitly). Alternatively, prefix the name with `_` to silence this warning:
  [apply] _hxw

Note: This linter can be disabled with `set_option linter.unusedVariables false`
warning: Theories/Bimodal/Metalogic/WeakCanonical/Kamp/NfMultiAnchorBridge/SharedWitness.lean:2902:39: Variable name `hwt` is not explicitly referenced.

Hint: The binding can be removed (if unused) or named `_` (if used implicitly). Alternatively, prefix the name with `_` to silence this warning:
  [apply] _hwt

Note: This linter can be disabled with `set_option linter.unusedVariables false`
warning: Theories/Bimodal/Metalogic/WeakCanonical/Kamp/NfMultiAnchorBridge/SharedWitness.lean:2955:25: Variable name `hxw` is not explicitly referenced.

Hint: The binding can be removed (if unused) or named `_` (if used implicitly). Alternatively, prefix the name with `_` to silence this warning:
  [apply] _hxw

Note: This linter can be disabled with `set_option linter.unusedVariables false`
warning: Theories/Bimodal/Metalogic/WeakCanonical/Kamp/NfMultiAnchorBridge/SharedWitness.lean:2955:39: Variable name `hwt` is not explicitly referenced.

Hint: The binding can be removed (if unused) or named `_` (if used implicitly). Alternatively, prefix the name with `_` to silence this warning:
  [apply] _hwt

Note: This linter can be disabled with `set_option linter.unusedVariables false`
warning: Theories/Bimodal/Metalogic/WeakCanonical/Kamp/NfMultiAnchorBridge/SharedWitness.lean:3087:25: Variable name `a` is not explicitly referenced.

Hint: The binding can be removed (if unused) or named `_` (if used implicitly). Alternatively, prefix the name with `_` to silence this warning:
  [apply] _a

Note: This linter can be disabled with `set_option linter.unusedVariables false`
warning: Theories/Bimodal/Metalogic/WeakCanonical/Kamp/NfMultiAnchorBridge/SharedWitness.lean:3087:30: Variable name `b` is not explicitly referenced.

Hint: The binding can be removed (if unused) or named `_` (if used implicitly). Alternatively, prefix the name with `_` to silence this warning:
  [apply] _b

Note: This linter can be disabled with `set_option linter.unusedVariables false`
warning: Theories/Bimodal/Metalogic/WeakCanonical/Kamp/NfMultiAnchorBridge/SharedWitness.lean:3149:5: Variable name `hxw` is not explicitly referenced.

Hint: The binding can be removed (if unused) or named `_` (if used implicitly). Alternatively, prefix the name with `_` to silence this warning:
  [apply] _hxw

Note: This linter can be disabled with `set_option linter.unusedVariables false`
warning: Theories/Bimodal/Metalogic/WeakCanonical/Kamp/NfMultiAnchorBridge/SharedWitness.lean:3223:19: Variable name `hwt` is not explicitly referenced.

Hint: The binding can be removed (if unused) or named `_` (if used implicitly). Alternatively, prefix the name with `_` to silence this warning:
  [apply] _hwt

Note: This linter can be disabled with `set_option linter.unusedVariables false`
warning: Theories/Bimodal/Metalogic/WeakCanonical/Kamp/NfMultiAnchorBridge/SharedWitness.lean:3568:25: Variable name `hxw` is not explicitly referenced.

Hint: The binding can be removed (if unused) or named `_` (if used implicitly). Alternatively, prefix the name with `_` to silence this warning:
  [apply] _hxw

Note: This linter can be disabled with `set_option linter.unusedVariables false`
warning: Theories/Bimodal/Metalogic/WeakCanonical/Kamp/NfMultiAnchorBridge/SharedWitness.lean:3568:39: Variable name `hwt` is not explicitly referenced.

Hint: The binding can be removed (if unused) or named `_` (if used implicitly). Alternatively, prefix the name with `_` to silence this warning:
  [apply] _hwt

Note: This linter can be disabled with `set_option linter.unusedVariables false`
warning: Theories/Bimodal/Metalogic/WeakCanonical/Kamp/NfMultiAnchorBridge/SharedWitness.lean:3608:25: Variable name `hxw` is not explicitly referenced.

Hint: The binding can be removed (if unused) or named `_` (if used implicitly). Alternatively, prefix the name with `_` to silence this warning:
  [apply] _hxw

Note: This linter can be disabled with `set_option linter.unusedVariables false`
warning: Theories/Bimodal/Metalogic/WeakCanonical/Kamp/NfMultiAnchorBridge/SharedWitness.lean:3608:39: Variable name `hwt` is not explicitly referenced.

Hint: The binding can be removed (if unused) or named `_` (if used implicitly). Alternatively, prefix the name with `_` to silence this warning:
  [apply] _hwt

Note: This linter can be disabled with `set_option linter.unusedVariables false`
warning: Theories/Bimodal/Metalogic/WeakCanonical/Kamp/NfMultiAnchorBridge/SharedWitness.lean:3672:9: Variable name `σ` is not explicitly referenced.

Hint: The binding can be removed (if unused) or named `_` (if used implicitly). Alternatively, prefix the name with `_` to silence this warning:
  [apply] _σ

Note: This linter can be disabled with `set_option linter.unusedVariables false`
warning: Theories/Bimodal/Metalogic/WeakCanonical/Kamp/NfMultiAnchorBridge/SharedWitness.lean:3674:9: Variable name `σ` is not explicitly referenced.

Hint: The binding can be removed (if unused) or named `_` (if used implicitly). Alternatively, prefix the name with `_` to silence this warning:
  [apply] _σ

Note: This linter can be disabled with `set_option linter.unusedVariables false`
warning: Theories/Bimodal/Metalogic/WeakCanonical/Kamp/NfMultiAnchorBridge/SharedWitness.lean:4016:25: Variable name `a` is not explicitly referenced.

Hint: The binding can be removed (if unused) or named `_` (if used implicitly). Alternatively, prefix the name with `_` to silence this warning:
  [apply] _a

Note: This linter can be disabled with `set_option linter.unusedVariables false`
warning: Theories/Bimodal/Metalogic/WeakCanonical/Kamp/NfMultiAnchorBridge/SharedWitness.lean:4016:30: Variable name `b` is not explicitly referenced.

Hint: The binding can be removed (if unused) or named `_` (if used implicitly). Alternatively, prefix the name with `_` to silence this warning:
  [apply] _b

Note: This linter can be disabled with `set_option linter.unusedVariables false`
warning: Theories/Bimodal/Metalogic/WeakCanonical/Kamp/NfMultiAnchorBridge/SharedWitness.lean:4547:2: `push_neg` has been deprecated. Prefer using `push Not` instead.
If you'd rather continue using `push_neg` in your project, you can implement it as follows:
```
open Lean.Parser.Tactic in
macro "push_neg" cfg:optConfig loc:(location)? : tactic =>
  `(tactic| push $cfg:optConfig Not $[$loc]?)
```
warning: Theories/Bimodal/Metalogic/WeakCanonical/Kamp/NfMultiAnchorBridge/SharedWitness.lean:4588:2: `push_neg` has been deprecated. Prefer using `push Not` instead.
If you'd rather continue using `push_neg` in your project, you can implement it as follows:
```
open Lean.Parser.Tactic in
macro "push_neg" cfg:optConfig loc:(location)? : tactic =>
  `(tactic| push $cfg:optConfig Not $[$loc]?)
```
warning: Theories/Bimodal/Metalogic/WeakCanonical/Kamp/NfMultiAnchorBridge/SharedWitness.lean:4897:27: `List.Chain` has been deprecated: Use `List.IsChain` instead

Note: The updated constant has a different type:
  {α : Type u_1} → (α → α → Prop) → List α → Prop
instead of
  {α : Type u_1} → (α → α → Prop) → α → List α → Prop
warning: Theories/Bimodal/Metalogic/WeakCanonical/Kamp/NfMultiAnchorBridge/SharedWitness.lean:4905:11: `List.chain_cons` has been deprecated: Use `List.isChain_cons_cons` instead
warning: Theories/Bimodal/Metalogic/WeakCanonical/Kamp/NfMultiAnchorBridge/SharedWitness.lean:4909:15: `List.chain_cons` has been deprecated: Use `List.isChain_cons_cons` instead
warning: Theories/Bimodal/Metalogic/WeakCanonical/Kamp/NfMultiAnchorBridge/SharedWitness.lean:4936:6: `List.Chain` has been deprecated: Use `List.IsChain` instead

Note: The updated constant has a different type:
  {α : Type u_1} → (α → α → Prop) → List α → Prop
instead of
  {α : Type u_1} → (α → α → Prop) → α → List α → Prop
warning: Theories/Bimodal/Metalogic/WeakCanonical/Kamp/NfMultiAnchorBridge/SharedWitness.lean:4940:10: `List.Chain.cons` has been deprecated: Use `List.IsChain.cons_cons` instead

Note: The updated constant has a different type:
  ∀ {α : Type u_1} {R : α → α → Prop} {a b : α} {l : List α},
    R a b → List.IsChain R (b :: l) → List.IsChain R (a :: b :: l)
instead of
  ∀ {α : Type u_1} {R : α → α → Prop} {b : α} {l : List α} {a : α}, R a b → List.Chain R b l → List.Chain R a (b :: l)

Note: The updated constant is in a different namespace. Dot notation may need to be changed (e.g., from `x.cons` to `List.IsChain.cons_cons x`).
warning: Theories/Bimodal/Metalogic/WeakCanonical/Kamp/NfMultiAnchorBridge/SharedWitness.lean:4940:30: `List.Chain.nil` has been deprecated: Use `List.IsChain.singleton` instead

Note: The updated constant has a different type:
  ∀ {α : Type u_1} {R : α → α → Prop} (a : α), List.IsChain R [a]
instead of
  ∀ {α : Type u_1} {R : α → α → Prop} {a : α}, List.Chain R a []

Note: The updated constant is in a different namespace. Dot notation may need to be changed (e.g., from `x.nil` to `List.IsChain.singleton x`).
warning: Theories/Bimodal/Metalogic/WeakCanonical/Kamp/NfMultiAnchorBridge/SharedWitness.lean:4945:11: `List.Chain.cons` has been deprecated: Use `List.IsChain.cons_cons` instead

Note: The updated constant has a different type:
  ∀ {α : Type u_1} {R : α → α → Prop} {a b : α} {l : List α},
    R a b → List.IsChain R (b :: l) → List.IsChain R (a :: b :: l)
instead of
  ∀ {α : Type u_1} {R : α → α → Prop} {b : α} {l : List α} {a : α}, R a b → List.Chain R b l → List.Chain R a (b :: l)

Note: The updated constant is in a different namespace. Dot notation may need to be changed (e.g., from `x.cons` to `List.IsChain.cons_cons x`).
warning: Theories/Bimodal/Metalogic/WeakCanonical/Kamp/NfMultiAnchorBridge/SharedWitness.lean:5111:4: `List.Chain` has been deprecated: Use `List.IsChain` instead

Note: The updated constant has a different type:
  {α : Type u_1} → (α → α → Prop) → List α → Prop
instead of
  {α : Type u_1} → (α → α → Prop) → α → List α → Prop
warning: Theories/Bimodal/Metalogic/WeakCanonical/Kamp/NfMultiAnchorBridge/SharedWitness.lean:5121:4: `List.Chain` has been deprecated: Use `List.IsChain` instead

Note: The updated constant has a different type:
  {α : Type u_1} → (α → α → Prop) → List α → Prop
instead of
  {α : Type u_1} → (α → α → Prop) → α → List α → Prop
warning: Theories/Bimodal/Metalogic/WeakCanonical/Kamp/NfMultiAnchorBridge/SharedWitness.lean:5221:27: `List.Chain` has been deprecated: Use `List.IsChain` instead

Note: The updated constant has a different type:
  {α : Type u_1} → (α → α → Prop) → List α → Prop
instead of
  {α : Type u_1} → (α → α → Prop) → α → List α → Prop
warning: Theories/Bimodal/Metalogic/WeakCanonical/Kamp/NfMultiAnchorBridge/SharedWitness.lean:5231:15: `List.chain_cons` has been deprecated: Use `List.isChain_cons_cons` instead
warning: Theories/Bimodal/Metalogic/WeakCanonical/Kamp/NfMultiAnchorBridge/SharedWitness.lean:5241:27: `List.Chain` has been deprecated: Use `List.IsChain` instead

Note: The updated constant has a different type:
  {α : Type u_1} → (α → α → Prop) → List α → Prop
instead of
  {α : Type u_1} → (α → α → Prop) → α → List α → Prop
warning: Theories/Bimodal/Metalogic/WeakCanonical/Kamp/NfMultiAnchorBridge/SharedWitness.lean:5251:15: `List.chain_cons` has been deprecated: Use `List.isChain_cons_cons` instead
warning: Theories/Bimodal/Metalogic/WeakCanonical/Kamp/NfMultiAnchorBridge/SharedWitness.lean:5795:66: This simp argument is unused:
  Fin.val_mk

Hint: Omit it from the simp argument list.
  [apply] simp only

Note: This linter can be disabled with `set_option linter.unusedSimpArgs false`
warning: Theories/Bimodal/Metalogic/WeakCanonical/Kamp/NfMultiAnchorBridge/SharedWitness.lean:7016:8: This simp argument is unused:
  List.filter_cons

Hint: Omit it from the simp argument list.
  [apply] simp [h1, h2]

Note: This linter can be disabled with `set_option linter.unusedSimpArgs false`
warning: Theories/Bimodal/Metalogic/WeakCanonical/Kamp/NfMultiAnchorBridge/SharedWitness.lean:9343:47: Variable name `charK` is not explicitly referenced.

Hint: The binding can be removed (if unused) or named `_` (if used implicitly). Alternatively, prefix the name with `_` to silence this warning:
  [apply] _charK

Note: This linter can be disabled with `set_option linter.unusedVariables false`
warning: Theories/Bimodal/Metalogic/WeakCanonical/Kamp/NfMultiAnchorBridge/SharedWitness.lean:9384:47: Variable name `charK` is not explicitly referenced.

Hint: The binding can be removed (if unused) or named `_` (if used implicitly). Alternatively, prefix the name with `_` to silence this warning:
  [apply] _charK

Note: This linter can be disabled with `set_option linter.unusedVariables false`
warning: Theories/Bimodal/Metalogic/WeakCanonical/Kamp/NfMultiAnchorBridge/SharedWitness.lean:9466:10: `List.take_succ` has been deprecated: Use `List.take_add_one` instead
warning: Theories/Bimodal/Metalogic/WeakCanonical/Kamp/NfMultiAnchorBridge/SharedWitness.lean:10371:22: Variable name `hwx1` is not explicitly referenced.

Hint: The binding can be removed (if unused) or named `_` (if used implicitly). Alternatively, prefix the name with `_` to silence this warning:
  [apply] _hwx1

Note: This linter can be disabled with `set_option linter.unusedVariables false`
warning: Theories/Bimodal/Metalogic/WeakCanonical/Kamp/NfMultiAnchorBridge/SharedWitness.lean:10430:4: `push_neg` has been deprecated. Prefer using `push Not` instead.
If you'd rather continue using `push_neg` in your project, you can implement it as follows:
```
open Lean.Parser.Tactic in
macro "push_neg" cfg:optConfig loc:(location)? : tactic =>
  `(tactic| push $cfg:optConfig Not $[$loc]?)
```
warning: Theories/Bimodal/Metalogic/WeakCanonical/Kamp/NfMultiAnchorBridge/SharedWitness.lean:10754:19: This simp argument is unused:
  kvE2_sepEpL

Hint: Omit it from the simp argument list.
  [apply] simp only [TemporalPred.eval_at] at h1

Note: This linter can be disabled with `set_option linter.unusedSimpArgs false`
warning: Theories/Bimodal/Metalogic/WeakCanonical/Kamp/NfMultiAnchorBridge/SharedWitness.lean:10759:19: This simp argument is unused:
  kvE2_sepEpR

Hint: Omit it from the simp argument list.
  [apply] simp only [TemporalPred.eval_at] at h1

Note: This linter can be disabled with `set_option linter.unusedSimpArgs false`
warning: Theories/Bimodal/Metalogic/WeakCanonical/Kamp/NfMultiAnchorBridge/SharedWitness.lean:10804:43: This simp argument is unused:
  Fin.cons_zero

Hint: Omit it from the simp argument list.
  [apply] simp only [atom_eval, Fin.cons_succ]

Note: This linter can be disabled with `set_option linter.unusedSimpArgs false`
warning: Theories/Bimodal/Metalogic/WeakCanonical/Kamp/NfMultiAnchorBridge/SharedWitness.lean:10804:58: This simp argument is unused:
  Fin.cons_succ

Hint: Omit it from the simp argument list.
  [apply] simp only [atom_eval, Fin.cons_zero]

Note: This linter can be disabled with `set_option linter.unusedSimpArgs false`
warning: Theories/Bimodal/Metalogic/WeakCanonical/Kamp/NfMultiAnchorBridge/SharedWitness.lean:10809:43: This simp argument is unused:
  Fin.cons_zero

Hint: Omit it from the simp argument list.
  [apply] simp only [atom_eval, Fin.cons_succ]

Note: This linter can be disabled with `set_option linter.unusedSimpArgs false`
warning: Theories/Bimodal/Metalogic/WeakCanonical/Kamp/NfMultiAnchorBridge/SharedWitness.lean:10809:58: This simp argument is unused:
  Fin.cons_succ

Hint: Omit it from the simp argument list.
  [apply] simp only [atom_eval, Fin.cons_zero]

Note: This linter can be disabled with `set_option linter.unusedSimpArgs false`
warning: Theories/Bimodal/Metalogic/WeakCanonical/Kamp/NfMultiAnchorBridge/SharedWitness.lean:10814:43: This simp argument is unused:
  Fin.cons_zero

Hint: Omit it from the simp argument list.
  [apply] simp only [atom_eval, Fin.cons_succ]

Note: This linter can be disabled with `set_option linter.unusedSimpArgs false`
warning: Theories/Bimodal/Metalogic/WeakCanonical/Kamp/NfMultiAnchorBridge/SharedWitness.lean:10814:58: This simp argument is unused:
  Fin.cons_succ

Hint: Omit it from the simp argument list.
  [apply] simp only [atom_eval, Fin.cons_zero]

Note: This linter can be disabled with `set_option linter.unusedSimpArgs false`
warning: Theories/Bimodal/Metalogic/WeakCanonical/Kamp/NfMultiAnchorBridge/SharedWitness.lean:10819:43: This simp argument is unused:
  Fin.cons_zero

Hint: Omit it from the simp argument list.
  [apply] simp only [atom_eval, Fin.cons_succ]

Note: This linter can be disabled with `set_option linter.unusedSimpArgs false`
warning: Theories/Bimodal/Metalogic/WeakCanonical/Kamp/NfMultiAnchorBridge/SharedWitness.lean:10819:58: This simp argument is unused:
  Fin.cons_succ

Hint: Omit it from the simp argument list.
  [apply] simp only [atom_eval, Fin.cons_zero]

Note: This linter can be disabled with `set_option linter.unusedSimpArgs false`
warning: Theories/Bimodal/Metalogic/WeakCanonical/Kamp/NfMultiAnchorBridge/SharedWitness.lean:10824:43: This simp argument is unused:
  Fin.cons_zero

Hint: Omit it from the simp argument list.
  [apply] simp only [atom_eval, Fin.cons_succ]

Note: This linter can be disabled with `set_option linter.unusedSimpArgs false`
warning: Theories/Bimodal/Metalogic/WeakCanonical/Kamp/NfMultiAnchorBridge/SharedWitness.lean:10824:58: This simp argument is unused:
  Fin.cons_succ

Hint: Omit it from the simp argument list.
  [apply] simp only [atom_eval, Fin.cons_zero]

Note: This linter can be disabled with `set_option linter.unusedSimpArgs false`
warning: Theories/Bimodal/Metalogic/WeakCanonical/Kamp/NfMultiAnchorBridge/SharedWitness.lean:10829:43: This simp argument is unused:
  Fin.cons_zero

Hint: Omit it from the simp argument list.
  [apply] simp only [atom_eval, Fin.cons_succ]

Note: This linter can be disabled with `set_option linter.unusedSimpArgs false`
warning: Theories/Bimodal/Metalogic/WeakCanonical/Kamp/NfMultiAnchorBridge/SharedWitness.lean:10829:58: This simp argument is unused:
  Fin.cons_succ

Hint: Omit it from the simp argument list.
  [apply] simp only [atom_eval, Fin.cons_zero]

Note: This linter can be disabled with `set_option linter.unusedSimpArgs false`
warning: Theories/Bimodal/Metalogic/WeakCanonical/Kamp/NfMultiAnchorBridge/SharedWitness.lean:10836:40: This simp argument is unused:
  Fin.cons_zero

Hint: Omit it from the simp argument list.
  [apply] simp only [atom_eval, Fin.cons_succ]

Note: This linter can be disabled with `set_option linter.unusedSimpArgs false`
warning: Theories/Bimodal/Metalogic/WeakCanonical/Kamp/NfMultiAnchorBridge/SharedWitness.lean:10836:55: This simp argument is unused:
  Fin.cons_succ

Hint: Omit it from the simp argument list.
  [apply] simp only [atom_eval, Fin.cons_zero]

Note: This linter can be disabled with `set_option linter.unusedSimpArgs false`
warning: Theories/Bimodal/Metalogic/WeakCanonical/Kamp/NfMultiAnchorBridge/SharedWitness.lean:10843:40: This simp argument is unused:
  Fin.cons_zero

Hint: Omit it from the simp argument list.
  [apply] simp only [atom_eval, Fin.cons_succ]

Note: This linter can be disabled with `set_option linter.unusedSimpArgs false`
warning: Theories/Bimodal/Metalogic/WeakCanonical/Kamp/NfMultiAnchorBridge/SharedWitness.lean:10843:55: This simp argument is unused:
  Fin.cons_succ

Hint: Omit it from the simp argument list.
  [apply] simp only [atom_eval, Fin.cons_zero]

Note: This linter can be disabled with `set_option linter.unusedSimpArgs false`
warning: Theories/Bimodal/Metalogic/WeakCanonical/Kamp/NfMultiAnchorBridge/SharedWitness.lean:10850:40: This simp argument is unused:
  Fin.cons_zero

Hint: Omit it from the simp argument list.
  [apply] simp only [atom_eval, Fin.cons_succ]

Note: This linter can be disabled with `set_option linter.unusedSimpArgs false`
warning: Theories/Bimodal/Metalogic/WeakCanonical/Kamp/NfMultiAnchorBridge/SharedWitness.lean:10850:55: This simp argument is unused:
  Fin.cons_succ

Hint: Omit it from the simp argument list.
  [apply] simp only [atom_eval, Fin.cons_zero]

Note: This linter can be disabled with `set_option linter.unusedSimpArgs false`
warning: Theories/Bimodal/Metalogic/WeakCanonical/Kamp/NfMultiAnchorBridge/SharedWitness.lean:10857:40: This simp argument is unused:
  Fin.cons_zero

Hint: Omit it from the simp argument list.
  [apply] simp only [atom_eval, Fin.cons_succ]

Note: This linter can be disabled with `set_option linter.unusedSimpArgs false`
warning: Theories/Bimodal/Metalogic/WeakCanonical/Kamp/NfMultiAnchorBridge/SharedWitness.lean:10857:55: This simp argument is unused:
  Fin.cons_succ

Hint: Omit it from the simp argument list.
  [apply] simp only [atom_eval, Fin.cons_zero]

Note: This linter can be disabled with `set_option linter.unusedSimpArgs false`
warning: Theories/Bimodal/Metalogic/WeakCanonical/Kamp/NfMultiAnchorBridge/SharedWitness.lean:10864:40: This simp argument is unused:
  Fin.cons_zero

Hint: Omit it from the simp argument list.
  [apply] simp only [atom_eval, Fin.cons_succ]

Note: This linter can be disabled with `set_option linter.unusedSimpArgs false`
warning: Theories/Bimodal/Metalogic/WeakCanonical/Kamp/NfMultiAnchorBridge/SharedWitness.lean:10864:55: This simp argument is unused:
  Fin.cons_succ

Hint: Omit it from the simp argument list.
  [apply] simp only [atom_eval, Fin.cons_zero]

Note: This linter can be disabled with `set_option linter.unusedSimpArgs false`
warning: Theories/Bimodal/Metalogic/WeakCanonical/Kamp/NfMultiAnchorBridge/SharedWitness.lean:10871:40: This simp argument is unused:
  Fin.cons_zero

Hint: Omit it from the simp argument list.
  [apply] simp only [atom_eval, Fin.cons_succ]

Note: This linter can be disabled with `set_option linter.unusedSimpArgs false`
warning: Theories/Bimodal/Metalogic/WeakCanonical/Kamp/NfMultiAnchorBridge/SharedWitness.lean:10871:55: This simp argument is unused:
  Fin.cons_succ

Hint: Omit it from the simp argument list.
  [apply] simp only [atom_eval, Fin.cons_zero]

Note: This linter can be disabled with `set_option linter.unusedSimpArgs false`
warning: Theories/Bimodal/Metalogic/WeakCanonical/Kamp/NfMultiAnchorBridge/SharedWitness.lean:11142:67: This simp argument is unused:
  List.take_nil

Hint: Omit it from the simp argument list.
  [apply] simp only [kvE2_sepSegsG, kvE2_sepSegLAt, hfrag, List.map_cons, List.map_nil, List.take_zero,
    List.flatten_nil, List.length_nil, kvE2_sepSegLForSub, hz, if_pos rfl, List.contains_nil, Nat.zero_le,
    Bool.false_eq_true, if_false, if_true] at hh

Note: This linter can be disabled with `set_option linter.unusedSimpArgs false`
warning: Theories/Bimodal/Metalogic/WeakCanonical/Kamp/NfMultiAnchorBridge/SharedWitness.lean:11143:40: This simp argument is unused:
  if_pos rfl

Hint: Omit it from the simp argument list.
  [apply] simp only [kvE2_sepSegsG, kvE2_sepSegLAt, hfrag, List.map_cons, List.map_nil, List.take_zero,
    List.flatten_nil, List.length_nil, List.take_nil, kvE2_sepSegLForSub, hz, List.contains_nil, Nat.zero_le,
    Bool.false_eq_true, if_false, if_true] at hh

Note: This linter can be disabled with `set_option linter.unusedSimpArgs false`
warning: Theories/Bimodal/Metalogic/WeakCanonical/Kamp/NfMultiAnchorBridge/SharedWitness.lean:11260:67: This simp argument is unused:
  Fin.val_mk

Hint: Omit it from the simp argument list.
  [apply] simp only [hlenL]

Note: This linter can be disabled with `set_option linter.unusedSimpArgs false`
warning: Theories/Bimodal/Metalogic/WeakCanonical/Kamp/NfMultiAnchorBridge/SharedWitness.lean:11795:19: This simp argument is unused:
  kvE2_sepEpL

Hint: Omit it from the simp argument list.
  [apply] simp only [TemporalPred.eval_at] at h1

Note: This linter can be disabled with `set_option linter.unusedSimpArgs false`
warning: Theories/Bimodal/Metalogic/WeakCanonical/Kamp/NfMultiAnchorBridge/SharedWitness.lean:11800:19: This simp argument is unused:
  kvE2_sepEpR

Hint: Omit it from the simp argument list.
  [apply] simp only [TemporalPred.eval_at] at h1

Note: This linter can be disabled with `set_option linter.unusedSimpArgs false`
warning: Theories/Bimodal/Metalogic/WeakCanonical/Kamp/NfMultiAnchorBridge/SharedWitness.lean:11839:43: This simp argument is unused:
  Fin.cons_zero

Hint: Omit it from the simp argument list.
  [apply] simp only [atom_eval, Fin.cons_succ]

Note: This linter can be disabled with `set_option linter.unusedSimpArgs false`
warning: Theories/Bimodal/Metalogic/WeakCanonical/Kamp/NfMultiAnchorBridge/SharedWitness.lean:11839:58: This simp argument is unused:
  Fin.cons_succ

Hint: Omit it from the simp argument list.
  [apply] simp only [atom_eval, Fin.cons_zero]

Note: This linter can be disabled with `set_option linter.unusedSimpArgs false`
warning: Theories/Bimodal/Metalogic/WeakCanonical/Kamp/NfMultiAnchorBridge/SharedWitness.lean:11844:43: This simp argument is unused:
  Fin.cons_zero

Hint: Omit it from the simp argument list.
  [apply] simp only [atom_eval, Fin.cons_succ]

Note: This linter can be disabled with `set_option linter.unusedSimpArgs false`
warning: Theories/Bimodal/Metalogic/WeakCanonical/Kamp/NfMultiAnchorBridge/SharedWitness.lean:11844:58: This simp argument is unused:
  Fin.cons_succ

Hint: Omit it from the simp argument list.
  [apply] simp only [atom_eval, Fin.cons_zero]

Note: This linter can be disabled with `set_option linter.unusedSimpArgs false`
warning: Theories/Bimodal/Metalogic/WeakCanonical/Kamp/NfMultiAnchorBridge/SharedWitness.lean:11849:43: This simp argument is unused:
  Fin.cons_zero

Hint: Omit it from the simp argument list.
  [apply] simp only [atom_eval, Fin.cons_succ]

Note: This linter can be disabled with `set_option linter.unusedSimpArgs false`
warning: Theories/Bimodal/Metalogic/WeakCanonical/Kamp/NfMultiAnchorBridge/SharedWitness.lean:11849:58: This simp argument is unused:
  Fin.cons_succ

Hint: Omit it from the simp argument list.
  [apply] simp only [atom_eval, Fin.cons_zero]

Note: This linter can be disabled with `set_option linter.unusedSimpArgs false`
warning: Theories/Bimodal/Metalogic/WeakCanonical/Kamp/NfMultiAnchorBridge/SharedWitness.lean:11854:43: This simp argument is unused:
  Fin.cons_zero

Hint: Omit it from the simp argument list.
  [apply] simp only [atom_eval, Fin.cons_succ]

Note: This linter can be disabled with `set_option linter.unusedSimpArgs false`
warning: Theories/Bimodal/Metalogic/WeakCanonical/Kamp/NfMultiAnchorBridge/SharedWitness.lean:11854:58: This simp argument is unused:
  Fin.cons_succ

Hint: Omit it from the simp argument list.
  [apply] simp only [atom_eval, Fin.cons_zero]

Note: This linter can be disabled with `set_option linter.unusedSimpArgs false`
warning: Theories/Bimodal/Metalogic/WeakCanonical/Kamp/NfMultiAnchorBridge/SharedWitness.lean:11859:43: This simp argument is unused:
  Fin.cons_zero

Hint: Omit it from the simp argument list.
  [apply] simp only [atom_eval, Fin.cons_succ]

Note: This linter can be disabled with `set_option linter.unusedSimpArgs false`
warning: Theories/Bimodal/Metalogic/WeakCanonical/Kamp/NfMultiAnchorBridge/SharedWitness.lean:11859:58: This simp argument is unused:
  Fin.cons_succ

Hint: Omit it from the simp argument list.
  [apply] simp only [atom_eval, Fin.cons_zero]

Note: This linter can be disabled with `set_option linter.unusedSimpArgs false`
warning: Theories/Bimodal/Metalogic/WeakCanonical/Kamp/NfMultiAnchorBridge/SharedWitness.lean:11864:43: This simp argument is unused:
  Fin.cons_zero

Hint: Omit it from the simp argument list.
  [apply] simp only [atom_eval, Fin.cons_succ]

Note: This linter can be disabled with `set_option linter.unusedSimpArgs false`
warning: Theories/Bimodal/Metalogic/WeakCanonical/Kamp/NfMultiAnchorBridge/SharedWitness.lean:11864:58: This simp argument is unused:
  Fin.cons_succ

Hint: Omit it from the simp argument list.
  [apply] simp only [atom_eval, Fin.cons_zero]

Note: This linter can be disabled with `set_option linter.unusedSimpArgs false`
warning: Theories/Bimodal/Metalogic/WeakCanonical/Kamp/NfMultiAnchorBridge/SharedWitness.lean:11871:40: This simp argument is unused:
  Fin.cons_zero

Hint: Omit it from the simp argument list.
  [apply] simp only [atom_eval, Fin.cons_succ]

Note: This linter can be disabled with `set_option linter.unusedSimpArgs false`
warning: Theories/Bimodal/Metalogic/WeakCanonical/Kamp/NfMultiAnchorBridge/SharedWitness.lean:11871:55: This simp argument is unused:
  Fin.cons_succ

Hint: Omit it from the simp argument list.
  [apply] simp only [atom_eval, Fin.cons_zero]

Note: This linter can be disabled with `set_option linter.unusedSimpArgs false`
warning: Theories/Bimodal/Metalogic/WeakCanonical/Kamp/NfMultiAnchorBridge/SharedWitness.lean:11878:40: This simp argument is unused:
  Fin.cons_zero

Hint: Omit it from the simp argument list.
  [apply] simp only [atom_eval, Fin.cons_succ]

Note: This linter can be disabled with `set_option linter.unusedSimpArgs false`
warning: Theories/Bimodal/Metalogic/WeakCanonical/Kamp/NfMultiAnchorBridge/SharedWitness.lean:11878:55: This simp argument is unused:
  Fin.cons_succ

Hint: Omit it from the simp argument list.
  [apply] simp only [atom_eval, Fin.cons_zero]

Note: This linter can be disabled with `set_option linter.unusedSimpArgs false`
warning: Theories/Bimodal/Metalogic/WeakCanonical/Kamp/NfMultiAnchorBridge/SharedWitness.lean:11885:40: This simp argument is unused:
  Fin.cons_zero

Hint: Omit it from the simp argument list.
  [apply] simp only [atom_eval, Fin.cons_succ]

Note: This linter can be disabled with `set_option linter.unusedSimpArgs false`
warning: Theories/Bimodal/Metalogic/WeakCanonical/Kamp/NfMultiAnchorBridge/SharedWitness.lean:11885:55: This simp argument is unused:
  Fin.cons_succ

Hint: Omit it from the simp argument list.
  [apply] simp only [atom_eval, Fin.cons_zero]

Note: This linter can be disabled with `set_option linter.unusedSimpArgs false`
warning: Theories/Bimodal/Metalogic/WeakCanonical/Kamp/NfMultiAnchorBridge/SharedWitness.lean:11892:40: This simp argument is unused:
  Fin.cons_zero

Hint: Omit it from the simp argument list.
  [apply] simp only [atom_eval, Fin.cons_succ]

Note: This linter can be disabled with `set_option linter.unusedSimpArgs false`
warning: Theories/Bimodal/Metalogic/WeakCanonical/Kamp/NfMultiAnchorBridge/SharedWitness.lean:11892:55: This simp argument is unused:
  Fin.cons_succ

Hint: Omit it from the simp argument list.
  [apply] simp only [atom_eval, Fin.cons_zero]

Note: This linter can be disabled with `set_option linter.unusedSimpArgs false`
warning: Theories/Bimodal/Metalogic/WeakCanonical/Kamp/NfMultiAnchorBridge/SharedWitness.lean:11899:40: This simp argument is unused:
  Fin.cons_zero

Hint: Omit it from the simp argument list.
  [apply] simp only [atom_eval, Fin.cons_succ]

Note: This linter can be disabled with `set_option linter.unusedSimpArgs false`
warning: Theories/Bimodal/Metalogic/WeakCanonical/Kamp/NfMultiAnchorBridge/SharedWitness.lean:11899:55: This simp argument is unused:
  Fin.cons_succ

Hint: Omit it from the simp argument list.
  [apply] simp only [atom_eval, Fin.cons_zero]

Note: This linter can be disabled with `set_option linter.unusedSimpArgs false`
warning: Theories/Bimodal/Metalogic/WeakCanonical/Kamp/NfMultiAnchorBridge/SharedWitness.lean:11906:40: This simp argument is unused:
  Fin.cons_zero

Hint: Omit it from the simp argument list.
  [apply] simp only [atom_eval, Fin.cons_succ]

Note: This linter can be disabled with `set_option linter.unusedSimpArgs false`
warning: Theories/Bimodal/Metalogic/WeakCanonical/Kamp/NfMultiAnchorBridge/SharedWitness.lean:11906:55: This simp argument is unused:
  Fin.cons_succ

Hint: Omit it from the simp argument list.
  [apply] simp only [atom_eval, Fin.cons_zero]

Note: This linter can be disabled with `set_option linter.unusedSimpArgs false`
warning: Theories/Bimodal/Metalogic/WeakCanonical/Kamp/NfMultiAnchorBridge/SharedWitness.lean:12296:67: This simp argument is unused:
  Fin.val_mk

Hint: Omit it from the simp argument list.
  [apply] simp only [hlenL]

Note: This linter can be disabled with `set_option linter.unusedSimpArgs false`
⚠ [1757/1877] Replayed Bimodal.Metalogic.WeakCanonical.Kamp.NfMultiAnchorBridge.OuterGate
warning: Theories/Bimodal/Metalogic/WeakCanonical/Kamp/NfMultiAnchorBridge/OuterGate.lean:154:5: Variable name `h_xt` is not explicitly referenced.

Hint: The binding can be removed (if unused) or named `_` (if used implicitly). Alternatively, prefix the name with `_` to silence this warning:
  [apply] _h_xt

Note: This linter can be disabled with `set_option linter.unusedVariables false`
warning: Theories/Bimodal/Metalogic/WeakCanonical/Kamp/NfMultiAnchorBridge/OuterGate.lean:155:5: Variable name `h_yx` is not explicitly referenced.

Hint: The binding can be removed (if unused) or named `_` (if used implicitly). Alternatively, prefix the name with `_` to silence this warning:
  [apply] _h_yx

Note: This linter can be disabled with `set_option linter.unusedVariables false`
warning: Theories/Bimodal/Metalogic/WeakCanonical/Kamp/NfMultiAnchorBridge/OuterGate.lean:156:5: Variable name `h_ty` is not explicitly referenced.

Hint: The binding can be removed (if unused) or named `_` (if used implicitly). Alternatively, prefix the name with `_` to silence this warning:
  [apply] _h_ty

Note: This linter can be disabled with `set_option linter.unusedVariables false`
warning: Theories/Bimodal/Metalogic/WeakCanonical/Kamp/NfMultiAnchorBridge/OuterGate.lean:157:5: Variable name `h_tx` is not explicitly referenced.

Hint: The binding can be removed (if unused) or named `_` (if used implicitly). Alternatively, prefix the name with `_` to silence this warning:
  [apply] _h_tx

Note: This linter can be disabled with `set_option linter.unusedVariables false`
warning: Theories/Bimodal/Metalogic/WeakCanonical/Kamp/NfMultiAnchorBridge/OuterGate.lean:281:5: Variable name `hfrag` is not explicitly referenced.

Hint: The binding can be removed (if unused) or named `_` (if used implicitly). Alternatively, prefix the name with `_` to silence this warning:
  [apply] _hfrag

Note: This linter can be disabled with `set_option linter.unusedVariables false`
⚠ [1759/1877] Replayed Bimodal.Metalogic.WeakCanonical.Kamp.ExteriorNegation
warning: Theories/Bimodal/Metalogic/WeakCanonical/Kamp/ExteriorNegation.lean:536:28: This simp argument is unused:
  List.mem_singleton

Hint: Omit it from the simp argument list.
  [apply] simp only [List.mem_cons, List.not_mem_nil, or_false] at hf

Note: This linter can be disabled with `set_option linter.unusedSimpArgs false`
warning: Theories/Bimodal/Metalogic/WeakCanonical/Kamp/ExteriorNegation.lean:544:30: This simp argument is unused:
  List.mem_singleton

Hint: Omit it from the simp argument list.
  [apply] simp only [List.mem_cons, List.not_mem_nil, or_false] at hg

Note: This linter can be disabled with `set_option linter.unusedSimpArgs false`
⚠ [1761/1877] Replayed Bimodal.Metalogic.WeakCanonical.Kamp.NfMultiAnchorBridge.ExteriorBracket
warning: Theories/Bimodal/Metalogic/WeakCanonical/Kamp/NfMultiAnchorBridge/ExteriorBracket.lean:509:2: `push_neg` has been deprecated. Prefer using `push Not` instead.
If you'd rather continue using `push_neg` in your project, you can implement it as follows:
```
open Lean.Parser.Tactic in
macro "push_neg" cfg:optConfig loc:(location)? : tactic =>
  `(tactic| push $cfg:optConfig Not $[$loc]?)
```
warning: Theories/Bimodal/Metalogic/WeakCanonical/Kamp/NfMultiAnchorBridge/ExteriorBracket.lean:539:2: `push_neg` has been deprecated. Prefer using `push Not` instead.
If you'd rather continue using `push_neg` in your project, you can implement it as follows:
```
open Lean.Parser.Tactic in
macro "push_neg" cfg:optConfig loc:(location)? : tactic =>
  `(tactic| push $cfg:optConfig Not $[$loc]?)
```
⚠ [1762/1877] Replayed Bimodal.Metalogic.WeakCanonical.Kamp.NfMultiAnchorBridge.ExteriorBracketK
warning: Theories/Bimodal/Metalogic/WeakCanonical/Kamp/NfMultiAnchorBridge/ExteriorBracketK.lean:88:15: This simp argument is unused:
  nfk_truncD

Hint: Omit it from the simp argument list.
  [apply] simp only [decide_eq_true_eq]

Note: This linter can be disabled with `set_option linter.unusedSimpArgs false`
warning: Theories/Bimodal/Metalogic/WeakCanonical/Kamp/NfMultiAnchorBridge/ExteriorBracketK.lean:144:17: This simp argument is unused:
  nfk_take

Hint: Omit it from the simp argument list.
  [apply] simp only [decide_eq_true_eq]

Note: This linter can be disabled with `set_option linter.unusedSimpArgs false`
⚠ [1763/1877] Replayed Bimodal.Metalogic.WeakCanonical.Kamp.NfMultiAnchorBridge.InteriorGateGeneralK
warning: Theories/Bimodal/Metalogic/WeakCanonical/Kamp/NfMultiAnchorBridge/InteriorGateGeneralK.lean:1296:5: Variable name `n` is not explicitly referenced.

Hint: The binding can be removed (if unused) or named `_` (if used implicitly). Alternatively, prefix the name with `_` to silence this warning:
  [apply] _n

Note: This linter can be disabled with `set_option linter.unusedVariables false`
⚠ [1767/1877] Replayed Bimodal.Metalogic.WeakCanonical.Kamp.NfMultiAnchorBridge.ExteriorConverterK
warning: Theories/Bimodal/Metalogic/WeakCanonical/Kamp/NfMultiAnchorBridge/ExteriorConverterK.lean:133:25: Variable name `hxw` is not explicitly referenced.

Hint: The binding can be removed (if unused) or named `_` (if used implicitly). Alternatively, prefix the name with `_` to silence this warning:
  [apply] _hxw

Note: This linter can be disabled with `set_option linter.unusedVariables false`
warning: Theories/Bimodal/Metalogic/WeakCanonical/Kamp/NfMultiAnchorBridge/ExteriorConverterK.lean:133:39: Variable name `hwt` is not explicitly referenced.

Hint: The binding can be removed (if unused) or named `_` (if used implicitly). Alternatively, prefix the name with `_` to silence this warning:
  [apply] _hwt

Note: This linter can be disabled with `set_option linter.unusedVariables false`
⚠ [1769/1877] Replayed Bimodal.Metalogic.WeakCanonical.Kamp.NfMultiAnchorBridge.ExteriorConverterPastK
warning: Theories/Bimodal/Metalogic/WeakCanonical/Kamp/NfMultiAnchorBridge/ExteriorConverterPastK.lean:107:25: Variable name `hxw` is not explicitly referenced.

Hint: The binding can be removed (if unused) or named `_` (if used implicitly). Alternatively, prefix the name with `_` to silence this warning:
  [apply] _hxw

Note: This linter can be disabled with `set_option linter.unusedVariables false`
warning: Theories/Bimodal/Metalogic/WeakCanonical/Kamp/NfMultiAnchorBridge/ExteriorConverterPastK.lean:107:39: Variable name `hwt` is not explicitly referenced.

Hint: The binding can be removed (if unused) or named `_` (if used implicitly). Alternatively, prefix the name with `_` to silence this warning:
  [apply] _hwt

Note: This linter can be disabled with `set_option linter.unusedVariables false`
⚠ [1780/1877] Replayed Bimodal.Metalogic.WeakCanonical.Kamp.NfMultiAnchorBridge.ExteriorNavPastK1
warning: Theories/Bimodal/Metalogic/WeakCanonical/Kamp/NfMultiAnchorBridge/ExteriorNavPastK1.lean:73:8: automatically included section variable(s) unused in theorem `_private.Bimodal.Metalogic.WeakCanonical.Kamp.NfMultiAnchorBridge.ExteriorNavPastK1.0.Bimodal.Metalogic.WeakCanonical.Kamp.navL_profile_iff`:
  [Fintype sig.preds]
  [DecidableEq sig.preds]
consider restructuring your `variable` declarations so that the variables are not in scope or explicitly omit them:
  omit [Fintype sig.preds] [DecidableEq sig.preds] in theorem ...

Note: This linter can be disabled with `set_option linter.unusedSectionVars false`
warning: Theories/Bimodal/Metalogic/WeakCanonical/Kamp/NfMultiAnchorBridge/ExteriorNavPastK1.lean:89:8: automatically included section variable(s) unused in theorem `_private.Bimodal.Metalogic.WeakCanonical.Kamp.NfMultiAnchorBridge.ExteriorNavPastK1.0.Bimodal.Metalogic.WeakCanonical.Kamp.navL_profile_unique`:
  [Fintype sig.preds]
  [DecidableEq sig.preds]
consider restructuring your `variable` declarations so that the variables are not in scope or explicitly omit them:
  omit [Fintype sig.preds] [DecidableEq sig.preds] in theorem ...

Note: This linter can be disabled with `set_option linter.unusedSectionVars false`
warning: Theories/Bimodal/Metalogic/WeakCanonical/Kamp/NfMultiAnchorBridge/ExteriorNavPastK1.lean:103:8: automatically included section variable(s) unused in theorem `_private.Bimodal.Metalogic.WeakCanonical.Kamp.NfMultiAnchorBridge.ExteriorNavPastK1.0.Bimodal.Metalogic.WeakCanonical.Kamp.navL_profile_exists`:
  [Fintype sig.preds]
  [DecidableEq sig.preds]
consider restructuring your `variable` declarations so that the variables are not in scope or explicitly omit them:
  omit [Fintype sig.preds] [DecidableEq sig.preds] in theorem ...

Note: This linter can be disabled with `set_option linter.unusedSectionVars false`
warning: Theories/Bimodal/Metalogic/WeakCanonical/Kamp/NfMultiAnchorBridge/ExteriorNavPastK1.lean:323:8: automatically included section variable(s) unused in theorem `_private.Bimodal.Metalogic.WeakCanonical.Kamp.NfMultiAnchorBridge.ExteriorNavPastK1.0.Bimodal.Metalogic.WeakCanonical.Kamp.navL_listMax`:
  [Fintype sig.preds]
  [DecidableEq sig.preds]
consider restructuring your `variable` declarations so that the variables are not in scope or explicitly omit them:
  omit [Fintype sig.preds] [DecidableEq sig.preds] in theorem ...

Note: This linter can be disabled with `set_option linter.unusedSectionVars false`
warning: Theories/Bimodal/Metalogic/WeakCanonical/Kamp/NfMultiAnchorBridge/ExteriorNavPastK1.lean:867:8: automatically included section variable(s) unused in theorem `_private.Bimodal.Metalogic.WeakCanonical.Kamp.NfMultiAnchorBridge.ExteriorNavPastK1.0.Bimodal.Metalogic.WeakCanonical.Kamp.navD_atomLayer_iff`:
  [Fintype sig.preds]
  [DecidableEq sig.preds]
consider restructuring your `variable` declarations so that the variables are not in scope or explicitly omit them:
  omit [Fintype sig.preds] [DecidableEq sig.preds] in theorem ...

Note: This linter can be disabled with `set_option linter.unusedSectionVars false`
⚠ [1781/1877] Replayed Bimodal.Metalogic.WeakCanonical.Kamp.NfMultiAnchorBridge.ExteriorNavFutK1
warning: Theories/Bimodal/Metalogic/WeakCanonical/Kamp/NfMultiAnchorBridge/ExteriorNavFutK1.lean:493:8: automatically included section variable(s) unused in theorem `_private.Bimodal.Metalogic.WeakCanonical.Kamp.NfMultiAnchorBridge.ExteriorNavFutK1.0.Bimodal.Metalogic.WeakCanonical.Kamp.navR_profile_iff`:
  [Fintype sig.preds]
  [DecidableEq sig.preds]
consider restructuring your `variable` declarations so that the variables are not in scope or explicitly omit them:
  omit [Fintype sig.preds] [DecidableEq sig.preds] in theorem ...

Note: This linter can be disabled with `set_option linter.unusedSectionVars false`
warning: Theories/Bimodal/Metalogic/WeakCanonical/Kamp/NfMultiAnchorBridge/ExteriorNavFutK1.lean:509:8: automatically included section variable(s) unused in theorem `_private.Bimodal.Metalogic.WeakCanonical.Kamp.NfMultiAnchorBridge.ExteriorNavFutK1.0.Bimodal.Metalogic.WeakCanonical.Kamp.navR_profile_unique`:
  [Fintype sig.preds]
  [DecidableEq sig.preds]
consider restructuring your `variable` declarations so that the variables are not in scope or explicitly omit them:
  omit [Fintype sig.preds] [DecidableEq sig.preds] in theorem ...

Note: This linter can be disabled with `set_option linter.unusedSectionVars false`
warning: Theories/Bimodal/Metalogic/WeakCanonical/Kamp/NfMultiAnchorBridge/ExteriorNavFutK1.lean:523:8: automatically included section variable(s) unused in theorem `_private.Bimodal.Metalogic.WeakCanonical.Kamp.NfMultiAnchorBridge.ExteriorNavFutK1.0.Bimodal.Metalogic.WeakCanonical.Kamp.navR_profile_exists`:
  [Fintype sig.preds]
  [DecidableEq sig.preds]
consider restructuring your `variable` declarations so that the variables are not in scope or explicitly omit them:
  omit [Fintype sig.preds] [DecidableEq sig.preds] in theorem ...

Note: This linter can be disabled with `set_option linter.unusedSectionVars false`
warning: Theories/Bimodal/Metalogic/WeakCanonical/Kamp/NfMultiAnchorBridge/ExteriorNavFutK1.lean:746:8: automatically included section variable(s) unused in theorem `_private.Bimodal.Metalogic.WeakCanonical.Kamp.NfMultiAnchorBridge.ExteriorNavFutK1.0.Bimodal.Metalogic.WeakCanonical.Kamp.navR_listMin`:
  [Fintype sig.preds]
  [DecidableEq sig.preds]
consider restructuring your `variable` declarations so that the variables are not in scope or explicitly omit them:
  omit [Fintype sig.preds] [DecidableEq sig.preds] in theorem ...

Note: This linter can be disabled with `set_option linter.unusedSectionVars false`
warning: Theories/Bimodal/Metalogic/WeakCanonical/Kamp/NfMultiAnchorBridge/ExteriorNavFutK1.lean:1068:8: automatically included section variable(s) unused in theorem `_private.Bimodal.Metalogic.WeakCanonical.Kamp.NfMultiAnchorBridge.ExteriorNavFutK1.0.Bimodal.Metalogic.WeakCanonical.Kamp.navR_listMax`:
  [Fintype sig.preds]
  [DecidableEq sig.preds]
consider restructuring your `variable` declarations so that the variables are not in scope or explicitly omit them:
  omit [Fintype sig.preds] [DecidableEq sig.preds] in theorem ...

Note: This linter can be disabled with `set_option linter.unusedSectionVars false`
warning: Theories/Bimodal/Metalogic/WeakCanonical/Kamp/NfMultiAnchorBridge/ExteriorNavFutK1.lean:1272:8: automatically included section variable(s) unused in theorem `_private.Bimodal.Metalogic.WeakCanonical.Kamp.NfMultiAnchorBridge.ExteriorNavFutK1.0.Bimodal.Metalogic.WeakCanonical.Kamp.navR_atomLayer_iff`:
  [Fintype sig.preds]
  [DecidableEq sig.preds]
consider restructuring your `variable` declarations so that the variables are not in scope or explicitly omit them:
  omit [Fintype sig.preds] [DecidableEq sig.preds] in theorem ...

Note: This linter can be disabled with `set_option linter.unusedSectionVars false`
⚠ [1783/1877] Replayed Bimodal.Metalogic.WeakCanonical.Kamp.NfMultiAnchorBridge.AggregateOffDiagK1
warning: Theories/Bimodal/Metalogic/WeakCanonical/Kamp/NfMultiAnchorBridge/AggregateOffDiagK1.lean:264:0: automatically included section variable(s) unused in theorem `Bimodal.Metalogic.WeakCanonical.Kamp.aggOdClassify_extPast`:
  [Fintype sig.preds]
  [DecidableEq sig.preds]
consider restructuring your `variable` declarations so that the variables are not in scope or explicitly omit them:
  omit [Fintype sig.preds] [DecidableEq sig.preds] in theorem ...

Note: This linter can be disabled with `set_option linter.unusedSectionVars false`
warning: Theories/Bimodal/Metalogic/WeakCanonical/Kamp/NfMultiAnchorBridge/AggregateOffDiagK1.lean:271:0: automatically included section variable(s) unused in theorem `Bimodal.Metalogic.WeakCanonical.Kamp.aggOdClassify_ptX`:
  [Fintype sig.preds]
  [DecidableEq sig.preds]
consider restructuring your `variable` declarations so that the variables are not in scope or explicitly omit them:
  omit [Fintype sig.preds] [DecidableEq sig.preds] in theorem ...

Note: This linter can be disabled with `set_option linter.unusedSectionVars false`
warning: Theories/Bimodal/Metalogic/WeakCanonical/Kamp/NfMultiAnchorBridge/AggregateOffDiagK1.lean:278:0: automatically included section variable(s) unused in theorem `Bimodal.Metalogic.WeakCanonical.Kamp.aggOdClassify_int`:
  [Fintype sig.preds]
  [DecidableEq sig.preds]
consider restructuring your `variable` declarations so that the variables are not in scope or explicitly omit them:
  omit [Fintype sig.preds] [DecidableEq sig.preds] in theorem ...

Note: This linter can be disabled with `set_option linter.unusedSectionVars false`
warning: Theories/Bimodal/Metalogic/WeakCanonical/Kamp/NfMultiAnchorBridge/AggregateOffDiagK1.lean:286:0: automatically included section variable(s) unused in theorem `Bimodal.Metalogic.WeakCanonical.Kamp.aggOdClassify_ptT`:
  [Fintype sig.preds]
  [DecidableEq sig.preds]
consider restructuring your `variable` declarations so that the variables are not in scope or explicitly omit them:
  omit [Fintype sig.preds] [DecidableEq sig.preds] in theorem ...

Note: This linter can be disabled with `set_option linter.unusedSectionVars false`
warning: Theories/Bimodal/Metalogic/WeakCanonical/Kamp/NfMultiAnchorBridge/AggregateOffDiagK1.lean:295:0: automatically included section variable(s) unused in theorem `Bimodal.Metalogic.WeakCanonical.Kamp.aggOdClassify_extFut`:
  [Fintype sig.preds]
  [DecidableEq sig.preds]
consider restructuring your `variable` declarations so that the variables are not in scope or explicitly omit them:
  omit [Fintype sig.preds] [DecidableEq sig.preds] in theorem ...

Note: This linter can be disabled with `set_option linter.unusedSectionVars false`
warning: Theories/Bimodal/Metalogic/WeakCanonical/Kamp/NfMultiAnchorBridge/AggregateOffDiagK1.lean:454:0: automatically included section variable(s) unused in theorem `Bimodal.Metalogic.WeakCanonical.Kamp.aggOdClassifyF_extPast`:
  [Fintype sig.preds]
  [DecidableEq sig.preds]
consider restructuring your `variable` declarations so that the variables are not in scope or explicitly omit them:
  omit [Fintype sig.preds] [DecidableEq sig.preds] in theorem ...

Note: This linter can be disabled with `set_option linter.unusedSectionVars false`
warning: Theories/Bimodal/Metalogic/WeakCanonical/Kamp/NfMultiAnchorBridge/AggregateOffDiagK1.lean:460:0: automatically included section variable(s) unused in theorem `Bimodal.Metalogic.WeakCanonical.Kamp.aggOdClassifyF_ptT`:
  [Fintype sig.preds]
  [DecidableEq sig.preds]
consider restructuring your `variable` declarations so that the variables are not in scope or explicitly omit them:
  omit [Fintype sig.preds] [DecidableEq sig.preds] in theorem ...

Note: This linter can be disabled with `set_option linter.unusedSectionVars false`
warning: Theories/Bimodal/Metalogic/WeakCanonical/Kamp/NfMultiAnchorBridge/AggregateOffDiagK1.lean:467:0: automatically included section variable(s) unused in theorem `Bimodal.Metalogic.WeakCanonical.Kamp.aggOdClassifyF_int`:
  [Fintype sig.preds]
  [DecidableEq sig.preds]
consider restructuring your `variable` declarations so that the variables are not in scope or explicitly omit them:
  omit [Fintype sig.preds] [DecidableEq sig.preds] in theorem ...

Note: This linter can be disabled with `set_option linter.unusedSectionVars false`
warning: Theories/Bimodal/Metalogic/WeakCanonical/Kamp/NfMultiAnchorBridge/AggregateOffDiagK1.lean:475:0: automatically included section variable(s) unused in theorem `Bimodal.Metalogic.WeakCanonical.Kamp.aggOdClassifyF_ptX`:
  [Fintype sig.preds]
  [DecidableEq sig.preds]
consider restructuring your `variable` declarations so that the variables are not in scope or explicitly omit them:
  omit [Fintype sig.preds] [DecidableEq sig.preds] in theorem ...

Note: This linter can be disabled with `set_option linter.unusedSectionVars false`
warning: Theories/Bimodal/Metalogic/WeakCanonical/Kamp/NfMultiAnchorBridge/AggregateOffDiagK1.lean:484:0: automatically included section variable(s) unused in theorem `Bimodal.Metalogic.WeakCanonical.Kamp.aggOdClassifyF_extFut`:
  [Fintype sig.preds]
  [DecidableEq sig.preds]
consider restructuring your `variable` declarations so that the variables are not in scope or explicitly omit them:
  omit [Fintype sig.preds] [DecidableEq sig.preds] in theorem ...

Note: This linter can be disabled with `set_option linter.unusedSectionVars false`
warning: Theories/Bimodal/Metalogic/WeakCanonical/Kamp/NfMultiAnchorBridge/AggregateOffDiagK1.lean:1181:0: automatically included section variable(s) unused in theorem `Bimodal.Metalogic.WeakCanonical.Kamp.aggOd_holdsRight_iff_holds`:
  [Fintype sig.preds]
  [DecidableEq sig.preds]
consider restructuring your `variable` declarations so that the variables are not in scope or explicitly omit them:
  omit [Fintype sig.preds] [DecidableEq sig.preds] in theorem ...

Note: This linter can be disabled with `set_option linter.unusedSectionVars false`
warning: Theories/Bimodal/Metalogic/WeakCanonical/Kamp/NfMultiAnchorBridge/AggregateOffDiagK1.lean:1192:0: automatically included section variable(s) unused in theorem `Bimodal.Metalogic.WeakCanonical.Kamp.aggOd_holdsLeft_iff_holds`:
  [Fintype sig.preds]
  [DecidableEq sig.preds]
consider restructuring your `variable` declarations so that the variables are not in scope or explicitly omit them:
  omit [Fintype sig.preds] [DecidableEq sig.preds] in theorem ...

Note: This linter can be disabled with `set_option linter.unusedSectionVars false`
warning: Theories/Bimodal/Metalogic/WeakCanonical/Kamp/NfMultiAnchorBridge/AggregateOffDiagK1.lean:1207:0: automatically included section variable(s) unused in theorem `Bimodal.Metalogic.WeakCanonical.Kamp.aggOdPopFold_iff`:
  [Fintype sig.preds]
  [DecidableEq sig.preds]
consider restructuring your `variable` declarations so that the variables are not in scope or explicitly omit them:
  omit [Fintype sig.preds] [DecidableEq sig.preds] in theorem ...

Note: This linter can be disabled with `set_option linter.unusedSectionVars false`
warning: Theories/Bimodal/Metalogic/WeakCanonical/Kamp/NfMultiAnchorBridge/AggregateOffDiagK1.lean:1385:0: automatically included section variable(s) unused in theorem `Bimodal.Metalogic.WeakCanonical.Kamp.aggOd_eval2_iff`:
  [Fintype sig.preds]
  [DecidableEq sig.preds]
consider restructuring your `variable` declarations so that the variables are not in scope or explicitly omit them:
  omit [Fintype sig.preds] [DecidableEq sig.preds] in theorem ...

Note: This linter can be disabled with `set_option linter.unusedSectionVars false`
⚠ [1792/1877] Replayed Bimodal.Metalogic.WeakCanonical.Kamp.ConjInterleave
warning: Theories/Bimodal/Metalogic/WeakCanonical/Kamp/ConjInterleave.lean:215:4: `push_neg` has been deprecated. Prefer using `push Not` instead.
If you'd rather continue using `push_neg` in your project, you can implement it as follows:
```
open Lean.Parser.Tactic in
macro "push_neg" cfg:optConfig loc:(location)? : tactic =>
  `(tactic| push $cfg:optConfig Not $[$loc]?)
```
warning: Theories/Bimodal/Metalogic/WeakCanonical/Kamp/ConjInterleave.lean:503:34: `Fin.coe_castSucc` has been deprecated: Use `Fin.val_castSucc` instead
warning: Theories/Bimodal/Metalogic/WeakCanonical/Kamp/ConjInterleave.lean:528:20: `Fin.coe_castSucc` has been deprecated: Use `Fin.val_castSucc` instead
warning: Theories/Bimodal/Metalogic/WeakCanonical/Kamp/ConjInterleave.lean:533:13: This simp argument is unused:
  Fin.val_mk

Hint: Omit it from the simp argument list.
  [apply] simp only [hfe]

Note: This linter can be disabled with `set_option linter.unusedSimpArgs false`
warning: Theories/Bimodal/Metalogic/WeakCanonical/Kamp/ConjInterleave.lean:589:22: `Fin.coe_castSucc` has been deprecated: Use `Fin.val_castSucc` instead
warning: Theories/Bimodal/Metalogic/WeakCanonical/Kamp/ConjInterleave.lean:594:10: `Fin.coe_castSucc` has been deprecated: Use `Fin.val_castSucc` instead
warning: Theories/Bimodal/Metalogic/WeakCanonical/Kamp/ConjInterleave.lean:599:32: `Fin.coe_castSucc` has been deprecated: Use `Fin.val_castSucc` instead
warning: Theories/Bimodal/Metalogic/WeakCanonical/Kamp/ConjInterleave.lean:803:19: `Fin.coe_castSucc` has been deprecated: Use `Fin.val_castSucc` instead
warning: Theories/Bimodal/Metalogic/WeakCanonical/Kamp/ConjInterleave.lean:807:12: `Fin.coe_castSucc` has been deprecated: Use `Fin.val_castSucc` instead
warning: Theories/Bimodal/Metalogic/WeakCanonical/Kamp/ConjInterleave.lean:811:58: `Fin.coe_castSucc` has been deprecated: Use `Fin.val_castSucc` instead
warning: Theories/Bimodal/Metalogic/WeakCanonical/Kamp/ConjInterleave.lean:892:6: `push_neg` has been deprecated. Prefer using `push Not` instead.
If you'd rather continue using `push_neg` in your project, you can implement it as follows:
```
open Lean.Parser.Tactic in
macro "push_neg" cfg:optConfig loc:(location)? : tactic =>
  `(tactic| push $cfg:optConfig Not $[$loc]?)
```
warning: Theories/Bimodal/Metalogic/WeakCanonical/Kamp/ConjInterleave.lean:931:6: `push_neg` has been deprecated. Prefer using `push Not` instead.
If you'd rather continue using `push_neg` in your project, you can implement it as follows:
```
open Lean.Parser.Tactic in
macro "push_neg" cfg:optConfig loc:(location)? : tactic =>
  `(tactic| push $cfg:optConfig Not $[$loc]?)
```
⚠ [1793/1877] Replayed Bimodal.Metalogic.WeakCanonical.Kamp.LiftPair
warning: Theories/Bimodal/Metalogic/WeakCanonical/Kamp/LiftPair.lean:453:8: `push_neg` has been deprecated. Prefer using `push Not` instead.
If you'd rather continue using `push_neg` in your project, you can implement it as follows:
```
open Lean.Parser.Tactic in
macro "push_neg" cfg:optConfig loc:(location)? : tactic =>
  `(tactic| push $cfg:optConfig Not $[$loc]?)
```
warning: Theories/Bimodal/Metalogic/WeakCanonical/Kamp/LiftPair.lean:482:12: `Fin.coe_castSucc` has been deprecated: Use `Fin.val_castSucc` instead
warning: Theories/Bimodal/Metalogic/WeakCanonical/Kamp/LiftPair.lean:486:58: `Fin.coe_castSucc` has been deprecated: Use `Fin.val_castSucc` instead
warning: Theories/Bimodal/Metalogic/WeakCanonical/Kamp/LiftPair.lean:552:6: `push_neg` has been deprecated. Prefer using `push Not` instead.
If you'd rather continue using `push_neg` in your project, you can implement it as follows:
```
open Lean.Parser.Tactic in
macro "push_neg" cfg:optConfig loc:(location)? : tactic =>
  `(tactic| push $cfg:optConfig Not $[$loc]?)
```
warning: Theories/Bimodal/Metalogic/WeakCanonical/Kamp/LiftPair.lean:593:19: Variable name `hkl` is not explicitly referenced.

Hint: The binding can be removed (if unused) or named `_` (if used implicitly). Alternatively, prefix the name with `_` to silence this warning:
  [apply] _hkl

Note: This linter can be disabled with `set_option linter.unusedVariables false`
warning: Theories/Bimodal/Metalogic/WeakCanonical/Kamp/LiftPair.lean:759:8: `push_neg` has been deprecated. Prefer using `push Not` instead.
If you'd rather continue using `push_neg` in your project, you can implement it as follows:
```
open Lean.Parser.Tactic in
macro "push_neg" cfg:optConfig loc:(location)? : tactic =>
  `(tactic| push $cfg:optConfig Not $[$loc]?)
```
warning: Theories/Bimodal/Metalogic/WeakCanonical/Kamp/LiftPair.lean:786:12: `Fin.coe_castSucc` has been deprecated: Use `Fin.val_castSucc` instead
warning: Theories/Bimodal/Metalogic/WeakCanonical/Kamp/LiftPair.lean:790:58: `Fin.coe_castSucc` has been deprecated: Use `Fin.val_castSucc` instead
warning: Theories/Bimodal/Metalogic/WeakCanonical/Kamp/LiftPair.lean:849:6: `push_neg` has been deprecated. Prefer using `push Not` instead.
If you'd rather continue using `push_neg` in your project, you can implement it as follows:
```
open Lean.Parser.Tactic in
macro "push_neg" cfg:optConfig loc:(location)? : tactic =>
  `(tactic| push $cfg:optConfig Not $[$loc]?)
```
warning: Theories/Bimodal/Metalogic/WeakCanonical/Kamp/LiftPair.lean:1030:8: `push_neg` has been deprecated. Prefer using `push Not` instead.
If you'd rather continue using `push_neg` in your project, you can implement it as follows:
```
open Lean.Parser.Tactic in
macro "push_neg" cfg:optConfig loc:(location)? : tactic =>
  `(tactic| push $cfg:optConfig Not $[$loc]?)
```
warning: Theories/Bimodal/Metalogic/WeakCanonical/Kamp/LiftPair.lean:1057:12: `Fin.coe_castSucc` has been deprecated: Use `Fin.val_castSucc` instead
warning: Theories/Bimodal/Metalogic/WeakCanonical/Kamp/LiftPair.lean:1061:58: `Fin.coe_castSucc` has been deprecated: Use `Fin.val_castSucc` instead
warning: Theories/Bimodal/Metalogic/WeakCanonical/Kamp/LiftPair.lean:1120:6: `push_neg` has been deprecated. Prefer using `push Not` instead.
If you'd rather continue using `push_neg` in your project, you can implement it as follows:
```
open Lean.Parser.Tactic in
macro "push_neg" cfg:optConfig loc:(location)? : tactic =>
  `(tactic| push $cfg:optConfig Not $[$loc]?)
```
⚠ [1799/1877] Replayed Bimodal.Metalogic.WeakCanonical.Kamp.Prop42ExistsForall
warning: Theories/Bimodal/Metalogic/WeakCanonical/Kamp/Prop42ExistsForall.lean:268:34: `Fin.coe_castSucc` has been deprecated: Use `Fin.val_castSucc` instead
warning: Theories/Bimodal/Metalogic/WeakCanonical/Kamp/Prop42ExistsForall.lean:342:43: `Fin.coe_castSucc` has been deprecated: Use `Fin.val_castSucc` instead
warning: Theories/Bimodal/Metalogic/WeakCanonical/Kamp/Prop42ExistsForall.lean:346:36: `Fin.coe_castSucc` has been deprecated: Use `Fin.val_castSucc` instead
warning: Theories/Bimodal/Metalogic/WeakCanonical/Kamp/Prop42ExistsForall.lean:254:23: This simp argument is unused:
  if_neg hj

Hint: Omit it from the simp argument list.
  [apply] simp only [hj]

Note: This linter can be disabled with `set_option linter.unusedSimpArgs false`
⚠ [1800/1877] Replayed Bimodal.Metalogic.WeakCanonical.Kamp.VVecEA2Collapse
warning: Theories/Bimodal/Metalogic/WeakCanonical/Kamp/VVecEA2Collapse.lean:307:30: This simp argument is unused:
  Fin.cons_zero

Hint: Omit it from the simp argument list.
  [apply] simp only [collapseEFFin]

Note: This linter can be disabled with `set_option linter.unusedSimpArgs false`
warning: Theories/Bimodal/Metalogic/WeakCanonical/Kamp/VVecEA2Collapse.lean:399:5: `Finset.le_iff_subset` has been deprecated: This is now a syntactic equality
warning: Theories/Bimodal/Metalogic/WeakCanonical/Kamp/VVecEA2Collapse.lean:404:5: `Finset.le_iff_subset` has been deprecated: This is now a syntactic equality
⚠ [1801/1877] Replayed Bimodal.Metalogic.WeakCanonical.Kamp.Prop42NegationGeneral
warning: Theories/Bimodal/Metalogic/WeakCanonical/Kamp/Prop42NegationGeneral.lean:207:5: Variable name `hName` is not explicitly referenced.

Hint: The binding can be removed (if unused) or named `_` (if used implicitly). Alternatively, prefix the name with `_` to silence this warning:
  [apply] _hName

Note: This linter can be disabled with `set_option linter.unusedVariables false`
warning: Theories/Bimodal/Metalogic/WeakCanonical/Kamp/Prop42NegationGeneral.lean:239:5: Variable name `hName` is not explicitly referenced.

Hint: The binding can be removed (if unused) or named `_` (if used implicitly). Alternatively, prefix the name with `_` to silence this warning:
  [apply] _hName

Note: This linter can be disabled with `set_option linter.unusedVariables false`
⚠ [1802/1877] Replayed Bimodal.Metalogic.WeakCanonical.Kamp.EFSatNegation
warning: Theories/Bimodal/Metalogic/WeakCanonical/Kamp/EFSatNegation.lean:72:6: `push_neg` has been deprecated. Prefer using `push Not` instead.
If you'd rather continue using `push_neg` in your project, you can implement it as follows:
```
open Lean.Parser.Tactic in
macro "push_neg" cfg:optConfig loc:(location)? : tactic =>
  `(tactic| push $cfg:optConfig Not $[$loc]?)
```
⚠ [1805/1877] Replayed Bimodal.Metalogic.WeakCanonical.Kamp.Prop43Translate
warning: Theories/Bimodal/Metalogic/WeakCanonical/Kamp/Prop43Translate.lean:276:4: `push_neg` has been deprecated. Prefer using `push Not` instead.
If you'd rather continue using `push_neg` in your project, you can implement it as follows:
```
open Lean.Parser.Tactic in
macro "push_neg" cfg:optConfig loc:(location)? : tactic =>
  `(tactic| push $cfg:optConfig Not $[$loc]?)
```
warning: Theories/Bimodal/Metalogic/WeakCanonical/Kamp/Prop43Translate.lean:284:6: `push_neg` has been deprecated. Prefer using `push Not` instead.
If you'd rather continue using `push_neg` in your project, you can implement it as follows:
```
open Lean.Parser.Tactic in
macro "push_neg" cfg:optConfig loc:(location)? : tactic =>
  `(tactic| push $cfg:optConfig Not $[$loc]?)
```
warning: Theories/Bimodal/Metalogic/WeakCanonical/Kamp/Prop43Translate.lean:301:4: `push_neg` has been deprecated. Prefer using `push Not` instead.
If you'd rather continue using `push_neg` in your project, you can implement it as follows:
```
open Lean.Parser.Tactic in
macro "push_neg" cfg:optConfig loc:(location)? : tactic =>
  `(tactic| push $cfg:optConfig Not $[$loc]?)
```
warning: Theories/Bimodal/Metalogic/WeakCanonical/Kamp/Prop43Translate.lean:391:34: This simp argument is unused:
  id_eq

Hint: Omit it from the simp argument list.
  [apply] simp only [skelDisjunctFin] at h

Note: This linter can be disabled with `set_option linter.unusedSimpArgs false`
⚠ [1808/1877] Replayed Bimodal.Metalogic.WeakCanonical.Kamp.ZetaUniformExtract
warning: Theories/Bimodal/Metalogic/WeakCanonical/Kamp/ZetaUniformExtract.lean:161:6: Try this: intro _ hsat
warning: Theories/Bimodal/Metalogic/WeakCanonical/Kamp/ZetaUniformExtract.lean:200:5: `Finset.le_iff_subset` has been deprecated: This is now a syntactic equality
warning: Theories/Bimodal/Metalogic/WeakCanonical/Kamp/ZetaUniformExtract.lean:205:5: `Finset.le_iff_subset` has been deprecated: This is now a syntactic equality
⚠ [1809/1877] Replayed Bimodal.Metalogic.WeakCanonical.Kamp.KampPrior
warning: Theories/Bimodal/Metalogic/WeakCanonical/Kamp/KampPrior.lean:93:7: Variable name `h_UZ` is not explicitly referenced.

Hint: The binding can be removed (if unused) or named `_` (if used implicitly). Alternatively, prefix the name with `_` to silence this warning:
  [apply] _h_UZ

Note: This linter can be disabled with `set_option linter.unusedVariables false`
warning: Theories/Bimodal/Metalogic/WeakCanonical/Kamp/KampPrior.lean:94:7: Variable name `h_SZ` is not explicitly referenced.

Hint: The binding can be removed (if unused) or named `_` (if used implicitly). Alternatively, prefix the name with `_` to silence this warning:
  [apply] _h_SZ

Note: This linter can be disabled with `set_option linter.unusedVariables false`
warning: Theories/Bimodal/Metalogic/WeakCanonical/Kamp/KampPrior.lean:361:11: Variable name `h_UZ` is not explicitly referenced.

Hint: The binding can be removed (if unused) or named `_` (if used implicitly). Alternatively, prefix the name with `_` to silence this warning:
  [apply] _h_UZ

Note: This linter can be disabled with `set_option linter.unusedVariables false`
warning: Theories/Bimodal/Metalogic/WeakCanonical/Kamp/KampPrior.lean:362:11: Variable name `h_SZ` is not explicitly referenced.

Hint: The binding can be removed (if unused) or named `_` (if used implicitly). Alternatively, prefix the name with `_` to silence this warning:
  [apply] _h_SZ

Note: This linter can be disabled with `set_option linter.unusedVariables false`
warning: Theories/Bimodal/Metalogic/WeakCanonical/Kamp/KampPrior.lean:341:0: Definition `nf_nvar_exist_all_depths` is a proposition; use `theorem` instead of `def`

Note: This linter can be disabled with `set_option linter.defProp false`
warning: Theories/Bimodal/Metalogic/WeakCanonical/Kamp/KampPrior.lean:588:9: Variable name `h_UZ` is not explicitly referenced.

Hint: The binding can be removed (if unused) or named `_` (if used implicitly). Alternatively, prefix the name with `_` to silence this warning:
  [apply] _h_UZ

Note: This linter can be disabled with `set_option linter.unusedVariables false`
warning: Theories/Bimodal/Metalogic/WeakCanonical/Kamp/KampPrior.lean:589:9: Variable name `h_SZ` is not explicitly referenced.

Hint: The binding can be removed (if unused) or named `_` (if used implicitly). Alternatively, prefix the name with `_` to silence this warning:
  [apply] _h_SZ

Note: This linter can be disabled with `set_option linter.unusedVariables false`
⚠ [1810/1877] Replayed Bimodal.Metalogic.WeakCanonical.PriorExpressiveness
warning: Theories/Bimodal/Metalogic/WeakCanonical/PriorExpressiveness.lean:109:4: `push_neg` has been deprecated. Prefer using `push Not` instead.
If you'd rather continue using `push_neg` in your project, you can implement it as follows:
```
open Lean.Parser.Tactic in
macro "push_neg" cfg:optConfig loc:(location)? : tactic =>
  `(tactic| push $cfg:optConfig Not $[$loc]?)
```
warning: Theories/Bimodal/Metalogic/WeakCanonical/PriorExpressiveness.lean:156:4: `push_neg` has been deprecated. Prefer using `push Not` instead.
If you'd rather continue using `push_neg` in your project, you can implement it as follows:
```
open Lean.Parser.Tactic in
macro "push_neg" cfg:optConfig loc:(location)? : tactic =>
  `(tactic| push $cfg:optConfig Not $[$loc]?)
```
warning: Theories/Bimodal/Metalogic/WeakCanonical/PriorExpressiveness.lean:255:8: `push_neg` has been deprecated. Prefer using `push Not` instead.
If you'd rather continue using `push_neg` in your project, you can implement it as follows:
```
open Lean.Parser.Tactic in
macro "push_neg" cfg:optConfig loc:(location)? : tactic =>
  `(tactic| push $cfg:optConfig Not $[$loc]?)
```
warning: Theories/Bimodal/Metalogic/WeakCanonical/PriorExpressiveness.lean:294:8: `push_neg` has been deprecated. Prefer using `push Not` instead.
If you'd rather continue using `push_neg` in your project, you can implement it as follows:
```
open Lean.Parser.Tactic in
macro "push_neg" cfg:optConfig loc:(location)? : tactic =>
  `(tactic| push $cfg:optConfig Not $[$loc]?)
```
⚠ [1811/1877] Replayed Bimodal.Metalogic.WeakCanonical.ReflexiveCanonical
warning: Theories/Bimodal/Metalogic/WeakCanonical/ReflexiveCanonical.lean:44:0: Definition `mcs` is a proposition; use `theorem` instead of `def`

Note: This linter can be disabled with `set_option linter.defProp false`
warning: Theories/Bimodal/Metalogic/WeakCanonical/ReflexiveCanonical.lean:159:2: `push_neg` has been deprecated. Prefer using `push Not` instead.
If you'd rather continue using `push_neg` in your project, you can implement it as follows:
```
open Lean.Parser.Tactic in
macro "push_neg" cfg:optConfig loc:(location)? : tactic =>
  `(tactic| push $cfg:optConfig Not $[$loc]?)
```
warning: Theories/Bimodal/Metalogic/WeakCanonical/ReflexiveCanonical.lean:232:2: `push_neg` has been deprecated. Prefer using `push Not` instead.
If you'd rather continue using `push_neg` in your project, you can implement it as follows:
```
open Lean.Parser.Tactic in
macro "push_neg" cfg:optConfig loc:(location)? : tactic =>
  `(tactic| push $cfg:optConfig Not $[$loc]?)
```
warning: Theories/Bimodal/Metalogic/WeakCanonical/ReflexiveCanonical.lean:549:0: Definition `g_content_closed_derivation` is a proposition; use `theorem` instead of `def`

Note: This linter can be disabled with `set_option linter.defProp false`
warning: Theories/Bimodal/Metalogic/WeakCanonical/ReflexiveCanonical.lean:611:0: Definition `h_content_closed_derivation` is a proposition; use `theorem` instead of `def`

Note: This linter can be disabled with `set_option linter.defProp false`
⚠ [1816/1877] Replayed Bimodal.Metalogic.WeakCanonical.NEquivalence
warning: Theories/Bimodal/Metalogic/WeakCanonical/NEquivalence.lean:265:5: Variable name `h_idx` is not explicitly referenced.

Hint: The binding can be removed (if unused) or named `_` (if used implicitly). Alternatively, prefix the name with `_` to silence this warning:
  [apply] _h_idx

Note: This linter can be disabled with `set_option linter.unusedVariables false`
warning: Theories/Bimodal/Metalogic/WeakCanonical/NEquivalence.lean:509:19: Variable name `hdn` is not explicitly referenced.

Hint: The binding can be removed (if unused) or named `_` (if used implicitly). Alternatively, prefix the name with `_` to silence this warning:
  [apply] _hdn

Note: This linter can be disabled with `set_option linter.unusedVariables false`
warning: Theories/Bimodal/Metalogic/WeakCanonical/NEquivalence.lean:513:5: Variable name `h_atoms` is not explicitly referenced.

Hint: The binding can be removed (if unused) or named `_` (if used implicitly). Alternatively, prefix the name with `_` to silence this warning:
  [apply] _h_atoms

Note: This linter can be disabled with `set_option linter.unusedVariables false`
warning: Theories/Bimodal/Metalogic/WeakCanonical/NEquivalence.lean:516:5: Variable name `cd` is not explicitly referenced.

Hint: The binding can be removed (if unused) or named `_` (if used implicitly). Alternatively, prefix the name with `_` to silence this warning:
  [apply] _cd

Note: This linter can be disabled with `set_option linter.unusedVariables false`
warning: Theories/Bimodal/Metalogic/WeakCanonical/NEquivalence.lean:498:0: Definition `build_bicompat` is a proposition; use `theorem` instead of `def`

Note: This linter can be disabled with `set_option linter.defProp false`
warning: Theories/Bimodal/Metalogic/WeakCanonical/NEquivalence.lean:638:35: This simp argument is unused:
  if_pos rfl

Hint: Omit it from the simp argument list.
  [apply] simp

Note: This linter can be disabled with `set_option linter.unusedSimpArgs false`
warning: Theories/Bimodal/Metalogic/WeakCanonical/NEquivalence.lean:639:22: This simp argument is unused:
  dif_pos rfl

Hint: Omit it from the simp argument list.
  [apply] simp [Fin.cons_zero]

Note: This linter can be disabled with `set_option linter.unusedSimpArgs false`
warning: Theories/Bimodal/Metalogic/WeakCanonical/NEquivalence.lean:640:22: This simp argument is unused:
  dif_pos rfl

Hint: Omit it from the simp argument list.
  [apply] simp [Fin.cons_zero]

Note: This linter can be disabled with `set_option linter.unusedSimpArgs false`
warning: Theories/Bimodal/Metalogic/WeakCanonical/NEquivalence.lean:647:24: This simp argument is unused:
  dif_pos rfl

Hint: Omit it from the simp argument list.
  [apply] simp [Fin.cons_succ]

Note: This linter can be disabled with `set_option linter.unusedSimpArgs false`
warning: Theories/Bimodal/Metalogic/WeakCanonical/NEquivalence.lean:647:37: This simp argument is unused:
  Fin.cons_succ

Hint: Omit it from the simp argument list.
  [apply] simp [dif_pos rfl]

Note: This linter can be disabled with `set_option linter.unusedSimpArgs false`
warning: Theories/Bimodal/Metalogic/WeakCanonical/NEquivalence.lean:648:24: This simp argument is unused:
  dif_pos rfl

Hint: Omit it from the simp argument list.
  [apply] simp [Fin.cons_succ]

Note: This linter can be disabled with `set_option linter.unusedSimpArgs false`
warning: Theories/Bimodal/Metalogic/WeakCanonical/NEquivalence.lean:648:37: This simp argument is unused:
  Fin.cons_succ

Hint: Omit it from the simp argument list.
  [apply] simp [dif_pos rfl]

Note: This linter can be disabled with `set_option linter.unusedSimpArgs false`
warning: Theories/Bimodal/Metalogic/WeakCanonical/NEquivalence.lean:753:35: This simp argument is unused:
  if_pos rfl

Hint: Omit it from the simp argument list.
  [apply] simp

Note: This linter can be disabled with `set_option linter.unusedSimpArgs false`
warning: Theories/Bimodal/Metalogic/WeakCanonical/NEquivalence.lean:754:22: This simp argument is unused:
  dif_pos rfl

Hint: Omit it from the simp argument list.
  [apply] simp [Fin.cons_zero]

Note: This linter can be disabled with `set_option linter.unusedSimpArgs false`
warning: Theories/Bimodal/Metalogic/WeakCanonical/NEquivalence.lean:755:22: This simp argument is unused:
  dif_pos rfl

Hint: Omit it from the simp argument list.
  [apply] simp [Fin.cons_zero]

Note: This linter can be disabled with `set_option linter.unusedSimpArgs false`
warning: Theories/Bimodal/Metalogic/WeakCanonical/NEquivalence.lean:762:24: This simp argument is unused:
  dif_pos rfl

Hint: Omit it from the simp argument list.
  [apply] simp [Fin.cons_succ]

Note: This linter can be disabled with `set_option linter.unusedSimpArgs false`
warning: Theories/Bimodal/Metalogic/WeakCanonical/NEquivalence.lean:762:37: This simp argument is unused:
  Fin.cons_succ

Hint: Omit it from the simp argument list.
  [apply] simp [dif_pos rfl]

Note: This linter can be disabled with `set_option linter.unusedSimpArgs false`
warning: Theories/Bimodal/Metalogic/WeakCanonical/NEquivalence.lean:763:24: This simp argument is unused:
  dif_pos rfl

Hint: Omit it from the simp argument list.
  [apply] simp [Fin.cons_succ]

Note: This linter can be disabled with `set_option linter.unusedSimpArgs false`
warning: Theories/Bimodal/Metalogic/WeakCanonical/NEquivalence.lean:763:37: This simp argument is unused:
  Fin.cons_succ

Hint: Omit it from the simp argument list.
  [apply] simp [dif_pos rfl]

Note: This linter can be disabled with `set_option linter.unusedSimpArgs false`
warning: Theories/Bimodal/Metalogic/WeakCanonical/NEquivalence.lean:785:38: Variable name `inst_lo` is not explicitly referenced.

Hint: The binding can be removed (if unused) or named `_` (if used implicitly). Alternatively, prefix the name with `_` to silence this warning:
  [apply] _inst_lo

Note: This linter can be disabled with `set_option linter.unusedVariables false`
warning: Theories/Bimodal/Metalogic/WeakCanonical/NEquivalence.lean:787:5: Variable name `h_comp` is not explicitly referenced.

Hint: The binding can be removed (if unused) or named `_` (if used implicitly). Alternatively, prefix the name with `_` to silence this warning:
  [apply] _h_comp

Note: This linter can be disabled with `set_option linter.unusedVariables false`
warning: Theories/Bimodal/Metalogic/WeakCanonical/NEquivalence.lean:791:5: Variable name `h_atoms` is not explicitly referenced.

Hint: The binding can be removed (if unused) or named `_` (if used implicitly). Alternatively, prefix the name with `_` to silence this warning:
  [apply] _h_atoms

Note: This linter can be disabled with `set_option linter.unusedVariables false`
warning: Theories/Bimodal/Metalogic/WeakCanonical/NEquivalence.lean:794:5: Variable name `h_bc` is not explicitly referenced.

Hint: The binding can be removed (if unused) or named `_` (if used implicitly). Alternatively, prefix the name with `_` to silence this warning:
  [apply] _h_bc

Note: This linter can be disabled with `set_option linter.unusedVariables false`
warning: Theories/Bimodal/Metalogic/WeakCanonical/NEquivalence.lean:770:0: Definition `sum_nf_lift_gen` is a proposition; use `theorem` instead of `def`

Note: This linter can be disabled with `set_option linter.defProp false`
warning: Theories/Bimodal/Metalogic/WeakCanonical/NEquivalence.lean:838:0: Definition `sum_lift_one_var` is a proposition; use `theorem` instead of `def`

Note: This linter can be disabled with `set_option linter.defProp false`
warning: Theories/Bimodal/Metalogic/WeakCanonical/NEquivalence.lean:923:28: This simp argument is unused:
  h_envN_eq

Hint: Omit it from the simp argument list.
  [apply] simp only [h_envM_eq] at hj'

Note: This linter can be disabled with `set_option linter.unusedSimpArgs false`
warning: Theories/Bimodal/Metalogic/WeakCanonical/NEquivalence.lean:925:27: This simp argument is unused:
  if_pos rfl

Hint: Omit it from the simp argument list.
  [apply] simp

Note: This linter can be disabled with `set_option linter.unusedSimpArgs false`
warning: Theories/Bimodal/Metalogic/WeakCanonical/NEquivalence.lean:951:28: Variable name `inst` is not explicitly referenced.

Hint: The binding can be removed (if unused) or named `_` (if used implicitly). Alternatively, prefix the name with `_` to silence this warning:
  [apply] _inst

Note: This linter can be disabled with `set_option linter.unusedVariables false`
warning: Theories/Bimodal/Metalogic/WeakCanonical/NEquivalence.lean:953:5: Variable name `h_comp` is not explicitly referenced.

Hint: The binding can be removed (if unused) or named `_` (if used implicitly). Alternatively, prefix the name with `_` to silence this warning:
  [apply] _h_comp

Note: This linter can be disabled with `set_option linter.unusedVariables false`
warning: Theories/Bimodal/Metalogic/WeakCanonical/NEquivalence.lean:933:0: Definition `sum_nf_agree_sentence` is a proposition; use `theorem` instead of `def`

Note: This linter can be disabled with `set_option linter.defProp false`
warning: Theories/Bimodal/Metalogic/WeakCanonical/NEquivalence.lean:1079:0: Definition `sum_preservation_proof` is a proposition; use `theorem` instead of `def`

Note: This linter can be disabled with `set_option linter.defProp false`
⚠ [1819/1877] Replayed Bimodal.Metalogic.WeakCanonical.IntegerModel.GoodStructures
warning: Theories/Bimodal/Metalogic/WeakCanonical/IntegerModel/GoodStructures.lean:179:20: This simp argument is unused:
  ZIntervalStructure.intervalCarrier

Hint: Omit it from the simp argument list.
  [apply] simp only [Z, Option.elim]

Note: This linter can be disabled with `set_option linter.unusedSimpArgs false`
warning: Theories/Bimodal/Metalogic/WeakCanonical/IntegerModel/GoodStructures.lean:182:20: This simp argument is unused:
  ZIntervalStructure.intervalCarrier

Hint: Omit it from the simp argument list.
  [apply] simp only [Z, Option.elim] at hz

Note: This linter can be disabled with `set_option linter.unusedSimpArgs false`
warning: Theories/Bimodal/Metalogic/WeakCanonical/IntegerModel/GoodStructures.lean:186:20: This simp argument is unused:
  ZIntervalStructure.intervalCarrier

Hint: Omit it from the simp argument list.
  [apply] simp only [Z, Option.elim] at hz ⊢

Note: This linter can be disabled with `set_option linter.unusedSimpArgs false`
warning: Theories/Bimodal/Metalogic/WeakCanonical/IntegerModel/GoodStructures.lean:196:18: This simp argument is unused:
  ZIntervalStructure.intervalCarrier

Hint: Omit it from the simp argument list.
  [apply] simp only [Z, Option.elim] at ha hb

Note: This linter can be disabled with `set_option linter.unusedSimpArgs false`
warning: Theories/Bimodal/Metalogic/WeakCanonical/IntegerModel/GoodStructures.lean:252:6: `push_neg` has been deprecated. Prefer using `push Not` instead.
If you'd rather continue using `push_neg` in your project, you can implement it as follows:
```
open Lean.Parser.Tactic in
macro "push_neg" cfg:optConfig loc:(location)? : tactic =>
  `(tactic| push $cfg:optConfig Not $[$loc]?)
```
warning: Theories/Bimodal/Metalogic/WeakCanonical/IntegerModel/GoodStructures.lean:291:57: Variable name `hab` is not explicitly referenced.

Hint: The binding can be removed (if unused) or named `_` (if used implicitly). Alternatively, prefix the name with `_` to silence this warning:
  [apply] _hab

Note: This linter can be disabled with `set_option linter.unusedVariables false`
warning: Theories/Bimodal/Metalogic/WeakCanonical/IntegerModel/GoodStructures.lean:351:30: This simp argument is unused:
  Fin.cons_zero

Hint: Omit it from the simp argument list.
  [apply] simp only [atom_eval, ZIntervalStructure.toOrdered]

Note: This linter can be disabled with `set_option linter.unusedSimpArgs false`
warning: Theories/Bimodal/Metalogic/WeakCanonical/IntegerModel/GoodStructures.lean:378:28: This simp argument is unused:
  Fin.cons_zero

Hint: Omit it from the simp argument list.
  [apply] simp only [atom_eval, ZIntervalStructure.toOrdered]

Note: This linter can be disabled with `set_option linter.unusedSimpArgs false`
warning: Theories/Bimodal/Metalogic/WeakCanonical/IntegerModel/GoodStructures.lean:659:20: This simp argument is unused:
  ZIntervalStructure.intervalCarrier

Hint: Omit it from the simp argument list.
  [apply] simp [h_lo1, h_hi1, Option.elim]

Note: This linter can be disabled with `set_option linter.unusedSimpArgs false`
warning: Theories/Bimodal/Metalogic/WeakCanonical/IntegerModel/GoodStructures.lean:662:20: This simp argument is unused:
  ZIntervalStructure.intervalCarrier

Hint: Omit it from the simp argument list.
  [apply] simp [h_lo1, h_hi1, Option.elim] at hz

Note: This linter can be disabled with `set_option linter.unusedSimpArgs false`
warning: Theories/Bimodal/Metalogic/WeakCanonical/IntegerModel/GoodStructures.lean:672:20: This simp argument is unused:
  ZIntervalStructure.intervalCarrier

Hint: Omit it from the simp argument list.
  [apply] simp [h_lo2, h_hi2, Option.elim]

Note: This linter can be disabled with `set_option linter.unusedSimpArgs false`
warning: Theories/Bimodal/Metalogic/WeakCanonical/IntegerModel/GoodStructures.lean:675:20: This simp argument is unused:
  ZIntervalStructure.intervalCarrier

Hint: Omit it from the simp argument list.
  [apply] simp [h_lo2, h_hi2, Option.elim] at hz

Note: This linter can be disabled with `set_option linter.unusedSimpArgs false`
⚠ [1820/1877] Replayed Bimodal.Metalogic.WeakCanonical.IntegerModel.ReynoldsNoGaps
warning: Theories/Bimodal/Metalogic/WeakCanonical/IntegerModel/ReynoldsNoGaps.lean:128:4: `push_neg` has been deprecated. Prefer using `push Not` instead.
If you'd rather continue using `push_neg` in your project, you can implement it as follows:
```
open Lean.Parser.Tactic in
macro "push_neg" cfg:optConfig loc:(location)? : tactic =>
  `(tactic| push $cfg:optConfig Not $[$loc]?)
```
warning: Theories/Bimodal/Metalogic/WeakCanonical/IntegerModel/ReynoldsNoGaps.lean:172:6: `push_neg` has been deprecated. Prefer using `push Not` instead.
If you'd rather continue using `push_neg` in your project, you can implement it as follows:
```
open Lean.Parser.Tactic in
macro "push_neg" cfg:optConfig loc:(location)? : tactic =>
  `(tactic| push $cfg:optConfig Not $[$loc]?)
```
⚠ [1821/1877] Replayed Bimodal.Metalogic.WeakCanonical.IntegerModel.GoodStructuresModelSurgery
warning: Theories/Bimodal/Metalogic/WeakCanonical/IntegerModel/GoodStructuresModelSurgery.lean:153:8: `push_neg` has been deprecated. Prefer using `push Not` instead.
If you'd rather continue using `push_neg` in your project, you can implement it as follows:
```
open Lean.Parser.Tactic in
macro "push_neg" cfg:optConfig loc:(location)? : tactic =>
  `(tactic| push $cfg:optConfig Not $[$loc]?)
```
warning: Theories/Bimodal/Metalogic/WeakCanonical/IntegerModel/GoodStructuresModelSurgery.lean:213:6: `push_neg` has been deprecated. Prefer using `push Not` instead.
If you'd rather continue using `push_neg` in your project, you can implement it as follows:
```
open Lean.Parser.Tactic in
macro "push_neg" cfg:optConfig loc:(location)? : tactic =>
  `(tactic| push $cfg:optConfig Not $[$loc]?)
```
warning: Theories/Bimodal/Metalogic/WeakCanonical/IntegerModel/GoodStructuresModelSurgery.lean:332:23: Variable name `hab` is not explicitly referenced.

Hint: The binding can be removed (if unused) or named `_` (if used implicitly). Alternatively, prefix the name with `_` to silence this warning:
  [apply] _hab

Note: This linter can be disabled with `set_option linter.unusedVariables false`
warning: Theories/Bimodal/Metalogic/WeakCanonical/IntegerModel/GoodStructuresModelSurgery.lean:334:5: Variable name `h_succ_closed` is not explicitly referenced.

Hint: The binding can be removed (if unused) or named `_` (if used implicitly). Alternatively, prefix the name with `_` to silence this warning:
  [apply] _h_succ_closed

Note: This linter can be disabled with `set_option linter.unusedVariables false`
warning: Theories/Bimodal/Metalogic/WeakCanonical/IntegerModel/GoodStructuresModelSurgery.lean:391:4: `push_neg` has been deprecated. Prefer using `push Not` instead.
If you'd rather continue using `push_neg` in your project, you can implement it as follows:
```
open Lean.Parser.Tactic in
macro "push_neg" cfg:optConfig loc:(location)? : tactic =>
  `(tactic| push $cfg:optConfig Not $[$loc]?)
```
warning: Theories/Bimodal/Metalogic/WeakCanonical/IntegerModel/GoodStructuresModelSurgery.lean:909:2: `push_neg` has been deprecated. Prefer using `push Not` instead.
If you'd rather continue using `push_neg` in your project, you can implement it as follows:
```
open Lean.Parser.Tactic in
macro "push_neg" cfg:optConfig loc:(location)? : tactic =>
  `(tactic| push $cfg:optConfig Not $[$loc]?)
```
warning: Theories/Bimodal/Metalogic/WeakCanonical/IntegerModel/GoodStructuresModelSurgery.lean:1211:4: `push_neg` has been deprecated. Prefer using `push Not` instead.
If you'd rather continue using `push_neg` in your project, you can implement it as follows:
```
open Lean.Parser.Tactic in
macro "push_neg" cfg:optConfig loc:(location)? : tactic =>
  `(tactic| push $cfg:optConfig Not $[$loc]?)
```
warning: Theories/Bimodal/Metalogic/WeakCanonical/IntegerModel/GoodStructuresModelSurgery.lean:1553:24: `push_neg` has been deprecated. Prefer using `push Not` instead.
If you'd rather continue using `push_neg` in your project, you can implement it as follows:
```
open Lean.Parser.Tactic in
macro "push_neg" cfg:optConfig loc:(location)? : tactic =>
  `(tactic| push $cfg:optConfig Not $[$loc]?)
```
warning: Theories/Bimodal/Metalogic/WeakCanonical/IntegerModel/GoodStructuresModelSurgery.lean:1563:24: `push_neg` has been deprecated. Prefer using `push Not` instead.
If you'd rather continue using `push_neg` in your project, you can implement it as follows:
```
open Lean.Parser.Tactic in
macro "push_neg" cfg:optConfig loc:(location)? : tactic =>
  `(tactic| push $cfg:optConfig Not $[$loc]?)
```
warning: Theories/Bimodal/Metalogic/WeakCanonical/IntegerModel/GoodStructuresModelSurgery.lean:1615:24: `push_neg` has been deprecated. Prefer using `push Not` instead.
If you'd rather continue using `push_neg` in your project, you can implement it as follows:
```
open Lean.Parser.Tactic in
macro "push_neg" cfg:optConfig loc:(location)? : tactic =>
  `(tactic| push $cfg:optConfig Not $[$loc]?)
```
warning: Theories/Bimodal/Metalogic/WeakCanonical/IntegerModel/GoodStructuresModelSurgery.lean:1634:24: `push_neg` has been deprecated. Prefer using `push Not` instead.
If you'd rather continue using `push_neg` in your project, you can implement it as follows:
```
open Lean.Parser.Tactic in
macro "push_neg" cfg:optConfig loc:(location)? : tactic =>
  `(tactic| push $cfg:optConfig Not $[$loc]?)
```
warning: Theories/Bimodal/Metalogic/WeakCanonical/IntegerModel/GoodStructuresModelSurgery.lean:1688:24: `push_neg` has been deprecated. Prefer using `push Not` instead.
If you'd rather continue using `push_neg` in your project, you can implement it as follows:
```
open Lean.Parser.Tactic in
macro "push_neg" cfg:optConfig loc:(location)? : tactic =>
  `(tactic| push $cfg:optConfig Not $[$loc]?)
```
warning: Theories/Bimodal/Metalogic/WeakCanonical/IntegerModel/GoodStructuresModelSurgery.lean:1696:24: `push_neg` has been deprecated. Prefer using `push Not` instead.
If you'd rather continue using `push_neg` in your project, you can implement it as follows:
```
open Lean.Parser.Tactic in
macro "push_neg" cfg:optConfig loc:(location)? : tactic =>
  `(tactic| push $cfg:optConfig Not $[$loc]?)
```
warning: Theories/Bimodal/Metalogic/WeakCanonical/IntegerModel/GoodStructuresModelSurgery.lean:1739:24: `push_neg` has been deprecated. Prefer using `push Not` instead.
If you'd rather continue using `push_neg` in your project, you can implement it as follows:
```
open Lean.Parser.Tactic in
macro "push_neg" cfg:optConfig loc:(location)? : tactic =>
  `(tactic| push $cfg:optConfig Not $[$loc]?)
```
warning: Theories/Bimodal/Metalogic/WeakCanonical/IntegerModel/GoodStructuresModelSurgery.lean:1766:24: `push_neg` has been deprecated. Prefer using `push Not` instead.
If you'd rather continue using `push_neg` in your project, you can implement it as follows:
```
open Lean.Parser.Tactic in
macro "push_neg" cfg:optConfig loc:(location)? : tactic =>
  `(tactic| push $cfg:optConfig Not $[$loc]?)
```
warning: Theories/Bimodal/Metalogic/WeakCanonical/IntegerModel/GoodStructuresModelSurgery.lean:1828:30: `push_neg` has been deprecated. Prefer using `push Not` instead.
If you'd rather continue using `push_neg` in your project, you can implement it as follows:
```
open Lean.Parser.Tactic in
macro "push_neg" cfg:optConfig loc:(location)? : tactic =>
  `(tactic| push $cfg:optConfig Not $[$loc]?)
```
warning: Theories/Bimodal/Metalogic/WeakCanonical/IntegerModel/GoodStructuresModelSurgery.lean:1837:12: `push_neg` has been deprecated. Prefer using `push Not` instead.
If you'd rather continue using `push_neg` in your project, you can implement it as follows:
```
open Lean.Parser.Tactic in
macro "push_neg" cfg:optConfig loc:(location)? : tactic =>
  `(tactic| push $cfg:optConfig Not $[$loc]?)
```
warning: Theories/Bimodal/Metalogic/WeakCanonical/IntegerModel/GoodStructuresModelSurgery.lean:1842:30: `push_neg` has been deprecated. Prefer using `push Not` instead.
If you'd rather continue using `push_neg` in your project, you can implement it as follows:
```
open Lean.Parser.Tactic in
macro "push_neg" cfg:optConfig loc:(location)? : tactic =>
  `(tactic| push $cfg:optConfig Not $[$loc]?)
```
warning: Theories/Bimodal/Metalogic/WeakCanonical/IntegerModel/GoodStructuresModelSurgery.lean:1866:30: `push_neg` has been deprecated. Prefer using `push Not` instead.
If you'd rather continue using `push_neg` in your project, you can implement it as follows:
```
open Lean.Parser.Tactic in
macro "push_neg" cfg:optConfig loc:(location)? : tactic =>
  `(tactic| push $cfg:optConfig Not $[$loc]?)
```
warning: Theories/Bimodal/Metalogic/WeakCanonical/IntegerModel/GoodStructuresModelSurgery.lean:1875:12: `push_neg` has been deprecated. Prefer using `push Not` instead.
If you'd rather continue using `push_neg` in your project, you can implement it as follows:
```
open Lean.Parser.Tactic in
macro "push_neg" cfg:optConfig loc:(location)? : tactic =>
  `(tactic| push $cfg:optConfig Not $[$loc]?)
```
warning: Theories/Bimodal/Metalogic/WeakCanonical/IntegerModel/GoodStructuresModelSurgery.lean:1880:30: `push_neg` has been deprecated. Prefer using `push Not` instead.
If you'd rather continue using `push_neg` in your project, you can implement it as follows:
```
open Lean.Parser.Tactic in
macro "push_neg" cfg:optConfig loc:(location)? : tactic =>
  `(tactic| push $cfg:optConfig Not $[$loc]?)
```
warning: Theories/Bimodal/Metalogic/WeakCanonical/IntegerModel/GoodStructuresModelSurgery.lean:1909:22: `push_neg` has been deprecated. Prefer using `push Not` instead.
If you'd rather continue using `push_neg` in your project, you can implement it as follows:
```
open Lean.Parser.Tactic in
macro "push_neg" cfg:optConfig loc:(location)? : tactic =>
  `(tactic| push $cfg:optConfig Not $[$loc]?)
```
warning: Theories/Bimodal/Metalogic/WeakCanonical/IntegerModel/GoodStructuresModelSurgery.lean:1926:22: `push_neg` has been deprecated. Prefer using `push Not` instead.
If you'd rather continue using `push_neg` in your project, you can implement it as follows:
```
open Lean.Parser.Tactic in
macro "push_neg" cfg:optConfig loc:(location)? : tactic =>
  `(tactic| push $cfg:optConfig Not $[$loc]?)
```
warning: Theories/Bimodal/Metalogic/WeakCanonical/IntegerModel/GoodStructuresModelSurgery.lean:1178:5: Variable name `h_succ_closed` is not explicitly referenced.

Hint: The binding can be removed (if unused) or named `_` (if used implicitly). Alternatively, prefix the name with `_` to silence this warning:
  [apply] _h_succ_closed

Note: This linter can be disabled with `set_option linter.unusedVariables false`
warning: Theories/Bimodal/Metalogic/WeakCanonical/IntegerModel/GoodStructuresModelSurgery.lean:2146:2: `push_neg` has been deprecated. Prefer using `push Not` instead.
If you'd rather continue using `push_neg` in your project, you can implement it as follows:
```
open Lean.Parser.Tactic in
macro "push_neg" cfg:optConfig loc:(location)? : tactic =>
  `(tactic| push $cfg:optConfig Not $[$loc]?)
```
warning: Theories/Bimodal/Metalogic/WeakCanonical/IntegerModel/GoodStructuresModelSurgery.lean:2157:4: `push_neg` has been deprecated. Prefer using `push Not` instead.
If you'd rather continue using `push_neg` in your project, you can implement it as follows:
```
open Lean.Parser.Tactic in
macro "push_neg" cfg:optConfig loc:(location)? : tactic =>
  `(tactic| push $cfg:optConfig Not $[$loc]?)
```
⚠ [1822/1877] Replayed Bimodal.Metalogic.BXCanonical.Chronicle.ChronicleToCountermodel
warning: Theories/Bimodal/Metalogic/BXCanonical/Chronicle/ChronicleToCountermodel.lean:194:16: declaration uses `sorry`
warning: Theories/Bimodal/Metalogic/BXCanonical/Chronicle/ChronicleToCountermodel.lean:495:2: `push_neg` has been deprecated. Prefer using `push Not` instead.
If you'd rather continue using `push_neg` in your project, you can implement it as follows:
```
open Lean.Parser.Tactic in
macro "push_neg" cfg:optConfig loc:(location)? : tactic =>
  `(tactic| push $cfg:optConfig Not $[$loc]?)
```
warning: Theories/Bimodal/Metalogic/BXCanonical/Chronicle/ChronicleToCountermodel.lean:497:0: Definition `Bimodal.Metalogic.BXCanonical.Chronicle.limitDomSubtype_isSuccArchimedean` of class type is semireducible. Most type class instances should be instance-reducible, so consider marking this
definition with `@[instance_reducible]`. If it is intentionally semireducible, this warning can be disabled with `set_option warn.classDefReducibility false`.
warning: Theories/Bimodal/Metalogic/BXCanonical/Chronicle/ChronicleToCountermodel.lean:497:0: Definition `limitDomSubtype_isSuccArchimedean` is a proposition; use `theorem` instead of `def`

Note: This linter can be disabled with `set_option linter.defProp false`
warning: Theories/Bimodal/Metalogic/BXCanonical/Chronicle/ChronicleToCountermodel.lean:796:2: `push_neg` has been deprecated. Prefer using `push Not` instead.
If you'd rather continue using `push_neg` in your project, you can implement it as follows:
```
open Lean.Parser.Tactic in
macro "push_neg" cfg:optConfig loc:(location)? : tactic =>
  `(tactic| push $cfg:optConfig Not $[$loc]?)
```
warning: Theories/Bimodal/Metalogic/BXCanonical/Chronicle/ChronicleToCountermodel.lean:851:2: `push_neg` has been deprecated. Prefer using `push Not` instead.
If you'd rather continue using `push_neg` in your project, you can implement it as follows:
```
open Lean.Parser.Tactic in
macro "push_neg" cfg:optConfig loc:(location)? : tactic =>
  `(tactic| push $cfg:optConfig Not $[$loc]?)
```
warning: Theories/Bimodal/Metalogic/BXCanonical/Chronicle/ChronicleToCountermodel.lean:1076:4: `push_neg` has been deprecated. Prefer using `push Not` instead.
If you'd rather continue using `push_neg` in your project, you can implement it as follows:
```
open Lean.Parser.Tactic in
macro "push_neg" cfg:optConfig loc:(location)? : tactic =>
  `(tactic| push $cfg:optConfig Not $[$loc]?)
```
warning: Theories/Bimodal/Metalogic/BXCanonical/Chronicle/ChronicleToCountermodel.lean:1087:4: `push_neg` has been deprecated. Prefer using `push Not` instead.
If you'd rather continue using `push_neg` in your project, you can implement it as follows:
```
open Lean.Parser.Tactic in
macro "push_neg" cfg:optConfig loc:(location)? : tactic =>
  `(tactic| push $cfg:optConfig Not $[$loc]?)
```
warning: Theories/Bimodal/Metalogic/BXCanonical/Chronicle/ChronicleToCountermodel.lean:1170:7: Variable name `h` is not explicitly referenced.

Hint: The binding can be removed (if unused) or named `_` (if used implicitly). Alternatively, prefix the name with `_` to silence this warning:
  [apply] _h

Note: This linter can be disabled with `set_option linter.unusedVariables false`
warning: Theories/Bimodal/Metalogic/BXCanonical/Chronicle/ChronicleToCountermodel.lean:1209:33: This simp argument is unused:
  Function.iterate_one

Hint: Omit it from the simp argument list.
  [apply] simp [Function.iterate_zero]

Note: This linter can be disabled with `set_option linter.unusedSimpArgs false`
warning: Theories/Bimodal/Metalogic/BXCanonical/Chronicle/ChronicleToCountermodel.lean:1225:4: `push_neg` has been deprecated. Prefer using `push Not` instead.
If you'd rather continue using `push_neg` in your project, you can implement it as follows:
```
open Lean.Parser.Tactic in
macro "push_neg" cfg:optConfig loc:(location)? : tactic =>
  `(tactic| push $cfg:optConfig Not $[$loc]?)
```
warning: Theories/Bimodal/Metalogic/BXCanonical/Chronicle/ChronicleToCountermodel.lean:1277:4: `push_neg` has been deprecated. Prefer using `push Not` instead.
If you'd rather continue using `push_neg` in your project, you can implement it as follows:
```
open Lean.Parser.Tactic in
macro "push_neg" cfg:optConfig loc:(location)? : tactic =>
  `(tactic| push $cfg:optConfig Not $[$loc]?)
```
warning: Theories/Bimodal/Metalogic/BXCanonical/Chronicle/ChronicleToCountermodel.lean:1325:8: `push_neg` has been deprecated. Prefer using `push Not` instead.
If you'd rather continue using `push_neg` in your project, you can implement it as follows:
```
open Lean.Parser.Tactic in
macro "push_neg" cfg:optConfig loc:(location)? : tactic =>
  `(tactic| push $cfg:optConfig Not $[$loc]?)
```
warning: Theories/Bimodal/Metalogic/BXCanonical/Chronicle/ChronicleToCountermodel.lean:1344:4: `push_neg` has been deprecated. Prefer using `push Not` instead.
If you'd rather continue using `push_neg` in your project, you can implement it as follows:
```
open Lean.Parser.Tactic in
macro "push_neg" cfg:optConfig loc:(location)? : tactic =>
  `(tactic| push $cfg:optConfig Not $[$loc]?)
```
warning: Theories/Bimodal/Metalogic/BXCanonical/Chronicle/ChronicleToCountermodel.lean:1349:4: `push_neg` has been deprecated. Prefer using `push Not` instead.
If you'd rather continue using `push_neg` in your project, you can implement it as follows:
```
open Lean.Parser.Tactic in
macro "push_neg" cfg:optConfig loc:(location)? : tactic =>
  `(tactic| push $cfg:optConfig Not $[$loc]?)
```
warning: Theories/Bimodal/Metalogic/BXCanonical/Chronicle/ChronicleToCountermodel.lean:1357:4: `push_neg` has been deprecated. Prefer using `push Not` instead.
If you'd rather continue using `push_neg` in your project, you can implement it as follows:
```
open Lean.Parser.Tactic in
macro "push_neg" cfg:optConfig loc:(location)? : tactic =>
  `(tactic| push $cfg:optConfig Not $[$loc]?)
```
warning: Theories/Bimodal/Metalogic/BXCanonical/Chronicle/ChronicleToCountermodel.lean:1401:32: This simp argument is unused:
  show ¬(0 ≤ -(↑(n + 1) : ℤ)) from by omega

Hint: Omit it from the simp argument list.
  [apply] simp only [Nat.cast_succ, dite_false]

Note: This linter can be disabled with `set_option linter.unusedSimpArgs false`
warning: Theories/Bimodal/Metalogic/BXCanonical/Chronicle/ChronicleToCountermodel.lean:1401:75: This simp argument is unused:
  dite_false

Hint: Omit it from the simp argument list.
  [apply] simp only [Nat.cast_succ, show ¬(0 ≤ -(↑(n + 1) : ℤ)) from by omega]

Note: This linter can be disabled with `set_option linter.unusedSimpArgs false`
⚠ [1824/1877] Replayed Bimodal.Metalogic.WeakCanonical.IntegerModel.ShiftAndGlue
warning: Theories/Bimodal/Metalogic/WeakCanonical/IntegerModel/ShiftAndGlue.lean:94:17: `push_neg` has been deprecated. Prefer using `push Not` instead.
If you'd rather continue using `push_neg` in your project, you can implement it as follows:
```
open Lean.Parser.Tactic in
macro "push_neg" cfg:optConfig loc:(location)? : tactic =>
  `(tactic| push $cfg:optConfig Not $[$loc]?)
```
warning: Theories/Bimodal/Metalogic/WeakCanonical/IntegerModel/ShiftAndGlue.lean:106:24: `push_neg` has been deprecated. Prefer using `push Not` instead.
If you'd rather continue using `push_neg` in your project, you can implement it as follows:
```
open Lean.Parser.Tactic in
macro "push_neg" cfg:optConfig loc:(location)? : tactic =>
  `(tactic| push $cfg:optConfig Not $[$loc]?)
```
warning: Theories/Bimodal/Metalogic/WeakCanonical/IntegerModel/ShiftAndGlue.lean:135:61: `Option.iget` has been deprecated: Use `Option.get!` (which will panic on `none`) or `Option.getD` (which takes an explicit default value).
warning: Theories/Bimodal/Metalogic/WeakCanonical/IntegerModel/ShiftAndGlue.lean:136:44: `Encodable.surjective_decode_iget` has been deprecated: Use `Encodable.surjective_decode_getD` instead

Note: The updated constant has a different type:
  ∀ (α : Type u_3) [inst : Encodable α] (d : α), Function.Surjective fun n ↦ (Encodable.decode n).getD d
instead of
  ∀ (α : Type u_3) [inst : Encodable α] [inst_1 : Inhabited α],
    Function.Surjective fun n ↦ (Encodable.decode n).getD default
warning: Theories/Bimodal/Metalogic/WeakCanonical/IntegerModel/ShiftAndGlue.lean:147:8: This simp argument is unused:
  ↓reduceDIte

Hint: Omit it from the simp argument list.
  [apply] simp only [show (i ≥ 0) = True from eq_true h0, show (i + 1 ≥ 0) = True from eq_true h1]

Note: This linter can be disabled with `set_option linter.unusedSimpArgs false`
warning: Theories/Bimodal/Metalogic/WeakCanonical/IntegerModel/ShiftAndGlue.lean:155:10: This simp argument is unused:
  ↓reduceDIte

Hint: Omit it from the simp argument list.
  [apply] simp only [show ¬(i ≥ 0) from h0, show (i + 1 ≥ 0) = True from eq_true h1]

Note: This linter can be disabled with `set_option linter.unusedSimpArgs false`
warning: Theories/Bimodal/Metalogic/WeakCanonical/IntegerModel/ShiftAndGlue.lean:165:69: This simp argument is unused:
  ↓reduceDIte

Hint: Omit it from the simp argument list.
  [apply] simp only [show ¬(i ≥ 0) from h0, show ¬(i + 1 ≥ 0) from h1]

Note: This linter can be disabled with `set_option linter.unusedSimpArgs false`
warning: Theories/Bimodal/Metalogic/WeakCanonical/IntegerModel/ShiftAndGlue.lean:177:75: This simp argument is unused:
  ↓reduceDIte

Hint: Omit it from the simp argument list.
  [apply] simp only [a, mk_cofinal_seq, show (↑(m + 1) : ℤ) ≥ 0 from by omega,
    show (↑(m + 1) : ℤ).toNat = m + 1 from by omega]

Note: This linter can be disabled with `set_option linter.unusedSimpArgs false`
warning: Theories/Bimodal/Metalogic/WeakCanonical/IntegerModel/ShiftAndGlue.lean:182:79: This simp argument is unused:
  ↓reduceDIte

Hint: Omit it from the simp argument list.
  [apply] simp only [a, mk_cofinal_seq, show ¬((-(↑m + 1) : ℤ) ≥ 0) from by omega,
    show (-(-(↑m + 1) : ℤ) - 1).toNat = m from by omega]

Note: This linter can be disabled with `set_option linter.unusedSimpArgs false`
warning: Theories/Bimodal/Metalogic/WeakCanonical/IntegerModel/ShiftAndGlue.lean:192:12: This simp argument is unused:
  ↓reduceDIte

Hint: Omit it from the simp argument list.
  [apply] simp only [show (j ≥ 0) = True from eq_true h0, show (j + 1 ≥ 0) = True from eq_true h1]

Note: This linter can be disabled with `set_option linter.unusedSimpArgs false`
warning: Theories/Bimodal/Metalogic/WeakCanonical/IntegerModel/ShiftAndGlue.lean:196:87: This simp argument is unused:
  ↓reduceDIte

Hint: Omit it from the simp argument list.
  [apply] simp only [show ¬(j ≥ 0) from h0, show (j + 1 ≥ 0) = True from eq_true h1]

Note: This linter can be disabled with `set_option linter.unusedSimpArgs false`
warning: Theories/Bimodal/Metalogic/WeakCanonical/IntegerModel/ShiftAndGlue.lean:201:73: This simp argument is unused:
  ↓reduceDIte

Hint: Omit it from the simp argument list.
  [apply] simp only [show ¬(j ≥ 0) from h0, show ¬(j + 1 ≥ 0) from h1]

Note: This linter can be disabled with `set_option linter.unusedSimpArgs false`
warning: Theories/Bimodal/Metalogic/WeakCanonical/IntegerModel/ShiftAndGlue.lean:314:7: Variable name `h` is not explicitly referenced.

Hint: The binding can be removed (if unused) or named `_` (if used implicitly). Alternatively, prefix the name with `_` to silence this warning:
  [apply] _h

Note: This linter can be disabled with `set_option linter.unusedVariables false`
warning: Theories/Bimodal/Metalogic/WeakCanonical/IntegerModel/ShiftAndGlue.lean:334:4: `push_neg` has been deprecated. Prefer using `push Not` instead.
If you'd rather continue using `push_neg` in your project, you can implement it as follows:
```
open Lean.Parser.Tactic in
macro "push_neg" cfg:optConfig loc:(location)? : tactic =>
  `(tactic| push $cfg:optConfig Not $[$loc]?)
```
warning: Theories/Bimodal/Metalogic/WeakCanonical/IntegerModel/ShiftAndGlue.lean:339:21: This simp argument is unused:
  show Finset.Ico (0 : ℤ) 0 = ∅ from Finset.Ico_self 0

Hint: Omit it from the simp argument list.
  [apply] simp only [show ¬((-1 : ℤ) ≥ 0) from by omega, show ((-1 : ℤ) + 1 ≥ 0) from by omega, ↓reduceDIte,
    Finset.sum_empty, show Finset.Ico (-1 : ℤ) 0 = {-1} from by ext j; simp [Finset.mem_Ico]; omega]

Note: This linter can be disabled with `set_option linter.unusedSimpArgs false`
warning: Theories/Bimodal/Metalogic/WeakCanonical/IntegerModel/ShiftAndGlue.lean:340:8: This simp argument is unused:
  Finset.sum_empty

Hint: Omit it from the simp argument list.
  [apply] simp only [show ¬((-1 : ℤ) ≥ 0) from by omega, show ((-1 : ℤ) + 1 ≥ 0) from by omega, ↓reduceDIte,
    show Finset.Ico (0 : ℤ) 0 = ∅ from Finset.Ico_self 0,
    show Finset.Ico (-1 : ℤ) 0 = {-1} from by ext j; simp [Finset.mem_Ico]; omega]

Note: This linter can be disabled with `set_option linter.unusedSimpArgs false`
warning: Theories/Bimodal/Metalogic/WeakCanonical/IntegerModel/ShiftAndGlue.lean:439:21: `push_neg` has been deprecated. Prefer using `push Not` instead.
If you'd rather continue using `push_neg` in your project, you can implement it as follows:
```
open Lean.Parser.Tactic in
macro "push_neg" cfg:optConfig loc:(location)? : tactic =>
  `(tactic| push $cfg:optConfig Not $[$loc]?)
```
warning: Theories/Bimodal/Metalogic/WeakCanonical/IntegerModel/ShiftAndGlue.lean:756:10: `push_neg` has been deprecated. Prefer using `push Not` instead.
If you'd rather continue using `push_neg` in your project, you can implement it as follows:
```
open Lean.Parser.Tactic in
macro "push_neg" cfg:optConfig loc:(location)? : tactic =>
  `(tactic| push $cfg:optConfig Not $[$loc]?)
```
warning: Theories/Bimodal/Metalogic/WeakCanonical/IntegerModel/ShiftAndGlue.lean:844:6: `push_neg` has been deprecated. Prefer using `push Not` instead.
If you'd rather continue using `push_neg` in your project, you can implement it as follows:
```
open Lean.Parser.Tactic in
macro "push_neg" cfg:optConfig loc:(location)? : tactic =>
  `(tactic| push $cfg:optConfig Not $[$loc]?)
```
⚠ [1826/1877] Replayed Bimodal.Metalogic.WeakCanonical.Expressiveness.Claim1
warning: Theories/Bimodal/Metalogic/WeakCanonical/Expressiveness/Claim1.lean:219:2: Try this: intro u hanu huy' hmu A hA hforall
warning: Theories/Bimodal/Metalogic/WeakCanonical/Expressiveness/Claim1.lean:247:5: Variable name `h_ne` is not explicitly referenced.

Hint: The binding can be removed (if unused) or named `_` (if used implicitly). Alternatively, prefix the name with `_` to silence this warning:
  [apply] _h_ne

Note: This linter can be disabled with `set_option linter.unusedVariables false`
warning: Theories/Bimodal/Metalogic/WeakCanonical/Expressiveness/Claim1.lean:284:5: Variable name `h_ne` is not explicitly referenced.

Hint: The binding can be removed (if unused) or named `_` (if used implicitly). Alternatively, prefix the name with `_` to silence this warning:
  [apply] _h_ne

Note: This linter can be disabled with `set_option linter.unusedVariables false`
warning: Theories/Bimodal/Metalogic/WeakCanonical/Expressiveness/Claim1.lean:320:2: `push_neg` has been deprecated. Prefer using `push Not` instead.
If you'd rather continue using `push_neg` in your project, you can implement it as follows:
```
open Lean.Parser.Tactic in
macro "push_neg" cfg:optConfig loc:(location)? : tactic =>
  `(tactic| push $cfg:optConfig Not $[$loc]?)
```
warning: Theories/Bimodal/Metalogic/WeakCanonical/Expressiveness/Claim1.lean:385:6: `push_neg` has been deprecated. Prefer using `push Not` instead.
If you'd rather continue using `push_neg` in your project, you can implement it as follows:
```
open Lean.Parser.Tactic in
macro "push_neg" cfg:optConfig loc:(location)? : tactic =>
  `(tactic| push $cfg:optConfig Not $[$loc]?)
```
warning: Theories/Bimodal/Metalogic/WeakCanonical/Expressiveness/Claim1.lean:311:5: Variable name `h_ne` is not explicitly referenced.

Hint: The binding can be removed (if unused) or named `_` (if used implicitly). Alternatively, prefix the name with `_` to silence this warning:
  [apply] _h_ne

Note: This linter can be disabled with `set_option linter.unusedVariables false`
warning: Theories/Bimodal/Metalogic/WeakCanonical/Expressiveness/Claim1.lean:459:2: `push_neg` has been deprecated. Prefer using `push Not` instead.
If you'd rather continue using `push_neg` in your project, you can implement it as follows:
```
open Lean.Parser.Tactic in
macro "push_neg" cfg:optConfig loc:(location)? : tactic =>
  `(tactic| push $cfg:optConfig Not $[$loc]?)
```
warning: Theories/Bimodal/Metalogic/WeakCanonical/Expressiveness/Claim1.lean:449:5: Variable name `hx'y'` is not explicitly referenced.

Hint: The binding can be removed (if unused) or named `_` (if used implicitly). Alternatively, prefix the name with `_` to silence this warning:
  [apply] _hx'y'

Note: This linter can be disabled with `set_option linter.unusedVariables false`
warning: Theories/Bimodal/Metalogic/WeakCanonical/Expressiveness/Claim1.lean:511:2: `push_neg` has been deprecated. Prefer using `push Not` instead.
If you'd rather continue using `push_neg` in your project, you can implement it as follows:
```
open Lean.Parser.Tactic in
macro "push_neg" cfg:optConfig loc:(location)? : tactic =>
  `(tactic| push $cfg:optConfig Not $[$loc]?)
```
warning: Theories/Bimodal/Metalogic/WeakCanonical/Expressiveness/Claim1.lean:493:5: Variable name `hx'y'` is not explicitly referenced.

Hint: The binding can be removed (if unused) or named `_` (if used implicitly). Alternatively, prefix the name with `_` to silence this warning:
  [apply] _hx'y'

Note: This linter can be disabled with `set_option linter.unusedVariables false`
warning: Theories/Bimodal/Metalogic/WeakCanonical/Expressiveness/Claim1.lean:683:2: `push_neg` has been deprecated. Prefer using `push Not` instead.
If you'd rather continue using `push_neg` in your project, you can implement it as follows:
```
open Lean.Parser.Tactic in
macro "push_neg" cfg:optConfig loc:(location)? : tactic =>
  `(tactic| push $cfg:optConfig Not $[$loc]?)
```
warning: Theories/Bimodal/Metalogic/WeakCanonical/Expressiveness/Claim1.lean:877:2: `push_neg` has been deprecated. Prefer using `push Not` instead.
If you'd rather continue using `push_neg` in your project, you can implement it as follows:
```
open Lean.Parser.Tactic in
macro "push_neg" cfg:optConfig loc:(location)? : tactic =>
  `(tactic| push $cfg:optConfig Not $[$loc]?)
```
warning: Theories/Bimodal/Metalogic/WeakCanonical/Expressiveness/Claim1.lean:1042:2: `push_neg` has been deprecated. Prefer using `push Not` instead.
If you'd rather continue using `push_neg` in your project, you can implement it as follows:
```
open Lean.Parser.Tactic in
macro "push_neg" cfg:optConfig loc:(location)? : tactic =>
  `(tactic| push $cfg:optConfig Not $[$loc]?)
```
warning: Theories/Bimodal/Metalogic/WeakCanonical/Expressiveness/Claim1.lean:1009:5: Variable name `hxy` is not explicitly referenced.

Hint: The binding can be removed (if unused) or named `_` (if used implicitly). Alternatively, prefix the name with `_` to silence this warning:
  [apply] _hxy

Note: This linter can be disabled with `set_option linter.unusedVariables false`
warning: Theories/Bimodal/Metalogic/WeakCanonical/Expressiveness/Claim1.lean:1225:2: `push_neg` has been deprecated. Prefer using `push Not` instead.
If you'd rather continue using `push_neg` in your project, you can implement it as follows:
```
open Lean.Parser.Tactic in
macro "push_neg" cfg:optConfig loc:(location)? : tactic =>
  `(tactic| push $cfg:optConfig Not $[$loc]?)
```
warning: Theories/Bimodal/Metalogic/WeakCanonical/Expressiveness/Claim1.lean:1242:4: `push_neg` has been deprecated. Prefer using `push Not` instead.
If you'd rather continue using `push_neg` in your project, you can implement it as follows:
```
open Lean.Parser.Tactic in
macro "push_neg" cfg:optConfig loc:(location)? : tactic =>
  `(tactic| push $cfg:optConfig Not $[$loc]?)
```
warning: Theories/Bimodal/Metalogic/WeakCanonical/Expressiveness/Claim1.lean:1356:6: `push_neg` has been deprecated. Prefer using `push Not` instead.
If you'd rather continue using `push_neg` in your project, you can implement it as follows:
```
open Lean.Parser.Tactic in
macro "push_neg" cfg:optConfig loc:(location)? : tactic =>
  `(tactic| push $cfg:optConfig Not $[$loc]?)
```
warning: Theories/Bimodal/Metalogic/WeakCanonical/Expressiveness/Claim1.lean:1272:5: Variable name `ha_n` is not explicitly referenced.

Hint: The binding can be removed (if unused) or named `_` (if used implicitly). Alternatively, prefix the name with `_` to silence this warning:
  [apply] _ha_n

Note: This linter can be disabled with `set_option linter.unusedVariables false`
warning: Theories/Bimodal/Metalogic/WeakCanonical/Expressiveness/Claim1.lean:1433:2: `push_neg` has been deprecated. Prefer using `push Not` instead.
If you'd rather continue using `push_neg` in your project, you can implement it as follows:
```
open Lean.Parser.Tactic in
macro "push_neg" cfg:optConfig loc:(location)? : tactic =>
  `(tactic| push $cfg:optConfig Not $[$loc]?)
```
warning: Theories/Bimodal/Metalogic/WeakCanonical/Expressiveness/Claim1.lean:1423:5: Variable name `hxy` is not explicitly referenced.

Hint: The binding can be removed (if unused) or named `_` (if used implicitly). Alternatively, prefix the name with `_` to silence this warning:
  [apply] _hxy

Note: This linter can be disabled with `set_option linter.unusedVariables false`
warning: Theories/Bimodal/Metalogic/WeakCanonical/Expressiveness/Claim1.lean:1470:2: `push_neg` has been deprecated. Prefer using `push Not` instead.
If you'd rather continue using `push_neg` in your project, you can implement it as follows:
```
open Lean.Parser.Tactic in
macro "push_neg" cfg:optConfig loc:(location)? : tactic =>
  `(tactic| push $cfg:optConfig Not $[$loc]?)
```
warning: Theories/Bimodal/Metalogic/WeakCanonical/Expressiveness/Claim1.lean:1456:5: Variable name `hxy` is not explicitly referenced.

Hint: The binding can be removed (if unused) or named `_` (if used implicitly). Alternatively, prefix the name with `_` to silence this warning:
  [apply] _hxy

Note: This linter can be disabled with `set_option linter.unusedVariables false`
warning: Theories/Bimodal/Metalogic/WeakCanonical/Expressiveness/Claim1.lean:1513:2: `push_neg` has been deprecated. Prefer using `push Not` instead.
If you'd rather continue using `push_neg` in your project, you can implement it as follows:
```
open Lean.Parser.Tactic in
macro "push_neg" cfg:optConfig loc:(location)? : tactic =>
  `(tactic| push $cfg:optConfig Not $[$loc]?)
```
warning: Theories/Bimodal/Metalogic/WeakCanonical/Expressiveness/Claim1.lean:1522:4: `push_neg` has been deprecated. Prefer using `push Not` instead.
If you'd rather continue using `push_neg` in your project, you can implement it as follows:
```
open Lean.Parser.Tactic in
macro "push_neg" cfg:optConfig loc:(location)? : tactic =>
  `(tactic| push $cfg:optConfig Not $[$loc]?)
```
warning: Theories/Bimodal/Metalogic/WeakCanonical/Expressiveness/Claim1.lean:1599:6: `push_neg` has been deprecated. Prefer using `push Not` instead.
If you'd rather continue using `push_neg` in your project, you can implement it as follows:
```
open Lean.Parser.Tactic in
macro "push_neg" cfg:optConfig loc:(location)? : tactic =>
  `(tactic| push $cfg:optConfig Not $[$loc]?)
```
⚠ [1827/1877] Replayed Bimodal.Metalogic.WeakCanonical.Expressiveness.DConsistencyTransport
warning: Theories/Bimodal/Metalogic/WeakCanonical/Expressiveness/DConsistencyTransport.lean:64:5: Variable name `hxy` is not explicitly referenced.

Hint: The binding can be removed (if unused) or named `_` (if used implicitly). Alternatively, prefix the name with `_` to silence this warning:
  [apply] _hxy

Note: This linter can be disabled with `set_option linter.unusedVariables false`
warning: Theories/Bimodal/Metalogic/WeakCanonical/Expressiveness/DConsistencyTransport.lean:64:19: Variable name `hx'y'` is not explicitly referenced.

Hint: The binding can be removed (if unused) or named `_` (if used implicitly). Alternatively, prefix the name with `_` to silence this warning:
  [apply] _hx'y'

Note: This linter can be disabled with `set_option linter.unusedVariables false`
warning: Theories/Bimodal/Metalogic/WeakCanonical/Expressiveness/DConsistencyTransport.lean:65:5: Variable name `hc_interval` is not explicitly referenced.

Hint: The binding can be removed (if unused) or named `_` (if used implicitly). Alternatively, prefix the name with `_` to silence this warning:
  [apply] _hc_interval

Note: This linter can be disabled with `set_option linter.unusedVariables false`
warning: Theories/Bimodal/Metalogic/WeakCanonical/Expressiveness/DConsistencyTransport.lean:66:5: Variable name `hd_interval` is not explicitly referenced.

Hint: The binding can be removed (if unused) or named `_` (if used implicitly). Alternatively, prefix the name with `_` to silence this warning:
  [apply] _hd_interval

Note: This linter can be disabled with `set_option linter.unusedVariables false`
warning: Theories/Bimodal/Metalogic/WeakCanonical/Expressiveness/DConsistencyTransport.lean:67:5: Variable name `hcd_form` is not explicitly referenced.

Hint: The binding can be removed (if unused) or named `_` (if used implicitly). Alternatively, prefix the name with `_` to silence this warning:
  [apply] _hcd_form

Note: This linter can be disabled with `set_option linter.unusedVariables false`
warning: Theories/Bimodal/Metalogic/WeakCanonical/Expressiveness/DConsistencyTransport.lean:70:5: Variable name `hcd_gp` is not explicitly referenced.

Hint: The binding can be removed (if unused) or named `_` (if used implicitly). Alternatively, prefix the name with `_` to silence this warning:
  [apply] _hcd_gp

Note: This linter can be disabled with `set_option linter.unusedVariables false`
warning: Theories/Bimodal/Metalogic/WeakCanonical/Expressiveness/DConsistencyTransport.lean:73:5: Variable name `h_fwd_r1` is not explicitly referenced.

Hint: The binding can be removed (if unused) or named `_` (if used implicitly). Alternatively, prefix the name with `_` to silence this warning:
  [apply] _h_fwd_r1

Note: This linter can be disabled with `set_option linter.unusedVariables false`
warning: Theories/Bimodal/Metalogic/WeakCanonical/Expressiveness/DConsistencyTransport.lean:112:27: This simp argument is unused:
  show (0 : Nat) = 0 from rfl

Hint: Omit it from the simp argument list.
  [apply] simp only [game_tuple, dite_true, show (n + 1 : Nat) ≠ 0 from by omega,
    show (n + 1 : Nat) ≠ (n + 1) + 1 from by omega, show (n + 1 : Nat) ≠ (n + 1) + 2 from by omega, dite_false,
    show n + 1 - 1 = n from by omega] at heq_0_n1

Note: This linter can be disabled with `set_option linter.unusedSimpArgs false`
warning: Theories/Bimodal/Metalogic/WeakCanonical/Expressiveness/DConsistencyTransport.lean:136:17: This simp argument is unused:
  show (n + 1 + 2 : Nat) = (n + 1) + 2 from by omega

Hint: Omit it from the simp argument list.
  [apply] simp only [game_tuple, show (n + 1 : Nat) ≠ 0 from by omega, show (n + 1 : Nat) ≠ (n + 1) + 1 from by omega,
    show (n + 1 : Nat) ≠ (n + 1) + 2 from by omega, dite_false, show n + 1 - 1 = n from by omega,
    show ((n + 1) + 2 : Nat) ≠ 0 from by omega, show ¬((n + 1 + 2 : Nat) = (n + 1) + 1) from by omega,
    dite_true] at heq_n1_n3

Note: This linter can be disabled with `set_option linter.unusedSimpArgs false`
warning: Theories/Bimodal/Metalogic/WeakCanonical/Expressiveness/DConsistencyTransport.lean:160:5: Variable name `hxy` is not explicitly referenced.

Hint: The binding can be removed (if unused) or named `_` (if used implicitly). Alternatively, prefix the name with `_` to silence this warning:
  [apply] _hxy

Note: This linter can be disabled with `set_option linter.unusedVariables false`
warning: Theories/Bimodal/Metalogic/WeakCanonical/Expressiveness/DConsistencyTransport.lean:160:19: Variable name `hx'y'` is not explicitly referenced.

Hint: The binding can be removed (if unused) or named `_` (if used implicitly). Alternatively, prefix the name with `_` to silence this warning:
  [apply] _hx'y'

Note: This linter can be disabled with `set_option linter.unusedVariables false`
warning: Theories/Bimodal/Metalogic/WeakCanonical/Expressiveness/DConsistencyTransport.lean:161:5: Variable name `hc_interval` is not explicitly referenced.

Hint: The binding can be removed (if unused) or named `_` (if used implicitly). Alternatively, prefix the name with `_` to silence this warning:
  [apply] _hc_interval

Note: This linter can be disabled with `set_option linter.unusedVariables false`
warning: Theories/Bimodal/Metalogic/WeakCanonical/Expressiveness/DConsistencyTransport.lean:162:5: Variable name `hd_interval` is not explicitly referenced.

Hint: The binding can be removed (if unused) or named `_` (if used implicitly). Alternatively, prefix the name with `_` to silence this warning:
  [apply] _hd_interval

Note: This linter can be disabled with `set_option linter.unusedVariables false`
warning: Theories/Bimodal/Metalogic/WeakCanonical/Expressiveness/DConsistencyTransport.lean:163:5: Variable name `hcd_form` is not explicitly referenced.

Hint: The binding can be removed (if unused) or named `_` (if used implicitly). Alternatively, prefix the name with `_` to silence this warning:
  [apply] _hcd_form

Note: This linter can be disabled with `set_option linter.unusedVariables false`
warning: Theories/Bimodal/Metalogic/WeakCanonical/Expressiveness/DConsistencyTransport.lean:166:5: Variable name `hcd_gp` is not explicitly referenced.

Hint: The binding can be removed (if unused) or named `_` (if used implicitly). Alternatively, prefix the name with `_` to silence this warning:
  [apply] _hcd_gp

Note: This linter can be disabled with `set_option linter.unusedVariables false`
warning: Theories/Bimodal/Metalogic/WeakCanonical/Expressiveness/DConsistencyTransport.lean:169:5: Variable name `h_fwd_r1` is not explicitly referenced.

Hint: The binding can be removed (if unused) or named `_` (if used implicitly). Alternatively, prefix the name with `_` to silence this warning:
  [apply] _h_fwd_r1

Note: This linter can be disabled with `set_option linter.unusedVariables false`
warning: Theories/Bimodal/Metalogic/WeakCanonical/Expressiveness/DConsistencyTransport.lean:206:27: This simp argument is unused:
  show (0 : Nat) = 0 from rfl

Hint: Omit it from the simp argument list.
  [apply] simp only [game_tuple, dite_true, show (1 : Nat) ≠ 0 from by omega,
    show (1 : Nat) ≠ (n + 1) + 1 from by omega, show (1 : Nat) ≠ (n + 1) + 2 from by omega, dite_false,
    show 1 - 1 = 0 from by omega] at heq_0_1

Note: This linter can be disabled with `set_option linter.unusedSimpArgs false`
warning: Theories/Bimodal/Metalogic/WeakCanonical/Expressiveness/DConsistencyTransport.lean:230:19: This simp argument is unused:
  show (n + 1 + 2 : Nat) = (n + 1) + 2 from by omega

Hint: Omit it from the simp argument list.
  [apply] simp only [game_tuple, show (1 : Nat) ≠ 0 from by omega, show (1 : Nat) ≠ (n + 1) + 1 from by omega,
    show (1 : Nat) ≠ (n + 1) + 2 from by omega, dite_false, show 1 - 1 = 0 from by omega,
    show ((n + 1) + 2 : Nat) ≠ 0 from by omega, show ¬((n + 1 + 2 : Nat) = (n + 1) + 1) from by omega, dite_true] at h

Note: This linter can be disabled with `set_option linter.unusedSimpArgs false`
warning: Theories/Bimodal/Metalogic/WeakCanonical/Expressiveness/DConsistencyTransport.lean:512:4: `push_neg` has been deprecated. Prefer using `push Not` instead.
If you'd rather continue using `push_neg` in your project, you can implement it as follows:
```
open Lean.Parser.Tactic in
macro "push_neg" cfg:optConfig loc:(location)? : tactic =>
  `(tactic| push $cfg:optConfig Not $[$loc]?)
```
warning: Theories/Bimodal/Metalogic/WeakCanonical/Expressiveness/DConsistencyTransport.lean:266:5: Variable name `hxy` is not explicitly referenced.

Hint: The binding can be removed (if unused) or named `_` (if used implicitly). Alternatively, prefix the name with `_` to silence this warning:
  [apply] _hxy

Note: This linter can be disabled with `set_option linter.unusedVariables false`
warning: Theories/Bimodal/Metalogic/WeakCanonical/Expressiveness/DConsistencyTransport.lean:333:57: This simp argument is unused:
  extendPoint

Hint: Omit it from the simp argument list.
  [apply] simp [rank_embed, Sum.map, IsPoint]

Note: This linter can be disabled with `set_option linter.unusedSimpArgs false`
warning: Theories/Bimodal/Metalogic/WeakCanonical/Expressiveness/DConsistencyTransport.lean:336:72: This simp argument is unused:
  extendPoint

Hint: Omit it from the simp argument list.
  [apply] simp [rank_embed, Sum.map] at hg'

Note: This linter can be disabled with `set_option linter.unusedSimpArgs false`
warning: Theories/Bimodal/Metalogic/WeakCanonical/Expressiveness/DConsistencyTransport.lean:397:53: This simp argument is unused:
  Subtype.ext_iff

Hint: Omit it from the simp argument list.
  [apply] simp [rank_embed, Sum.map, rank_embed_gap]

Note: This linter can be disabled with `set_option linter.unusedSimpArgs false`
warning: Theories/Bimodal/Metalogic/WeakCanonical/Expressiveness/DConsistencyTransport.lean:460:55: This simp argument is unused:
  Subtype.ext_iff

Hint: Omit it from the simp argument list.
  [apply] simp [rank_embed, Sum.map, rank_embed_gap]

Note: This linter can be disabled with `set_option linter.unusedSimpArgs false`
warning: Theories/Bimodal/Metalogic/WeakCanonical/Expressiveness/DConsistencyTransport.lean:525:5: Variable name `hxy` is not explicitly referenced.

Hint: The binding can be removed (if unused) or named `_` (if used implicitly). Alternatively, prefix the name with `_` to silence this warning:
  [apply] _hxy

Note: This linter can be disabled with `set_option linter.unusedVariables false`
warning: Theories/Bimodal/Metalogic/WeakCanonical/Expressiveness/DConsistencyTransport.lean:525:19: Variable name `hx'y'` is not explicitly referenced.

Hint: The binding can be removed (if unused) or named `_` (if used implicitly). Alternatively, prefix the name with `_` to silence this warning:
  [apply] _hx'y'

Note: This linter can be disabled with `set_option linter.unusedVariables false`
warning: Theories/Bimodal/Metalogic/WeakCanonical/Expressiveness/DConsistencyTransport.lean:527:5: Variable name `ha` is not explicitly referenced.

Hint: The binding can be removed (if unused) or named `_` (if used implicitly). Alternatively, prefix the name with `_` to silence this warning:
  [apply] _ha

Note: This linter can be disabled with `set_option linter.unusedVariables false`
warning: Theories/Bimodal/Metalogic/WeakCanonical/Expressiveness/DConsistencyTransport.lean:586:55: This simp argument is unused:
  extendPoint

Hint: Omit it from the simp argument list.
  [apply] simp [rank_embed, Sum.map, IsPoint]

Note: This linter can be disabled with `set_option linter.unusedSimpArgs false`
warning: Theories/Bimodal/Metalogic/WeakCanonical/Expressiveness/DConsistencyTransport.lean:589:70: This simp argument is unused:
  extendPoint

Hint: Omit it from the simp argument list.
  [apply] simp [rank_embed, Sum.map] at hg'

Note: This linter can be disabled with `set_option linter.unusedSimpArgs false`
warning: Theories/Bimodal/Metalogic/WeakCanonical/Expressiveness/DConsistencyTransport.lean:630:51: This simp argument is unused:
  Subtype.ext_iff

Hint: Omit it from the simp argument list.
  [apply] simp [rank_embed, Sum.map, rank_embed_gap]

Note: This linter can be disabled with `set_option linter.unusedSimpArgs false`
warning: Theories/Bimodal/Metalogic/WeakCanonical/Expressiveness/DConsistencyTransport.lean:657:53: This simp argument is unused:
  Subtype.ext_iff

Hint: Omit it from the simp argument list.
  [apply] simp [rank_embed, Sum.map, rank_embed_gap]

Note: This linter can be disabled with `set_option linter.unusedSimpArgs false`
⚠ [1828/1877] Replayed Bimodal.Metalogic.WeakCanonical.Expressiveness.SplitPoint
warning: Theories/Bimodal/Metalogic/WeakCanonical/Expressiveness/SplitPoint.lean:212:6: `push_neg` has been deprecated. Prefer using `push Not` instead.
If you'd rather continue using `push_neg` in your project, you can implement it as follows:
```
open Lean.Parser.Tactic in
macro "push_neg" cfg:optConfig loc:(location)? : tactic =>
  `(tactic| push $cfg:optConfig Not $[$loc]?)
```
warning: Theories/Bimodal/Metalogic/WeakCanonical/Expressiveness/SplitPoint.lean:266:12: `push_neg` has been deprecated. Prefer using `push Not` instead.
If you'd rather continue using `push_neg` in your project, you can implement it as follows:
```
open Lean.Parser.Tactic in
macro "push_neg" cfg:optConfig loc:(location)? : tactic =>
  `(tactic| push $cfg:optConfig Not $[$loc]?)
```
warning: Theories/Bimodal/Metalogic/WeakCanonical/Expressiveness/SplitPoint.lean:407:12: `push_neg` has been deprecated. Prefer using `push Not` instead.
If you'd rather continue using `push_neg` in your project, you can implement it as follows:
```
open Lean.Parser.Tactic in
macro "push_neg" cfg:optConfig loc:(location)? : tactic =>
  `(tactic| push $cfg:optConfig Not $[$loc]?)
```
warning: Theories/Bimodal/Metalogic/WeakCanonical/Expressiveness/SplitPoint.lean:420:16: `push_neg` has been deprecated. Prefer using `push Not` instead.
If you'd rather continue using `push_neg` in your project, you can implement it as follows:
```
open Lean.Parser.Tactic in
macro "push_neg" cfg:optConfig loc:(location)? : tactic =>
  `(tactic| push $cfg:optConfig Not $[$loc]?)
```
warning: Theories/Bimodal/Metalogic/WeakCanonical/Expressiveness/SplitPoint.lean:473:10: `push_neg` has been deprecated. Prefer using `push Not` instead.
If you'd rather continue using `push_neg` in your project, you can implement it as follows:
```
open Lean.Parser.Tactic in
macro "push_neg" cfg:optConfig loc:(location)? : tactic =>
  `(tactic| push $cfg:optConfig Not $[$loc]?)
```
warning: Theories/Bimodal/Metalogic/WeakCanonical/Expressiveness/SplitPoint.lean:527:6: `push_neg` has been deprecated. Prefer using `push Not` instead.
If you'd rather continue using `push_neg` in your project, you can implement it as follows:
```
open Lean.Parser.Tactic in
macro "push_neg" cfg:optConfig loc:(location)? : tactic =>
  `(tactic| push $cfg:optConfig Not $[$loc]?)
```
warning: Theories/Bimodal/Metalogic/WeakCanonical/Expressiveness/SplitPoint.lean:555:12: `push_neg` has been deprecated. Prefer using `push Not` instead.
If you'd rather continue using `push_neg` in your project, you can implement it as follows:
```
open Lean.Parser.Tactic in
macro "push_neg" cfg:optConfig loc:(location)? : tactic =>
  `(tactic| push $cfg:optConfig Not $[$loc]?)
```
warning: Theories/Bimodal/Metalogic/WeakCanonical/Expressiveness/SplitPoint.lean:661:12: `push_neg` has been deprecated. Prefer using `push Not` instead.
If you'd rather continue using `push_neg` in your project, you can implement it as follows:
```
open Lean.Parser.Tactic in
macro "push_neg" cfg:optConfig loc:(location)? : tactic =>
  `(tactic| push $cfg:optConfig Not $[$loc]?)
```
warning: Theories/Bimodal/Metalogic/WeakCanonical/Expressiveness/SplitPoint.lean:674:16: `push_neg` has been deprecated. Prefer using `push Not` instead.
If you'd rather continue using `push_neg` in your project, you can implement it as follows:
```
open Lean.Parser.Tactic in
macro "push_neg" cfg:optConfig loc:(location)? : tactic =>
  `(tactic| push $cfg:optConfig Not $[$loc]?)
```
warning: Theories/Bimodal/Metalogic/WeakCanonical/Expressiveness/SplitPoint.lean:715:10: `push_neg` has been deprecated. Prefer using `push Not` instead.
If you'd rather continue using `push_neg` in your project, you can implement it as follows:
```
open Lean.Parser.Tactic in
macro "push_neg" cfg:optConfig loc:(location)? : tactic =>
  `(tactic| push $cfg:optConfig Not $[$loc]?)
```
warning: Theories/Bimodal/Metalogic/WeakCanonical/Expressiveness/SplitPoint.lean:756:4: `push_neg` has been deprecated. Prefer using `push Not` instead.
If you'd rather continue using `push_neg` in your project, you can implement it as follows:
```
open Lean.Parser.Tactic in
macro "push_neg" cfg:optConfig loc:(location)? : tactic =>
  `(tactic| push $cfg:optConfig Not $[$loc]?)
```
warning: Theories/Bimodal/Metalogic/WeakCanonical/Expressiveness/SplitPoint.lean:774:4: `push_neg` has been deprecated. Prefer using `push Not` instead.
If you'd rather continue using `push_neg` in your project, you can implement it as follows:
```
open Lean.Parser.Tactic in
macro "push_neg" cfg:optConfig loc:(location)? : tactic =>
  `(tactic| push $cfg:optConfig Not $[$loc]?)
```
warning: Theories/Bimodal/Metalogic/WeakCanonical/Expressiveness/SplitPoint.lean:864:6: `push_neg` has been deprecated. Prefer using `push Not` instead.
If you'd rather continue using `push_neg` in your project, you can implement it as follows:
```
open Lean.Parser.Tactic in
macro "push_neg" cfg:optConfig loc:(location)? : tactic =>
  `(tactic| push $cfg:optConfig Not $[$loc]?)
```
warning: Theories/Bimodal/Metalogic/WeakCanonical/Expressiveness/SplitPoint.lean:886:6: `push_neg` has been deprecated. Prefer using `push Not` instead.
If you'd rather continue using `push_neg` in your project, you can implement it as follows:
```
open Lean.Parser.Tactic in
macro "push_neg" cfg:optConfig loc:(location)? : tactic =>
  `(tactic| push $cfg:optConfig Not $[$loc]?)
```
warning: Theories/Bimodal/Metalogic/WeakCanonical/Expressiveness/SplitPoint.lean:1128:4: `push_neg` has been deprecated. Prefer using `push Not` instead.
If you'd rather continue using `push_neg` in your project, you can implement it as follows:
```
open Lean.Parser.Tactic in
macro "push_neg" cfg:optConfig loc:(location)? : tactic =>
  `(tactic| push $cfg:optConfig Not $[$loc]?)
```
warning: Theories/Bimodal/Metalogic/WeakCanonical/Expressiveness/SplitPoint.lean:1144:4: `push_neg` has been deprecated. Prefer using `push Not` instead.
If you'd rather continue using `push_neg` in your project, you can implement it as follows:
```
open Lean.Parser.Tactic in
macro "push_neg" cfg:optConfig loc:(location)? : tactic =>
  `(tactic| push $cfg:optConfig Not $[$loc]?)
```
warning: Theories/Bimodal/Metalogic/WeakCanonical/Expressiveness/SplitPoint.lean:1272:4: `push_neg` has been deprecated. Prefer using `push Not` instead.
If you'd rather continue using `push_neg` in your project, you can implement it as follows:
```
open Lean.Parser.Tactic in
macro "push_neg" cfg:optConfig loc:(location)? : tactic =>
  `(tactic| push $cfg:optConfig Not $[$loc]?)
```
warning: Theories/Bimodal/Metalogic/WeakCanonical/Expressiveness/SplitPoint.lean:1389:10: `push_neg` has been deprecated. Prefer using `push Not` instead.
If you'd rather continue using `push_neg` in your project, you can implement it as follows:
```
open Lean.Parser.Tactic in
macro "push_neg" cfg:optConfig loc:(location)? : tactic =>
  `(tactic| push $cfg:optConfig Not $[$loc]?)
```
warning: Theories/Bimodal/Metalogic/WeakCanonical/Expressiveness/SplitPoint.lean:1433:10: `push_neg` has been deprecated. Prefer using `push Not` instead.
If you'd rather continue using `push_neg` in your project, you can implement it as follows:
```
open Lean.Parser.Tactic in
macro "push_neg" cfg:optConfig loc:(location)? : tactic =>
  `(tactic| push $cfg:optConfig Not $[$loc]?)
```
warning: Theories/Bimodal/Metalogic/WeakCanonical/Expressiveness/SplitPoint.lean:1579:12: `push_neg` has been deprecated. Prefer using `push Not` instead.
If you'd rather continue using `push_neg` in your project, you can implement it as follows:
```
open Lean.Parser.Tactic in
macro "push_neg" cfg:optConfig loc:(location)? : tactic =>
  `(tactic| push $cfg:optConfig Not $[$loc]?)
```
warning: Theories/Bimodal/Metalogic/WeakCanonical/Expressiveness/SplitPoint.lean:1661:14: `push_neg` has been deprecated. Prefer using `push Not` instead.
If you'd rather continue using `push_neg` in your project, you can implement it as follows:
```
open Lean.Parser.Tactic in
macro "push_neg" cfg:optConfig loc:(location)? : tactic =>
  `(tactic| push $cfg:optConfig Not $[$loc]?)
```
warning: Theories/Bimodal/Metalogic/WeakCanonical/Expressiveness/SplitPoint.lean:1753:8: `push_neg` has been deprecated. Prefer using `push Not` instead.
If you'd rather continue using `push_neg` in your project, you can implement it as follows:
```
open Lean.Parser.Tactic in
macro "push_neg" cfg:optConfig loc:(location)? : tactic =>
  `(tactic| push $cfg:optConfig Not $[$loc]?)
```
warning: Theories/Bimodal/Metalogic/WeakCanonical/Expressiveness/SplitPoint.lean:1812:16: `push_neg` has been deprecated. Prefer using `push Not` instead.
If you'd rather continue using `push_neg` in your project, you can implement it as follows:
```
open Lean.Parser.Tactic in
macro "push_neg" cfg:optConfig loc:(location)? : tactic =>
  `(tactic| push $cfg:optConfig Not $[$loc]?)
```
warning: Theories/Bimodal/Metalogic/WeakCanonical/Expressiveness/SplitPoint.lean:1869:16: `push_neg` has been deprecated. Prefer using `push Not` instead.
If you'd rather continue using `push_neg` in your project, you can implement it as follows:
```
open Lean.Parser.Tactic in
macro "push_neg" cfg:optConfig loc:(location)? : tactic =>
  `(tactic| push $cfg:optConfig Not $[$loc]?)
```
warning: Theories/Bimodal/Metalogic/WeakCanonical/Expressiveness/SplitPoint.lean:1893:16: `push_neg` has been deprecated. Prefer using `push Not` instead.
If you'd rather continue using `push_neg` in your project, you can implement it as follows:
```
open Lean.Parser.Tactic in
macro "push_neg" cfg:optConfig loc:(location)? : tactic =>
  `(tactic| push $cfg:optConfig Not $[$loc]?)
```
warning: Theories/Bimodal/Metalogic/WeakCanonical/Expressiveness/SplitPoint.lean:1974:16: `push_neg` has been deprecated. Prefer using `push Not` instead.
If you'd rather continue using `push_neg` in your project, you can implement it as follows:
```
open Lean.Parser.Tactic in
macro "push_neg" cfg:optConfig loc:(location)? : tactic =>
  `(tactic| push $cfg:optConfig Not $[$loc]?)
```
warning: Theories/Bimodal/Metalogic/WeakCanonical/Expressiveness/SplitPoint.lean:2101:12: `push_neg` has been deprecated. Prefer using `push Not` instead.
If you'd rather continue using `push_neg` in your project, you can implement it as follows:
```
open Lean.Parser.Tactic in
macro "push_neg" cfg:optConfig loc:(location)? : tactic =>
  `(tactic| push $cfg:optConfig Not $[$loc]?)
```
warning: Theories/Bimodal/Metalogic/WeakCanonical/Expressiveness/SplitPoint.lean:2125:12: `push_neg` has been deprecated. Prefer using `push Not` instead.
If you'd rather continue using `push_neg` in your project, you can implement it as follows:
```
open Lean.Parser.Tactic in
macro "push_neg" cfg:optConfig loc:(location)? : tactic =>
  `(tactic| push $cfg:optConfig Not $[$loc]?)
```
warning: Theories/Bimodal/Metalogic/WeakCanonical/Expressiveness/SplitPoint.lean:2204:14: `push_neg` has been deprecated. Prefer using `push Not` instead.
If you'd rather continue using `push_neg` in your project, you can implement it as follows:
```
open Lean.Parser.Tactic in
macro "push_neg" cfg:optConfig loc:(location)? : tactic =>
  `(tactic| push $cfg:optConfig Not $[$loc]?)
```
warning: Theories/Bimodal/Metalogic/WeakCanonical/Expressiveness/SplitPoint.lean:2255:4: `push_neg` has been deprecated. Prefer using `push Not` instead.
If you'd rather continue using `push_neg` in your project, you can implement it as follows:
```
open Lean.Parser.Tactic in
macro "push_neg" cfg:optConfig loc:(location)? : tactic =>
  `(tactic| push $cfg:optConfig Not $[$loc]?)
```
warning: Theories/Bimodal/Metalogic/WeakCanonical/Expressiveness/SplitPoint.lean:2425:12: `push_neg` has been deprecated. Prefer using `push Not` instead.
If you'd rather continue using `push_neg` in your project, you can implement it as follows:
```
open Lean.Parser.Tactic in
macro "push_neg" cfg:optConfig loc:(location)? : tactic =>
  `(tactic| push $cfg:optConfig Not $[$loc]?)
```
warning: Theories/Bimodal/Metalogic/WeakCanonical/Expressiveness/SplitPoint.lean:2434:14: `push_neg` has been deprecated. Prefer using `push Not` instead.
If you'd rather continue using `push_neg` in your project, you can implement it as follows:
```
open Lean.Parser.Tactic in
macro "push_neg" cfg:optConfig loc:(location)? : tactic =>
  `(tactic| push $cfg:optConfig Not $[$loc]?)
```
warning: Theories/Bimodal/Metalogic/WeakCanonical/Expressiveness/SplitPoint.lean:2491:14: `push_neg` has been deprecated. Prefer using `push Not` instead.
If you'd rather continue using `push_neg` in your project, you can implement it as follows:
```
open Lean.Parser.Tactic in
macro "push_neg" cfg:optConfig loc:(location)? : tactic =>
  `(tactic| push $cfg:optConfig Not $[$loc]?)
```
warning: Theories/Bimodal/Metalogic/WeakCanonical/Expressiveness/SplitPoint.lean:2881:6: `push_neg` has been deprecated. Prefer using `push Not` instead.
If you'd rather continue using `push_neg` in your project, you can implement it as follows:
```
open Lean.Parser.Tactic in
macro "push_neg" cfg:optConfig loc:(location)? : tactic =>
  `(tactic| push $cfg:optConfig Not $[$loc]?)
```
warning: Theories/Bimodal/Metalogic/WeakCanonical/Expressiveness/SplitPoint.lean:2949:12: `push_neg` has been deprecated. Prefer using `push Not` instead.
If you'd rather continue using `push_neg` in your project, you can implement it as follows:
```
open Lean.Parser.Tactic in
macro "push_neg" cfg:optConfig loc:(location)? : tactic =>
  `(tactic| push $cfg:optConfig Not $[$loc]?)
```
warning: Theories/Bimodal/Metalogic/WeakCanonical/Expressiveness/SplitPoint.lean:2973:12: `push_neg` has been deprecated. Prefer using `push Not` instead.
If you'd rather continue using `push_neg` in your project, you can implement it as follows:
```
open Lean.Parser.Tactic in
macro "push_neg" cfg:optConfig loc:(location)? : tactic =>
  `(tactic| push $cfg:optConfig Not $[$loc]?)
```
warning: Theories/Bimodal/Metalogic/WeakCanonical/Expressiveness/SplitPoint.lean:3051:14: `push_neg` has been deprecated. Prefer using `push Not` instead.
If you'd rather continue using `push_neg` in your project, you can implement it as follows:
```
open Lean.Parser.Tactic in
macro "push_neg" cfg:optConfig loc:(location)? : tactic =>
  `(tactic| push $cfg:optConfig Not $[$loc]?)
```
warning: Theories/Bimodal/Metalogic/WeakCanonical/Expressiveness/SplitPoint.lean:3105:16: `push_neg` has been deprecated. Prefer using `push Not` instead.
If you'd rather continue using `push_neg` in your project, you can implement it as follows:
```
open Lean.Parser.Tactic in
macro "push_neg" cfg:optConfig loc:(location)? : tactic =>
  `(tactic| push $cfg:optConfig Not $[$loc]?)
```
warning: Theories/Bimodal/Metalogic/WeakCanonical/Expressiveness/SplitPoint.lean:3162:10: `push_neg` has been deprecated. Prefer using `push Not` instead.
If you'd rather continue using `push_neg` in your project, you can implement it as follows:
```
open Lean.Parser.Tactic in
macro "push_neg" cfg:optConfig loc:(location)? : tactic =>
  `(tactic| push $cfg:optConfig Not $[$loc]?)
```
warning: Theories/Bimodal/Metalogic/WeakCanonical/Expressiveness/SplitPoint.lean:3197:16: `push_neg` has been deprecated. Prefer using `push Not` instead.
If you'd rather continue using `push_neg` in your project, you can implement it as follows:
```
open Lean.Parser.Tactic in
macro "push_neg" cfg:optConfig loc:(location)? : tactic =>
  `(tactic| push $cfg:optConfig Not $[$loc]?)
```
warning: Theories/Bimodal/Metalogic/WeakCanonical/Expressiveness/SplitPoint.lean:3239:16: `push_neg` has been deprecated. Prefer using `push Not` instead.
If you'd rather continue using `push_neg` in your project, you can implement it as follows:
```
open Lean.Parser.Tactic in
macro "push_neg" cfg:optConfig loc:(location)? : tactic =>
  `(tactic| push $cfg:optConfig Not $[$loc]?)
```
warning: Theories/Bimodal/Metalogic/WeakCanonical/Expressiveness/SplitPoint.lean:3258:53: `push_neg` has been deprecated. Prefer using `push Not` instead.
If you'd rather continue using `push_neg` in your project, you can implement it as follows:
```
open Lean.Parser.Tactic in
macro "push_neg" cfg:optConfig loc:(location)? : tactic =>
  `(tactic| push $cfg:optConfig Not $[$loc]?)
```
warning: Theories/Bimodal/Metalogic/WeakCanonical/Expressiveness/SplitPoint.lean:3321:16: `push_neg` has been deprecated. Prefer using `push Not` instead.
If you'd rather continue using `push_neg` in your project, you can implement it as follows:
```
open Lean.Parser.Tactic in
macro "push_neg" cfg:optConfig loc:(location)? : tactic =>
  `(tactic| push $cfg:optConfig Not $[$loc]?)
```
warning: Theories/Bimodal/Metalogic/WeakCanonical/Expressiveness/SplitPoint.lean:3442:14: `push_neg` has been deprecated. Prefer using `push Not` instead.
If you'd rather continue using `push_neg` in your project, you can implement it as follows:
```
open Lean.Parser.Tactic in
macro "push_neg" cfg:optConfig loc:(location)? : tactic =>
  `(tactic| push $cfg:optConfig Not $[$loc]?)
```
warning: Theories/Bimodal/Metalogic/WeakCanonical/Expressiveness/SplitPoint.lean:3461:51: `push_neg` has been deprecated. Prefer using `push Not` instead.
If you'd rather continue using `push_neg` in your project, you can implement it as follows:
```
open Lean.Parser.Tactic in
macro "push_neg" cfg:optConfig loc:(location)? : tactic =>
  `(tactic| push $cfg:optConfig Not $[$loc]?)
```
warning: Theories/Bimodal/Metalogic/WeakCanonical/Expressiveness/SplitPoint.lean:3518:32: `push_neg` has been deprecated. Prefer using `push Not` instead.
If you'd rather continue using `push_neg` in your project, you can implement it as follows:
```
open Lean.Parser.Tactic in
macro "push_neg" cfg:optConfig loc:(location)? : tactic =>
  `(tactic| push $cfg:optConfig Not $[$loc]?)
```
warning: Theories/Bimodal/Metalogic/WeakCanonical/Expressiveness/SplitPoint.lean:3568:6: `push_neg` has been deprecated. Prefer using `push Not` instead.
If you'd rather continue using `push_neg` in your project, you can implement it as follows:
```
open Lean.Parser.Tactic in
macro "push_neg" cfg:optConfig loc:(location)? : tactic =>
  `(tactic| push $cfg:optConfig Not $[$loc]?)
```
warning: Theories/Bimodal/Metalogic/WeakCanonical/Expressiveness/SplitPoint.lean:3629:12: `push_neg` has been deprecated. Prefer using `push Not` instead.
If you'd rather continue using `push_neg` in your project, you can implement it as follows:
```
open Lean.Parser.Tactic in
macro "push_neg" cfg:optConfig loc:(location)? : tactic =>
  `(tactic| push $cfg:optConfig Not $[$loc]?)
```
warning: Theories/Bimodal/Metalogic/WeakCanonical/Expressiveness/SplitPoint.lean:3669:12: `push_neg` has been deprecated. Prefer using `push Not` instead.
If you'd rather continue using `push_neg` in your project, you can implement it as follows:
```
open Lean.Parser.Tactic in
macro "push_neg" cfg:optConfig loc:(location)? : tactic =>
  `(tactic| push $cfg:optConfig Not $[$loc]?)
```
warning: Theories/Bimodal/Metalogic/WeakCanonical/Expressiveness/SplitPoint.lean:3929:6: `push_neg` has been deprecated. Prefer using `push Not` instead.
If you'd rather continue using `push_neg` in your project, you can implement it as follows:
```
open Lean.Parser.Tactic in
macro "push_neg" cfg:optConfig loc:(location)? : tactic =>
  `(tactic| push $cfg:optConfig Not $[$loc]?)
```
warning: Theories/Bimodal/Metalogic/WeakCanonical/Expressiveness/SplitPoint.lean:3991:12: `push_neg` has been deprecated. Prefer using `push Not` instead.
If you'd rather continue using `push_neg` in your project, you can implement it as follows:
```
open Lean.Parser.Tactic in
macro "push_neg" cfg:optConfig loc:(location)? : tactic =>
  `(tactic| push $cfg:optConfig Not $[$loc]?)
```
warning: Theories/Bimodal/Metalogic/WeakCanonical/Expressiveness/SplitPoint.lean:4011:12: `push_neg` has been deprecated. Prefer using `push Not` instead.
If you'd rather continue using `push_neg` in your project, you can implement it as follows:
```
open Lean.Parser.Tactic in
macro "push_neg" cfg:optConfig loc:(location)? : tactic =>
  `(tactic| push $cfg:optConfig Not $[$loc]?)
```
warning: Theories/Bimodal/Metalogic/WeakCanonical/Expressiveness/SplitPoint.lean:4078:14: `push_neg` has been deprecated. Prefer using `push Not` instead.
If you'd rather continue using `push_neg` in your project, you can implement it as follows:
```
open Lean.Parser.Tactic in
macro "push_neg" cfg:optConfig loc:(location)? : tactic =>
  `(tactic| push $cfg:optConfig Not $[$loc]?)
```
warning: Theories/Bimodal/Metalogic/WeakCanonical/Expressiveness/SplitPoint.lean:4127:32: `push_neg` has been deprecated. Prefer using `push Not` instead.
If you'd rather continue using `push_neg` in your project, you can implement it as follows:
```
open Lean.Parser.Tactic in
macro "push_neg" cfg:optConfig loc:(location)? : tactic =>
  `(tactic| push $cfg:optConfig Not $[$loc]?)
```
warning: Theories/Bimodal/Metalogic/WeakCanonical/Expressiveness/SplitPoint.lean:4177:10: `push_neg` has been deprecated. Prefer using `push Not` instead.
If you'd rather continue using `push_neg` in your project, you can implement it as follows:
```
open Lean.Parser.Tactic in
macro "push_neg" cfg:optConfig loc:(location)? : tactic =>
  `(tactic| push $cfg:optConfig Not $[$loc]?)
```
warning: Theories/Bimodal/Metalogic/WeakCanonical/Expressiveness/SplitPoint.lean:4210:34: `push_neg` has been deprecated. Prefer using `push Not` instead.
If you'd rather continue using `push_neg` in your project, you can implement it as follows:
```
open Lean.Parser.Tactic in
macro "push_neg" cfg:optConfig loc:(location)? : tactic =>
  `(tactic| push $cfg:optConfig Not $[$loc]?)
```
warning: Theories/Bimodal/Metalogic/WeakCanonical/Expressiveness/SplitPoint.lean:4246:62: `push_neg` has been deprecated. Prefer using `push Not` instead.
If you'd rather continue using `push_neg` in your project, you can implement it as follows:
```
open Lean.Parser.Tactic in
macro "push_neg" cfg:optConfig loc:(location)? : tactic =>
  `(tactic| push $cfg:optConfig Not $[$loc]?)
```
warning: Theories/Bimodal/Metalogic/WeakCanonical/Expressiveness/SplitPoint.lean:4264:53: `push_neg` has been deprecated. Prefer using `push Not` instead.
If you'd rather continue using `push_neg` in your project, you can implement it as follows:
```
open Lean.Parser.Tactic in
macro "push_neg" cfg:optConfig loc:(location)? : tactic =>
  `(tactic| push $cfg:optConfig Not $[$loc]?)
```
warning: Theories/Bimodal/Metalogic/WeakCanonical/Expressiveness/SplitPoint.lean:4325:16: `push_neg` has been deprecated. Prefer using `push Not` instead.
If you'd rather continue using `push_neg` in your project, you can implement it as follows:
```
open Lean.Parser.Tactic in
macro "push_neg" cfg:optConfig loc:(location)? : tactic =>
  `(tactic| push $cfg:optConfig Not $[$loc]?)
```
warning: Theories/Bimodal/Metalogic/WeakCanonical/Expressiveness/SplitPoint.lean:4436:60: `push_neg` has been deprecated. Prefer using `push Not` instead.
If you'd rather continue using `push_neg` in your project, you can implement it as follows:
```
open Lean.Parser.Tactic in
macro "push_neg" cfg:optConfig loc:(location)? : tactic =>
  `(tactic| push $cfg:optConfig Not $[$loc]?)
```
warning: Theories/Bimodal/Metalogic/WeakCanonical/Expressiveness/SplitPoint.lean:4454:51: `push_neg` has been deprecated. Prefer using `push Not` instead.
If you'd rather continue using `push_neg` in your project, you can implement it as follows:
```
open Lean.Parser.Tactic in
macro "push_neg" cfg:optConfig loc:(location)? : tactic =>
  `(tactic| push $cfg:optConfig Not $[$loc]?)
```
warning: Theories/Bimodal/Metalogic/WeakCanonical/Expressiveness/SplitPoint.lean:4505:32: `push_neg` has been deprecated. Prefer using `push Not` instead.
If you'd rather continue using `push_neg` in your project, you can implement it as follows:
```
open Lean.Parser.Tactic in
macro "push_neg" cfg:optConfig loc:(location)? : tactic =>
  `(tactic| push $cfg:optConfig Not $[$loc]?)
```
warning: Theories/Bimodal/Metalogic/WeakCanonical/Expressiveness/SplitPoint.lean:4552:6: `push_neg` has been deprecated. Prefer using `push Not` instead.
If you'd rather continue using `push_neg` in your project, you can implement it as follows:
```
open Lean.Parser.Tactic in
macro "push_neg" cfg:optConfig loc:(location)? : tactic =>
  `(tactic| push $cfg:optConfig Not $[$loc]?)
```
warning: Theories/Bimodal/Metalogic/WeakCanonical/Expressiveness/SplitPoint.lean:4607:12: `push_neg` has been deprecated. Prefer using `push Not` instead.
If you'd rather continue using `push_neg` in your project, you can implement it as follows:
```
open Lean.Parser.Tactic in
macro "push_neg" cfg:optConfig loc:(location)? : tactic =>
  `(tactic| push $cfg:optConfig Not $[$loc]?)
```
warning: Theories/Bimodal/Metalogic/WeakCanonical/Expressiveness/SplitPoint.lean:4639:12: `push_neg` has been deprecated. Prefer using `push Not` instead.
If you'd rather continue using `push_neg` in your project, you can implement it as follows:
```
open Lean.Parser.Tactic in
macro "push_neg" cfg:optConfig loc:(location)? : tactic =>
  `(tactic| push $cfg:optConfig Not $[$loc]?)
```
warning: Theories/Bimodal/Metalogic/WeakCanonical/Expressiveness/SplitPoint.lean:1289:27: This simp argument is unused:
  show (0 : Nat) = 0 from rfl

Hint: Omit it from the simp argument list.
  [apply] simp only [game_tuple, dite_true, show (1 : Nat) ≠ 0 from by omega, show (1 : Nat) ≠ 1 + 1 from by omega,
    show (1 : Nat) ≠ 1 + 2 from by omega, dite_false, show 1 - 1 = 0 from by omega] at hord_01

Note: This linter can be disabled with `set_option linter.unusedSimpArgs false`
warning: Theories/Bimodal/Metalogic/WeakCanonical/Expressiveness/SplitPoint.lean:2331:29: This simp argument is unused:
  show (0 : Nat) = 0 from rfl

Hint: Omit it from the simp argument list.
  [apply] simp only [game_tuple, dite_true, show (1 : Nat) ≠ 0 from by omega, show (1 : Nat) ≠ 1 + 1 from by omega,
    show (1 : Nat) ≠ 1 + 2 from by omega, dite_false, show 1 - 1 = 0 from by omega] at hord_01₂

Note: This linter can be disabled with `set_option linter.unusedSimpArgs false`
warning: Theories/Bimodal/Metalogic/WeakCanonical/Expressiveness/SplitPoint.lean:2644:25: This simp argument is unused:
  show (0 : Nat) = 0 from rfl

Hint: Omit it from the simp argument list.
  [apply] simp only [game_tuple, dite_true, show (1 : Nat) ≠ 0 from by omega, show (1 : Nat) ≠ 1 + 1 from by omega,
    show (1 : Nat) ≠ 1 + 2 from by omega, dite_false, show 1 - 1 = 0 from by omega] at hord_r2_01

Note: This linter can be disabled with `set_option linter.unusedSimpArgs false`
warning: Theories/Bimodal/Metalogic/WeakCanonical/Expressiveness/SplitPoint.lean:2890:10: This simp argument is unused:
  show (0 : Nat) = 0 from rfl

Hint: Omit it from the simp argument list.
  [apply] simp only [game_tuple, dite_true, show (2 + 3 * n : Nat) ≠ 0 from by omega,
    show ¬((2 + 3 * n : Nat) = (1 + 3 * n + 1) + 1) from by omega,
    show ¬((2 + 3 * n : Nat) = (1 + 3 * n + 1) + 2) from by omega, dite_false,
    show 2 + 3 * n - 1 = 1 + 3 * n from by omega, hc_last] at hord_0_c

Note: This linter can be disabled with `set_option linter.unusedSimpArgs false`
warning: Theories/Bimodal/Metalogic/WeakCanonical/Expressiveness/SplitPoint.lean:3936:10: This simp argument is unused:
  show (0 : Nat) = 0 from rfl

Hint: Omit it from the simp argument list.
  [apply] simp only [game_tuple, dite_true, show (1 : Nat) ≠ 0 from by omega,
    show ¬((1 : Nat) = (1 + 3 * n + 1) + 1) from by omega, show ¬((1 : Nat) = (1 + 3 * n + 1) + 2) from by omega,
    dite_false, show 1 - 1 = 0 from by omega, hc_first] at hord_0_c

Note: This linter can be disabled with `set_option linter.unusedSimpArgs false`
warning: Theories/Bimodal/Metalogic/WeakCanonical/Expressiveness/SplitPoint.lean:963:40: 'omega' tactic does nothing

Note: This linter can be disabled with `set_option linter.unusedTactic false`
warning: Theories/Bimodal/Metalogic/WeakCanonical/Expressiveness/SplitPoint.lean:1010:40: 'omega' tactic does nothing

Note: This linter can be disabled with `set_option linter.unusedTactic false`
warning: Theories/Bimodal/Metalogic/WeakCanonical/Expressiveness/SplitPoint.lean:963:40: this tactic is never executed

Note: This linter can be disabled with `set_option linter.unreachableTactic false`
warning: Theories/Bimodal/Metalogic/WeakCanonical/Expressiveness/SplitPoint.lean:1010:40: this tactic is never executed

Note: This linter can be disabled with `set_option linter.unreachableTactic false`
⚠ [1829/1877] Replayed Bimodal.Metalogic.WeakCanonical.EFGames.Composition
warning: Theories/Bimodal/Metalogic/WeakCanonical/EFGames/Composition.lean:198:27: `push_neg` has been deprecated. Prefer using `push Not` instead.
If you'd rather continue using `push_neg` in your project, you can implement it as follows:
```
open Lean.Parser.Tactic in
macro "push_neg" cfg:optConfig loc:(location)? : tactic =>
  `(tactic| push $cfg:optConfig Not $[$loc]?)
```
⚠ [1830/1877] Replayed Bimodal.Metalogic.WeakCanonical.EFGames.CharacteristicFormula
warning: Theories/Bimodal/Metalogic/WeakCanonical/EFGames/CharacteristicFormula.lean:183:29: `push_neg` has been deprecated. Prefer using `push Not` instead.
If you'd rather continue using `push_neg` in your project, you can implement it as follows:
```
open Lean.Parser.Tactic in
macro "push_neg" cfg:optConfig loc:(location)? : tactic =>
  `(tactic| push $cfg:optConfig Not $[$loc]?)
```
warning: Theories/Bimodal/Metalogic/WeakCanonical/EFGames/CharacteristicFormula.lean:190:4: `push_neg` has been deprecated. Prefer using `push Not` instead.
If you'd rather continue using `push_neg` in your project, you can implement it as follows:
```
open Lean.Parser.Tactic in
macro "push_neg" cfg:optConfig loc:(location)? : tactic =>
  `(tactic| push $cfg:optConfig Not $[$loc]?)
```
warning: Theories/Bimodal/Metalogic/WeakCanonical/EFGames/CharacteristicFormula.lean:193:4: `push_neg` has been deprecated. Prefer using `push Not` instead.
If you'd rather continue using `push_neg` in your project, you can implement it as follows:
```
open Lean.Parser.Tactic in
macro "push_neg" cfg:optConfig loc:(location)? : tactic =>
  `(tactic| push $cfg:optConfig Not $[$loc]?)
```
warning: Theories/Bimodal/Metalogic/WeakCanonical/EFGames/CharacteristicFormula.lean:320:6: `push_neg` has been deprecated. Prefer using `push Not` instead.
If you'd rather continue using `push_neg` in your project, you can implement it as follows:
```
open Lean.Parser.Tactic in
macro "push_neg" cfg:optConfig loc:(location)? : tactic =>
  `(tactic| push $cfg:optConfig Not $[$loc]?)
```
warning: Theories/Bimodal/Metalogic/WeakCanonical/EFGames/CharacteristicFormula.lean:452:6: `push_neg` has been deprecated. Prefer using `push Not` instead.
If you'd rather continue using `push_neg` in your project, you can implement it as follows:
```
open Lean.Parser.Tactic in
macro "push_neg" cfg:optConfig loc:(location)? : tactic =>
  `(tactic| push $cfg:optConfig Not $[$loc]?)
```
⚠ [1833/1877] Replayed Bimodal.Metalogic.WeakCanonical.Expressiveness.CaseAnalysis
warning: Theories/Bimodal/Metalogic/WeakCanonical/Expressiveness/CaseAnalysis.lean:496:52: unused name: _
warning: Theories/Bimodal/Metalogic/WeakCanonical/Expressiveness/CaseAnalysis.lean:496:54: unused name: _
warning: Theories/Bimodal/Metalogic/WeakCanonical/Expressiveness/CaseAnalysis.lean:496:56: unused name: hjb
warning: Theories/Bimodal/Metalogic/WeakCanonical/Expressiveness/CaseAnalysis.lean:496:60: unused name: _
warning: Theories/Bimodal/Metalogic/WeakCanonical/Expressiveness/CaseAnalysis.lean:496:62: unused name: hjy
warning: Theories/Bimodal/Metalogic/WeakCanonical/Expressiveness/CaseAnalysis.lean:496:66: unused name: _
warning: Theories/Bimodal/Metalogic/WeakCanonical/Expressiveness/CaseAnalysis.lean:496:68: unused name: hjd
warning: Theories/Bimodal/Metalogic/WeakCanonical/Expressiveness/CaseAnalysis.lean:496:72: unused name: _
warning: Theories/Bimodal/Metalogic/WeakCanonical/Expressiveness/CaseAnalysis.lean:496:74: unused name: _
warning: Theories/Bimodal/Metalogic/WeakCanonical/Expressiveness/CaseAnalysis.lean:497:8: unused name: hiy
warning: Theories/Bimodal/Metalogic/WeakCanonical/Expressiveness/CaseAnalysis.lean:497:12: unused name: hj0
warning: Theories/Bimodal/Metalogic/WeakCanonical/Expressiveness/CaseAnalysis.lean:497:16: unused name: _
warning: Theories/Bimodal/Metalogic/WeakCanonical/Expressiveness/CaseAnalysis.lean:497:18: unused name: _
warning: Theories/Bimodal/Metalogic/WeakCanonical/Expressiveness/CaseAnalysis.lean:497:20: unused name: _
warning: Theories/Bimodal/Metalogic/WeakCanonical/Expressiveness/CaseAnalysis.lean:497:22: unused name: hjb
warning: Theories/Bimodal/Metalogic/WeakCanonical/Expressiveness/CaseAnalysis.lean:497:26: unused name: _
warning: Theories/Bimodal/Metalogic/WeakCanonical/Expressiveness/CaseAnalysis.lean:497:28: unused name: hjy
warning: Theories/Bimodal/Metalogic/WeakCanonical/Expressiveness/CaseAnalysis.lean:497:32: unused name: _
warning: Theories/Bimodal/Metalogic/WeakCanonical/Expressiveness/CaseAnalysis.lean:497:34: unused name: hjd
warning: Theories/Bimodal/Metalogic/WeakCanonical/Expressiveness/CaseAnalysis.lean:497:38: unused name: _
warning: Theories/Bimodal/Metalogic/WeakCanonical/Expressiveness/CaseAnalysis.lean:497:40: unused name: _
warning: Theories/Bimodal/Metalogic/WeakCanonical/Expressiveness/CaseAnalysis.lean:497:42: unused name: _
warning: Theories/Bimodal/Metalogic/WeakCanonical/Expressiveness/CaseAnalysis.lean:497:44: unused name: hid
warning: Theories/Bimodal/Metalogic/WeakCanonical/Expressiveness/CaseAnalysis.lean:497:48: unused name: hj0
warning: Theories/Bimodal/Metalogic/WeakCanonical/Expressiveness/CaseAnalysis.lean:497:52: unused name: _
warning: Theories/Bimodal/Metalogic/WeakCanonical/Expressiveness/CaseAnalysis.lean:497:54: unused name: _
warning: Theories/Bimodal/Metalogic/WeakCanonical/Expressiveness/CaseAnalysis.lean:497:56: unused name: _
warning: Theories/Bimodal/Metalogic/WeakCanonical/Expressiveness/CaseAnalysis.lean:497:58: unused name: hjb
warning: Theories/Bimodal/Metalogic/WeakCanonical/Expressiveness/CaseAnalysis.lean:497:62: unused name: _
warning: Theories/Bimodal/Metalogic/WeakCanonical/Expressiveness/CaseAnalysis.lean:497:64: unused name: hjy
warning: Theories/Bimodal/Metalogic/WeakCanonical/Expressiveness/CaseAnalysis.lean:497:68: unused name: _
warning: Theories/Bimodal/Metalogic/WeakCanonical/Expressiveness/CaseAnalysis.lean:497:70: unused name: hjd
warning: Theories/Bimodal/Metalogic/WeakCanonical/Expressiveness/CaseAnalysis.lean:497:74: unused name: _
warning: Theories/Bimodal/Metalogic/WeakCanonical/Expressiveness/CaseAnalysis.lean:497:76: unused name: _
warning: Theories/Bimodal/Metalogic/WeakCanonical/Expressiveness/CaseAnalysis.lean:683:4: `push_neg` has been deprecated. Prefer using `push Not` instead.
If you'd rather continue using `push_neg` in your project, you can implement it as follows:
```
open Lean.Parser.Tactic in
macro "push_neg" cfg:optConfig loc:(location)? : tactic =>
  `(tactic| push $cfg:optConfig Not $[$loc]?)
```
warning: Theories/Bimodal/Metalogic/WeakCanonical/Expressiveness/CaseAnalysis.lean:958:52: unused name: _
warning: Theories/Bimodal/Metalogic/WeakCanonical/Expressiveness/CaseAnalysis.lean:958:54: unused name: _
warning: Theories/Bimodal/Metalogic/WeakCanonical/Expressiveness/CaseAnalysis.lean:958:56: unused name: hjb
warning: Theories/Bimodal/Metalogic/WeakCanonical/Expressiveness/CaseAnalysis.lean:958:60: unused name: _
warning: Theories/Bimodal/Metalogic/WeakCanonical/Expressiveness/CaseAnalysis.lean:958:62: unused name: hjy
warning: Theories/Bimodal/Metalogic/WeakCanonical/Expressiveness/CaseAnalysis.lean:958:66: unused name: _
warning: Theories/Bimodal/Metalogic/WeakCanonical/Expressiveness/CaseAnalysis.lean:958:68: unused name: hjd
warning: Theories/Bimodal/Metalogic/WeakCanonical/Expressiveness/CaseAnalysis.lean:958:72: unused name: _
warning: Theories/Bimodal/Metalogic/WeakCanonical/Expressiveness/CaseAnalysis.lean:958:74: unused name: _
warning: Theories/Bimodal/Metalogic/WeakCanonical/Expressiveness/CaseAnalysis.lean:959:8: unused name: hiy
warning: Theories/Bimodal/Metalogic/WeakCanonical/Expressiveness/CaseAnalysis.lean:959:12: unused name: hj0
warning: Theories/Bimodal/Metalogic/WeakCanonical/Expressiveness/CaseAnalysis.lean:959:16: unused name: _
warning: Theories/Bimodal/Metalogic/WeakCanonical/Expressiveness/CaseAnalysis.lean:959:18: unused name: _
warning: Theories/Bimodal/Metalogic/WeakCanonical/Expressiveness/CaseAnalysis.lean:959:20: unused name: _
warning: Theories/Bimodal/Metalogic/WeakCanonical/Expressiveness/CaseAnalysis.lean:959:22: unused name: hjb
warning: Theories/Bimodal/Metalogic/WeakCanonical/Expressiveness/CaseAnalysis.lean:959:26: unused name: _
warning: Theories/Bimodal/Metalogic/WeakCanonical/Expressiveness/CaseAnalysis.lean:959:28: unused name: hjy
warning: Theories/Bimodal/Metalogic/WeakCanonical/Expressiveness/CaseAnalysis.lean:959:32: unused name: _
warning: Theories/Bimodal/Metalogic/WeakCanonical/Expressiveness/CaseAnalysis.lean:959:34: unused name: hjd
warning: Theories/Bimodal/Metalogic/WeakCanonical/Expressiveness/CaseAnalysis.lean:959:38: unused name: _
warning: Theories/Bimodal/Metalogic/WeakCanonical/Expressiveness/CaseAnalysis.lean:959:40: unused name: _
warning: Theories/Bimodal/Metalogic/WeakCanonical/Expressiveness/CaseAnalysis.lean:959:42: unused name: _
warning: Theories/Bimodal/Metalogic/WeakCanonical/Expressiveness/CaseAnalysis.lean:959:44: unused name: hid
warning: Theories/Bimodal/Metalogic/WeakCanonical/Expressiveness/CaseAnalysis.lean:959:48: unused name: hj0
warning: Theories/Bimodal/Metalogic/WeakCanonical/Expressiveness/CaseAnalysis.lean:959:52: unused name: _
warning: Theories/Bimodal/Metalogic/WeakCanonical/Expressiveness/CaseAnalysis.lean:959:54: unused name: _
warning: Theories/Bimodal/Metalogic/WeakCanonical/Expressiveness/CaseAnalysis.lean:959:56: unused name: _
warning: Theories/Bimodal/Metalogic/WeakCanonical/Expressiveness/CaseAnalysis.lean:959:58: unused name: hjb
warning: Theories/Bimodal/Metalogic/WeakCanonical/Expressiveness/CaseAnalysis.lean:959:62: unused name: _
warning: Theories/Bimodal/Metalogic/WeakCanonical/Expressiveness/CaseAnalysis.lean:959:64: unused name: hjy
warning: Theories/Bimodal/Metalogic/WeakCanonical/Expressiveness/CaseAnalysis.lean:959:68: unused name: _
warning: Theories/Bimodal/Metalogic/WeakCanonical/Expressiveness/CaseAnalysis.lean:959:70: unused name: hjd
warning: Theories/Bimodal/Metalogic/WeakCanonical/Expressiveness/CaseAnalysis.lean:959:74: unused name: _
warning: Theories/Bimodal/Metalogic/WeakCanonical/Expressiveness/CaseAnalysis.lean:959:76: unused name: _
warning: Theories/Bimodal/Metalogic/WeakCanonical/Expressiveness/CaseAnalysis.lean:253:10: This simp argument is unused:
  show (R.card + 2 : Nat) = R.card + 2 from rfl

Hint: Omit it from the simp argument list.
  [apply] simp only [game_tuple, show (R.card + 2 : Nat) ≠ 0 from by omega,
    show ¬((R.card + 2 : Nat) = R.card + 1) from by omega, dite_true, dite_false] at this

Note: This linter can be disabled with `set_option linter.unusedSimpArgs false`
warning: Theories/Bimodal/Metalogic/WeakCanonical/Expressiveness/CaseAnalysis.lean:265:10: This simp argument is unused:
  show (R.card + 2 : Nat) = R.card + 2 from rfl

Hint: Omit it from the simp argument list.
  [apply] simp only [game_tuple, show (R.card + 2 : Nat) ≠ 0 from by omega,
    show ¬((R.card + 2 : Nat) = R.card + 1) from by omega, dite_true, dite_false] at this

Note: This linter can be disabled with `set_option linter.unusedSimpArgs false`
warning: Theories/Bimodal/Metalogic/WeakCanonical/Expressiveness/CaseAnalysis.lean:426:8: This simp argument is unused:
  show (L.card + 1 : Nat) = L.card + 1 from rfl

Hint: Omit it from the simp argument list.
  [apply] simp only [game_tuple, show (L.card + 1 : Nat) ≠ 0 from by omega, dite_true] at this

Note: This linter can be disabled with `set_option linter.unusedSimpArgs false`
warning: Theories/Bimodal/Metalogic/WeakCanonical/Expressiveness/CaseAnalysis.lean:644:23: This simp argument is unused:
  a'_resp

Hint: Omit it from the simp argument list.
  [apply] simp only [hjd', dite_true]

Note: This linter can be disabled with `set_option linter.unusedSimpArgs false`
warning: Theories/Bimodal/Metalogic/WeakCanonical/Expressiveness/CaseAnalysis.lean:650:23: This simp argument is unused:
  a'_resp

Hint: Omit it from the simp argument list.
  [apply] simp only [hjd', dite_false]

Note: This linter can be disabled with `set_option linter.unusedSimpArgs false`
warning: Theories/Bimodal/Metalogic/WeakCanonical/Expressiveness/CaseAnalysis.lean:665:23: This simp argument is unused:
  a'_resp

Hint: Omit it from the simp argument list.
  [apply] simp only [hjd', dite_true]

Note: This linter can be disabled with `set_option linter.unusedSimpArgs false`
warning: Theories/Bimodal/Metalogic/WeakCanonical/Expressiveness/CaseAnalysis.lean:673:23: This simp argument is unused:
  a'_resp

Hint: Omit it from the simp argument list.
  [apply] simp only [hjd', dite_false]

Note: This linter can be disabled with `set_option linter.unusedSimpArgs false`
warning: Theories/Bimodal/Metalogic/WeakCanonical/Expressiveness/CaseAnalysis.lean:864:8: This simp argument is unused:
  show (R.card + 2 : Nat) = R.card + 2 from rfl

Hint: Omit it from the simp argument list.
  [apply] simp only [game_tuple, show (R.card + 2 : Nat) ≠ 0 from by omega,
    show ¬((R.card + 2 : Nat) = R.card + 1) from by omega, dite_true, dite_false] at this

Note: This linter can be disabled with `set_option linter.unusedSimpArgs false`
warning: Theories/Bimodal/Metalogic/WeakCanonical/Expressiveness/CaseAnalysis.lean:883:8: This simp argument is unused:
  show (R.card + 2 : Nat) = R.card + 2 from rfl

Hint: Omit it from the simp argument list.
  [apply] simp only [game_tuple, show (R.card + 2 : Nat) ≠ 0 from by omega,
    show ¬((R.card + 2 : Nat) = R.card + 1) from by omega, dite_true, dite_false] at this

Note: This linter can be disabled with `set_option linter.unusedSimpArgs false`
warning: Theories/Bimodal/Metalogic/WeakCanonical/Expressiveness/CaseAnalysis.lean:891:8: This simp argument is unused:
  show (R.card + 1 : Nat) = R.card + 1 from rfl

Hint: Omit it from the simp argument list.
  [apply] simp only [game_tuple, show (R.card + 1 : Nat) ≠ 0 from by omega, dite_true] at this

Note: This linter can be disabled with `set_option linter.unusedSimpArgs false`
warning: Theories/Bimodal/Metalogic/WeakCanonical/Expressiveness/CaseAnalysis.lean:1124:23: This simp argument is unused:
  a'_resp

Hint: Omit it from the simp argument list.
  [apply] simp only [hjd', dite_true]

Note: This linter can be disabled with `set_option linter.unusedSimpArgs false`
warning: Theories/Bimodal/Metalogic/WeakCanonical/Expressiveness/CaseAnalysis.lean:1130:23: This simp argument is unused:
  a'_resp

Hint: Omit it from the simp argument list.
  [apply] simp only [hjd', dite_false]

Note: This linter can be disabled with `set_option linter.unusedSimpArgs false`
warning: Theories/Bimodal/Metalogic/WeakCanonical/Expressiveness/CaseAnalysis.lean:1147:23: This simp argument is unused:
  a'_resp

Hint: Omit it from the simp argument list.
  [apply] simp only [hjd', dite_true]

Note: This linter can be disabled with `set_option linter.unusedSimpArgs false`
warning: Theories/Bimodal/Metalogic/WeakCanonical/Expressiveness/CaseAnalysis.lean:1157:23: This simp argument is unused:
  a'_resp

Hint: Omit it from the simp argument list.
  [apply] simp only [hjd', dite_false]

Note: This linter can be disabled with `set_option linter.unusedSimpArgs false`
warning: Theories/Bimodal/Metalogic/WeakCanonical/Expressiveness/CaseAnalysis.lean:1279:5: Variable name `h_mono` is not explicitly referenced.

Hint: The binding can be removed (if unused) or named `_` (if used implicitly). Alternatively, prefix the name with `_` to silence this warning:
  [apply] _h_mono

Note: This linter can be disabled with `set_option linter.unusedVariables false`
warning: Theories/Bimodal/Metalogic/WeakCanonical/Expressiveness/CaseAnalysis.lean:1785:4: `push_neg` has been deprecated. Prefer using `push Not` instead.
If you'd rather continue using `push_neg` in your project, you can implement it as follows:
```
open Lean.Parser.Tactic in
macro "push_neg" cfg:optConfig loc:(location)? : tactic =>
  `(tactic| push $cfg:optConfig Not $[$loc]?)
```
warning: Theories/Bimodal/Metalogic/WeakCanonical/Expressiveness/CaseAnalysis.lean:1472:28: This simp argument is unused:
  show ¬(1 + (1 + 3 * n) - 1 < n) from by omega

Hint: Omit it from the simp argument list.
  [apply] simp only [a_pad_big, show ¬(1 + 3 * n < n) from by omega, show 1 + (1 + 3 * n) - 1 = 1 + 3 * n from by omega,
    dite_false, ite_true]

Note: This linter can be disabled with `set_option linter.unusedSimpArgs false`
⚠ [1836/1877] Replayed Bimodal.Metalogic.WeakCanonical.Transfer
warning: Theories/Bimodal/Metalogic/WeakCanonical/Transfer.lean:59:56: `push_neg` has been deprecated. Prefer using `push Not` instead.
If you'd rather continue using `push_neg` in your project, you can implement it as follows:
```
open Lean.Parser.Tactic in
macro "push_neg" cfg:optConfig loc:(location)? : tactic =>
  `(tactic| push $cfg:optConfig Not $[$loc]?)
```
warning: Theories/Bimodal/Metalogic/WeakCanonical/Transfer.lean:62:56: `push_neg` has been deprecated. Prefer using `push Not` instead.
If you'd rather continue using `push_neg` in your project, you can implement it as follows:
```
open Lean.Parser.Tactic in
macro "push_neg" cfg:optConfig loc:(location)? : tactic =>
  `(tactic| push $cfg:optConfig Not $[$loc]?)
```
warning: Theories/Bimodal/Metalogic/WeakCanonical/Transfer.lean:64:56: `push_neg` has been deprecated. Prefer using `push Not` instead.
If you'd rather continue using `push_neg` in your project, you can implement it as follows:
```
open Lean.Parser.Tactic in
macro "push_neg" cfg:optConfig loc:(location)? : tactic =>
  `(tactic| push $cfg:optConfig Not $[$loc]?)
```
warning: Theories/Bimodal/Metalogic/WeakCanonical/Transfer.lean:210:15: This simp argument is unused:
  sig

Hint: Omit it from the simp argument list.
  [apply] simp only [mkSigFrom, Finset.mem_cons] at this

Note: This linter can be disabled with `set_option linter.unusedSimpArgs false`
warning: Theories/Bimodal/Metalogic/WeakCanonical/Transfer.lean:210:20: This simp argument is unused:
  mkSigFrom

Hint: Omit it from the simp argument list.
  [apply] simp only [sig, Finset.mem_cons] at this

Note: This linter can be disabled with `set_option linter.unusedSimpArgs false`
warning: Theories/Bimodal/Metalogic/WeakCanonical/Transfer.lean:276:19: This simp argument is unused:
  sig

Hint: Omit it from the simp argument list.
  [apply] simp only [mkSigFrom, Finset.mem_cons] at this

Note: This linter can be disabled with `set_option linter.unusedSimpArgs false`
warning: Theories/Bimodal/Metalogic/WeakCanonical/Transfer.lean:276:24: This simp argument is unused:
  mkSigFrom

Hint: Omit it from the simp argument list.
  [apply] simp only [sig, Finset.mem_cons] at this

Note: This linter can be disabled with `set_option linter.unusedSimpArgs false`
warning: Theories/Bimodal/Metalogic/WeakCanonical/Transfer.lean:696:17: `push_neg` has been deprecated. Prefer using `push Not` instead.
If you'd rather continue using `push_neg` in your project, you can implement it as follows:
```
open Lean.Parser.Tactic in
macro "push_neg" cfg:optConfig loc:(location)? : tactic =>
  `(tactic| push $cfg:optConfig Not $[$loc]?)
```
warning: Theories/Bimodal/Metalogic/WeakCanonical/Transfer.lean:714:18: `push_neg` has been deprecated. Prefer using `push Not` instead.
If you'd rather continue using `push_neg` in your project, you can implement it as follows:
```
open Lean.Parser.Tactic in
macro "push_neg" cfg:optConfig loc:(location)? : tactic =>
  `(tactic| push $cfg:optConfig Not $[$loc]?)
```
warning: Theories/Bimodal/Metalogic/WeakCanonical/Transfer.lean:718:6: `push_neg` has been deprecated. Prefer using `push Not` instead.
If you'd rather continue using `push_neg` in your project, you can implement it as follows:
```
open Lean.Parser.Tactic in
macro "push_neg" cfg:optConfig loc:(location)? : tactic =>
  `(tactic| push $cfg:optConfig Not $[$loc]?)
```
warning: Theories/Bimodal/Metalogic/WeakCanonical/Transfer.lean:841:4: `push_neg` has been deprecated. Prefer using `push Not` instead.
If you'd rather continue using `push_neg` in your project, you can implement it as follows:
```
open Lean.Parser.Tactic in
macro "push_neg" cfg:optConfig loc:(location)? : tactic =>
  `(tactic| push $cfg:optConfig Not $[$loc]?)
```
warning: Theories/Bimodal/Metalogic/WeakCanonical/Transfer.lean:1277:8: declaration uses `sorry`
⚠ [1838/1877] Replayed Bimodal.Metalogic.WeakCanonical.IntegerModel.ReynoldsBridge
warning: Theories/Bimodal/Metalogic/WeakCanonical/IntegerModel/ReynoldsBridge.lean:102:0: Definition `Bimodal.Metalogic.WeakCanonical.limitdom_monadic_structure_succOrder` of class type is semireducible. Most type class instances should be instance-reducible, so consider marking this
definition with `@[instance_reducible]`. If it is intentionally semireducible, this warning can be disabled with `set_option warn.classDefReducibility false`.
warning: Theories/Bimodal/Metalogic/WeakCanonical/IntegerModel/ReynoldsBridge.lean:111:0: Definition `Bimodal.Metalogic.WeakCanonical.limitdom_monadic_structure_predOrder` of class type is semireducible. Most type class instances should be instance-reducible, so consider marking this
definition with `@[instance_reducible]`. If it is intentionally semireducible, this warning can be disabled with `set_option warn.classDefReducibility false`.
warning: Theories/Bimodal/Metalogic/WeakCanonical/IntegerModel/ReynoldsBridge.lean:512:4: `push_neg` has been deprecated. Prefer using `push Not` instead.
If you'd rather continue using `push_neg` in your project, you can implement it as follows:
```
open Lean.Parser.Tactic in
macro "push_neg" cfg:optConfig loc:(location)? : tactic =>
  `(tactic| push $cfg:optConfig Not $[$loc]?)
```
warning: Theories/Bimodal/Metalogic/WeakCanonical/IntegerModel/ReynoldsBridge.lean:523:4: `push_neg` has been deprecated. Prefer using `push Not` instead.
If you'd rather continue using `push_neg` in your project, you can implement it as follows:
```
open Lean.Parser.Tactic in
macro "push_neg" cfg:optConfig loc:(location)? : tactic =>
  `(tactic| push $cfg:optConfig Not $[$loc]?)
```
⚠ [1841/1877] Replayed Bimodal.Metalogic.BXCanonical.Completeness
warning: Theories/Bimodal/Metalogic/BXCanonical/Completeness.lean:185:2: `push_neg` has been deprecated. Prefer using `push Not` instead.
If you'd rather continue using `push_neg` in your project, you can implement it as follows:
```
open Lean.Parser.Tactic in
macro "push_neg" cfg:optConfig loc:(location)? : tactic =>
  `(tactic| push $cfg:optConfig Not $[$loc]?)
```
info: Theories/Bimodal/Metalogic/BXCanonical/Completeness.lean:354:0: 'Bimodal.Metalogic.BXCanonical.completeness_dense' depends on axioms: [propext, Classical.choice, Quot.sound]
info: Theories/Bimodal/Metalogic/BXCanonical/Completeness.lean:355:0: 'Bimodal.Metalogic.BXCanonical.completeness_discrete' depends on axioms: [propext, Classical.choice, Quot.sound]
info: Theories/Bimodal/Metalogic/BXCanonical/Completeness.lean:395:0: 'Bimodal.Metalogic.BXCanonical.completeness' depends on axioms: [propext, sorryAx, Classical.choice, Quot.sound]
info: Theories/Bimodal/Metalogic/BXCanonical/Completeness.lean:399:0: 'Bimodal.Metalogic.BXCanonical.Chronicle.countermodel_dense' depends on axioms: [propext, Classical.choice, Quot.sound]
⚠ [1843/1877] Replayed Bimodal.Metalogic.BXCanonical.Quasimodel.Realization
warning: Theories/Bimodal/Metalogic/BXCanonical/Quasimodel/Realization.lean:279:0: Definition `until_eventuality_resolution` is a proposition; use `theorem` instead of `def`

Note: This linter can be disabled with `set_option linter.defProp false`
warning: Theories/Bimodal/Metalogic/BXCanonical/Quasimodel/Realization.lean:289:0: Definition `since_eventuality_resolution` is a proposition; use `theorem` instead of `def`

Note: This linter can be disabled with `set_option linter.defProp false`
warning: Theories/Bimodal/Metalogic/BXCanonical/Quasimodel/Realization.lean:352:27: This simp argument is unused:
  Finset.mem_union

Hint: Omit it from the simp argument list.
  [apply] simp [Finset.mem_insert, self_mem_subformulas]

Note: This linter can be disabled with `set_option linter.unusedSimpArgs false`
warning: Theories/Bimodal/Metalogic/BXCanonical/Quasimodel/Realization.lean:358:27: This simp argument is unused:
  Finset.mem_union

Hint: Omit it from the simp argument list.
  [apply] simp [Finset.mem_insert, self_mem_subformulas]

Note: This linter can be disabled with `set_option linter.unusedSimpArgs false`
warning: Theories/Bimodal/Metalogic/BXCanonical/Quasimodel/Realization.lean:433:33: This simp argument is unused:
  Finset.mem_union

Hint: Omit it from the simp argument list.
  [apply] simp [Finset.mem_insert, self_mem_subformulas]

Note: This linter can be disabled with `set_option linter.unusedSimpArgs false`
warning: Theories/Bimodal/Metalogic/BXCanonical/Quasimodel/Realization.lean:466:33: This simp argument is unused:
  Finset.mem_union

Hint: Omit it from the simp argument list.
  [apply] simp [Finset.mem_insert, self_mem_subformulas]

Note: This linter can be disabled with `set_option linter.unusedSimpArgs false`
⚠ [1844/1877] Replayed Bimodal.Metalogic.BXCanonical.Quasimodel.LocusControl
warning: Theories/Bimodal/Metalogic/BXCanonical/Quasimodel/LocusControl.lean:31:0: Definition `bx_until_eventuality_resolution'` is a proposition; use `theorem` instead of `def`

Note: This linter can be disabled with `set_option linter.defProp false`
warning: Theories/Bimodal/Metalogic/BXCanonical/Quasimodel/LocusControl.lean:40:0: Definition `bx_since_eventuality_resolution'` is a proposition; use `theorem` instead of `def`

Note: This linter can be disabled with `set_option linter.defProp false`
⚠ [1847/1877] Replayed Bimodal.FrameConditions.FrameClass
warning: Theories/Bimodal/FrameConditions/FrameClass.lean:204:0: Definition `Bimodal.FrameConditions.DenseTemporalFrame.mk'` of class type is semireducible. Most type class instances should be instance-reducible, so consider marking this
definition with `@[instance_reducible]`. If it is intentionally semireducible, this warning can be disabled with `set_option warn.classDefReducibility false`.
warning: Theories/Bimodal/FrameConditions/FrameClass.lean:204:0: Definition `DenseTemporalFrame.mk'` is a proposition; use `theorem` instead of `def`

Note: This linter can be disabled with `set_option linter.defProp false`
warning: Theories/Bimodal/FrameConditions/FrameClass.lean:212:0: Definition `Bimodal.FrameConditions.DiscreteTemporalFrame.mk'` of class type is semireducible. Most type class instances should be instance-reducible, so consider marking this
definition with `@[instance_reducible]`. If it is intentionally semireducible, this warning can be disabled with `set_option warn.classDefReducibility false`.
warning: Theories/Bimodal/FrameConditions/FrameClass.lean:212:0: Definition `DiscreteTemporalFrame.mk'` is a proposition; use `theorem` instead of `def`

Note: This linter can be disabled with `set_option linter.defProp false`
⚠ [1849/1877] Replayed Bimodal.FrameConditions.Soundness
warning: Theories/Bimodal/FrameConditions/Soundness.lean:46:0: Definition `soundness_over` is a proposition; use `theorem` instead of `def`

Note: This linter can be disabled with `set_option linter.defProp false`
ℹ [1861/1877] Replayed Bimodal.Automation.FormulaEnumerator
info: Theories/Bimodal/Automation/FormulaEnumerator.lean:2046:0: 7852
info: Theories/Bimodal/Automation/FormulaEnumerator.lean:2049:0: 75914
info: Theories/Bimodal/Automation/FormulaEnumerator.lean:2052:0: 45111
info: Theories/Bimodal/Automation/FormulaEnumerator.lean:2055:0: true
info: Theories/Bimodal/Automation/FormulaEnumerator.lean:2058:0: true
info: Theories/Bimodal/Automation/FormulaEnumerator.lean:2061:0: true
⚠ [1867/1877] Replayed Bimodal.Automation.DatasetGenerator
info: Theories/Bimodal/Automation/DatasetGenerator.lean:962:0: true
info: Theories/Bimodal/Automation/DatasetGenerator.lean:963:0: true
info: Theories/Bimodal/Automation/DatasetGenerator.lean:964:0: true
info: Theories/Bimodal/Automation/DatasetGenerator.lean:965:0: true
info: Theories/Bimodal/Automation/DatasetGenerator.lean:966:0: false
info: Theories/Bimodal/Automation/DatasetGenerator.lean:967:0: false
info: Theories/Bimodal/Automation/DatasetGenerator.lean:970:0: true
info: Theories/Bimodal/Automation/DatasetGenerator.lean:971:0: true
info: Theories/Bimodal/Automation/DatasetGenerator.lean:972:0: true
info: Theories/Bimodal/Automation/DatasetGenerator.lean:973:0: false
info: Theories/Bimodal/Automation/DatasetGenerator.lean:974:0: false
info: Theories/Bimodal/Automation/DatasetGenerator.lean:977:0: some true
info: Theories/Bimodal/Automation/DatasetGenerator.lean:978:0: some true
info: Theories/Bimodal/Automation/DatasetGenerator.lean:979:0: some true
info: Theories/Bimodal/Automation/DatasetGenerator.lean:980:0: none
info: Theories/Bimodal/Automation/DatasetGenerator.lean:983:0: some (true, "structural_bot_temporal")
info: Theories/Bimodal/Automation/DatasetGenerator.lean:985:0: some (true, "structural_tautology")
info: Theories/Bimodal/Automation/DatasetGenerator.lean:987:0: some (true, "structural_bot_temporal")
info: Theories/Bimodal/Automation/DatasetGenerator.lean:989:0: some (true, "structural_modal_4")
info: Theories/Bimodal/Automation/DatasetGenerator.lean:991:0: some (true, "structural_modal_t_weakening")
info: Theories/Bimodal/Automation/DatasetGenerator.lean:993:0: none
info: Theories/Bimodal/Automation/DatasetGenerator.lean:999:0: [Bimodal.Syntax.Formula.atom { base := "p", fresh_index := none },
 Bimodal.Syntax.Formula.atom { base := "q", fresh_index := none }]
info: Theories/Bimodal/Automation/DatasetGenerator.lean:1001:0: [Bimodal.Syntax.Formula.atom { base := "p", fresh_index := none },
 Bimodal.Syntax.Formula.atom { base := "q", fresh_index := none },
 Bimodal.Syntax.Formula.imp
   (Bimodal.Syntax.Formula.atom { base := "p", fresh_index := none })
   (Bimodal.Syntax.Formula.atom { base := "p", fresh_index := none })]
info: Theories/Bimodal/Automation/DatasetGenerator.lean:1005:0: some (Bimodal.Syntax.Formula.atom { base := "p", fresh_index := none })
info: Theories/Bimodal/Automation/DatasetGenerator.lean:1006:0: some (Bimodal.Syntax.Formula.atom { base := "p", fresh_index := none })
info: Theories/Bimodal/Automation/DatasetGenerator.lean:1007:0: some (Bimodal.Syntax.Formula.atom { base := "p", fresh_index := none })
info: Theories/Bimodal/Automation/DatasetGenerator.lean:1008:0: some (Bimodal.Syntax.Formula.atom { base := "p", fresh_index := none })
info: Theories/Bimodal/Automation/DatasetGenerator.lean:1011:0: some (true, "structural_s5_reflexive_conflict")
info: Theories/Bimodal/Automation/DatasetGenerator.lean:1015:0: some (true, "structural_temporal_loop_until")
info: Theories/Bimodal/Automation/DatasetGenerator.lean:1019:0: some (true, "structural_temporal_loop_since")
info: Theories/Bimodal/Automation/DatasetGenerator.lean:1023:0: some (true, "structural_subsumption_gt")
info: Theories/Bimodal/Automation/DatasetGenerator.lean:1025:0: some (true, "structural_subsumption_ht")
info: Theories/Bimodal/Automation/DatasetGenerator.lean:1027:0: some (true, "structural_subsumption_gf")
info: Theories/Bimodal/Automation/DatasetGenerator.lean:1029:0: some (true, "structural_subsumption_hp")
info: Theories/Bimodal/Automation/DatasetGenerator.lean:1031:0: some (true, "structural_subsumption_g4")
info: Theories/Bimodal/Automation/DatasetGenerator.lean:1033:0: some (true, "structural_subsumption_h4")
info: Theories/Bimodal/Automation/DatasetGenerator.lean:1035:0: some (true, "structural_subsumption_ff")
info: Theories/Bimodal/Automation/DatasetGenerator.lean:1037:0: some (true, "structural_subsumption_pp")
info: Theories/Bimodal/Automation/DatasetGenerator.lean:1039:0: some (true, "structural_subsumption_modal_t")
info: Theories/Bimodal/Automation/DatasetGenerator.lean:1041:0: some (true, "structural_subsumption_modal_4")
info: Theories/Bimodal/Automation/DatasetGenerator.lean:1043:0: some (true, "structural_subsumption_modal_d")
info: Theories/Bimodal/Automation/DatasetGenerator.lean:1051:0: some (true, "structural_until_implies_future")
info: Theories/Bimodal/Automation/DatasetGenerator.lean:1055:0: some (true, "structural_since_implies_past")
info: Theories/Bimodal/Automation/DatasetGenerator.lean:1059:0: none
info: Theories/Bimodal/Automation/DatasetGenerator.lean:1063:0: some (true, "structural_subsumption_gf")
info: Theories/Bimodal/Automation/DatasetGenerator.lean:1067:0: some (true, "structural_subsumption_hp")
info: Theories/Bimodal/Automation/DatasetGenerator.lean:1071:0: some (true, "structural_identity")
info: Theories/Bimodal/Automation/DatasetGenerator.lean:1075:0: none
info: Theories/Bimodal/Automation/DatasetGenerator.lean:1079:0: none
info: Theories/Bimodal/Automation/DatasetGenerator.lean:1085:0: [(Bimodal.Syntax.Formula.imp
    (Bimodal.Syntax.Formula.atom { base := "p", fresh_index := none })
    (Bimodal.Syntax.Formula.atom { base := "q", fresh_index := none }),
  Bimodal.Metalogic.Decidability.Sign.pos),
 (Bimodal.Syntax.Formula.atom { base := "p", fresh_index := none }, Bimodal.Metalogic.Decidability.Sign.neg),
 (Bimodal.Syntax.Formula.atom { base := "q", fresh_index := none }, Bimodal.Metalogic.Decidability.Sign.pos)]
info: Theories/Bimodal/Automation/DatasetGenerator.lean:1087:0: [(Bimodal.Syntax.Formula.imp
    (Bimodal.Syntax.Formula.atom { base := "p", fresh_index := none })
    (Bimodal.Syntax.Formula.bot),
  Bimodal.Metalogic.Decidability.Sign.pos),
 (Bimodal.Syntax.Formula.atom { base := "p", fresh_index := none }, Bimodal.Metalogic.Decidability.Sign.neg),
 (Bimodal.Syntax.Formula.bot, Bimodal.Metalogic.Decidability.Sign.pos)]
info: Theories/Bimodal/Automation/DatasetGenerator.lean:1091:0: false
info: Theories/Bimodal/Automation/DatasetGenerator.lean:1093:0: true
info: Theories/Bimodal/Automation/DatasetGenerator.lean:1097:0: true
info: Theories/Bimodal/Automation/DatasetGenerator.lean:1099:0: some (true, "structural_polarity_drop_tautology")
info: Theories/Bimodal/Automation/DatasetGenerator.lean:1103:0: some (true, "structural_polarity_bot_neg")
info: Theories/Bimodal/Automation/DatasetGenerator.lean:1107:0: true
info: Theories/Bimodal/Automation/DatasetGenerator.lean:1108:0: true
info: Theories/Bimodal/Automation/DatasetGenerator.lean:1109:0: false
info: Theories/Bimodal/Automation/DatasetGenerator.lean:1110:0: some (true, "structural_prop_contradiction")
info: Theories/Bimodal/Automation/DatasetGenerator.lean:1114:0: true
info: Theories/Bimodal/Automation/DatasetGenerator.lean:1115:0: true
info: Theories/Bimodal/Automation/DatasetGenerator.lean:1116:0: some (true, "structural_tautology")
info: Theories/Bimodal/Automation/DatasetGenerator.lean:1117:0: some (true, "structural_tautology")
info: Theories/Bimodal/Automation/DatasetGenerator.lean:1122:0: true
info: Theories/Bimodal/Automation/DatasetGenerator.lean:1123:0: true
info: Theories/Bimodal/Automation/DatasetGenerator.lean:1124:0: true
info: Theories/Bimodal/Automation/DatasetGenerator.lean:1125:0: true
info: Theories/Bimodal/Automation/DatasetGenerator.lean:1126:0: true
info: Theories/Bimodal/Automation/DatasetGenerator.lean:1127:0: true
info: Theories/Bimodal/Automation/DatasetGenerator.lean:1129:0: false
info: Theories/Bimodal/Automation/DatasetGenerator.lean:1130:0: false
info: Theories/Bimodal/Automation/DatasetGenerator.lean:1131:0: false
info: Theories/Bimodal/Automation/DatasetGenerator.lean:1132:0: false
info: Theories/Bimodal/Automation/DatasetGenerator.lean:1135:0: true
info: Theories/Bimodal/Automation/DatasetGenerator.lean:1136:0: true
info: Theories/Bimodal/Automation/DatasetGenerator.lean:1137:0: true
info: Theories/Bimodal/Automation/DatasetGenerator.lean:1138:0: true
info: Theories/Bimodal/Automation/DatasetGenerator.lean:1139:0: true
info: Theories/Bimodal/Automation/DatasetGenerator.lean:1142:0: false
info: Theories/Bimodal/Automation/DatasetGenerator.lean:1144:0: false
info: Theories/Bimodal/Automation/DatasetGenerator.lean:1145:0: false
info: Theories/Bimodal/Automation/DatasetGenerator.lean:1146:0: false
info: Theories/Bimodal/Automation/DatasetGenerator.lean:1149:0: true
info: Theories/Bimodal/Automation/DatasetGenerator.lean:1150:0: true
info: Theories/Bimodal/Automation/DatasetGenerator.lean:1151:0: true
info: Theories/Bimodal/Automation/DatasetGenerator.lean:1152:0: true
info: Theories/Bimodal/Automation/DatasetGenerator.lean:1153:0: true
info: Theories/Bimodal/Automation/DatasetGenerator.lean:1155:0: false
info: Theories/Bimodal/Automation/DatasetGenerator.lean:1156:0: false
info: Theories/Bimodal/Automation/DatasetGenerator.lean:1157:0: false
info: Theories/Bimodal/Automation/DatasetGenerator.lean:1158:0: false
info: Theories/Bimodal/Automation/DatasetGenerator.lean:1161:0: true
info: Theories/Bimodal/Automation/DatasetGenerator.lean:1163:0: true
info: Theories/Bimodal/Automation/DatasetGenerator.lean:1165:0: true
info: Theories/Bimodal/Automation/DatasetGenerator.lean:1167:0: true
info: Theories/Bimodal/Automation/DatasetGenerator.lean:1170:0: false
info: Theories/Bimodal/Automation/DatasetGenerator.lean:1172:0: false
info: Theories/Bimodal/Automation/DatasetGenerator.lean:1174:0: false
info: Theories/Bimodal/Automation/DatasetGenerator.lean:1175:0: false
info: Theories/Bimodal/Automation/DatasetGenerator.lean:1178:0: some (false, "invalid_satisfiable_neg")
info: Theories/Bimodal/Automation/DatasetGenerator.lean:1180:0: some (false, "invalid_satisfiable_neg")
info: Theories/Bimodal/Automation/DatasetGenerator.lean:1182:0: some (false, "invalid_false_consequent")
info: Theories/Bimodal/Automation/DatasetGenerator.lean:1184:0: some (false, "invalid_unfulfillable_eventuality")
info: Theories/Bimodal/Automation/DatasetGenerator.lean:1186:0: none
info: Theories/Bimodal/Automation/DatasetGenerator.lean:1188:0: none
info: Theories/Bimodal/Automation/DatasetGenerator.lean:1190:0: none
info: Theories/Bimodal/Automation/DatasetGenerator.lean:1194:0: (2, 0)
info: Theories/Bimodal/Automation/DatasetGenerator.lean:1938:0: [proof-first] Seeding: 10/100, pool size: 10, elapsed: 1ms
[proof-first] Seeding: 20/100, pool size: 19, elapsed: 2ms
[proof-first] Seeding: 30/100, pool size: 28, elapsed: 4ms
[proof-first] Seeding: 40/100, pool size: 36, elapsed: 4ms
[proof-first] Seeding: 50/100, pool size: 45, elapsed: 4ms
[proof-first] Seeding: 60/100, pool size: 53, elapsed: 6ms
[proof-first] Seeding: 70/100, pool size: 60, elapsed: 7ms
[proof-first] Seeding: 80/100, pool size: 66, elapsed: 7ms
[proof-first] Seeding: 90/100, pool size: 73, elapsed: 8ms
[proof-first] Seeding: 100/100, pool size: 80, elapsed: 8ms
[proof-first] Ex-falso cap applied in 0ms, pool size: 80
[proof-first] depth=0 pool=200 (+120, 150% growth) elapsed=17ms
[proof-first] Generation complete: 200 theorems in 25ms
[test] Pool generation: 200 entries (expected > 0)
[test] PASS: pool is non-empty
info: Theories/Bimodal/Automation/DatasetGenerator.lean:1954:0: [proof-first] Seeding: 10/100, pool size: 10, elapsed: 0ms
[proof-first] Seeding: 20/100, pool size: 17, elapsed: 1ms
[proof-first] Seeding: 30/100, pool size: 25, elapsed: 1ms
[proof-first] Seeding: 40/100, pool size: 34, elapsed: 2ms
[proof-first] Seeding: 50/100, pool size: 43, elapsed: 2ms
[proof-first] Seeding: 60/100, pool size: 49, elapsed: 3ms
[proof-first] Seeding: 70/100, pool size: 57, elapsed: 3ms
[proof-first] Seeding: 80/100, pool size: 67, elapsed: 4ms
[proof-first] Seeding: 90/100, pool size: 75, elapsed: 4ms
[proof-first] Seeding: 100/100, pool size: 84, elapsed: 4ms
[proof-first] Ex-falso cap applied in 0ms, pool size: 84
[proof-first] depth=0 pool=200 (+116, 138% growth) elapsed=14ms
[proof-first] Generation complete: 200 theorems in 18ms
[test] Pool contains (p → p): false
[test] Hybrid label for (p → p): Bimodal.Automation.FormulaLabel.valid, method: structural_prefilter
[test] PASS: hybrid mode correctly labels (p → p) as valid
info: Theories/Bimodal/Automation/DatasetGenerator.lean:1978:0: [test] Hybrid fallthrough: label=Bimodal.Automation.FormulaLabel.timeout, method=adaptive_timeout
[test] PASS: hybrid mode fell through to tableau (not proof_first)
info: Theories/Bimodal/Automation/DatasetGenerator.lean:1996:0: [proof-first] Seeding: 20/200, pool size: 19, elapsed: 1ms
[proof-first] Seeding: 40/200, pool size: 32, elapsed: 3ms
[proof-first] Seeding: 60/200, pool size: 47, elapsed: 4ms
[proof-first] Seeding: 80/200, pool size: 66, elapsed: 7ms
[proof-first] Seeding: 100/200, pool size: 84, elapsed: 8ms
[proof-first] Seeding: 120/200, pool size: 97, elapsed: 12ms
[proof-first] Seeding: 140/200, pool size: 115, elapsed: 14ms
[proof-first] Seeding: 160/200, pool size: 132, elapsed: 15ms
[proof-first] Seeding: 180/200, pool size: 146, elapsed: 16ms
[proof-first] Seeding: 200/200, pool size: 158, elapsed: 17ms
[proof-first] Ex-falso cap applied in 0ms, pool size: 158
[proof-first] depth=0 pool=500 (+342, 216% growth) elapsed=47ms
[proof-first] Generation complete: 500 theorems in 64ms
[test] Pool size: 500
[test] OK: (p → p) -> Bimodal.Automation.FormulaLabel.valid (ex: structural_prefilter, hy: structural_prefilter)
[test] OK: (□p → p) -> Bimodal.Automation.FormulaLabel.valid (ex: structural_prefilter, hy: structural_prefilter)
[test] OK: (U(p, q) → U(q, (⊥ → ⊥))) -> Bimodal.Automation.FormulaLabel.valid (ex: structural_prefilter, hy: structural_prefilter)
[test] OK: (S(p, q) → S(q, (⊥ → ⊥))) -> Bimodal.Automation.FormulaLabel.valid (ex: structural_prefilter, hy: structural_prefilter)
[test] OK: (p → q) -> Bimodal.Automation.FormulaLabel.invalid (ex: adaptive_240, hy: adaptive_240)
[test] OK: (U(p, q) → U(r, q)) -> Bimodal.Automation.FormulaLabel.timeout (ex: adaptive_timeout, hy: adaptive_timeout)
[test] OK: (p → (q → q)) -> Bimodal.Automation.FormulaLabel.valid (ex: structural_prefilter, hy: structural_prefilter)
[test] OK: (□⊥ → q) -> Bimodal.Automation.FormulaLabel.valid (ex: structural_prefilter, hy: structural_prefilter)
[test] Prefilter hits: 6, Pool hits: 0
[test] PASS: all labels match between exhaustive and hybrid modes
info: Theories/Bimodal/Automation/DatasetGenerator.lean:2060:0: [test] OK: (p → ⊥) -> invalid via structural_invalid_prefilter:invalid_satisfiable_neg
[test] OK: (p → U(⊥, q)) -> invalid via structural_invalid_prefilter:invalid_satisfiable_neg
[test] OK: (□p → ⊥) -> invalid via structural_invalid_prefilter:invalid_satisfiable_neg
[test] OK: (U(p, q) → U(⊥, r)) -> invalid via structural_invalid_prefilter:invalid_false_consequent
[test] OK: ((U(((p → ⊥) → ⊥), (⊥ → ⊥)) → ⊥) → U(p, q)) -> invalid via structural_invalid_prefilter:invalid_unfulfillable_eventuality
[test] OK: (p → p) -> Bimodal.Automation.FormulaLabel.valid via structural_prefilter (not invalid prefilter)
[test] OK: (□⊥ → q) -> Bimodal.Automation.FormulaLabel.valid via structural_prefilter (not invalid prefilter)
[test] OK: (U(⊥, p) → U(⊥, q)) -> Bimodal.Automation.FormulaLabel.valid via structural_prefilter (not invalid prefilter)
[test] OK: (p → (q → q)) -> Bimodal.Automation.FormulaLabel.valid via structural_prefilter (not invalid prefilter)
[test] PASS: all invalid prefilter integration tests pass
info: Theories/Bimodal/Automation/DatasetGenerator.lean:2106:0: [test] OK: (p → ⊥) — prefilter=invalid, tableau=Bimodal.Automation.FormulaLabel.invalid
[test] OK: (□p → ⊥) — prefilter=invalid, tableau=Bimodal.Automation.FormulaLabel.invalid
[test] OK: (p → U(⊥, q)) — prefilter=invalid, tableau=Bimodal.Automation.FormulaLabel.invalid
[test] OK: (p → □⊥) — prefilter=invalid, tableau=Bimodal.Automation.FormulaLabel.invalid
[test] OK: (((p → (q → ⊥)) → ⊥) → ⊥) — prefilter=invalid, tableau=Bimodal.Automation.FormulaLabel.invalid
[test] OK: (□□p → U(⊥, q)) — prefilter=invalid, tableau=Bimodal.Automation.FormulaLabel.invalid
[test] OK: ((⊥ → ⊥) → ⊥) — prefilter=invalid, tableau=Bimodal.Automation.FormulaLabel.invalid
[test] OK: (p → S(⊥, q)) — prefilter=invalid, tableau=Bimodal.Automation.FormulaLabel.invalid
[test] OK: (((p → ((q → ⊥) → ⊥)) → ⊥) → ⊥) — prefilter=invalid, tableau=Bimodal.Automation.FormulaLabel.invalid
[test] OK: (U(p, q) → U(⊥, r)) — prefilter=invalid, tableau=Bimodal.Automation.FormulaLabel.invalid
[test] PASS: all cross-validation tests agree
info: Theories/Bimodal/Automation/DatasetGenerator.lean:2142:0: [test] OK: (p → p) — not caught by invalid prefilter
[test] OK: (□⊥ → q) — not caught by invalid prefilter
[test] OK: (p → (q → q)) — not caught by invalid prefilter
[test] OK: (□p → p) — not caught by invalid prefilter
[test] OK: (□p → □□p) — not caught by invalid prefilter
[test] OK: ((U((p → ⊥), (⊥ → ⊥)) → ⊥) → p) — not caught by invalid prefilter
[test] OK: ((U((p → ⊥), (⊥ → ⊥)) → ⊥) → U(p, (⊥ → ⊥))) — not caught by invalid prefilter
[test] OK: (U(p, q) → U(q, (⊥ → ⊥))) — not caught by invalid prefilter
[test] OK: (S(p, q) → S(q, (⊥ → ⊥))) — not caught by invalid prefilter
[test] OK: (U(⊥, p) → U(⊥, q)) — not caught by invalid prefilter
[test] PASS: no valid formulas mislabeled by invalid prefilter
info: Theories/Bimodal/Automation/DatasetGenerator.lean:2171:0: [test] ⊥ → ⊥: none (expected: none — vacuously valid)
[test] ⊤ → ⊥: some (false, "invalid_satisfiable_neg") (expected: some (false, invalid_satisfiable_neg))
[test] □⊥ → U(⊥,p): none (expected: none — vacuously valid)
[test] p → □⊥: some (false, "invalid_satisfiable_neg") (expected: some (false, invalid_satisfiable_neg))
[test] PASS: all edge case tests correct
warning: Theories/Bimodal/Automation/DatasetGenerator.lean:2173:6: Variable name `q` is not explicitly referenced.

Hint: The binding can be removed (if unused) or named `_` (if used implicitly). Alternatively, prefix the name with `_` to silence this warning:
  [apply] _q

Note: This linter can be disabled with `set_option linter.unusedVariables false`
Build completed successfully (1877 jobs).
