Running linter on specified modules: [Bimodal]
-- Found 1328 errors in 6520 declarations (plus 13047 automatically generated ones) in Bimodal with 14 linters

/- The `defsWithUnderscore` linter reports:
FOUND definitions with an underscore in their name.
This linter can be disabled with `@[nolint defsWithUnderscore]`. -/
-- Bimodal.Automation.AesopRules
/home/benjamin/Projects/BimodalLogic/Theories/Bimodal/Automation/AesopRules.lean:71:1: error: Bimodal.Automation.axiom_modal_t The definition `Bimodal.Automation.axiom_modal_t` contains an underscore. This almost surely violates mathlib's naming convention; use lowerCamelCase or UpperCamelCase instead.
/home/benjamin/Projects/BimodalLogic/Theories/Bimodal/Automation/AesopRules.lean:77:1: error: Bimodal.Automation.axiom_prop_k The definition `Bimodal.Automation.axiom_prop_k` contains an underscore. This almost surely violates mathlib's naming convention; use lowerCamelCase or UpperCamelCase instead.
/home/benjamin/Projects/BimodalLogic/Theories/Bimodal/Automation/AesopRules.lean:83:1: error: Bimodal.Automation.axiom_prop_s The definition `Bimodal.Automation.axiom_prop_s` contains an underscore. This almost surely violates mathlib's naming convention; use lowerCamelCase or UpperCamelCase instead.
/home/benjamin/Projects/BimodalLogic/Theories/Bimodal/Automation/AesopRules.lean:89:1: error: Bimodal.Automation.axiom_modal_4 The definition `Bimodal.Automation.axiom_modal_4` contains an underscore. This almost surely violates mathlib's naming convention; use lowerCamelCase or UpperCamelCase instead.
/home/benjamin/Projects/BimodalLogic/Theories/Bimodal/Automation/AesopRules.lean:95:1: error: Bimodal.Automation.axiom_modal_b The definition `Bimodal.Automation.axiom_modal_b` contains an underscore. This almost surely violates mathlib's naming convention; use lowerCamelCase or UpperCamelCase instead.
/home/benjamin/Projects/BimodalLogic/Theories/Bimodal/Automation/AesopRules.lean:101:1: error: Bimodal.Automation.axiom_temp_4 The definition `Bimodal.Automation.axiom_temp_4` contains an underscore. This almost surely violates mathlib's naming convention; use lowerCamelCase or UpperCamelCase instead.
/home/benjamin/Projects/BimodalLogic/Theories/Bimodal/Automation/AesopRules.lean:107:1: error: Bimodal.Automation.axiom_temp_a The definition `Bimodal.Automation.axiom_temp_a` contains an underscore. This almost surely violates mathlib's naming convention; use lowerCamelCase or UpperCamelCase instead.
/home/benjamin/Projects/BimodalLogic/Theories/Bimodal/Automation/AesopRules.lean:120:1: error: @Bimodal.Automation.modal_t_forward The definition `Bimodal.Automation.modal_t_forward` contains an underscore. This almost surely violates mathlib's naming convention; use lowerCamelCase or UpperCamelCase instead.
/home/benjamin/Projects/BimodalLogic/Theories/Bimodal/Automation/AesopRules.lean:132:1: error: @Bimodal.Automation.modal_4_forward The definition `Bimodal.Automation.modal_4_forward` contains an underscore. This almost surely violates mathlib's naming convention; use lowerCamelCase or UpperCamelCase instead.
/home/benjamin/Projects/BimodalLogic/Theories/Bimodal/Automation/AesopRules.lean:144:1: error: @Bimodal.Automation.modal_b_forward The definition `Bimodal.Automation.modal_b_forward` contains an underscore. This almost surely violates mathlib's naming convention; use lowerCamelCase or UpperCamelCase instead.
/home/benjamin/Projects/BimodalLogic/Theories/Bimodal/Automation/AesopRules.lean:156:1: error: @Bimodal.Automation.temp_4_forward The definition `Bimodal.Automation.temp_4_forward` contains an underscore. This almost surely violates mathlib's naming convention; use lowerCamelCase or UpperCamelCase instead.
/home/benjamin/Projects/BimodalLogic/Theories/Bimodal/Automation/AesopRules.lean:168:1: error: @Bimodal.Automation.temp_a_forward The definition `Bimodal.Automation.temp_a_forward` contains an underscore. This almost surely violates mathlib's naming convention; use lowerCamelCase or UpperCamelCase instead.
/home/benjamin/Projects/BimodalLogic/Theories/Bimodal/Automation/AesopRules.lean:180:1: error: @Bimodal.Automation.prop_k_forward The definition `Bimodal.Automation.prop_k_forward` contains an underscore. This almost surely violates mathlib's naming convention; use lowerCamelCase or UpperCamelCase instead.
/home/benjamin/Projects/BimodalLogic/Theories/Bimodal/Automation/AesopRules.lean:192:1: error: @Bimodal.Automation.prop_s_forward The definition `Bimodal.Automation.prop_s_forward` contains an underscore. This almost surely violates mathlib's naming convention; use lowerCamelCase or UpperCamelCase instead.
/home/benjamin/Projects/BimodalLogic/Theories/Bimodal/Automation/AesopRules.lean:210:1: error: @Bimodal.Automation.apply_modus_ponens The definition `Bimodal.Automation.apply_modus_ponens` contains an underscore. This almost surely violates mathlib's naming convention; use lowerCamelCase or UpperCamelCase instead.
/home/benjamin/Projects/BimodalLogic/Theories/Bimodal/Automation/AesopRules.lean:220:1: error: @Bimodal.Automation.apply_modal_k The definition `Bimodal.Automation.apply_modal_k` contains an underscore. This almost surely violates mathlib's naming convention; use lowerCamelCase or UpperCamelCase instead.
/home/benjamin/Projects/BimodalLogic/Theories/Bimodal/Automation/AesopRules.lean:230:1: error: @Bimodal.Automation.apply_temporal_k The definition `Bimodal.Automation.apply_temporal_k` contains an underscore. This almost surely violates mathlib's naming convention; use lowerCamelCase or UpperCamelCase instead.
/home/benjamin/Projects/BimodalLogic/Theories/Bimodal/Automation/AesopRules.lean:246:1: error: Bimodal.Automation.normalize_diamond The definition `Bimodal.Automation.normalize_diamond` contains an underscore. This almost surely violates mathlib's naming convention; use lowerCamelCase or UpperCamelCase instead.
/home/benjamin/Projects/BimodalLogic/Theories/Bimodal/Automation/AesopRules.lean:254:1: error: Bimodal.Automation.normalize_always The definition `Bimodal.Automation.normalize_always` contains an underscore. This almost surely violates mathlib's naming convention; use lowerCamelCase or UpperCamelCase instead.
/home/benjamin/Projects/BimodalLogic/Theories/Bimodal/Automation/AesopRules.lean:262:1: error: Bimodal.Automation.normalize_sometimes The definition `Bimodal.Automation.normalize_sometimes` contains an underscore. This almost surely violates mathlib's naming convention; use lowerCamelCase or UpperCamelCase instead.
/home/benjamin/Projects/BimodalLogic/Theories/Bimodal/Automation/AesopRules.lean:270:1: error: Bimodal.Automation.normalize_some_past The definition `Bimodal.Automation.normalize_some_past` contains an underscore. This almost surely violates mathlib's naming convention; use lowerCamelCase or UpperCamelCase instead.

-- Bimodal.Automation.DatasetGenerator
/home/benjamin/Projects/BimodalLogic/Theories/Bimodal/Automation/DatasetGenerator.lean:105:3: error: Bimodal.Automation.ProofTrace.axioms_used The definition `Bimodal.Automation.ProofTrace.axioms_used` contains an underscore. This almost surely violates mathlib's naming convention; use lowerCamelCase or UpperCamelCase instead.
/home/benjamin/Projects/BimodalLogic/Theories/Bimodal/Automation/DatasetGenerator.lean:107:3: error: Bimodal.Automation.ProofTrace.rules_applied The definition `Bimodal.Automation.ProofTrace.rules_applied` contains an underscore. This almost surely violates mathlib's naming convention; use lowerCamelCase or UpperCamelCase instead.

-- Bimodal.Automation.EFGameTactics
/home/benjamin/Projects/BimodalLogic/Theories/Bimodal/Automation/EFGameTactics.lean:113:1: error: Bimodal.Metalogic.WeakCanonical.tacticOrder_refl The definition `Bimodal.Metalogic.WeakCanonical.tacticOrder_refl` contains an underscore. This almost surely violates mathlib's naming convention; use lowerCamelCase or UpperCamelCase instead.
/home/benjamin/Projects/BimodalLogic/Theories/Bimodal/Automation/EFGameTactics.lean:217:1: error: Bimodal.Metalogic.WeakCanonical.tacticOrder_rev The definition `Bimodal.Metalogic.WeakCanonical.tacticOrder_rev` contains an underscore. This almost surely violates mathlib's naming convention; use lowerCamelCase or UpperCamelCase instead.
/home/benjamin/Projects/BimodalLogic/Theories/Bimodal/Automation/EFGameTactics.lean:291:1: error: Bimodal.Metalogic.WeakCanonical.tacticSame_order_type_grid The definition `Bimodal.Metalogic.WeakCanonical.tacticSame_order_type_grid` contains an underscore. This almost surely violates mathlib's naming convention; use lowerCamelCase or UpperCamelCase instead.
/home/benjamin/Projects/BimodalLogic/Theories/Bimodal/Automation/EFGameTactics.lean:309:1: error: Bimodal.Metalogic.WeakCanonical.tacticSame_order_type_grid_uh The definition `Bimodal.Metalogic.WeakCanonical.tacticSame_order_type_grid_uh` contains an underscore. This almost surely violates mathlib's naming convention; use lowerCamelCase or UpperCamelCase instead.

-- Bimodal.Automation.InterestingnessMetrics
/home/benjamin/Projects/BimodalLogic/Theories/Bimodal/Automation/InterestingnessMetrics.lean:48:3: error: Bimodal.Automation.InterestingnessMetrics.ProofData.axioms_used The definition `Bimodal.Automation.InterestingnessMetrics.ProofData.axioms_used` contains an underscore. This almost surely violates mathlib's naming convention; use lowerCamelCase or UpperCamelCase instead.
/home/benjamin/Projects/BimodalLogic/Theories/Bimodal/Automation/InterestingnessMetrics.lean:50:3: error: Bimodal.Automation.InterestingnessMetrics.ProofData.rules_applied The definition `Bimodal.Automation.InterestingnessMetrics.ProofData.rules_applied` contains an underscore. This almost surely violates mathlib's naming convention; use lowerCamelCase or UpperCamelCase instead.
/home/benjamin/Projects/BimodalLogic/Theories/Bimodal/Automation/InterestingnessMetrics.lean:373:3: error: Bimodal.Automation.InterestingnessMetrics.InterestingnessWeights.w_OD The definition `Bimodal.Automation.InterestingnessMetrics.InterestingnessWeights.w_OD` contains an underscore. This almost surely violates mathlib's naming convention; use lowerCamelCase or UpperCamelCase instead.
/home/benjamin/Projects/BimodalLogic/Theories/Bimodal/Automation/InterestingnessMetrics.lean:375:3: error: Bimodal.Automation.InterestingnessMetrics.InterestingnessWeights.w_PDR The definition `Bimodal.Automation.InterestingnessMetrics.InterestingnessWeights.w_PDR` contains an underscore. This almost surely violates mathlib's naming convention; use lowerCamelCase or UpperCamelCase instead.
/home/benjamin/Projects/BimodalLogic/Theories/Bimodal/Automation/InterestingnessMetrics.lean:377:3: error: Bimodal.Automation.InterestingnessMetrics.InterestingnessWeights.w_PRD The definition `Bimodal.Automation.InterestingnessMetrics.InterestingnessWeights.w_PRD` contains an underscore. This almost surely violates mathlib's naming convention; use lowerCamelCase or UpperCamelCase instead.
/home/benjamin/Projects/BimodalLogic/Theories/Bimodal/Automation/InterestingnessMetrics.lean:379:3: error: Bimodal.Automation.InterestingnessMetrics.InterestingnessWeights.w_ALD The definition `Bimodal.Automation.InterestingnessMetrics.InterestingnessWeights.w_ALD` contains an underscore. This almost surely violates mathlib's naming convention; use lowerCamelCase or UpperCamelCase instead.
/home/benjamin/Projects/BimodalLogic/Theories/Bimodal/Automation/InterestingnessMetrics.lean:381:3: error: Bimodal.Automation.InterestingnessMetrics.InterestingnessWeights.w_IAD The definition `Bimodal.Automation.InterestingnessMetrics.InterestingnessWeights.w_IAD` contains an underscore. This almost surely violates mathlib's naming convention; use lowerCamelCase or UpperCamelCase instead.
/home/benjamin/Projects/BimodalLogic/Theories/Bimodal/Automation/InterestingnessMetrics.lean:383:3: error: Bimodal.Automation.InterestingnessMetrics.InterestingnessWeights.w_SS The definition `Bimodal.Automation.InterestingnessMetrics.InterestingnessWeights.w_SS` contains an underscore. This almost surely violates mathlib's naming convention; use lowerCamelCase or UpperCamelCase instead.
/home/benjamin/Projects/BimodalLogic/Theories/Bimodal/Automation/InterestingnessMetrics.lean:385:3: error: Bimodal.Automation.InterestingnessMetrics.InterestingnessWeights.w_PR The definition `Bimodal.Automation.InterestingnessMetrics.InterestingnessWeights.w_PR` contains an underscore. This almost surely violates mathlib's naming convention; use lowerCamelCase or UpperCamelCase instead.

-- Bimodal.Automation.LemmaDB
/home/benjamin/Projects/BimodalLogic/Theories/Bimodal/Automation/LemmaDB.lean:34:1: error: Bimodal.Automation.LemmaDB.Parser.Attr.tm_lemma The definition `Bimodal.Automation.LemmaDB.Parser.Attr.tm_lemma` contains an underscore. This almost surely violates mathlib's naming convention; use lowerCamelCase or UpperCamelCase instead.

-- Bimodal.Automation.Normalization
/home/benjamin/Projects/BimodalLogic/Theories/Bimodal/Automation/Normalization.lean:172:1: error: Bimodal.Automation.Normalization.tacticModal_norm The definition `Bimodal.Automation.Normalization.tacticModal_norm` contains an underscore. This almost surely violates mathlib's naming convention; use lowerCamelCase or UpperCamelCase instead.
/home/benjamin/Projects/BimodalLogic/Theories/Bimodal/Automation/Normalization.lean:183:1: error: Bimodal.Automation.Normalization.tacticProp_norm The definition `Bimodal.Automation.Normalization.tacticProp_norm` contains an underscore. This almost surely violates mathlib's naming convention; use lowerCamelCase or UpperCamelCase instead.
/home/benjamin/Projects/BimodalLogic/Theories/Bimodal/Automation/Normalization.lean:187:1: error: Bimodal.Automation.Normalization.tacticModal_op_norm The definition `Bimodal.Automation.Normalization.tacticModal_op_norm` contains an underscore. This almost surely violates mathlib's naming convention; use lowerCamelCase or UpperCamelCase instead.
/home/benjamin/Projects/BimodalLogic/Theories/Bimodal/Automation/Normalization.lean:192:1: error: Bimodal.Automation.Normalization.tacticTemporal_norm The definition `Bimodal.Automation.Normalization.tacticTemporal_norm` contains an underscore. This almost surely violates mathlib's naming convention; use lowerCamelCase or UpperCamelCase instead.
/home/benjamin/Projects/BimodalLogic/Theories/Bimodal/Automation/Normalization.lean:214:1: error: Bimodal.Automation.Normalization.tacticModal_norm_all The definition `Bimodal.Automation.Normalization.tacticModal_norm_all` contains an underscore. This almost surely violates mathlib's naming convention; use lowerCamelCase or UpperCamelCase instead.
/home/benjamin/Projects/BimodalLogic/Theories/Bimodal/Automation/Normalization.lean:837:1: error: Bimodal.Automation.Normalization.tacticModal_fold The definition `Bimodal.Automation.Normalization.tacticModal_fold` contains an underscore. This almost surely violates mathlib's naming convention; use lowerCamelCase or UpperCamelCase instead.

-- Bimodal.Automation.ProofSearch.Core
/home/benjamin/Projects/BimodalLogic/Theories/Bimodal/Automation/ProofSearch/Core.lean:689:1: error: Bimodal.Automation.matches_axiom The definition `Bimodal.Automation.matches_axiom` contains an underscore. This almost surely violates mathlib's naming convention; use lowerCamelCase or UpperCamelCase instead.
/home/benjamin/Projects/BimodalLogic/Theories/Bimodal/Automation/ProofSearch/Core.lean:699:1: error: Bimodal.Automation.find_implications_to The definition `Bimodal.Automation.find_implications_to` contains an underscore. This almost surely violates mathlib's naming convention; use lowerCamelCase or UpperCamelCase instead.
/home/benjamin/Projects/BimodalLogic/Theories/Bimodal/Automation/ProofSearch/Core.lean:723:1: error: Bimodal.Automation.box_context The definition `Bimodal.Automation.box_context` contains an underscore. This almost surely violates mathlib's naming convention; use lowerCamelCase or UpperCamelCase instead.
/home/benjamin/Projects/BimodalLogic/Theories/Bimodal/Automation/ProofSearch/Core.lean:743:1: error: Bimodal.Automation.future_context The definition `Bimodal.Automation.future_context` contains an underscore. This almost surely violates mathlib's naming convention; use lowerCamelCase or UpperCamelCase instead.
/home/benjamin/Projects/BimodalLogic/Theories/Bimodal/Automation/ProofSearch/Core.lean:770:1: error: Bimodal.Automation.modal_heuristic_bonus The definition `Bimodal.Automation.modal_heuristic_bonus` contains an underscore. This almost surely violates mathlib's naming convention; use lowerCamelCase or UpperCamelCase instead.
/home/benjamin/Projects/BimodalLogic/Theories/Bimodal/Automation/ProofSearch/Core.lean:787:1: error: Bimodal.Automation.temporal_heuristic_bonus The definition `Bimodal.Automation.temporal_heuristic_bonus` contains an underscore. This almost surely violates mathlib's naming convention; use lowerCamelCase or UpperCamelCase instead.
/home/benjamin/Projects/BimodalLogic/Theories/Bimodal/Automation/ProofSearch/Core.lean:808:1: error: Bimodal.Automation.structure_heuristic The definition `Bimodal.Automation.structure_heuristic` contains an underscore. This almost surely violates mathlib's naming convention; use lowerCamelCase or UpperCamelCase instead.
/home/benjamin/Projects/BimodalLogic/Theories/Bimodal/Automation/ProofSearch/Core.lean:824:1: error: @Bimodal.Automation.heuristic_score The definition `Bimodal.Automation.heuristic_score` contains an underscore. This almost surely violates mathlib's naming convention; use lowerCamelCase or UpperCamelCase instead.
/home/benjamin/Projects/BimodalLogic/Theories/Bimodal/Automation/ProofSearch/Core.lean:850:1: error: @Bimodal.Automation.advanced_heuristic_score The definition `Bimodal.Automation.advanced_heuristic_score` contains an underscore. This almost surely violates mathlib's naming convention; use lowerCamelCase or UpperCamelCase instead.
/home/benjamin/Projects/BimodalLogic/Theories/Bimodal/Automation/ProofSearch/Core.lean:900:1: error: @Bimodal.Automation.pattern_aware_score The definition `Bimodal.Automation.pattern_aware_score` contains an underscore. This almost surely violates mathlib's naming convention; use lowerCamelCase or UpperCamelCase instead.
/home/benjamin/Projects/BimodalLogic/Theories/Bimodal/Automation/ProofSearch/Core.lean:939:1: error: @Bimodal.Automation.bounded_search The definition `Bimodal.Automation.bounded_search` contains an underscore. This almost surely violates mathlib's naming convention; use lowerCamelCase or UpperCamelCase instead.
/home/benjamin/Projects/BimodalLogic/Theories/Bimodal/Automation/ProofSearch/Core.lean:1076:1: error: @Bimodal.Automation.bounded_search_with_proof The definition `Bimodal.Automation.bounded_search_with_proof` contains an underscore. This almost surely violates mathlib's naming convention; use lowerCamelCase or UpperCamelCase instead.
/home/benjamin/Projects/BimodalLogic/Theories/Bimodal/Automation/ProofSearch/Core.lean:1195:1: error: @Bimodal.Automation.iddfs_search The definition `Bimodal.Automation.iddfs_search` contains an underscore. This almost surely violates mathlib's naming convention; use lowerCamelCase or UpperCamelCase instead.
/home/benjamin/Projects/BimodalLogic/Theories/Bimodal/Automation/ProofSearch/Core.lean:1224:11: error: Bimodal.Automation.iddfs_search.iterate The definition `Bimodal.Automation.iddfs_search.iterate` contains an underscore. This almost surely violates mathlib's naming convention; use lowerCamelCase or UpperCamelCase instead.

-- Bimodal.Automation.ProofSearch.Strategies
/home/benjamin/Projects/BimodalLogic/Theories/Bimodal/Automation/ProofSearch/Strategies.lean:69:1: error: @Bimodal.Automation.bestFirst_search The definition `Bimodal.Automation.bestFirst_search` contains an underscore. This almost surely violates mathlib's naming convention; use lowerCamelCase or UpperCamelCase instead.
/home/benjamin/Projects/BimodalLogic/Theories/Bimodal/Automation/ProofSearch/Strategies.lean:101:11: error: Bimodal.Automation.bestFirst_search.searchLoop The definition `Bimodal.Automation.bestFirst_search.searchLoop` contains an underscore. This almost surely violates mathlib's naming convention; use lowerCamelCase or UpperCamelCase instead.
/home/benjamin/Projects/BimodalLogic/Theories/Bimodal/Automation/ProofSearch/Strategies.lean:233:1: error: @Bimodal.Automation.search_with_heuristics The definition `Bimodal.Automation.search_with_heuristics` contains an underscore. This almost surely violates mathlib's naming convention; use lowerCamelCase or UpperCamelCase instead.
/home/benjamin/Projects/BimodalLogic/Theories/Bimodal/Automation/ProofSearch/Strategies.lean:244:1: error: @Bimodal.Automation.search_with_cache The definition `Bimodal.Automation.search_with_cache` contains an underscore. This almost surely violates mathlib's naming convention; use lowerCamelCase or UpperCamelCase instead.
/home/benjamin/Projects/BimodalLogic/Theories/Bimodal/Automation/ProofSearch/Strategies.lean:278:1: error: @Bimodal.Automation.search_with_learning The definition `Bimodal.Automation.search_with_learning` contains an underscore. This almost surely violates mathlib's naming convention; use lowerCamelCase or UpperCamelCase instead.
/home/benjamin/Projects/BimodalLogic/Theories/Bimodal/Automation/ProofSearch/Strategies.lean:322:1: error: @Bimodal.Automation.batch_search_with_learning The definition `Bimodal.Automation.batch_search_with_learning` contains an underscore. This almost surely violates mathlib's naming convention; use lowerCamelCase or UpperCamelCase instead.
/home/benjamin/Projects/BimodalLogic/Theories/Bimodal/Automation/ProofSearch/Strategies.lean:352:1: error: Bimodal.Automation.pattern_stats The definition `Bimodal.Automation.pattern_stats` contains an underscore. This almost surely violates mathlib's naming convention; use lowerCamelCase or UpperCamelCase instead.

-- Bimodal.Automation.ProofStepExtractor
/home/benjamin/Projects/BimodalLogic/Theories/Bimodal/Automation/ProofStepExtractor.lean:137:3: error: Bimodal.Automation.ProofStepExtractor.ProofStep.goal_folded_json The definition `Bimodal.Automation.ProofStepExtractor.ProofStep.goal_folded_json` contains an underscore. This almost surely violates mathlib's naming convention; use lowerCamelCase or UpperCamelCase instead.

-- Bimodal.Automation.Tactics.Helpers
/home/benjamin/Projects/BimodalLogic/Theories/Bimodal/Automation/Tactics/Helpers.lean:97:1: error: Bimodal.Automation.tacticApply_axiom The definition `Bimodal.Automation.tacticApply_axiom` contains an underscore. This almost surely violates mathlib's naming convention; use lowerCamelCase or UpperCamelCase instead.
/home/benjamin/Projects/BimodalLogic/Theories/Bimodal/Automation/Tactics/Helpers.lean:114:1: error: Bimodal.Automation.tacticModal_t The definition `Bimodal.Automation.tacticModal_t` contains an underscore. This almost surely violates mathlib's naming convention; use lowerCamelCase or UpperCamelCase instead.
/home/benjamin/Projects/BimodalLogic/Theories/Bimodal/Automation/Tactics/Helpers.lean:139:1: error: Bimodal.Automation.tacticAssumption_search The definition `Bimodal.Automation.tacticAssumption_search` contains an underscore. This almost surely violates mathlib's naming convention; use lowerCamelCase or UpperCamelCase instead.
/home/benjamin/Projects/BimodalLogic/Theories/Bimodal/Automation/Tactics/Helpers.lean:176:1: error: Bimodal.Automation.is_box_formula The definition `Bimodal.Automation.is_box_formula` contains an underscore. This almost surely violates mathlib's naming convention; use lowerCamelCase or UpperCamelCase instead.
/home/benjamin/Projects/BimodalLogic/Theories/Bimodal/Automation/Tactics/Helpers.lean:203:1: error: Bimodal.Automation.is_future_formula The definition `Bimodal.Automation.is_future_formula` contains an underscore. This almost surely violates mathlib's naming convention; use lowerCamelCase or UpperCamelCase instead.
/home/benjamin/Projects/BimodalLogic/Theories/Bimodal/Automation/Tactics/Helpers.lean:230:1: error: Bimodal.Automation.extract_from_box The definition `Bimodal.Automation.extract_from_box` contains an underscore. This almost surely violates mathlib's naming convention; use lowerCamelCase or UpperCamelCase instead.
/home/benjamin/Projects/BimodalLogic/Theories/Bimodal/Automation/Tactics/Helpers.lean:258:1: error: Bimodal.Automation.extract_from_future The definition `Bimodal.Automation.extract_from_future` contains an underscore. This almost surely violates mathlib's naming convention; use lowerCamelCase or UpperCamelCase instead.
/home/benjamin/Projects/BimodalLogic/Theories/Bimodal/Automation/Tactics/Helpers.lean:341:1: error: Bimodal.Automation.tacticModal_k_tactic The definition `Bimodal.Automation.tacticModal_k_tactic` contains an underscore. This almost surely violates mathlib's naming convention; use lowerCamelCase or UpperCamelCase instead.
/home/benjamin/Projects/BimodalLogic/Theories/Bimodal/Automation/Tactics/Helpers.lean:361:1: error: Bimodal.Automation.tacticTemporal_k_tactic The definition `Bimodal.Automation.tacticTemporal_k_tactic` contains an underscore. This almost surely violates mathlib's naming convention; use lowerCamelCase or UpperCamelCase instead.
/home/benjamin/Projects/BimodalLogic/Theories/Bimodal/Automation/Tactics/Helpers.lean:387:1: error: Bimodal.Automation.tacticModal_4_tactic The definition `Bimodal.Automation.tacticModal_4_tactic` contains an underscore. This almost surely violates mathlib's naming convention; use lowerCamelCase or UpperCamelCase instead.
/home/benjamin/Projects/BimodalLogic/Theories/Bimodal/Automation/Tactics/Helpers.lean:439:1: error: Bimodal.Automation.tacticModal_b_tactic The definition `Bimodal.Automation.tacticModal_b_tactic` contains an underscore. This almost surely violates mathlib's naming convention; use lowerCamelCase or UpperCamelCase instead.

-- Bimodal.Automation.Tactics.PropDecide
/home/benjamin/Projects/BimodalLogic/Theories/Bimodal/Automation/Tactics/PropDecide.lean:102:1: error: Bimodal.Automation.tacticProp_decide The definition `Bimodal.Automation.tacticProp_decide` contains an underscore. This almost surely violates mathlib's naming convention; use lowerCamelCase or UpperCamelCase instead.

-- Bimodal.FrameConditions.Soundness
/home/benjamin/Projects/BimodalLogic/Theories/Bimodal/FrameConditions/Soundness.lean:46:1: error: Bimodal.FrameConditions.soundness_over The definition `Bimodal.FrameConditions.soundness_over` contains an underscore. This almost surely violates mathlib's naming convention; use lowerCamelCase or UpperCamelCase instead.

-- Bimodal.FrameConditions.Validity
/home/benjamin/Projects/BimodalLogic/Theories/Bimodal/FrameConditions/Validity.lean:46:1: error: Bimodal.FrameConditions.valid_over The definition `Bimodal.FrameConditions.valid_over` contains an underscore. This almost surely violates mathlib's naming convention; use lowerCamelCase or UpperCamelCase instead.
/home/benjamin/Projects/BimodalLogic/Theories/Bimodal/FrameConditions/Validity.lean:67:1: error: Bimodal.FrameConditions.valid_linear The definition `Bimodal.FrameConditions.valid_linear` contains an underscore. This almost surely violates mathlib's naming convention; use lowerCamelCase or UpperCamelCase instead.
/home/benjamin/Projects/BimodalLogic/Theories/Bimodal/FrameConditions/Validity.lean:78:1: error: Bimodal.FrameConditions.valid_dense_fc The definition `Bimodal.FrameConditions.valid_dense_fc` contains an underscore. This almost surely violates mathlib's naming convention; use lowerCamelCase or UpperCamelCase instead.
/home/benjamin/Projects/BimodalLogic/Theories/Bimodal/FrameConditions/Validity.lean:89:1: error: Bimodal.FrameConditions.valid_discrete_fc The definition `Bimodal.FrameConditions.valid_discrete_fc` contains an underscore. This almost surely violates mathlib's naming convention; use lowerCamelCase or UpperCamelCase instead.
/home/benjamin/Projects/BimodalLogic/Theories/Bimodal/FrameConditions/Validity.lean:191:1: error: Bimodal.FrameConditions.valid_over_Int The definition `Bimodal.FrameConditions.valid_over_Int` contains an underscore. This almost surely violates mathlib's naming convention; use lowerCamelCase or UpperCamelCase instead.

-- Bimodal.Metalogic.Algebraic.InteriorOperators
/home/benjamin/Projects/BimodalLogic/Theories/Bimodal/Metalogic/Algebraic/InteriorOperators.lean:133:1: error: Bimodal.Metalogic.Algebraic.InteriorOperators.box_interior The definition `Bimodal.Metalogic.Algebraic.InteriorOperators.box_interior` contains an underscore. This almost surely violates mathlib's naming convention; use lowerCamelCase or UpperCamelCase instead.

-- Bimodal.Metalogic.Algebraic.LindenbaumQuotient
/home/benjamin/Projects/BimodalLogic/Theories/Bimodal/Metalogic/Algebraic/LindenbaumQuotient.lean:257:1: error: Bimodal.Metalogic.Algebraic.LindenbaumQuotient.neg_quot The definition `Bimodal.Metalogic.Algebraic.LindenbaumQuotient.neg_quot` contains an underscore. This almost surely violates mathlib's naming convention; use lowerCamelCase or UpperCamelCase instead.
/home/benjamin/Projects/BimodalLogic/Theories/Bimodal/Metalogic/Algebraic/LindenbaumQuotient.lean:264:1: error: Bimodal.Metalogic.Algebraic.LindenbaumQuotient.imp_quot The definition `Bimodal.Metalogic.Algebraic.LindenbaumQuotient.imp_quot` contains an underscore. This almost surely violates mathlib's naming convention; use lowerCamelCase or UpperCamelCase instead.
/home/benjamin/Projects/BimodalLogic/Theories/Bimodal/Metalogic/Algebraic/LindenbaumQuotient.lean:271:1: error: Bimodal.Metalogic.Algebraic.LindenbaumQuotient.and_quot The definition `Bimodal.Metalogic.Algebraic.LindenbaumQuotient.and_quot` contains an underscore. This almost surely violates mathlib's naming convention; use lowerCamelCase or UpperCamelCase instead.
/home/benjamin/Projects/BimodalLogic/Theories/Bimodal/Metalogic/Algebraic/LindenbaumQuotient.lean:278:1: error: Bimodal.Metalogic.Algebraic.LindenbaumQuotient.or_quot The definition `Bimodal.Metalogic.Algebraic.LindenbaumQuotient.or_quot` contains an underscore. This almost surely violates mathlib's naming convention; use lowerCamelCase or UpperCamelCase instead.
/home/benjamin/Projects/BimodalLogic/Theories/Bimodal/Metalogic/Algebraic/LindenbaumQuotient.lean:285:1: error: Bimodal.Metalogic.Algebraic.LindenbaumQuotient.box_quot The definition `Bimodal.Metalogic.Algebraic.LindenbaumQuotient.box_quot` contains an underscore. This almost surely violates mathlib's naming convention; use lowerCamelCase or UpperCamelCase instead.
/home/benjamin/Projects/BimodalLogic/Theories/Bimodal/Metalogic/Algebraic/LindenbaumQuotient.lean:292:1: error: Bimodal.Metalogic.Algebraic.LindenbaumQuotient.H_quot The definition `Bimodal.Metalogic.Algebraic.LindenbaumQuotient.H_quot` contains an underscore. This almost surely violates mathlib's naming convention; use lowerCamelCase or UpperCamelCase instead.
/home/benjamin/Projects/BimodalLogic/Theories/Bimodal/Metalogic/Algebraic/LindenbaumQuotient.lean:299:1: error: Bimodal.Metalogic.Algebraic.LindenbaumQuotient.top_quot The definition `Bimodal.Metalogic.Algebraic.LindenbaumQuotient.top_quot` contains an underscore. This almost surely violates mathlib's naming convention; use lowerCamelCase or UpperCamelCase instead.
/home/benjamin/Projects/BimodalLogic/Theories/Bimodal/Metalogic/Algebraic/LindenbaumQuotient.lean:306:1: error: Bimodal.Metalogic.Algebraic.LindenbaumQuotient.bot_quot The definition `Bimodal.Metalogic.Algebraic.LindenbaumQuotient.bot_quot` contains an underscore. This almost surely violates mathlib's naming convention; use lowerCamelCase or UpperCamelCase instead.
/home/benjamin/Projects/BimodalLogic/Theories/Bimodal/Metalogic/Algebraic/LindenbaumQuotient.lean:339:1: error: Bimodal.Metalogic.Algebraic.LindenbaumQuotient.sigma_quot The definition `Bimodal.Metalogic.Algebraic.LindenbaumQuotient.sigma_quot` contains an underscore. This almost surely violates mathlib's naming convention; use lowerCamelCase or UpperCamelCase instead.

-- Bimodal.Metalogic.Algebraic.ParametricCanonical
/home/benjamin/Projects/BimodalLogic/Theories/Bimodal/Metalogic/Algebraic/ParametricCanonical.lean:76:1: error: @Bimodal.Metalogic.Algebraic.ParametricCanonical.parametric_canonical_task_rel The definition `Bimodal.Metalogic.Algebraic.ParametricCanonical.parametric_canonical_task_rel` contains an underscore. This almost surely violates mathlib's naming convention; use lowerCamelCase or UpperCamelCase instead.

-- Bimodal.Metalogic.Algebraic.ParametricHistory
/home/benjamin/Projects/BimodalLogic/Theories/Bimodal/Metalogic/Algebraic/ParametricHistory.lean:48:1: error: @Bimodal.Metalogic.Algebraic.ParametricHistory.parametric_to_history The definition `Bimodal.Metalogic.Algebraic.ParametricHistory.parametric_to_history` contains an underscore. This almost surely violates mathlib's naming convention; use lowerCamelCase or UpperCamelCase instead.

-- Bimodal.Metalogic.Algebraic.UltrafilterMCS
/home/benjamin/Projects/BimodalLogic/Theories/Bimodal/Metalogic/Algebraic/UltrafilterMCS.lean:949:1: error: Bimodal.Metalogic.Algebraic.UltrafilterMCS.ultrafilter_to_mcs The definition `Bimodal.Metalogic.Algebraic.UltrafilterMCS.ultrafilter_to_mcs` contains an underscore. This almost surely violates mathlib's naming convention; use lowerCamelCase or UpperCamelCase instead.

-- Bimodal.Metalogic.BXCanonical.CanonicalModel
/home/benjamin/Projects/BimodalLogic/Theories/Bimodal/Metalogic/BXCanonical/CanonicalModel.lean:45:1: error: Bimodal.Metalogic.BXCanonical.fwd_succ The definition `Bimodal.Metalogic.BXCanonical.fwd_succ` contains an underscore. This almost surely violates mathlib's naming convention; use lowerCamelCase or UpperCamelCase instead.
/home/benjamin/Projects/BimodalLogic/Theories/Bimodal/Metalogic/BXCanonical/CanonicalModel.lean:88:1: error: Bimodal.Metalogic.BXCanonical.bwd_pred The definition `Bimodal.Metalogic.BXCanonical.bwd_pred` contains an underscore. This almost surely violates mathlib's naming convention; use lowerCamelCase or UpperCamelCase instead.
/home/benjamin/Projects/BimodalLogic/Theories/Bimodal/Metalogic/BXCanonical/CanonicalModel.lean:124:1: error: Bimodal.Metalogic.BXCanonical.fwd_chain The definition `Bimodal.Metalogic.BXCanonical.fwd_chain` contains an underscore. This almost surely violates mathlib's naming convention; use lowerCamelCase or UpperCamelCase instead.
/home/benjamin/Projects/BimodalLogic/Theories/Bimodal/Metalogic/BXCanonical/CanonicalModel.lean:131:1: error: Bimodal.Metalogic.BXCanonical.bwd_chain The definition `Bimodal.Metalogic.BXCanonical.bwd_chain` contains an underscore. This almost surely violates mathlib's naming convention; use lowerCamelCase or UpperCamelCase instead.
/home/benjamin/Projects/BimodalLogic/Theories/Bimodal/Metalogic/BXCanonical/CanonicalModel.lean:140:1: error: Bimodal.Metalogic.BXCanonical.int_chain The definition `Bimodal.Metalogic.BXCanonical.int_chain` contains an underscore. This almost surely violates mathlib's naming convention; use lowerCamelCase or UpperCamelCase instead.
/home/benjamin/Projects/BimodalLogic/Theories/Bimodal/Metalogic/BXCanonical/CanonicalModel.lean:275:1: error: Bimodal.Metalogic.BXCanonical.bx_fmcs The definition `Bimodal.Metalogic.BXCanonical.bx_fmcs` contains an underscore. This almost surely violates mathlib's naming convention; use lowerCamelCase or UpperCamelCase instead.
/home/benjamin/Projects/BimodalLogic/Theories/Bimodal/Metalogic/BXCanonical/CanonicalModel.lean:291:1: error: Bimodal.Metalogic.BXCanonical.shifted_bx_fmcs The definition `Bimodal.Metalogic.BXCanonical.shifted_bx_fmcs` contains an underscore. This almost surely violates mathlib's naming convention; use lowerCamelCase or UpperCamelCase instead.
/home/benjamin/Projects/BimodalLogic/Theories/Bimodal/Metalogic/BXCanonical/CanonicalModel.lean:425:1: error: @Bimodal.Metalogic.BXCanonical.fwd_succ_fc The definition `Bimodal.Metalogic.BXCanonical.fwd_succ_fc` contains an underscore. This almost surely violates mathlib's naming convention; use lowerCamelCase or UpperCamelCase instead.
/home/benjamin/Projects/BimodalLogic/Theories/Bimodal/Metalogic/BXCanonical/CanonicalModel.lean:463:1: error: @Bimodal.Metalogic.BXCanonical.bwd_pred_fc The definition `Bimodal.Metalogic.BXCanonical.bwd_pred_fc` contains an underscore. This almost surely violates mathlib's naming convention; use lowerCamelCase or UpperCamelCase instead.
/home/benjamin/Projects/BimodalLogic/Theories/Bimodal/Metalogic/BXCanonical/CanonicalModel.lean:502:1: error: @Bimodal.Metalogic.BXCanonical.fwd_chain_fc The definition `Bimodal.Metalogic.BXCanonical.fwd_chain_fc` contains an underscore. This almost surely violates mathlib's naming convention; use lowerCamelCase or UpperCamelCase instead.
/home/benjamin/Projects/BimodalLogic/Theories/Bimodal/Metalogic/BXCanonical/CanonicalModel.lean:510:1: error: @Bimodal.Metalogic.BXCanonical.bwd_chain_fc The definition `Bimodal.Metalogic.BXCanonical.bwd_chain_fc` contains an underscore. This almost surely violates mathlib's naming convention; use lowerCamelCase or UpperCamelCase instead.
/home/benjamin/Projects/BimodalLogic/Theories/Bimodal/Metalogic/BXCanonical/CanonicalModel.lean:518:1: error: @Bimodal.Metalogic.BXCanonical.int_chain_fc The definition `Bimodal.Metalogic.BXCanonical.int_chain_fc` contains an underscore. This almost surely violates mathlib's naming convention; use lowerCamelCase or UpperCamelCase instead.
/home/benjamin/Projects/BimodalLogic/Theories/Bimodal/Metalogic/BXCanonical/CanonicalModel.lean:658:1: error: @Bimodal.Metalogic.BXCanonical.bx_fmcs_fc The definition `Bimodal.Metalogic.BXCanonical.bx_fmcs_fc` contains an underscore. This almost surely violates mathlib's naming convention; use lowerCamelCase or UpperCamelCase instead.
/home/benjamin/Projects/BimodalLogic/Theories/Bimodal/Metalogic/BXCanonical/CanonicalModel.lean:665:1: error: @Bimodal.Metalogic.BXCanonical.shifted_bx_fmcs_fc The definition `Bimodal.Metalogic.BXCanonical.shifted_bx_fmcs_fc` contains an underscore. This almost surely violates mathlib's naming convention; use lowerCamelCase or UpperCamelCase instead.
/home/benjamin/Projects/BimodalLogic/Theories/Bimodal/Metalogic/BXCanonical/CanonicalModel.lean:744:1: error: Bimodal.Metalogic.BXCanonical.henkin_bfmcs The definition `Bimodal.Metalogic.BXCanonical.henkin_bfmcs` contains an underscore. This almost surely violates mathlib's naming convention; use lowerCamelCase or UpperCamelCase instead.

-- Bimodal.Metalogic.BXCanonical.Chronicle.ChronicleConstruction
/home/benjamin/Projects/BimodalLogic/Theories/Bimodal/Metalogic/BXCanonical/Chronicle/ChronicleConstruction.lean:59:1: error: Bimodal.Metalogic.BXCanonical.Chronicle.singleton_chronicle The definition `Bimodal.Metalogic.BXCanonical.Chronicle.singleton_chronicle` contains an underscore. This almost surely violates mathlib's naming convention; use lowerCamelCase or UpperCamelCase instead.
/home/benjamin/Projects/BimodalLogic/Theories/Bimodal/Metalogic/BXCanonical/Chronicle/ChronicleConstruction.lean:195:1: error: Bimodal.Metalogic.BXCanonical.Chronicle.counterexample_enum The definition `Bimodal.Metalogic.BXCanonical.Chronicle.counterexample_enum` contains an underscore. This almost surely violates mathlib's naming convention; use lowerCamelCase or UpperCamelCase instead.
/home/benjamin/Projects/BimodalLogic/Theories/Bimodal/Metalogic/BXCanonical/Chronicle/ChronicleConstruction.lean:231:1: error: Bimodal.Metalogic.BXCanonical.Chronicle.omega_chain The definition `Bimodal.Metalogic.BXCanonical.Chronicle.omega_chain` contains an underscore. This almost surely violates mathlib's naming convention; use lowerCamelCase or UpperCamelCase instead.
/home/benjamin/Projects/BimodalLogic/Theories/Bimodal/Metalogic/BXCanonical/Chronicle/ChronicleConstruction.lean:262:1: error: Bimodal.Metalogic.BXCanonical.Chronicle.omega_chain_val The definition `Bimodal.Metalogic.BXCanonical.Chronicle.omega_chain_val` contains an underscore. This almost surely violates mathlib's naming convention; use lowerCamelCase or UpperCamelCase instead.
/home/benjamin/Projects/BimodalLogic/Theories/Bimodal/Metalogic/BXCanonical/Chronicle/ChronicleConstruction.lean:283:1: error: Bimodal.Metalogic.BXCanonical.Chronicle.omega_chain_elim_result The definition `Bimodal.Metalogic.BXCanonical.Chronicle.omega_chain_elim_result` contains an underscore. This almost surely violates mathlib's naming convention; use lowerCamelCase or UpperCamelCase instead.
/home/benjamin/Projects/BimodalLogic/Theories/Bimodal/Metalogic/BXCanonical/Chronicle/ChronicleConstruction.lean:546:1: error: Bimodal.Metalogic.BXCanonical.Chronicle.limit_dom The definition `Bimodal.Metalogic.BXCanonical.Chronicle.limit_dom` contains an underscore. This almost surely violates mathlib's naming convention; use lowerCamelCase or UpperCamelCase instead.
/home/benjamin/Projects/BimodalLogic/Theories/Bimodal/Metalogic/BXCanonical/Chronicle/ChronicleConstruction.lean:556:1: error: Bimodal.Metalogic.BXCanonical.Chronicle.limit_f The definition `Bimodal.Metalogic.BXCanonical.Chronicle.limit_f` contains an underscore. This almost surely violates mathlib's naming convention; use lowerCamelCase or UpperCamelCase instead.
/home/benjamin/Projects/BimodalLogic/Theories/Bimodal/Metalogic/BXCanonical/Chronicle/ChronicleConstruction.lean:821:1: error: Bimodal.Metalogic.BXCanonical.Chronicle.limit_g The definition `Bimodal.Metalogic.BXCanonical.Chronicle.limit_g` contains an underscore. This almost surely violates mathlib's naming convention; use lowerCamelCase or UpperCamelCase instead.

-- Bimodal.Metalogic.BXCanonical.Chronicle.ChronicleToCountermodel
/home/benjamin/Projects/BimodalLogic/Theories/Bimodal/Metalogic/BXCanonical/Chronicle/ChronicleToCountermodel.lean:497:1: error: Bimodal.Metalogic.BXCanonical.Chronicle.limitDomSubtype_isSuccArchimedean The definition `Bimodal.Metalogic.BXCanonical.Chronicle.limitDomSubtype_isSuccArchimedean` contains an underscore. This almost surely violates mathlib's naming convention; use lowerCamelCase or UpperCamelCase instead.
/home/benjamin/Projects/BimodalLogic/Theories/Bimodal/Metalogic/BXCanonical/Chronicle/ChronicleToCountermodel.lean:533:1: error: Bimodal.Metalogic.BXCanonical.Chronicle.collapse_equiv The definition `Bimodal.Metalogic.BXCanonical.Chronicle.collapse_equiv` contains an underscore. This almost surely violates mathlib's naming convention; use lowerCamelCase or UpperCamelCase instead.
/home/benjamin/Projects/BimodalLogic/Theories/Bimodal/Metalogic/BXCanonical/Chronicle/ChronicleToCountermodel.lean:704:1: error: Bimodal.Metalogic.BXCanonical.Chronicle.collapse_setoid The definition `Bimodal.Metalogic.BXCanonical.Chronicle.collapse_setoid` contains an underscore. This almost surely violates mathlib's naming convention; use lowerCamelCase or UpperCamelCase instead.
/home/benjamin/Projects/BimodalLogic/Theories/Bimodal/Metalogic/BXCanonical/Chronicle/ChronicleToCountermodel.lean:885:1: error: Bimodal.Metalogic.BXCanonical.Chronicle.collapseClass_linearOrder The definition `Bimodal.Metalogic.BXCanonical.Chronicle.collapseClass_linearOrder` contains an underscore. This almost surely violates mathlib's naming convention; use lowerCamelCase or UpperCamelCase instead.
/home/benjamin/Projects/BimodalLogic/Theories/Bimodal/Metalogic/BXCanonical/Chronicle/ChronicleToCountermodel.lean:990:1: error: Bimodal.Metalogic.BXCanonical.Chronicle.embed_forward The definition `Bimodal.Metalogic.BXCanonical.Chronicle.embed_forward` contains an underscore. This almost surely violates mathlib's naming convention; use lowerCamelCase or UpperCamelCase instead.
/home/benjamin/Projects/BimodalLogic/Theories/Bimodal/Metalogic/BXCanonical/Chronicle/ChronicleToCountermodel.lean:1011:1: error: Bimodal.Metalogic.BXCanonical.Chronicle.embed_backward The definition `Bimodal.Metalogic.BXCanonical.Chronicle.embed_backward` contains an underscore. This almost surely violates mathlib's naming convention; use lowerCamelCase or UpperCamelCase instead.
/home/benjamin/Projects/BimodalLogic/Theories/Bimodal/Metalogic/BXCanonical/Chronicle/ChronicleToCountermodel.lean:1034:1: error: Bimodal.Metalogic.BXCanonical.Chronicle.discrete_embed The definition `Bimodal.Metalogic.BXCanonical.Chronicle.discrete_embed` contains an underscore. This almost surely violates mathlib's naming convention; use lowerCamelCase or UpperCamelCase instead.
/home/benjamin/Projects/BimodalLogic/Theories/Bimodal/Metalogic/BXCanonical/Chronicle/ChronicleToCountermodel.lean:1090:1: error: Bimodal.Metalogic.BXCanonical.Chronicle.discrete_f The definition `Bimodal.Metalogic.BXCanonical.Chronicle.discrete_f` contains an underscore. This almost surely violates mathlib's naming convention; use lowerCamelCase or UpperCamelCase instead.
/home/benjamin/Projects/BimodalLogic/Theories/Bimodal/Metalogic/BXCanonical/Chronicle/ChronicleToCountermodel.lean:1099:1: error: Bimodal.Metalogic.BXCanonical.Chronicle.discrete_zero The definition `Bimodal.Metalogic.BXCanonical.Chronicle.discrete_zero` contains an underscore. This almost surely violates mathlib's naming convention; use lowerCamelCase or UpperCamelCase instead.
/home/benjamin/Projects/BimodalLogic/Theories/Bimodal/Metalogic/BXCanonical/Chronicle/ChronicleToCountermodel.lean:1117:1: error: Bimodal.Metalogic.BXCanonical.Chronicle.discrete_fmcs The definition `Bimodal.Metalogic.BXCanonical.Chronicle.discrete_fmcs` contains an underscore. This almost surely violates mathlib's naming convention; use lowerCamelCase or UpperCamelCase instead.
/home/benjamin/Projects/BimodalLogic/Theories/Bimodal/Metalogic/BXCanonical/Chronicle/ChronicleToCountermodel.lean:1161:1: error: Bimodal.Metalogic.BXCanonical.Chronicle.succ_embed The definition `Bimodal.Metalogic.BXCanonical.Chronicle.succ_embed` contains an underscore. This almost surely violates mathlib's naming convention; use lowerCamelCase or UpperCamelCase instead.
/home/benjamin/Projects/BimodalLogic/Theories/Bimodal/Metalogic/BXCanonical/Chronicle/ChronicleToCountermodel.lean:1449:1: error: Bimodal.Metalogic.BXCanonical.Chronicle.succ_discrete_f The definition `Bimodal.Metalogic.BXCanonical.Chronicle.succ_discrete_f` contains an underscore. This almost surely violates mathlib's naming convention; use lowerCamelCase or UpperCamelCase instead.
/home/benjamin/Projects/BimodalLogic/Theories/Bimodal/Metalogic/BXCanonical/Chronicle/ChronicleToCountermodel.lean:1477:1: error: Bimodal.Metalogic.BXCanonical.Chronicle.succ_discrete_fmcs The definition `Bimodal.Metalogic.BXCanonical.Chronicle.succ_discrete_fmcs` contains an underscore. This almost surely violates mathlib's naming convention; use lowerCamelCase or UpperCamelCase instead.
/home/benjamin/Projects/BimodalLogic/Theories/Bimodal/Metalogic/BXCanonical/Chronicle/ChronicleToCountermodel.lean:1501:1: error: Bimodal.Metalogic.BXCanonical.Chronicle.shifted_succ_discrete_fmcs The definition `Bimodal.Metalogic.BXCanonical.Chronicle.shifted_succ_discrete_fmcs` contains an underscore. This almost surely violates mathlib's naming convention; use lowerCamelCase or UpperCamelCase instead.
/home/benjamin/Projects/BimodalLogic/Theories/Bimodal/Metalogic/BXCanonical/Chronicle/ChronicleToCountermodel.lean:1518:1: error: Bimodal.Metalogic.BXCanonical.Chronicle.rooted_succ_discrete_fmcs The definition `Bimodal.Metalogic.BXCanonical.Chronicle.rooted_succ_discrete_fmcs` contains an underscore. This almost surely violates mathlib's naming convention; use lowerCamelCase or UpperCamelCase instead.
/home/benjamin/Projects/BimodalLogic/Theories/Bimodal/Metalogic/BXCanonical/Chronicle/ChronicleToCountermodel.lean:1551:1: error: Bimodal.Metalogic.BXCanonical.Chronicle.cantor_bfmcs_discrete The definition `Bimodal.Metalogic.BXCanonical.Chronicle.cantor_bfmcs_discrete` contains an underscore. This almost surely violates mathlib's naming convention; use lowerCamelCase or UpperCamelCase instead.

-- Bimodal.Metalogic.BXCanonical.Chronicle.ChronicleToCountermodelBasic
/home/benjamin/Projects/BimodalLogic/Theories/Bimodal/Metalogic/BXCanonical/Chronicle/ChronicleToCountermodelBasic.lean:169:1: error: Bimodal.Metalogic.BXCanonical.Chronicle.top_formula The definition `Bimodal.Metalogic.BXCanonical.Chronicle.top_formula` contains an underscore. This almost surely violates mathlib's naming convention; use lowerCamelCase or UpperCamelCase instead.
/home/benjamin/Projects/BimodalLogic/Theories/Bimodal/Metalogic/BXCanonical/Chronicle/ChronicleToCountermodelBasic.lean:172:1: error: Bimodal.Metalogic.BXCanonical.Chronicle.next_top The definition `Bimodal.Metalogic.BXCanonical.Chronicle.next_top` contains an underscore. This almost surely violates mathlib's naming convention; use lowerCamelCase or UpperCamelCase instead.
/home/benjamin/Projects/BimodalLogic/Theories/Bimodal/Metalogic/BXCanonical/Chronicle/ChronicleToCountermodelBasic.lean:203:1: error: Bimodal.Metalogic.BXCanonical.Chronicle.limitDomSubtype_denselyOrdered_from_F'T The definition `Bimodal.Metalogic.BXCanonical.Chronicle.limitDomSubtype_denselyOrdered_from_F'T` contains an underscore. This almost surely violates mathlib's naming convention; use lowerCamelCase or UpperCamelCase instead.
/home/benjamin/Projects/BimodalLogic/Theories/Bimodal/Metalogic/BXCanonical/Chronicle/ChronicleToCountermodelBasic.lean:216:1: error: Bimodal.Metalogic.BXCanonical.Chronicle.cantor_iso_dense The definition `Bimodal.Metalogic.BXCanonical.Chronicle.cantor_iso_dense` contains an underscore. This almost surely violates mathlib's naming convention; use lowerCamelCase or UpperCamelCase instead.
/home/benjamin/Projects/BimodalLogic/Theories/Bimodal/Metalogic/BXCanonical/Chronicle/ChronicleToCountermodelBasic.lean:229:1: error: Bimodal.Metalogic.BXCanonical.Chronicle.cantor_f_dense The definition `Bimodal.Metalogic.BXCanonical.Chronicle.cantor_f_dense` contains an underscore. This almost surely violates mathlib's naming convention; use lowerCamelCase or UpperCamelCase instead.
/home/benjamin/Projects/BimodalLogic/Theories/Bimodal/Metalogic/BXCanonical/Chronicle/ChronicleToCountermodelBasic.lean:236:1: error: Bimodal.Metalogic.BXCanonical.Chronicle.cantor_zero_dense The definition `Bimodal.Metalogic.BXCanonical.Chronicle.cantor_zero_dense` contains an underscore. This almost surely violates mathlib's naming convention; use lowerCamelCase or UpperCamelCase instead.
/home/benjamin/Projects/BimodalLogic/Theories/Bimodal/Metalogic/BXCanonical/Chronicle/ChronicleToCountermodelBasic.lean:260:1: error: Bimodal.Metalogic.BXCanonical.Chronicle.cantor_fmcs_dense The definition `Bimodal.Metalogic.BXCanonical.Chronicle.cantor_fmcs_dense` contains an underscore. This almost surely violates mathlib's naming convention; use lowerCamelCase or UpperCamelCase instead.
/home/benjamin/Projects/BimodalLogic/Theories/Bimodal/Metalogic/BXCanonical/Chronicle/ChronicleToCountermodelBasic.lean:451:1: error: Bimodal.Metalogic.BXCanonical.Chronicle.shifted_cantor_fmcs_dense' The definition `Bimodal.Metalogic.BXCanonical.Chronicle.shifted_cantor_fmcs_dense'` contains an underscore. This almost surely violates mathlib's naming convention; use lowerCamelCase or UpperCamelCase instead.
/home/benjamin/Projects/BimodalLogic/Theories/Bimodal/Metalogic/BXCanonical/Chronicle/ChronicleToCountermodelBasic.lean:469:1: error: Bimodal.Metalogic.BXCanonical.Chronicle.rooted_cantor_fmcs_dense The definition `Bimodal.Metalogic.BXCanonical.Chronicle.rooted_cantor_fmcs_dense` contains an underscore. This almost surely violates mathlib's naming convention; use lowerCamelCase or UpperCamelCase instead.
/home/benjamin/Projects/BimodalLogic/Theories/Bimodal/Metalogic/BXCanonical/Chronicle/ChronicleToCountermodelBasic.lean:508:1: error: Bimodal.Metalogic.BXCanonical.Chronicle.cantor_bfmcs_dense The definition `Bimodal.Metalogic.BXCanonical.Chronicle.cantor_bfmcs_dense` contains an underscore. This almost surely violates mathlib's naming convention; use lowerCamelCase or UpperCamelCase instead.
/home/benjamin/Projects/BimodalLogic/Theories/Bimodal/Metalogic/BXCanonical/Chronicle/ChronicleToCountermodelBasic.lean:877:1: error: Bimodal.Metalogic.BXCanonical.Chronicle.limitDomSubtype_succ The definition `Bimodal.Metalogic.BXCanonical.Chronicle.limitDomSubtype_succ` contains an underscore. This almost surely violates mathlib's naming convention; use lowerCamelCase or UpperCamelCase instead.
/home/benjamin/Projects/BimodalLogic/Theories/Bimodal/Metalogic/BXCanonical/Chronicle/ChronicleToCountermodelBasic.lean:918:1: error: Bimodal.Metalogic.BXCanonical.Chronicle.limitDomSubtype_succOrder The definition `Bimodal.Metalogic.BXCanonical.Chronicle.limitDomSubtype_succOrder` contains an underscore. This almost surely violates mathlib's naming convention; use lowerCamelCase or UpperCamelCase instead.
/home/benjamin/Projects/BimodalLogic/Theories/Bimodal/Metalogic/BXCanonical/Chronicle/ChronicleToCountermodelBasic.lean:928:1: error: Bimodal.Metalogic.BXCanonical.Chronicle.limitDomSubtype_pred The definition `Bimodal.Metalogic.BXCanonical.Chronicle.limitDomSubtype_pred` contains an underscore. This almost surely violates mathlib's naming convention; use lowerCamelCase or UpperCamelCase instead.
/home/benjamin/Projects/BimodalLogic/Theories/Bimodal/Metalogic/BXCanonical/Chronicle/ChronicleToCountermodelBasic.lean:971:1: error: Bimodal.Metalogic.BXCanonical.Chronicle.limitDomSubtype_predOrder The definition `Bimodal.Metalogic.BXCanonical.Chronicle.limitDomSubtype_predOrder` contains an underscore. This almost surely violates mathlib's naming convention; use lowerCamelCase or UpperCamelCase instead.

-- Bimodal.Metalogic.BXCanonical.Chronicle.ChronicleTypes
/home/benjamin/Projects/BimodalLogic/Theories/Bimodal/Metalogic/BXCanonical/Chronicle/ChronicleTypes.lean:104:1: error: @Bimodal.Metalogic.BXCanonical.Chronicle.bx_modal_witness_fc The definition `Bimodal.Metalogic.BXCanonical.Chronicle.bx_modal_witness_fc` contains an underscore. This almost surely violates mathlib's naming convention; use lowerCamelCase or UpperCamelCase instead.

-- Bimodal.Metalogic.BXCanonical.Chronicle.CounterexampleElimination
/home/benjamin/Projects/BimodalLogic/Theories/Bimodal/Metalogic/BXCanonical/Chronicle/CounterexampleElimination.lean:328:1: error: @Bimodal.Metalogic.BXCanonical.Chronicle.eliminate_C5_counterexample The definition `Bimodal.Metalogic.BXCanonical.Chronicle.eliminate_C5_counterexample` contains an underscore. This almost surely violates mathlib's naming convention; use lowerCamelCase or UpperCamelCase instead.
/home/benjamin/Projects/BimodalLogic/Theories/Bimodal/Metalogic/BXCanonical/Chronicle/CounterexampleElimination.lean:379:1: error: @Bimodal.Metalogic.BXCanonical.Chronicle.eliminate_C5'_counterexample The definition `Bimodal.Metalogic.BXCanonical.Chronicle.eliminate_C5'_counterexample` contains an underscore. This almost surely violates mathlib's naming convention; use lowerCamelCase or UpperCamelCase instead.
/home/benjamin/Projects/BimodalLogic/Theories/Bimodal/Metalogic/BXCanonical/Chronicle/CounterexampleElimination.lean:434:1: error: @Bimodal.Metalogic.BXCanonical.Chronicle.eliminate_g_prop_counterexample The definition `Bimodal.Metalogic.BXCanonical.Chronicle.eliminate_g_prop_counterexample` contains an underscore. This almost surely violates mathlib's naming convention; use lowerCamelCase or UpperCamelCase instead.
/home/benjamin/Projects/BimodalLogic/Theories/Bimodal/Metalogic/BXCanonical/Chronicle/CounterexampleElimination.lean:475:1: error: @Bimodal.Metalogic.BXCanonical.Chronicle.eliminate_h_prop_counterexample The definition `Bimodal.Metalogic.BXCanonical.Chronicle.eliminate_h_prop_counterexample` contains an underscore. This almost surely violates mathlib's naming convention; use lowerCamelCase or UpperCamelCase instead.
/home/benjamin/Projects/BimodalLogic/Theories/Bimodal/Metalogic/BXCanonical/Chronicle/CounterexampleElimination.lean:1802:1: error: Bimodal.Metalogic.BXCanonical.Chronicle.eliminate_potential_counterexample The definition `Bimodal.Metalogic.BXCanonical.Chronicle.eliminate_potential_counterexample` contains an underscore. This almost surely violates mathlib's naming convention; use lowerCamelCase or UpperCamelCase instead.

-- Bimodal.Metalogic.BXCanonical.Chronicle.PointInsertion
/home/benjamin/Projects/BimodalLogic/Theories/Bimodal/Metalogic/BXCanonical/Chronicle/PointInsertion.lean:148:1: error: Bimodal.Metalogic.BXCanonical.Chronicle.lemma_2_4 The definition `Bimodal.Metalogic.BXCanonical.Chronicle.lemma_2_4` contains an underscore. This almost surely violates mathlib's naming convention; use lowerCamelCase or UpperCamelCase instead.
/home/benjamin/Projects/BimodalLogic/Theories/Bimodal/Metalogic/BXCanonical/Chronicle/PointInsertion.lean:310:1: error: Bimodal.Metalogic.BXCanonical.Chronicle.lemma_2_6 The definition `Bimodal.Metalogic.BXCanonical.Chronicle.lemma_2_6` contains an underscore. This almost surely violates mathlib's naming convention; use lowerCamelCase or UpperCamelCase instead.
/home/benjamin/Projects/BimodalLogic/Theories/Bimodal/Metalogic/BXCanonical/Chronicle/PointInsertion.lean:435:1: error: Bimodal.Metalogic.BXCanonical.Chronicle.g_propagation_witness The definition `Bimodal.Metalogic.BXCanonical.Chronicle.g_propagation_witness` contains an underscore. This almost surely violates mathlib's naming convention; use lowerCamelCase or UpperCamelCase instead.
/home/benjamin/Projects/BimodalLogic/Theories/Bimodal/Metalogic/BXCanonical/Chronicle/PointInsertion.lean:1409:3: error: @Bimodal.Metalogic.BXCanonical.Chronicle.EnrichedEvent.h_impl The definition `Bimodal.Metalogic.BXCanonical.Chronicle.EnrichedEvent.h_impl` contains an underscore. This almost surely violates mathlib's naming convention; use lowerCamelCase or UpperCamelCase instead.
/home/benjamin/Projects/BimodalLogic/Theories/Bimodal/Metalogic/BXCanonical/Chronicle/PointInsertion.lean:1410:3: error: @Bimodal.Metalogic.BXCanonical.Chronicle.EnrichedEvent.h_snce The definition `Bimodal.Metalogic.BXCanonical.Chronicle.EnrichedEvent.h_snce` contains an underscore. This almost surely violates mathlib's naming convention; use lowerCamelCase or UpperCamelCase instead.
/home/benjamin/Projects/BimodalLogic/Theories/Bimodal/Metalogic/BXCanonical/Chronicle/PointInsertion.lean:1447:3: error: @Bimodal.Metalogic.BXCanonical.Chronicle.EnrichedEventSince.h_impl The definition `Bimodal.Metalogic.BXCanonical.Chronicle.EnrichedEventSince.h_impl` contains an underscore. This almost surely violates mathlib's naming convention; use lowerCamelCase or UpperCamelCase instead.
/home/benjamin/Projects/BimodalLogic/Theories/Bimodal/Metalogic/BXCanonical/Chronicle/PointInsertion.lean:1448:3: error: @Bimodal.Metalogic.BXCanonical.Chronicle.EnrichedEventSince.h_untl The definition `Bimodal.Metalogic.BXCanonical.Chronicle.EnrichedEventSince.h_untl` contains an underscore. This almost surely violates mathlib's naming convention; use lowerCamelCase or UpperCamelCase instead.
/home/benjamin/Projects/BimodalLogic/Theories/Bimodal/Metalogic/BXCanonical/Chronicle/PointInsertion.lean:3334:1: error: Bimodal.Metalogic.BXCanonical.Chronicle.lemma_2_4_with_guard The definition `Bimodal.Metalogic.BXCanonical.Chronicle.lemma_2_4_with_guard` contains an underscore. This almost surely violates mathlib's naming convention; use lowerCamelCase or UpperCamelCase instead.
/home/benjamin/Projects/BimodalLogic/Theories/Bimodal/Metalogic/BXCanonical/Chronicle/PointInsertion.lean:3494:1: error: Bimodal.Metalogic.BXCanonical.Chronicle.lemma_2_4_since_with_guard The definition `Bimodal.Metalogic.BXCanonical.Chronicle.lemma_2_4_since_with_guard` contains an underscore. This almost surely violates mathlib's naming convention; use lowerCamelCase or UpperCamelCase instead.

-- Bimodal.Metalogic.BXCanonical.Chronicle.RRelation
/home/benjamin/Projects/BimodalLogic/Theories/Bimodal/Metalogic/BXCanonical/Chronicle/RRelation.lean:1106:1: error: Bimodal.Metalogic.BXCanonical.Chronicle.derivation_from_singleton_list The definition `Bimodal.Metalogic.BXCanonical.Chronicle.derivation_from_singleton_list` contains an underscore. This almost surely violates mathlib's naming convention; use lowerCamelCase or UpperCamelCase instead.

-- Bimodal.Metalogic.BXCanonical.Filtration.DefectChain
/home/benjamin/Projects/BimodalLogic/Theories/Bimodal/Metalogic/BXCanonical/Filtration/DefectChain.lean:43:1: error: Bimodal.Metalogic.BXCanonical.Filtration.is_until_defect The definition `Bimodal.Metalogic.BXCanonical.Filtration.is_until_defect` contains an underscore. This almost surely violates mathlib's naming convention; use lowerCamelCase or UpperCamelCase instead.
/home/benjamin/Projects/BimodalLogic/Theories/Bimodal/Metalogic/BXCanonical/Filtration/DefectChain.lean:49:1: error: Bimodal.Metalogic.BXCanonical.Filtration.sigma_defect_count The definition `Bimodal.Metalogic.BXCanonical.Filtration.sigma_defect_count` contains an underscore. This almost surely violates mathlib's naming convention; use lowerCamelCase or UpperCamelCase instead.
/home/benjamin/Projects/BimodalLogic/Theories/Bimodal/Metalogic/BXCanonical/Filtration/DefectChain.lean:89:1: error: Bimodal.Metalogic.BXCanonical.Filtration.sigma_since_defect_count The definition `Bimodal.Metalogic.BXCanonical.Filtration.sigma_since_defect_count` contains an underscore. This almost surely violates mathlib's naming convention; use lowerCamelCase or UpperCamelCase instead.

-- Bimodal.Metalogic.BXCanonical.Frame
/home/benjamin/Projects/BimodalLogic/Theories/Bimodal/Metalogic/BXCanonical/Frame.lean:59:1: error: Bimodal.Metalogic.BXCanonical.bx_le The definition `Bimodal.Metalogic.BXCanonical.bx_le` contains an underscore. This almost surely violates mathlib's naming convention; use lowerCamelCase or UpperCamelCase instead.
/home/benjamin/Projects/BimodalLogic/Theories/Bimodal/Metalogic/BXCanonical/Frame.lean:66:1: error: Bimodal.Metalogic.BXCanonical.bx_modal_equiv The definition `Bimodal.Metalogic.BXCanonical.bx_modal_equiv` contains an underscore. This almost surely violates mathlib's naming convention; use lowerCamelCase or UpperCamelCase instead.
/home/benjamin/Projects/BimodalLogic/Theories/Bimodal/Metalogic/BXCanonical/Frame.lean:74:1: error: @Bimodal.Metalogic.BXCanonical.g_content_closed_derivation The definition `Bimodal.Metalogic.BXCanonical.g_content_closed_derivation` contains an underscore. This almost surely violates mathlib's naming convention; use lowerCamelCase or UpperCamelCase instead.
/home/benjamin/Projects/BimodalLogic/Theories/Bimodal/Metalogic/BXCanonical/Frame.lean:98:1: error: @Bimodal.Metalogic.BXCanonical.h_content_closed_derivation The definition `Bimodal.Metalogic.BXCanonical.h_content_closed_derivation` contains an underscore. This almost surely violates mathlib's naming convention; use lowerCamelCase or UpperCamelCase instead.
/home/benjamin/Projects/BimodalLogic/Theories/Bimodal/Metalogic/BXCanonical/Frame.lean:212:1: error: Bimodal.Metalogic.BXCanonical.bx_forward_witness The definition `Bimodal.Metalogic.BXCanonical.bx_forward_witness` contains an underscore. This almost surely violates mathlib's naming convention; use lowerCamelCase or UpperCamelCase instead.
/home/benjamin/Projects/BimodalLogic/Theories/Bimodal/Metalogic/BXCanonical/Frame.lean:224:1: error: Bimodal.Metalogic.BXCanonical.bx_backward_witness The definition `Bimodal.Metalogic.BXCanonical.bx_backward_witness` contains an underscore. This almost surely violates mathlib's naming convention; use lowerCamelCase or UpperCamelCase instead.
/home/benjamin/Projects/BimodalLogic/Theories/Bimodal/Metalogic/BXCanonical/Frame.lean:248:1: error: Bimodal.Metalogic.BXCanonical.bx_G_backward The definition `Bimodal.Metalogic.BXCanonical.bx_G_backward` contains an underscore. This almost surely violates mathlib's naming convention; use lowerCamelCase or UpperCamelCase instead.
/home/benjamin/Projects/BimodalLogic/Theories/Bimodal/Metalogic/BXCanonical/Frame.lean:323:1: error: Bimodal.Metalogic.BXCanonical.bx_H_backward The definition `Bimodal.Metalogic.BXCanonical.bx_H_backward` contains an underscore. This almost surely violates mathlib's naming convention; use lowerCamelCase or UpperCamelCase instead.
/home/benjamin/Projects/BimodalLogic/Theories/Bimodal/Metalogic/BXCanonical/Frame.lean:391:1: error: Bimodal.Metalogic.BXCanonical.bx_modal_witness The definition `Bimodal.Metalogic.BXCanonical.bx_modal_witness` contains an underscore. This almost surely violates mathlib's naming convention; use lowerCamelCase or UpperCamelCase instead.
/home/benjamin/Projects/BimodalLogic/Theories/Bimodal/Metalogic/BXCanonical/Frame.lean:554:1: error: Bimodal.Metalogic.BXCanonical.neg_box_to_box_neg_box The definition `Bimodal.Metalogic.BXCanonical.neg_box_to_box_neg_box` contains an underscore. This almost surely violates mathlib's naming convention; use lowerCamelCase or UpperCamelCase instead.
/home/benjamin/Projects/BimodalLogic/Theories/Bimodal/Metalogic/BXCanonical/Frame.lean:662:1: error: Bimodal.Metalogic.BXCanonical.bx_until_eventuality_resolution The definition `Bimodal.Metalogic.BXCanonical.bx_until_eventuality_resolution` contains an underscore. This almost surely violates mathlib's naming convention; use lowerCamelCase or UpperCamelCase instead.
/home/benjamin/Projects/BimodalLogic/Theories/Bimodal/Metalogic/BXCanonical/Frame.lean:684:1: error: Bimodal.Metalogic.BXCanonical.bx_since_eventuality_resolution The definition `Bimodal.Metalogic.BXCanonical.bx_since_eventuality_resolution` contains an underscore. This almost surely violates mathlib's naming convention; use lowerCamelCase or UpperCamelCase instead.

-- Bimodal.Metalogic.BXCanonical.OrderedSeedConsistency
/home/benjamin/Projects/BimodalLogic/Theories/Bimodal/Metalogic/BXCanonical/OrderedSeedConsistency.lean:54:1: error: Bimodal.Metalogic.BXCanonical.enriched_resolving_seed The definition `Bimodal.Metalogic.BXCanonical.enriched_resolving_seed` contains an underscore. This almost surely violates mathlib's naming convention; use lowerCamelCase or UpperCamelCase instead.

-- Bimodal.Metalogic.BXCanonical.Quasimodel.Construction
/home/benjamin/Projects/BimodalLogic/Theories/Bimodal/Metalogic/BXCanonical/Quasimodel/Construction.lean:39:1: error: @Bimodal.Metalogic.BXCanonical.Quasimodel.hintikka_step The definition `Bimodal.Metalogic.BXCanonical.Quasimodel.hintikka_step` contains an underscore. This almost surely violates mathlib's naming convention; use lowerCamelCase or UpperCamelCase instead.
/home/benjamin/Projects/BimodalLogic/Theories/Bimodal/Metalogic/BXCanonical/Quasimodel/Construction.lean:74:1: error: @Bimodal.Metalogic.BXCanonical.Quasimodel.defect_count The definition `Bimodal.Metalogic.BXCanonical.Quasimodel.defect_count` contains an underscore. This almost surely violates mathlib's naming convention; use lowerCamelCase or UpperCamelCase instead.
/home/benjamin/Projects/BimodalLogic/Theories/Bimodal/Metalogic/BXCanonical/Quasimodel/Construction.lean:264:1: error: @Bimodal.Metalogic.BXCanonical.Quasimodel.since_defect_count The definition `Bimodal.Metalogic.BXCanonical.Quasimodel.since_defect_count` contains an underscore. This almost surely violates mathlib's naming convention; use lowerCamelCase or UpperCamelCase instead.

-- Bimodal.Metalogic.BXCanonical.Quasimodel.HintikkaPoint
/home/benjamin/Projects/BimodalLogic/Theories/Bimodal/Metalogic/BXCanonical/Quasimodel/HintikkaPoint.lean:80:1: error: Bimodal.Metalogic.BXCanonical.Quasimodel.sigma_signature_formulas The definition `Bimodal.Metalogic.BXCanonical.Quasimodel.sigma_signature_formulas` contains an underscore. This almost surely violates mathlib's naming convention; use lowerCamelCase or UpperCamelCase instead.
/home/benjamin/Projects/BimodalLogic/Theories/Bimodal/Metalogic/BXCanonical/Quasimodel/HintikkaPoint.lean:121:1: error: Bimodal.Metalogic.BXCanonical.Quasimodel.sigma_signature The definition `Bimodal.Metalogic.BXCanonical.Quasimodel.sigma_signature` contains an underscore. This almost surely violates mathlib's naming convention; use lowerCamelCase or UpperCamelCase instead.

-- Bimodal.Metalogic.BXCanonical.Quasimodel.LocusControl
/home/benjamin/Projects/BimodalLogic/Theories/Bimodal/Metalogic/BXCanonical/Quasimodel/LocusControl.lean:31:1: error: Bimodal.Metalogic.BXCanonical.Quasimodel.bx_until_eventuality_resolution' The definition `Bimodal.Metalogic.BXCanonical.Quasimodel.bx_until_eventuality_resolution'` contains an underscore. This almost surely violates mathlib's naming convention; use lowerCamelCase or UpperCamelCase instead.
/home/benjamin/Projects/BimodalLogic/Theories/Bimodal/Metalogic/BXCanonical/Quasimodel/LocusControl.lean:40:1: error: Bimodal.Metalogic.BXCanonical.Quasimodel.bx_since_eventuality_resolution' The definition `Bimodal.Metalogic.BXCanonical.Quasimodel.bx_since_eventuality_resolution'` contains an underscore. This almost surely violates mathlib's naming convention; use lowerCamelCase or UpperCamelCase instead.

-- Bimodal.Metalogic.BXCanonical.Quasimodel.Realization
/home/benjamin/Projects/BimodalLogic/Theories/Bimodal/Metalogic/BXCanonical/Quasimodel/Realization.lean:74:1: error: Bimodal.Metalogic.BXCanonical.Quasimodel.bigconj_intro The definition `Bimodal.Metalogic.BXCanonical.Quasimodel.bigconj_intro` contains an underscore. This almost surely violates mathlib's naming convention; use lowerCamelCase or UpperCamelCase instead.
/home/benjamin/Projects/BimodalLogic/Theories/Bimodal/Metalogic/BXCanonical/Quasimodel/Realization.lean:115:1: error: Bimodal.Metalogic.BXCanonical.Quasimodel.bigconj_mem_iff The definition `Bimodal.Metalogic.BXCanonical.Quasimodel.bigconj_mem_iff` contains an underscore. This almost surely violates mathlib's naming convention; use lowerCamelCase or UpperCamelCase instead.
/home/benjamin/Projects/BimodalLogic/Theories/Bimodal/Metalogic/BXCanonical/Quasimodel/Realization.lean:253:1: error: Bimodal.Metalogic.BXCanonical.Quasimodel.g_content_sigma The definition `Bimodal.Metalogic.BXCanonical.Quasimodel.g_content_sigma` contains an underscore. This almost surely violates mathlib's naming convention; use lowerCamelCase or UpperCamelCase instead.
/home/benjamin/Projects/BimodalLogic/Theories/Bimodal/Metalogic/BXCanonical/Quasimodel/Realization.lean:279:1: error: Bimodal.Metalogic.BXCanonical.Quasimodel.until_eventuality_resolution The definition `Bimodal.Metalogic.BXCanonical.Quasimodel.until_eventuality_resolution` contains an underscore. This almost surely violates mathlib's naming convention; use lowerCamelCase or UpperCamelCase instead.
/home/benjamin/Projects/BimodalLogic/Theories/Bimodal/Metalogic/BXCanonical/Quasimodel/Realization.lean:289:1: error: Bimodal.Metalogic.BXCanonical.Quasimodel.since_eventuality_resolution The definition `Bimodal.Metalogic.BXCanonical.Quasimodel.since_eventuality_resolution` contains an underscore. This almost surely violates mathlib's naming convention; use lowerCamelCase or UpperCamelCase instead.

-- Bimodal.Metalogic.BXCanonical.TruthLemma
/home/benjamin/Projects/BimodalLogic/Theories/Bimodal/Metalogic/BXCanonical/TruthLemma.lean:211:1: error: Bimodal.Metalogic.BXCanonical.bx_lt The definition `Bimodal.Metalogic.BXCanonical.bx_lt` contains an underscore. This almost surely violates mathlib's naming convention; use lowerCamelCase or UpperCamelCase instead.

-- Bimodal.Metalogic.Bundle.BFMCS
/home/benjamin/Projects/BimodalLogic/Theories/Bimodal/Metalogic/Bundle/BFMCS.lean:113:3: error: @Bimodal.Metalogic.Bundle.BFMCS.eval_family The definition `Bimodal.Metalogic.Bundle.BFMCS.eval_family` contains an underscore. This almost surely violates mathlib's naming convention; use lowerCamelCase or UpperCamelCase instead.

-- Bimodal.Metalogic.Bundle.CanonicalFrame
/home/benjamin/Projects/BimodalLogic/Theories/Bimodal/Metalogic/Bundle/CanonicalFrame.lean:74:1: error: Bimodal.Metalogic.Bundle.ExistsTask_past The definition `Bimodal.Metalogic.Bundle.ExistsTask_past` contains an underscore. This almost surely violates mathlib's naming convention; use lowerCamelCase or UpperCamelCase instead.
/home/benjamin/Projects/BimodalLogic/Theories/Bimodal/Metalogic/Bundle/CanonicalFrame.lean:268:1: error: @Bimodal.Metalogic.Bundle.canonicalR_transitive The definition `Bimodal.Metalogic.Bundle.canonicalR_transitive` contains an underscore. This almost surely violates mathlib's naming convention; use lowerCamelCase or UpperCamelCase instead.

-- Bimodal.Metalogic.Bundle.CanonicalTaskRelation
/home/benjamin/Projects/BimodalLogic/Theories/Bimodal/Metalogic/Bundle/CanonicalTaskRelation.lean:60:1: error: Bimodal.Metalogic.Bundle.iter_F The definition `Bimodal.Metalogic.Bundle.iter_F` contains an underscore. This almost surely violates mathlib's naming convention; use lowerCamelCase or UpperCamelCase instead.
/home/benjamin/Projects/BimodalLogic/Theories/Bimodal/Metalogic/Bundle/CanonicalTaskRelation.lean:148:1: error: Bimodal.Metalogic.Bundle.closure_F_bound The definition `Bimodal.Metalogic.Bundle.closure_F_bound` contains an underscore. This almost surely violates mathlib's naming convention; use lowerCamelCase or UpperCamelCase instead.
/home/benjamin/Projects/BimodalLogic/Theories/Bimodal/Metalogic/Bundle/CanonicalTaskRelation.lean:691:1: error: Bimodal.Metalogic.Bundle.iter_P The definition `Bimodal.Metalogic.Bundle.iter_P` contains an underscore. This almost surely violates mathlib's naming convention; use lowerCamelCase or UpperCamelCase instead.
/home/benjamin/Projects/BimodalLogic/Theories/Bimodal/Metalogic/Bundle/CanonicalTaskRelation.lean:794:1: error: Bimodal.Metalogic.Bundle.closure_P_bound The definition `Bimodal.Metalogic.Bundle.closure_P_bound` contains an underscore. This almost surely violates mathlib's naming convention; use lowerCamelCase or UpperCamelCase instead.

-- Bimodal.Metalogic.Bundle.Construction
/home/benjamin/Projects/BimodalLogic/Theories/Bimodal/Metalogic/Bundle/Construction.lean:128:1: error: Bimodal.Metalogic.Bundle.lindenbaumMCS_set The definition `Bimodal.Metalogic.Bundle.lindenbaumMCS_set` contains an underscore. This almost surely violates mathlib's naming convention; use lowerCamelCase or UpperCamelCase instead.

-- Bimodal.Metalogic.Bundle.ModalSaturation
/home/benjamin/Projects/BimodalLogic/Theories/Bimodal/Metalogic/Bundle/ModalSaturation.lean:61:1: error: @Bimodal.Metalogic.Bundle.is_modally_saturated The definition `Bimodal.Metalogic.Bundle.is_modally_saturated` contains an underscore. This almost surely violates mathlib's naming convention; use lowerCamelCase or UpperCamelCase instead.
/home/benjamin/Projects/BimodalLogic/Theories/Bimodal/Metalogic/Bundle/ModalSaturation.lean:213:1: error: Bimodal.Metalogic.Bundle.dne_theorem The definition `Bimodal.Metalogic.Bundle.dne_theorem` contains an underscore. This almost surely violates mathlib's naming convention; use lowerCamelCase or UpperCamelCase instead.
/home/benjamin/Projects/BimodalLogic/Theories/Bimodal/Metalogic/Bundle/ModalSaturation.lean:221:1: error: Bimodal.Metalogic.Bundle.dni_theorem The definition `Bimodal.Metalogic.Bundle.dni_theorem` contains an underscore. This almost surely violates mathlib's naming convention; use lowerCamelCase or UpperCamelCase instead.
/home/benjamin/Projects/BimodalLogic/Theories/Bimodal/Metalogic/Bundle/ModalSaturation.lean:246:1: error: Bimodal.Metalogic.Bundle.box_dne_theorem The definition `Bimodal.Metalogic.Bundle.box_dne_theorem` contains an underscore. This almost surely violates mathlib's naming convention; use lowerCamelCase or UpperCamelCase instead.
/home/benjamin/Projects/BimodalLogic/Theories/Bimodal/Metalogic/Bundle/ModalSaturation.lean:398:1: error: Bimodal.Metalogic.Bundle.modal_5_collapse_theorem The definition `Bimodal.Metalogic.Bundle.modal_5_collapse_theorem` contains an underscore. This almost surely violates mathlib's naming convention; use lowerCamelCase or UpperCamelCase instead.
/home/benjamin/Projects/BimodalLogic/Theories/Bimodal/Metalogic/Bundle/ModalSaturation.lean:407:1: error: Bimodal.Metalogic.Bundle.axiom_5_negative_introspection The definition `Bimodal.Metalogic.Bundle.axiom_5_negative_introspection` contains an underscore. This almost surely violates mathlib's naming convention; use lowerCamelCase or UpperCamelCase instead.
/home/benjamin/Projects/BimodalLogic/Theories/Bimodal/Metalogic/Bundle/ModalSaturation.lean:498:1: error: Bimodal.Metalogic.Bundle.neg_box_to_box_neg_box The definition `Bimodal.Metalogic.Bundle.neg_box_to_box_neg_box` contains an underscore. This almost surely violates mathlib's naming convention; use lowerCamelCase or UpperCamelCase instead.

-- Bimodal.Metalogic.Bundle.SuccExistence
/home/benjamin/Projects/BimodalLogic/Theories/Bimodal/Metalogic/Bundle/SuccExistence.lean:80:1: error: Bimodal.Metalogic.Bundle.successor_deferral_seed The definition `Bimodal.Metalogic.Bundle.successor_deferral_seed` contains an underscore. This almost surely violates mathlib's naming convention; use lowerCamelCase or UpperCamelCase instead.
/home/benjamin/Projects/BimodalLogic/Theories/Bimodal/Metalogic/Bundle/SuccExistence.lean:134:1: error: Bimodal.Metalogic.Bundle.p_step_blocking_formulas The definition `Bimodal.Metalogic.Bundle.p_step_blocking_formulas` contains an underscore. This almost surely violates mathlib's naming convention; use lowerCamelCase or UpperCamelCase instead.
/home/benjamin/Projects/BimodalLogic/Theories/Bimodal/Metalogic/Bundle/SuccExistence.lean:189:1: error: Bimodal.Metalogic.Bundle.p_step_blocking_formulas_restricted The definition `Bimodal.Metalogic.Bundle.p_step_blocking_formulas_restricted` contains an underscore. This almost surely violates mathlib's naming convention; use lowerCamelCase or UpperCamelCase instead.
/home/benjamin/Projects/BimodalLogic/Theories/Bimodal/Metalogic/Bundle/SuccExistence.lean:259:1: error: Bimodal.Metalogic.Bundle.boundary_resolution_set The definition `Bimodal.Metalogic.Bundle.boundary_resolution_set` contains an underscore. This almost surely violates mathlib's naming convention; use lowerCamelCase or UpperCamelCase instead.
/home/benjamin/Projects/BimodalLogic/Theories/Bimodal/Metalogic/Bundle/SuccExistence.lean:318:1: error: Bimodal.Metalogic.Bundle.constrained_successor_seed_restricted The definition `Bimodal.Metalogic.Bundle.constrained_successor_seed_restricted` contains an underscore. This almost surely violates mathlib's naming convention; use lowerCamelCase or UpperCamelCase instead.
/home/benjamin/Projects/BimodalLogic/Theories/Bimodal/Metalogic/Bundle/SuccExistence.lean:381:1: error: Bimodal.Metalogic.Bundle.constrained_successor_seed The definition `Bimodal.Metalogic.Bundle.constrained_successor_seed` contains an underscore. This almost surely violates mathlib's naming convention; use lowerCamelCase or UpperCamelCase instead.
/home/benjamin/Projects/BimodalLogic/Theories/Bimodal/Metalogic/Bundle/SuccExistence.lean:415:1: error: Bimodal.Metalogic.Bundle.deferral_disjunction_from_F The definition `Bimodal.Metalogic.Bundle.deferral_disjunction_from_F` contains an underscore. This almost surely violates mathlib's naming convention; use lowerCamelCase or UpperCamelCase instead.
/home/benjamin/Projects/BimodalLogic/Theories/Bimodal/Metalogic/Bundle/SuccExistence.lean:485:1: error: Bimodal.Metalogic.Bundle.constrained_successor_from_seed The definition `Bimodal.Metalogic.Bundle.constrained_successor_from_seed` contains an underscore. This almost surely violates mathlib's naming convention; use lowerCamelCase or UpperCamelCase instead.
/home/benjamin/Projects/BimodalLogic/Theories/Bimodal/Metalogic/Bundle/SuccExistence.lean:626:1: error: Bimodal.Metalogic.Bundle.f_step_blocking_formulas The definition `Bimodal.Metalogic.Bundle.f_step_blocking_formulas` contains an underscore. This almost surely violates mathlib's naming convention; use lowerCamelCase or UpperCamelCase instead.
/home/benjamin/Projects/BimodalLogic/Theories/Bimodal/Metalogic/Bundle/SuccExistence.lean:641:1: error: Bimodal.Metalogic.Bundle.predecessor_deferral_seed The definition `Bimodal.Metalogic.Bundle.predecessor_deferral_seed` contains an underscore. This almost surely violates mathlib's naming convention; use lowerCamelCase or UpperCamelCase instead.
/home/benjamin/Projects/BimodalLogic/Theories/Bimodal/Metalogic/Bundle/SuccExistence.lean:797:1: error: Bimodal.Metalogic.Bundle.past_deferral_disjunction_from_P The definition `Bimodal.Metalogic.Bundle.past_deferral_disjunction_from_P` contains an underscore. This almost surely violates mathlib's naming convention; use lowerCamelCase or UpperCamelCase instead.
/home/benjamin/Projects/BimodalLogic/Theories/Bimodal/Metalogic/Bundle/SuccExistence.lean:881:1: error: Bimodal.Metalogic.Bundle.successor_from_deferral_seed The definition `Bimodal.Metalogic.Bundle.successor_from_deferral_seed` contains an underscore. This almost surely violates mathlib's naming convention; use lowerCamelCase or UpperCamelCase instead.
/home/benjamin/Projects/BimodalLogic/Theories/Bimodal/Metalogic/Bundle/SuccExistence.lean:993:1: error: Bimodal.Metalogic.Bundle.predecessor_from_deferral_seed The definition `Bimodal.Metalogic.Bundle.predecessor_from_deferral_seed` contains an underscore. This almost surely violates mathlib's naming convention; use lowerCamelCase or UpperCamelCase instead.

-- Bimodal.Metalogic.Bundle.TemporalCoherence
/home/benjamin/Projects/BimodalLogic/Theories/Bimodal/Metalogic/Bundle/TemporalCoherence.lean:51:1: error: Bimodal.Metalogic.Bundle.G_dne_theorem The definition `Bimodal.Metalogic.Bundle.G_dne_theorem` contains an underscore. This almost surely violates mathlib's naming convention; use lowerCamelCase or UpperCamelCase instead.
/home/benjamin/Projects/BimodalLogic/Theories/Bimodal/Metalogic/Bundle/TemporalCoherence.lean:70:1: error: Bimodal.Metalogic.Bundle.H_dne_theorem The definition `Bimodal.Metalogic.Bundle.H_dne_theorem` contains an underscore. This almost surely violates mathlib's naming convention; use lowerCamelCase or UpperCamelCase instead.
/home/benjamin/Projects/BimodalLogic/Theories/Bimodal/Metalogic/Bundle/TemporalCoherence.lean:253:1: error: @Bimodal.Metalogic.Bundle.BFMCS.temporally_coherent The definition `Bimodal.Metalogic.Bundle.BFMCS.temporally_coherent` contains an underscore. This almost surely violates mathlib's naming convention; use lowerCamelCase or UpperCamelCase instead.
/home/benjamin/Projects/BimodalLogic/Theories/Bimodal/Metalogic/Bundle/TemporalCoherence.lean:289:1: error: @Bimodal.Metalogic.Bundle.BFMCS.restricted_temporally_coherent The definition `Bimodal.Metalogic.Bundle.BFMCS.restricted_temporally_coherent` contains an underscore. This almost surely violates mathlib's naming convention; use lowerCamelCase or UpperCamelCase instead.
/home/benjamin/Projects/BimodalLogic/Theories/Bimodal/Metalogic/Bundle/TemporalCoherence.lean:455:1: error: @Bimodal.Metalogic.Bundle.BFMCS.until_since_coherent The definition `Bimodal.Metalogic.Bundle.BFMCS.until_since_coherent` contains an underscore. This almost surely violates mathlib's naming convention; use lowerCamelCase or UpperCamelCase instead.
/home/benjamin/Projects/BimodalLogic/Theories/Bimodal/Metalogic/Bundle/TemporalCoherence.lean:498:1: error: @Bimodal.Metalogic.Bundle.BFMCS.backward_until_since_coherent The definition `Bimodal.Metalogic.Bundle.BFMCS.backward_until_since_coherent` contains an underscore. This almost surely violates mathlib's naming convention; use lowerCamelCase or UpperCamelCase instead.
/home/benjamin/Projects/BimodalLogic/Theories/Bimodal/Metalogic/Bundle/TemporalCoherence.lean:513:1: error: @Bimodal.Metalogic.Bundle.BFMCS.forward_until_since_coherent The definition `Bimodal.Metalogic.Bundle.BFMCS.forward_until_since_coherent` contains an underscore. This almost surely violates mathlib's naming convention; use lowerCamelCase or UpperCamelCase instead.
/home/benjamin/Projects/BimodalLogic/Theories/Bimodal/Metalogic/Bundle/TemporalCoherence.lean:528:1: error: @Bimodal.Metalogic.Bundle.BFMCS.restricted_forward_until_since_coherent The definition `Bimodal.Metalogic.Bundle.BFMCS.restricted_forward_until_since_coherent` contains an underscore. This almost surely violates mathlib's naming convention; use lowerCamelCase or UpperCamelCase instead.
/home/benjamin/Projects/BimodalLogic/Theories/Bimodal/Metalogic/Bundle/TemporalCoherence.lean:559:1: error: @Bimodal.Metalogic.Bundle.BFMCS.restricted_backward_until_since_coherent The definition `Bimodal.Metalogic.Bundle.BFMCS.restricted_backward_until_since_coherent` contains an underscore. This almost surely violates mathlib's naming convention; use lowerCamelCase or UpperCamelCase instead.

-- Bimodal.Metalogic.Bundle.TemporalContent
/home/benjamin/Projects/BimodalLogic/Theories/Bimodal/Metalogic/Bundle/TemporalContent.lean:43:1: error: Bimodal.Metalogic.Bundle.g_content The definition `Bimodal.Metalogic.Bundle.g_content` contains an underscore. This almost surely violates mathlib's naming convention; use lowerCamelCase or UpperCamelCase instead.
/home/benjamin/Projects/BimodalLogic/Theories/Bimodal/Metalogic/Bundle/TemporalContent.lean:55:1: error: Bimodal.Metalogic.Bundle.h_content The definition `Bimodal.Metalogic.Bundle.h_content` contains an underscore. This almost surely violates mathlib's naming convention; use lowerCamelCase or UpperCamelCase instead.
/home/benjamin/Projects/BimodalLogic/Theories/Bimodal/Metalogic/Bundle/TemporalContent.lean:65:1: error: Bimodal.Metalogic.Bundle.f_content The definition `Bimodal.Metalogic.Bundle.f_content` contains an underscore. This almost surely violates mathlib's naming convention; use lowerCamelCase or UpperCamelCase instead.
/home/benjamin/Projects/BimodalLogic/Theories/Bimodal/Metalogic/Bundle/TemporalContent.lean:78:1: error: Bimodal.Metalogic.Bundle.p_content The definition `Bimodal.Metalogic.Bundle.p_content` contains an underscore. This almost surely violates mathlib's naming convention; use lowerCamelCase or UpperCamelCase instead.
/home/benjamin/Projects/BimodalLogic/Theories/Bimodal/Metalogic/Bundle/TemporalContent.lean:90:1: error: Bimodal.Metalogic.Bundle.u_content The definition `Bimodal.Metalogic.Bundle.u_content` contains an underscore. This almost surely violates mathlib's naming convention; use lowerCamelCase or UpperCamelCase instead.
/home/benjamin/Projects/BimodalLogic/Theories/Bimodal/Metalogic/Bundle/TemporalContent.lean:100:1: error: Bimodal.Metalogic.Bundle.s_content The definition `Bimodal.Metalogic.Bundle.s_content` contains an underscore. This almost surely violates mathlib's naming convention; use lowerCamelCase or UpperCamelCase instead.

-- Bimodal.Metalogic.Bundle.WitnessSeed
/home/benjamin/Projects/BimodalLogic/Theories/Bimodal/Metalogic/Bundle/WitnessSeed.lean:143:1: error: Bimodal.Metalogic.Bundle.forward_temporal_witness_seed The definition `Bimodal.Metalogic.Bundle.forward_temporal_witness_seed` contains an underscore. This almost surely violates mathlib's naming convention; use lowerCamelCase or UpperCamelCase instead.
/home/benjamin/Projects/BimodalLogic/Theories/Bimodal/Metalogic/Bundle/WitnessSeed.lean:275:1: error: Bimodal.Metalogic.Bundle.past_temporal_witness_seed The definition `Bimodal.Metalogic.Bundle.past_temporal_witness_seed` contains an underscore. This almost surely violates mathlib's naming convention; use lowerCamelCase or UpperCamelCase instead.
/home/benjamin/Projects/BimodalLogic/Theories/Bimodal/Metalogic/Bundle/WitnessSeed.lean:398:1: error: Bimodal.Metalogic.Bundle.until_witness_seed The definition `Bimodal.Metalogic.Bundle.until_witness_seed` contains an underscore. This almost surely violates mathlib's naming convention; use lowerCamelCase or UpperCamelCase instead.
/home/benjamin/Projects/BimodalLogic/Theories/Bimodal/Metalogic/Bundle/WitnessSeed.lean:585:1: error: Bimodal.Metalogic.Bundle.past_temp_a The definition `Bimodal.Metalogic.Bundle.past_temp_a` contains an underscore. This almost surely violates mathlib's naming convention; use lowerCamelCase or UpperCamelCase instead.

-- Bimodal.Metalogic.Core.DeductionTheorem
/home/benjamin/Projects/BimodalLogic/Theories/Bimodal/Metalogic/Core/DeductionTheorem.lean:151:1: error: @Bimodal.Metalogic.Core.deduction_axiom The definition `Bimodal.Metalogic.Core.deduction_axiom` contains an underscore. This almost surely violates mathlib's naming convention; use lowerCamelCase or UpperCamelCase instead.
/home/benjamin/Projects/BimodalLogic/Theories/Bimodal/Metalogic/Core/DeductionTheorem.lean:161:1: error: @Bimodal.Metalogic.Core.deduction_assumption_same The definition `Bimodal.Metalogic.Core.deduction_assumption_same` contains an underscore. This almost surely violates mathlib's naming convention; use lowerCamelCase or UpperCamelCase instead.
/home/benjamin/Projects/BimodalLogic/Theories/Bimodal/Metalogic/Core/DeductionTheorem.lean:172:1: error: @Bimodal.Metalogic.Core.deduction_assumption_other The definition `Bimodal.Metalogic.Core.deduction_assumption_other` contains an underscore. This almost surely violates mathlib's naming convention; use lowerCamelCase or UpperCamelCase instead.
/home/benjamin/Projects/BimodalLogic/Theories/Bimodal/Metalogic/Core/DeductionTheorem.lean:185:1: error: @Bimodal.Metalogic.Core.deduction_mp The definition `Bimodal.Metalogic.Core.deduction_mp` contains an underscore. This almost surely violates mathlib's naming convention; use lowerCamelCase or UpperCamelCase instead.
/home/benjamin/Projects/BimodalLogic/Theories/Bimodal/Metalogic/Core/DeductionTheorem.lean:298:1: error: @Bimodal.Metalogic.Core.deduction_theorem The definition `Bimodal.Metalogic.Core.deduction_theorem` contains an underscore. This almost surely violates mathlib's naming convention; use lowerCamelCase or UpperCamelCase instead.
/home/benjamin/Projects/BimodalLogic/Theories/Bimodal/Metalogic/Core/DeductionTheorem.lean:446:1: error: @Bimodal.Metalogic.Core.deduction_converse The definition `Bimodal.Metalogic.Core.deduction_converse` contains an underscore. This almost surely violates mathlib's naming convention; use lowerCamelCase or UpperCamelCase instead.

-- Bimodal.Metalogic.Core.MCSProperties
/home/benjamin/Projects/BimodalLogic/Theories/Bimodal/Metalogic/Core/MCSProperties.lean:59:1: error: @Bimodal.Metalogic.Core.derivation_exchange The definition `Bimodal.Metalogic.Core.derivation_exchange` contains an underscore. This almost surely violates mathlib's naming convention; use lowerCamelCase or UpperCamelCase instead.
/home/benjamin/Projects/BimodalLogic/Theories/Bimodal/Metalogic/Core/MCSProperties.lean:265:1: error: Bimodal.Metalogic.Core.temp_4_past The definition `Bimodal.Metalogic.Core.temp_4_past` contains an underscore. This almost surely violates mathlib's naming convention; use lowerCamelCase or UpperCamelCase instead.

-- Bimodal.Metalogic.Core.MaximalConsistent
/home/benjamin/Projects/BimodalLogic/Theories/Bimodal/Metalogic/Core/MaximalConsistent.lean:378:1: error: @Bimodal.Metalogic.Core.derives_bot_from_phi_neg_phi The definition `Bimodal.Metalogic.Core.derives_bot_from_phi_neg_phi` contains an underscore. This almost surely violates mathlib's naming convention; use lowerCamelCase or UpperCamelCase instead.

-- Bimodal.Metalogic.Decidability.FMP.FiniteModel
/home/benjamin/Projects/BimodalLogic/Theories/Bimodal/Metalogic/Decidability/FMP/FiniteModel.lean:112:1: error: Bimodal.Metalogic.Decidability.FMP.subformulaClosure_fintype The definition `Bimodal.Metalogic.Decidability.FMP.subformulaClosure_fintype` contains an underscore. This almost surely violates mathlib's naming convention; use lowerCamelCase or UpperCamelCase instead.

-- Bimodal.Metalogic.Decidability.Propositional.Kalmar
/home/benjamin/Projects/BimodalLogic/Theories/Bimodal/Metalogic/Decidability/Propositional/Kalmar.lean:40:1: error: Bimodal.Metalogic.Decidability.Propositional.neg_imp_intro The definition `Bimodal.Metalogic.Decidability.Propositional.neg_imp_intro` contains an underscore. This almost surely violates mathlib's naming convention; use lowerCamelCase or UpperCamelCase instead.
/home/benjamin/Projects/BimodalLogic/Theories/Bimodal/Metalogic/Decidability/Propositional/Kalmar.lean:123:1: error: Bimodal.Metalogic.Decidability.Propositional.kalmar_step The definition `Bimodal.Metalogic.Decidability.Propositional.kalmar_step` contains an underscore. This almost surely violates mathlib's naming convention; use lowerCamelCase or UpperCamelCase instead.
/home/benjamin/Projects/BimodalLogic/Theories/Bimodal/Metalogic/Decidability/Propositional/Kalmar.lean:195:1: error: Bimodal.Metalogic.Decidability.Propositional.elim_vars The definition `Bimodal.Metalogic.Decidability.Propositional.elim_vars` contains an underscore. This almost surely violates mathlib's naming convention; use lowerCamelCase or UpperCamelCase instead.
/home/benjamin/Projects/BimodalLogic/Theories/Bimodal/Metalogic/Decidability/Propositional/Kalmar.lean:236:1: error: Bimodal.Metalogic.Decidability.Propositional.tautology_derivable' The definition `Bimodal.Metalogic.Decidability.Propositional.tautology_derivable'` contains an underscore. This almost surely violates mathlib's naming convention; use lowerCamelCase or UpperCamelCase instead.
/home/benjamin/Projects/BimodalLogic/Theories/Bimodal/Metalogic/Decidability/Propositional/Kalmar.lean:256:1: error: Bimodal.Metalogic.Decidability.Propositional.tautology_derivable_fc' The definition `Bimodal.Metalogic.Decidability.Propositional.tautology_derivable_fc'` contains an underscore. This almost surely violates mathlib's naming convention; use lowerCamelCase or UpperCamelCase instead.

-- Bimodal.Metalogic.Decidability.Saturation
/home/benjamin/Projects/BimodalLogic/Theories/Bimodal/Metalogic/Decidability/Saturation.lean:307:1: error: Bimodal.Metalogic.Decidability.expandOnceWithApplied_tracedImpl The definition `Bimodal.Metalogic.Decidability.expandOnceWithApplied_tracedImpl` contains an underscore. This almost surely violates mathlib's naming convention; use lowerCamelCase or UpperCamelCase instead.
/home/benjamin/Projects/BimodalLogic/Theories/Bimodal/Metalogic/Decidability/Saturation.lean:359:1: error: @Bimodal.Metalogic.Decidability.expandBranchWithFuel_tracedImpl The definition `Bimodal.Metalogic.Decidability.expandBranchWithFuel_tracedImpl` contains an underscore. This almost surely violates mathlib's naming convention; use lowerCamelCase or UpperCamelCase instead.
/home/benjamin/Projects/BimodalLogic/Theories/Bimodal/Metalogic/Decidability/Saturation.lean:442:1: error: @Bimodal.Metalogic.Decidability.expandBranchWithFuel_traced The definition `Bimodal.Metalogic.Decidability.expandBranchWithFuel_traced` contains an underscore. This almost surely violates mathlib's naming convention; use lowerCamelCase or UpperCamelCase instead.

-- Bimodal.Metalogic.SoundnessLemmas.Core
/home/benjamin/Projects/BimodalLogic/Theories/Bimodal/Metalogic/SoundnessLemmas/Core.lean:19:1: error: Bimodal.Metalogic.SoundnessLemmas.is_valid The definition `Bimodal.Metalogic.SoundnessLemmas.is_valid` contains an underscore. This almost surely violates mathlib's naming convention; use lowerCamelCase or UpperCamelCase instead.

-- Bimodal.Metalogic.WeakCanonical.ChronicleExtraction
/home/benjamin/Projects/BimodalLogic/Theories/Bimodal/Metalogic/WeakCanonical/ChronicleExtraction.lean:93:3: error: @Bimodal.Metalogic.WeakCanonical.ChronicleAsPriorModel.domain_lo The definition `Bimodal.Metalogic.WeakCanonical.ChronicleAsPriorModel.domain_lo` contains an underscore. This almost surely violates mathlib's naming convention; use lowerCamelCase or UpperCamelCase instead.
/home/benjamin/Projects/BimodalLogic/Theories/Bimodal/Metalogic/WeakCanonical/ChronicleExtraction.lean:101:3: error: @Bimodal.Metalogic.WeakCanonical.ChronicleAsPriorModel.domain_succ The definition `Bimodal.Metalogic.WeakCanonical.ChronicleAsPriorModel.domain_succ` contains an underscore. This almost surely violates mathlib's naming convention; use lowerCamelCase or UpperCamelCase instead.
/home/benjamin/Projects/BimodalLogic/Theories/Bimodal/Metalogic/WeakCanonical/ChronicleExtraction.lean:103:3: error: @Bimodal.Metalogic.WeakCanonical.ChronicleAsPriorModel.domain_pred The definition `Bimodal.Metalogic.WeakCanonical.ChronicleAsPriorModel.domain_pred` contains an underscore. This almost surely violates mathlib's naming convention; use lowerCamelCase or UpperCamelCase instead.
/home/benjamin/Projects/BimodalLogic/Theories/Bimodal/Metalogic/WeakCanonical/ChronicleExtraction.lean:109:3: error: @Bimodal.Metalogic.WeakCanonical.ChronicleAsPriorModel.root_point The definition `Bimodal.Metalogic.WeakCanonical.ChronicleAsPriorModel.root_point` contains an underscore. This almost surely violates mathlib's naming convention; use lowerCamelCase or UpperCamelCase instead.
/home/benjamin/Projects/BimodalLogic/Theories/Bimodal/Metalogic/WeakCanonical/ChronicleExtraction.lean:161:1: error: Bimodal.Metalogic.WeakCanonical.chronicle_prior_domain_linear_order The definition `Bimodal.Metalogic.WeakCanonical.chronicle_prior_domain_linear_order` contains an underscore. This almost surely violates mathlib's naming convention; use lowerCamelCase or UpperCamelCase instead.
/home/benjamin/Projects/BimodalLogic/Theories/Bimodal/Metalogic/WeakCanonical/ChronicleExtraction.lean:193:1: error: Bimodal.Metalogic.WeakCanonical.chronicle_discrete_succ The definition `Bimodal.Metalogic.WeakCanonical.chronicle_discrete_succ` contains an underscore. This almost surely violates mathlib's naming convention; use lowerCamelCase or UpperCamelCase instead.
/home/benjamin/Projects/BimodalLogic/Theories/Bimodal/Metalogic/WeakCanonical/ChronicleExtraction.lean:201:1: error: Bimodal.Metalogic.WeakCanonical.chronicle_discrete_pred The definition `Bimodal.Metalogic.WeakCanonical.chronicle_discrete_pred` contains an underscore. This almost surely violates mathlib's naming convention; use lowerCamelCase or UpperCamelCase instead.

-- Bimodal.Metalogic.WeakCanonical.EFGames.CharacteristicFormula
/home/benjamin/Projects/BimodalLogic/Theories/Bimodal/Metalogic/WeakCanonical/EFGames/CharacteristicFormula.lean:46:1: error: Bimodal.Metalogic.WeakCanonical.sf_disj The definition `Bimodal.Metalogic.WeakCanonical.sf_disj` contains an underscore. This almost surely violates mathlib's naming convention; use lowerCamelCase or UpperCamelCase instead.
/home/benjamin/Projects/BimodalLogic/Theories/Bimodal/Metalogic/WeakCanonical/EFGames/CharacteristicFormula.lean:50:1: error: Bimodal.Metalogic.WeakCanonical.sf_disjList The definition `Bimodal.Metalogic.WeakCanonical.sf_disjList` contains an underscore. This almost surely violates mathlib's naming convention; use lowerCamelCase or UpperCamelCase instead.
/home/benjamin/Projects/BimodalLogic/Theories/Bimodal/Metalogic/WeakCanonical/EFGames/CharacteristicFormula.lean:57:1: error: Bimodal.Metalogic.WeakCanonical.sf_conjList The definition `Bimodal.Metalogic.WeakCanonical.sf_conjList` contains an underscore. This almost surely violates mathlib's naming convention; use lowerCamelCase or UpperCamelCase instead.
/home/benjamin/Projects/BimodalLogic/Theories/Bimodal/Metalogic/WeakCanonical/EFGames/CharacteristicFormula.lean:204:1: error: @Bimodal.Metalogic.WeakCanonical.nf_profile The definition `Bimodal.Metalogic.WeakCanonical.nf_profile` contains an underscore. This almost surely violates mathlib's naming convention; use lowerCamelCase or UpperCamelCase instead.
/home/benjamin/Projects/BimodalLogic/Theories/Bimodal/Metalogic/WeakCanonical/EFGames/CharacteristicFormula.lean:364:1: error: @Bimodal.Metalogic.WeakCanonical.x_t_formula The definition `Bimodal.Metalogic.WeakCanonical.x_t_formula` contains an underscore. This almost surely violates mathlib's naming convention; use lowerCamelCase or UpperCamelCase instead.
/home/benjamin/Projects/BimodalLogic/Theories/Bimodal/Metalogic/WeakCanonical/EFGames/CharacteristicFormula.lean:493:1: error: @Bimodal.Metalogic.WeakCanonical.x_interval_formula The definition `Bimodal.Metalogic.WeakCanonical.x_interval_formula` contains an underscore. This almost surely violates mathlib's naming convention; use lowerCamelCase or UpperCamelCase instead.
/home/benjamin/Projects/BimodalLogic/Theories/Bimodal/Metalogic/WeakCanonical/EFGames/CharacteristicFormula.lean:530:1: error: Bimodal.Metalogic.WeakCanonical.sf_untl The definition `Bimodal.Metalogic.WeakCanonical.sf_untl` contains an underscore. This almost surely violates mathlib's naming convention; use lowerCamelCase or UpperCamelCase instead.
/home/benjamin/Projects/BimodalLogic/Theories/Bimodal/Metalogic/WeakCanonical/EFGames/CharacteristicFormula.lean:539:1: error: Bimodal.Metalogic.WeakCanonical.sf_snce The definition `Bimodal.Metalogic.WeakCanonical.sf_snce` contains an underscore. This almost surely violates mathlib's naming convention; use lowerCamelCase or UpperCamelCase instead.

-- Bimodal.Metalogic.WeakCanonical.EFGames.CustomGame
/home/benjamin/Projects/BimodalLogic/Theories/Bimodal/Metalogic/WeakCanonical/EFGames/CustomGame.lean:100:1: error: @Bimodal.Metalogic.WeakCanonical.game_tuple The definition `Bimodal.Metalogic.WeakCanonical.game_tuple` contains an underscore. This almost surely violates mathlib's naming convention; use lowerCamelCase or UpperCamelCase instead.
/home/benjamin/Projects/BimodalLogic/Theories/Bimodal/Metalogic/WeakCanonical/EFGames/CustomGame.lean:225:1: error: @Bimodal.Metalogic.WeakCanonical.same_order_type The definition `Bimodal.Metalogic.WeakCanonical.same_order_type` contains an underscore. This almost surely violates mathlib's naming convention; use lowerCamelCase or UpperCamelCase instead.
/home/benjamin/Projects/BimodalLogic/Theories/Bimodal/Metalogic/WeakCanonical/EFGames/CustomGame.lean:236:1: error: @Bimodal.Metalogic.WeakCanonical.formula_agreement The definition `Bimodal.Metalogic.WeakCanonical.formula_agreement` contains an underscore. This almost surely violates mathlib's naming convention; use lowerCamelCase or UpperCamelCase instead.
/home/benjamin/Projects/BimodalLogic/Theories/Bimodal/Metalogic/WeakCanonical/EFGames/CustomGame.lean:247:1: error: @Bimodal.Metalogic.WeakCanonical.gap_point_agreement The definition `Bimodal.Metalogic.WeakCanonical.gap_point_agreement` contains an underscore. This almost surely violates mathlib's naming convention; use lowerCamelCase or UpperCamelCase instead.
/home/benjamin/Projects/BimodalLogic/Theories/Bimodal/Metalogic/WeakCanonical/EFGames/CustomGame.lean:258:1: error: @Bimodal.Metalogic.WeakCanonical.ghr93_winning_condition The definition `Bimodal.Metalogic.WeakCanonical.ghr93_winning_condition` contains an underscore. This almost surely violates mathlib's naming convention; use lowerCamelCase or UpperCamelCase instead.
/home/benjamin/Projects/BimodalLogic/Theories/Bimodal/Metalogic/WeakCanonical/EFGames/CustomGame.lean:270:1: error: @Bimodal.Metalogic.WeakCanonical.ghr93_duplicator_wins The definition `Bimodal.Metalogic.WeakCanonical.ghr93_duplicator_wins` contains an underscore. This almost surely violates mathlib's naming convention; use lowerCamelCase or UpperCamelCase instead.
/home/benjamin/Projects/BimodalLogic/Theories/Bimodal/Metalogic/WeakCanonical/EFGames/CustomGame.lean:700:1: error: Bimodal.Metalogic.WeakCanonical.sf_verum The definition `Bimodal.Metalogic.WeakCanonical.sf_verum` contains an underscore. This almost surely violates mathlib's naming convention; use lowerCamelCase or UpperCamelCase instead.
/home/benjamin/Projects/BimodalLogic/Theories/Bimodal/Metalogic/WeakCanonical/EFGames/CustomGame.lean:703:1: error: Bimodal.Metalogic.WeakCanonical.sf_K_plus The definition `Bimodal.Metalogic.WeakCanonical.sf_K_plus` contains an underscore. This almost surely violates mathlib's naming convention; use lowerCamelCase or UpperCamelCase instead.
/home/benjamin/Projects/BimodalLogic/Theories/Bimodal/Metalogic/WeakCanonical/EFGames/CustomGame.lean:709:1: error: Bimodal.Metalogic.WeakCanonical.sf_K_minus The definition `Bimodal.Metalogic.WeakCanonical.sf_K_minus` contains an underscore. This almost surely violates mathlib's naming convention; use lowerCamelCase or UpperCamelCase instead.
/home/benjamin/Projects/BimodalLogic/Theories/Bimodal/Metalogic/WeakCanonical/EFGames/CustomGame.lean:777:1: error: Bimodal.Metalogic.WeakCanonical.gap_char_formula The definition `Bimodal.Metalogic.WeakCanonical.gap_char_formula` contains an underscore. This almost surely violates mathlib's naming convention; use lowerCamelCase or UpperCamelCase instead.
/home/benjamin/Projects/BimodalLogic/Theories/Bimodal/Metalogic/WeakCanonical/EFGames/CustomGame.lean:1098:1: error: @Bimodal.Metalogic.WeakCanonical.in_rank_embed_range The definition `Bimodal.Metalogic.WeakCanonical.in_rank_embed_range` contains an underscore. This almost surely violates mathlib's naming convention; use lowerCamelCase or UpperCamelCase instead.

-- Bimodal.Metalogic.WeakCanonical.EFGames.Decomposition
/home/benjamin/Projects/BimodalLogic/Theories/Bimodal/Metalogic/WeakCanonical/EFGames/Decomposition.lean:38:1: error: @Bimodal.Metalogic.WeakCanonical.decomposition_agreement The definition `Bimodal.Metalogic.WeakCanonical.decomposition_agreement` contains an underscore. This almost surely violates mathlib's naming convention; use lowerCamelCase or UpperCamelCase instead.

-- Bimodal.Metalogic.WeakCanonical.EFGames.Defs
/home/benjamin/Projects/BimodalLogic/Theories/Bimodal/Metalogic/WeakCanonical/EFGames/Defs.lean:56:3: error: @Bimodal.Metalogic.WeakCanonical.EFPosition.selected_M The definition `Bimodal.Metalogic.WeakCanonical.EFPosition.selected_M` contains an underscore. This almost surely violates mathlib's naming convention; use lowerCamelCase or UpperCamelCase instead.
/home/benjamin/Projects/BimodalLogic/Theories/Bimodal/Metalogic/WeakCanonical/EFGames/Defs.lean:58:3: error: @Bimodal.Metalogic.WeakCanonical.EFPosition.selected_N The definition `Bimodal.Metalogic.WeakCanonical.EFPosition.selected_N` contains an underscore. This almost surely violates mathlib's naming convention; use lowerCamelCase or UpperCamelCase instead.
/home/benjamin/Projects/BimodalLogic/Theories/Bimodal/Metalogic/WeakCanonical/EFGames/Defs.lean:60:1: error: @Bimodal.Metalogic.WeakCanonical.ef_duplicator_wins The definition `Bimodal.Metalogic.WeakCanonical.ef_duplicator_wins` contains an underscore. This almost surely violates mathlib's naming convention; use lowerCamelCase or UpperCamelCase instead.
/home/benjamin/Projects/BimodalLogic/Theories/Bimodal/Metalogic/WeakCanonical/EFGames/Defs.lean:84:1: error: Bimodal.Metalogic.WeakCanonical.game_depth The definition `Bimodal.Metalogic.WeakCanonical.game_depth` contains an underscore. This almost surely violates mathlib's naming convention; use lowerCamelCase or UpperCamelCase instead.
/home/benjamin/Projects/BimodalLogic/Theories/Bimodal/Metalogic/WeakCanonical/EFGames/Defs.lean:163:1: error: Bimodal.Metalogic.WeakCanonical.stavi_depth The definition `Bimodal.Metalogic.WeakCanonical.stavi_depth` contains an underscore. This almost surely violates mathlib's naming convention; use lowerCamelCase or UpperCamelCase instead.
/home/benjamin/Projects/BimodalLogic/Theories/Bimodal/Metalogic/WeakCanonical/EFGames/Defs.lean:177:1: error: @Bimodal.Metalogic.WeakCanonical.stavi_n_equiv The definition `Bimodal.Metalogic.WeakCanonical.stavi_n_equiv` contains an underscore. This almost surely violates mathlib's naming convention; use lowerCamelCase or UpperCamelCase instead.
/home/benjamin/Projects/BimodalLogic/Theories/Bimodal/Metalogic/WeakCanonical/EFGames/Defs.lean:287:1: error: @Bimodal.Metalogic.WeakCanonical.gap_definable_on_left The definition `Bimodal.Metalogic.WeakCanonical.gap_definable_on_left` contains an underscore. This almost surely violates mathlib's naming convention; use lowerCamelCase or UpperCamelCase instead.
/home/benjamin/Projects/BimodalLogic/Theories/Bimodal/Metalogic/WeakCanonical/EFGames/Defs.lean:301:1: error: @Bimodal.Metalogic.WeakCanonical.gap_definable_on_right The definition `Bimodal.Metalogic.WeakCanonical.gap_definable_on_right` contains an underscore. This almost surely violates mathlib's naming convention; use lowerCamelCase or UpperCamelCase instead.
/home/benjamin/Projects/BimodalLogic/Theories/Bimodal/Metalogic/WeakCanonical/EFGames/Defs.lean:315:1: error: @Bimodal.Metalogic.WeakCanonical.r_definable_gap The definition `Bimodal.Metalogic.WeakCanonical.r_definable_gap` contains an underscore. This almost surely violates mathlib's naming convention; use lowerCamelCase or UpperCamelCase instead.

-- Bimodal.Metalogic.WeakCanonical.EFGames.GapDetection
/home/benjamin/Projects/BimodalLogic/Theories/Bimodal/Metalogic/WeakCanonical/EFGames/GapDetection.lean:39:1: error: Bimodal.Metalogic.WeakCanonical.left_formula_base The definition `Bimodal.Metalogic.WeakCanonical.left_formula_base` contains an underscore. This almost surely violates mathlib's naming convention; use lowerCamelCase or UpperCamelCase instead.
/home/benjamin/Projects/BimodalLogic/Theories/Bimodal/Metalogic/WeakCanonical/EFGames/GapDetection.lean:78:1: error: Bimodal.Metalogic.WeakCanonical.left_formula The definition `Bimodal.Metalogic.WeakCanonical.left_formula` contains an underscore. This almost surely violates mathlib's naming convention; use lowerCamelCase or UpperCamelCase instead.
/home/benjamin/Projects/BimodalLogic/Theories/Bimodal/Metalogic/WeakCanonical/EFGames/GapDetection.lean:128:1: error: Bimodal.Metalogic.WeakCanonical.right_formula_base The definition `Bimodal.Metalogic.WeakCanonical.right_formula_base` contains an underscore. This almost surely violates mathlib's naming convention; use lowerCamelCase or UpperCamelCase instead.
/home/benjamin/Projects/BimodalLogic/Theories/Bimodal/Metalogic/WeakCanonical/EFGames/GapDetection.lean:157:1: error: Bimodal.Metalogic.WeakCanonical.right_formula The definition `Bimodal.Metalogic.WeakCanonical.right_formula` contains an underscore. This almost surely violates mathlib's naming convention; use lowerCamelCase or UpperCamelCase instead.

-- Bimodal.Metalogic.WeakCanonical.EFGames.StaviCompleteness
/home/benjamin/Projects/BimodalLogic/Theories/Bimodal/Metalogic/WeakCanonical/EFGames/StaviCompleteness.lean:227:1: error: @Bimodal.Metalogic.WeakCanonical.table_mu The definition `Bimodal.Metalogic.WeakCanonical.table_mu` contains an underscore. This almost surely violates mathlib's naming convention; use lowerCamelCase or UpperCamelCase instead.
/home/benjamin/Projects/BimodalLogic/Theories/Bimodal/Metalogic/WeakCanonical/EFGames/StaviCompleteness.lean:267:1: error: @Bimodal.Metalogic.WeakCanonical.stavi_table_mu The definition `Bimodal.Metalogic.WeakCanonical.stavi_table_mu` contains an underscore. This almost surely violates mathlib's naming convention; use lowerCamelCase or UpperCamelCase instead.
/home/benjamin/Projects/BimodalLogic/Theories/Bimodal/Metalogic/WeakCanonical/EFGames/StaviCompleteness.lean:443:1: error: Bimodal.Metalogic.WeakCanonical.stavi_fo_depth The definition `Bimodal.Metalogic.WeakCanonical.stavi_fo_depth` contains an underscore. This almost surely violates mathlib's naming convention; use lowerCamelCase or UpperCamelCase instead.
/home/benjamin/Projects/BimodalLogic/Theories/Bimodal/Metalogic/WeakCanonical/EFGames/StaviCompleteness.lean:1284:1: error: @Bimodal.Metalogic.WeakCanonical.atomKind_to_sf_literal The definition `Bimodal.Metalogic.WeakCanonical.atomKind_to_sf_literal` contains an underscore. This almost surely violates mathlib's naming convention; use lowerCamelCase or UpperCamelCase instead.
/home/benjamin/Projects/BimodalLogic/Theories/Bimodal/Metalogic/WeakCanonical/EFGames/StaviCompleteness.lean:1321:1: error: @Bimodal.Metalogic.WeakCanonical.nf_t_consistent The definition `Bimodal.Metalogic.WeakCanonical.nf_t_consistent` contains an underscore. This almost surely violates mathlib's naming convention; use lowerCamelCase or UpperCamelCase instead.
/home/benjamin/Projects/BimodalLogic/Theories/Bimodal/Metalogic/WeakCanonical/EFGames/StaviCompleteness.lean:1510:1: error: @Bimodal.Metalogic.WeakCanonical.interval_nf_types The definition `Bimodal.Metalogic.WeakCanonical.interval_nf_types` contains an underscore. This almost surely violates mathlib's naming convention; use lowerCamelCase or UpperCamelCase instead.
/home/benjamin/Projects/BimodalLogic/Theories/Bimodal/Metalogic/WeakCanonical/EFGames/StaviCompleteness.lean:1518:1: error: @Bimodal.Metalogic.WeakCanonical.interval_2var_nf_types The definition `Bimodal.Metalogic.WeakCanonical.interval_2var_nf_types` contains an underscore. This almost surely violates mathlib's naming convention; use lowerCamelCase or UpperCamelCase instead.

-- Bimodal.Metalogic.WeakCanonical.EFGames.TypeFormulas
/home/benjamin/Projects/BimodalLogic/Theories/Bimodal/Metalogic/WeakCanonical/EFGames/TypeFormulas.lean:40:1: error: @Bimodal.Metalogic.WeakCanonical.rank_embed_gap The definition `Bimodal.Metalogic.WeakCanonical.rank_embed_gap` contains an underscore. This almost surely violates mathlib's naming convention; use lowerCamelCase or UpperCamelCase instead.
/home/benjamin/Projects/BimodalLogic/Theories/Bimodal/Metalogic/WeakCanonical/EFGames/TypeFormulas.lean:48:1: error: @Bimodal.Metalogic.WeakCanonical.rank_embed The definition `Bimodal.Metalogic.WeakCanonical.rank_embed` contains an underscore. This almost surely violates mathlib's naming convention; use lowerCamelCase or UpperCamelCase instead.
/home/benjamin/Projects/BimodalLogic/Theories/Bimodal/Metalogic/WeakCanonical/EFGames/TypeFormulas.lean:234:1: error: Bimodal.Metalogic.WeakCanonical.muSig_fintypePreds The definition `Bimodal.Metalogic.WeakCanonical.muSig_fintypePreds` contains an underscore. This almost surely violates mathlib's naming convention; use lowerCamelCase or UpperCamelCase instead.
/home/benjamin/Projects/BimodalLogic/Theories/Bimodal/Metalogic/WeakCanonical/EFGames/TypeFormulas.lean:240:1: error: Bimodal.Metalogic.WeakCanonical.muSig_decEqPreds The definition `Bimodal.Metalogic.WeakCanonical.muSig_decEqPreds` contains an underscore. This almost surely violates mathlib's naming convention; use lowerCamelCase or UpperCamelCase instead.
/home/benjamin/Projects/BimodalLogic/Theories/Bimodal/Metalogic/WeakCanonical/EFGames/TypeFormulas.lean:263:1: error: @Bimodal.Metalogic.WeakCanonical.mu_holds The definition `Bimodal.Metalogic.WeakCanonical.mu_holds` contains an underscore. This almost surely violates mathlib's naming convention; use lowerCamelCase or UpperCamelCase instead.
/home/benjamin/Projects/BimodalLogic/Theories/Bimodal/Metalogic/WeakCanonical/EFGames/TypeFormulas.lean:298:1: error: @Bimodal.Metalogic.WeakCanonical.temporal_truth_mu The definition `Bimodal.Metalogic.WeakCanonical.temporal_truth_mu` contains an underscore. This almost surely violates mathlib's naming convention; use lowerCamelCase or UpperCamelCase instead.
/home/benjamin/Projects/BimodalLogic/Theories/Bimodal/Metalogic/WeakCanonical/EFGames/TypeFormulas.lean:326:1: error: @Bimodal.Metalogic.WeakCanonical.stavi_temporal_truth_mu The definition `Bimodal.Metalogic.WeakCanonical.stavi_temporal_truth_mu` contains an underscore. This almost surely violates mathlib's naming convention; use lowerCamelCase or UpperCamelCase instead.
/home/benjamin/Projects/BimodalLogic/Theories/Bimodal/Metalogic/WeakCanonical/EFGames/TypeFormulas.lean:408:1: error: @Bimodal.Metalogic.WeakCanonical.rank_type The definition `Bimodal.Metalogic.WeakCanonical.rank_type` contains an underscore. This almost surely violates mathlib's naming convention; use lowerCamelCase or UpperCamelCase instead.
/home/benjamin/Projects/BimodalLogic/Theories/Bimodal/Metalogic/WeakCanonical/EFGames/TypeFormulas.lean:418:1: error: @Bimodal.Metalogic.WeakCanonical.interval_types The definition `Bimodal.Metalogic.WeakCanonical.interval_types` contains an underscore. This almost surely violates mathlib's naming convention; use lowerCamelCase or UpperCamelCase instead.

-- Bimodal.Metalogic.WeakCanonical.Expressiveness.Claim1
/home/benjamin/Projects/BimodalLogic/Theories/Bimodal/Metalogic/WeakCanonical/Expressiveness/Claim1.lean:23:1: error: Bimodal.Metalogic.WeakCanonical.base_case_emb The definition `Bimodal.Metalogic.WeakCanonical.base_case_emb` contains an underscore. This almost surely violates mathlib's naming convention; use lowerCamelCase or UpperCamelCase instead.
/home/benjamin/Projects/BimodalLogic/Theories/Bimodal/Metalogic/WeakCanonical/Expressiveness/Claim1.lean:89:1: error: @Bimodal.Metalogic.WeakCanonical.cont_holds The definition `Bimodal.Metalogic.WeakCanonical.cont_holds` contains an underscore. This almost surely violates mathlib's naming convention; use lowerCamelCase or UpperCamelCase instead.
/home/benjamin/Projects/BimodalLogic/Theories/Bimodal/Metalogic/WeakCanonical/Expressiveness/Claim1.lean:104:1: error: @Bimodal.Metalogic.WeakCanonical.cont_holds_cross The definition `Bimodal.Metalogic.WeakCanonical.cont_holds_cross` contains an underscore. This almost surely violates mathlib's naming convention; use lowerCamelCase or UpperCamelCase instead.
/home/benjamin/Projects/BimodalLogic/Theories/Bimodal/Metalogic/WeakCanonical/Expressiveness/Claim1.lean:119:1: error: @Bimodal.Metalogic.WeakCanonical.continuation_set_cross The definition `Bimodal.Metalogic.WeakCanonical.continuation_set_cross` contains an underscore. This almost surely violates mathlib's naming convention; use lowerCamelCase or UpperCamelCase instead.
/home/benjamin/Projects/BimodalLogic/Theories/Bimodal/Metalogic/WeakCanonical/Expressiveness/Claim1.lean:159:1: error: @Bimodal.Metalogic.WeakCanonical.continuation_set The definition `Bimodal.Metalogic.WeakCanonical.continuation_set` contains an underscore. This almost surely violates mathlib's naming convention; use lowerCamelCase or UpperCamelCase instead.
/home/benjamin/Projects/BimodalLogic/Theories/Bimodal/Metalogic/WeakCanonical/Expressiveness/Claim1.lean:171:1: error: @Bimodal.Metalogic.WeakCanonical.inf_carrier_cut The definition `Bimodal.Metalogic.WeakCanonical.inf_carrier_cut` contains an underscore. This almost surely violates mathlib's naming convention; use lowerCamelCase or UpperCamelCase instead.
/home/benjamin/Projects/BimodalLogic/Theories/Bimodal/Metalogic/WeakCanonical/Expressiveness/Claim1.lean:389:1: error: @Bimodal.Metalogic.WeakCanonical.infimum_gap The definition `Bimodal.Metalogic.WeakCanonical.infimum_gap` contains an underscore. This almost surely violates mathlib's naming convention; use lowerCamelCase or UpperCamelCase instead.

-- Bimodal.Metalogic.WeakCanonical.IntegerModel.GoodStructures
/home/benjamin/Projects/BimodalLogic/Theories/Bimodal/Metalogic/WeakCanonical/IntegerModel/GoodStructures.lean:42:1: error: @Bimodal.Metalogic.WeakCanonical.ZIntervalStructure.intervalCarrier_linearOrder The definition `Bimodal.Metalogic.WeakCanonical.ZIntervalStructure.intervalCarrier_linearOrder` contains an underscore. This almost surely violates mathlib's naming convention; use lowerCamelCase or UpperCamelCase instead.
/home/benjamin/Projects/BimodalLogic/Theories/Bimodal/Metalogic/WeakCanonical/IntegerModel/GoodStructures.lean:71:1: error: Bimodal.Metalogic.WeakCanonical.very_good The definition `Bimodal.Metalogic.WeakCanonical.very_good` contains an underscore. This almost surely violates mathlib's naming convention; use lowerCamelCase or UpperCamelCase instead.
/home/benjamin/Projects/BimodalLogic/Theories/Bimodal/Metalogic/WeakCanonical/IntegerModel/GoodStructures.lean:692:1: error: Bimodal.Metalogic.WeakCanonical.contemp_equiv The definition `Bimodal.Metalogic.WeakCanonical.contemp_equiv` contains an underscore. This almost surely violates mathlib's naming convention; use lowerCamelCase or UpperCamelCase instead.

-- Bimodal.Metalogic.WeakCanonical.IntegerModel.GoodStructuresModelSurgery
/home/benjamin/Projects/BimodalLogic/Theories/Bimodal/Metalogic/WeakCanonical/IntegerModel/GoodStructuresModelSurgery.lean:343:1: error: @Bimodal.Metalogic.WeakCanonical.predicate_accessible The definition `Bimodal.Metalogic.WeakCanonical.predicate_accessible` contains an underscore. This almost surely violates mathlib's naming convention; use lowerCamelCase or UpperCamelCase instead.
/home/benjamin/Projects/BimodalLogic/Theories/Bimodal/Metalogic/WeakCanonical/IntegerModel/GoodStructuresModelSurgery.lean:353:1: error: @Bimodal.Metalogic.WeakCanonical.all_predicates_accessible The definition `Bimodal.Metalogic.WeakCanonical.all_predicates_accessible` contains an underscore. This almost surely violates mathlib's naming convention; use lowerCamelCase or UpperCamelCase instead.

-- Bimodal.Metalogic.WeakCanonical.IntegerModel.ReynoldsBridge
/home/benjamin/Projects/BimodalLogic/Theories/Bimodal/Metalogic/WeakCanonical/IntegerModel/ReynoldsBridge.lean:53:1: error: @Bimodal.Metalogic.WeakCanonical.limitdom_monadic_structure The definition `Bimodal.Metalogic.WeakCanonical.limitdom_monadic_structure` contains an underscore. This almost surely violates mathlib's naming convention; use lowerCamelCase or UpperCamelCase instead.
/home/benjamin/Projects/BimodalLogic/Theories/Bimodal/Metalogic/WeakCanonical/IntegerModel/ReynoldsBridge.lean:102:1: error: @Bimodal.Metalogic.WeakCanonical.limitdom_monadic_structure_succOrder The definition `Bimodal.Metalogic.WeakCanonical.limitdom_monadic_structure_succOrder` contains an underscore. This almost surely violates mathlib's naming convention; use lowerCamelCase or UpperCamelCase instead.
/home/benjamin/Projects/BimodalLogic/Theories/Bimodal/Metalogic/WeakCanonical/IntegerModel/ReynoldsBridge.lean:111:1: error: @Bimodal.Metalogic.WeakCanonical.limitdom_monadic_structure_predOrder The definition `Bimodal.Metalogic.WeakCanonical.limitdom_monadic_structure_predOrder` contains an underscore. This almost surely violates mathlib's naming convention; use lowerCamelCase or UpperCamelCase instead.
/home/benjamin/Projects/BimodalLogic/Theories/Bimodal/Metalogic/WeakCanonical/IntegerModel/ReynoldsBridge.lean:126:1: error: Bimodal.Metalogic.WeakCanonical.limitdom_effectiveFormula The definition `Bimodal.Metalogic.WeakCanonical.limitdom_effectiveFormula` contains an underscore. This almost surely violates mathlib's naming convention; use lowerCamelCase or UpperCamelCase instead.
/home/benjamin/Projects/BimodalLogic/Theories/Bimodal/Metalogic/WeakCanonical/IntegerModel/ReynoldsBridge.lean:437:1: error: Bimodal.Metalogic.WeakCanonical.zTaskFrame_v2 The definition `Bimodal.Metalogic.WeakCanonical.zTaskFrame_v2` contains an underscore. This almost surely violates mathlib's naming convention; use lowerCamelCase or UpperCamelCase instead.
/home/benjamin/Projects/BimodalLogic/Theories/Bimodal/Metalogic/WeakCanonical/IntegerModel/ReynoldsBridge.lean:445:1: error: Bimodal.Metalogic.WeakCanonical.zHistory_v2 The definition `Bimodal.Metalogic.WeakCanonical.zHistory_v2` contains an underscore. This almost surely violates mathlib's naming convention; use lowerCamelCase or UpperCamelCase instead.
/home/benjamin/Projects/BimodalLogic/Theories/Bimodal/Metalogic/WeakCanonical/IntegerModel/ReynoldsBridge.lean:452:1: error: Bimodal.Metalogic.WeakCanonical.zOmega_v2 The definition `Bimodal.Metalogic.WeakCanonical.zOmega_v2` contains an underscore. This almost surely violates mathlib's naming convention; use lowerCamelCase or UpperCamelCase instead.
/home/benjamin/Projects/BimodalLogic/Theories/Bimodal/Metalogic/WeakCanonical/IntegerModel/ReynoldsBridge.lean:472:1: error: @Bimodal.Metalogic.WeakCanonical.zTaskModel_v2 The definition `Bimodal.Metalogic.WeakCanonical.zTaskModel_v2` contains an underscore. This almost surely violates mathlib's naming convention; use lowerCamelCase or UpperCamelCase instead.

-- Bimodal.Metalogic.WeakCanonical.Kamp.EANegationClosure
/home/benjamin/Projects/BimodalLogic/Theories/Bimodal/Metalogic/WeakCanonical/Kamp/EANegationClosure.lean:180:1: error: Bimodal.Metalogic.WeakCanonical.Kamp.inf_bracket_formula The definition `Bimodal.Metalogic.WeakCanonical.Kamp.inf_bracket_formula` contains an underscore. This almost surely violates mathlib's naming convention; use lowerCamelCase or UpperCamelCase instead.
/home/benjamin/Projects/BimodalLogic/Theories/Bimodal/Metalogic/WeakCanonical/Kamp/EANegationClosure.lean:239:1: error: Bimodal.Metalogic.WeakCanonical.Kamp.neg_b2_bracket_formula The definition `Bimodal.Metalogic.WeakCanonical.Kamp.neg_b2_bracket_formula` contains an underscore. This almost surely violates mathlib's naming convention; use lowerCamelCase or UpperCamelCase instead.

-- Bimodal.Metalogic.WeakCanonical.Kamp.EANegationFix.NegFixOne
/home/benjamin/Projects/BimodalLogic/Theories/Bimodal/Metalogic/WeakCanonical/Kamp/EANegationFix/NegFixOne.lean:438:1: error: Bimodal.Metalogic.WeakCanonical.Kamp.NegFixGateProbe.caseA_Z The definition `Bimodal.Metalogic.WeakCanonical.Kamp.NegFixGateProbe.caseA_Z` contains an underscore. This almost surely violates mathlib's naming convention; use lowerCamelCase or UpperCamelCase instead.
/home/benjamin/Projects/BimodalLogic/Theories/Bimodal/Metalogic/WeakCanonical/Kamp/EANegationFix/NegFixOne.lean:441:1: error: Bimodal.Metalogic.WeakCanonical.Kamp.NegFixGateProbe.caseB1_Z The definition `Bimodal.Metalogic.WeakCanonical.Kamp.NegFixGateProbe.caseB1_Z` contains an underscore. This almost surely violates mathlib's naming convention; use lowerCamelCase or UpperCamelCase instead.
/home/benjamin/Projects/BimodalLogic/Theories/Bimodal/Metalogic/WeakCanonical/Kamp/EANegationFix/NegFixOne.lean:446:1: error: Bimodal.Metalogic.WeakCanonical.Kamp.NegFixGateProbe.caseB2_Z The definition `Bimodal.Metalogic.WeakCanonical.Kamp.NegFixGateProbe.caseB2_Z` contains an underscore. This almost surely violates mathlib's naming convention; use lowerCamelCase or UpperCamelCase instead.
/home/benjamin/Projects/BimodalLogic/Theories/Bimodal/Metalogic/WeakCanonical/Kamp/EANegationFix/NegFixOne.lean:450:1: error: Bimodal.Metalogic.WeakCanonical.Kamp.NegFixGateProbe.caseB3_Z The definition `Bimodal.Metalogic.WeakCanonical.Kamp.NegFixGateProbe.caseB3_Z` contains an underscore. This almost surely violates mathlib's naming convention; use lowerCamelCase or UpperCamelCase instead.
/home/benjamin/Projects/BimodalLogic/Theories/Bimodal/Metalogic/WeakCanonical/Kamp/EANegationFix/NegFixOne.lean:456:1: error: Bimodal.Metalogic.WeakCanonical.Kamp.NegFixGateProbe.caseB4_Z The definition `Bimodal.Metalogic.WeakCanonical.Kamp.NegFixGateProbe.caseB4_Z` contains an underscore. This almost surely violates mathlib's naming convention; use lowerCamelCase or UpperCamelCase instead.

-- Bimodal.Metalogic.WeakCanonical.Kamp.ESigmaExpansion
/home/benjamin/Projects/BimodalLogic/Theories/Bimodal/Metalogic/WeakCanonical/Kamp/ESigmaExpansion.lean:84:1: error: Bimodal.Metalogic.WeakCanonical.sigE_decEqPreds The definition `Bimodal.Metalogic.WeakCanonical.sigE_decEqPreds` contains an underscore. This almost surely violates mathlib's naming convention; use lowerCamelCase or UpperCamelCase instead.

-- Bimodal.Metalogic.WeakCanonical.Kamp.ExistsForallNF
/home/benjamin/Projects/BimodalLogic/Theories/Bimodal/Metalogic/WeakCanonical/Kamp/ExistsForallNF.lean:52:1: error: @Bimodal.Metalogic.WeakCanonical.Kamp.TemporalPred.eval_at The definition `Bimodal.Metalogic.WeakCanonical.Kamp.TemporalPred.eval_at` contains an underscore. This almost surely violates mathlib's naming convention; use lowerCamelCase or UpperCamelCase instead.

-- Bimodal.Metalogic.WeakCanonical.Kamp.ExteriorNegation
/home/benjamin/Projects/BimodalLogic/Theories/Bimodal/Metalogic/WeakCanonical/Kamp/ExteriorNegation.lean:100:1: error: @Bimodal.Metalogic.WeakCanonical.Kamp.kvE2_futAnyBit The definition `Bimodal.Metalogic.WeakCanonical.Kamp.kvE2_futAnyBit` contains an underscore. This almost surely violates mathlib's naming convention; use lowerCamelCase or UpperCamelCase instead.
/home/benjamin/Projects/BimodalLogic/Theories/Bimodal/Metalogic/WeakCanonical/Kamp/ExteriorNegation.lean:221:1: error: @Bimodal.Metalogic.WeakCanonical.Kamp.kvE2_futSpikeBase The definition `Bimodal.Metalogic.WeakCanonical.Kamp.kvE2_futSpikeBase` contains an underscore. This almost surely violates mathlib's naming convention; use lowerCamelCase or UpperCamelCase instead.
/home/benjamin/Projects/BimodalLogic/Theories/Bimodal/Metalogic/WeakCanonical/Kamp/ExteriorNegation.lean:234:1: error: @Bimodal.Metalogic.WeakCanonical.Kamp.kvE2_futSpikeZoneBit The definition `Bimodal.Metalogic.WeakCanonical.Kamp.kvE2_futSpikeZoneBit` contains an underscore. This almost surely violates mathlib's naming convention; use lowerCamelCase or UpperCamelCase instead.
/home/benjamin/Projects/BimodalLogic/Theories/Bimodal/Metalogic/WeakCanonical/Kamp/ExteriorNegation.lean:259:1: error: @Bimodal.Metalogic.WeakCanonical.Kamp.kvE2_futSpikeSigma The definition `Bimodal.Metalogic.WeakCanonical.Kamp.kvE2_futSpikeSigma` contains an underscore. This almost surely violates mathlib's naming convention; use lowerCamelCase or UpperCamelCase instead.
/home/benjamin/Projects/BimodalLogic/Theories/Bimodal/Metalogic/WeakCanonical/Kamp/ExteriorNegation.lean:285:1: error: @Bimodal.Metalogic.WeakCanonical.Kamp.kvE2_futSpikeEnd The definition `Bimodal.Metalogic.WeakCanonical.Kamp.kvE2_futSpikeEnd` contains an underscore. This almost surely violates mathlib's naming convention; use lowerCamelCase or UpperCamelCase instead.
/home/benjamin/Projects/BimodalLogic/Theories/Bimodal/Metalogic/WeakCanonical/Kamp/ExteriorNegation.lean:294:1: error: @Bimodal.Metalogic.WeakCanonical.Kamp.kvE2_futSpikePos The definition `Bimodal.Metalogic.WeakCanonical.Kamp.kvE2_futSpikePos` contains an underscore. This almost surely violates mathlib's naming convention; use lowerCamelCase or UpperCamelCase instead.
/home/benjamin/Projects/BimodalLogic/Theories/Bimodal/Metalogic/WeakCanonical/Kamp/ExteriorNegation.lean:309:1: error: @Bimodal.Metalogic.WeakCanonical.Kamp.kvE2_extNegFutSpike The definition `Bimodal.Metalogic.WeakCanonical.Kamp.kvE2_extNegFutSpike` contains an underscore. This almost surely violates mathlib's naming convention; use lowerCamelCase or UpperCamelCase instead.
/home/benjamin/Projects/BimodalLogic/Theories/Bimodal/Metalogic/WeakCanonical/Kamp/ExteriorNegation.lean:887:1: error: @Bimodal.Metalogic.WeakCanonical.Kamp.kvE2_futGapBit The definition `Bimodal.Metalogic.WeakCanonical.Kamp.kvE2_futGapBit` contains an underscore. This almost surely violates mathlib's naming convention; use lowerCamelCase or UpperCamelCase instead.
/home/benjamin/Projects/BimodalLogic/Theories/Bimodal/Metalogic/WeakCanonical/Kamp/ExteriorNegation.lean:892:1: error: @Bimodal.Metalogic.WeakCanonical.Kamp.kvE2_futRayBit The definition `Bimodal.Metalogic.WeakCanonical.Kamp.kvE2_futRayBit` contains an underscore. This almost surely violates mathlib's naming convention; use lowerCamelCase or UpperCamelCase instead.
/home/benjamin/Projects/BimodalLogic/Theories/Bimodal/Metalogic/WeakCanonical/Kamp/ExteriorNegation.lean:897:1: error: @Bimodal.Metalogic.WeakCanonical.Kamp.kvE2_futSelfBit The definition `Bimodal.Metalogic.WeakCanonical.Kamp.kvE2_futSelfBit` contains an underscore. This almost surely violates mathlib's naming convention; use lowerCamelCase or UpperCamelCase instead.
/home/benjamin/Projects/BimodalLogic/Theories/Bimodal/Metalogic/WeakCanonical/Kamp/ExteriorNegation.lean:902:1: error: @Bimodal.Metalogic.WeakCanonical.Kamp.kvE2_futGapList The definition `Bimodal.Metalogic.WeakCanonical.Kamp.kvE2_futGapList` contains an underscore. This almost surely violates mathlib's naming convention; use lowerCamelCase or UpperCamelCase instead.
/home/benjamin/Projects/BimodalLogic/Theories/Bimodal/Metalogic/WeakCanonical/Kamp/ExteriorNegation.lean:907:1: error: @Bimodal.Metalogic.WeakCanonical.Kamp.kvE2_futRayList The definition `Bimodal.Metalogic.WeakCanonical.Kamp.kvE2_futRayList` contains an underscore. This almost surely violates mathlib's naming convention; use lowerCamelCase or UpperCamelCase instead.
/home/benjamin/Projects/BimodalLogic/Theories/Bimodal/Metalogic/WeakCanonical/Kamp/ExteriorNegation.lean:912:1: error: Bimodal.Metalogic.WeakCanonical.Kamp.kvE2_futPossibleZones The definition `Bimodal.Metalogic.WeakCanonical.Kamp.kvE2_futPossibleZones` contains an underscore. This almost surely violates mathlib's naming convention; use lowerCamelCase or UpperCamelCase instead.
/home/benjamin/Projects/BimodalLogic/Theories/Bimodal/Metalogic/WeakCanonical/Kamp/ExteriorNegation.lean:1064:1: error: @Bimodal.Metalogic.WeakCanonical.Kamp.kvE2_futAdmissible The definition `Bimodal.Metalogic.WeakCanonical.Kamp.kvE2_futAdmissible` contains an underscore. This almost surely violates mathlib's naming convention; use lowerCamelCase or UpperCamelCase instead.
/home/benjamin/Projects/BimodalLogic/Theories/Bimodal/Metalogic/WeakCanonical/Kamp/ExteriorNegation.lean:1162:1: error: @Bimodal.Metalogic.WeakCanonical.Kamp.kvE2_futGapD The definition `Bimodal.Metalogic.WeakCanonical.Kamp.kvE2_futGapD` contains an underscore. This almost surely violates mathlib's naming convention; use lowerCamelCase or UpperCamelCase instead.
/home/benjamin/Projects/BimodalLogic/Theories/Bimodal/Metalogic/WeakCanonical/Kamp/ExteriorNegation.lean:1170:1: error: @Bimodal.Metalogic.WeakCanonical.Kamp.kvE2_futRayD The definition `Bimodal.Metalogic.WeakCanonical.Kamp.kvE2_futRayD` contains an underscore. This almost surely violates mathlib's naming convention; use lowerCamelCase or UpperCamelCase instead.
/home/benjamin/Projects/BimodalLogic/Theories/Bimodal/Metalogic/WeakCanonical/Kamp/ExteriorNegation.lean:1177:1: error: @Bimodal.Metalogic.WeakCanonical.Kamp.kvE2_futRayForm The definition `Bimodal.Metalogic.WeakCanonical.Kamp.kvE2_futRayForm` contains an underscore. This almost surely violates mathlib's naming convention; use lowerCamelCase or UpperCamelCase instead.
/home/benjamin/Projects/BimodalLogic/Theories/Bimodal/Metalogic/WeakCanonical/Kamp/ExteriorNegation.lean:1189:1: error: @Bimodal.Metalogic.WeakCanonical.Kamp.kvE2_futEnd The definition `Bimodal.Metalogic.WeakCanonical.Kamp.kvE2_futEnd` contains an underscore. This almost surely violates mathlib's naming convention; use lowerCamelCase or UpperCamelCase instead.
/home/benjamin/Projects/BimodalLogic/Theories/Bimodal/Metalogic/WeakCanonical/Kamp/ExteriorNegation.lean:1198:1: error: @Bimodal.Metalogic.WeakCanonical.Kamp.kvE2_futChain The definition `Bimodal.Metalogic.WeakCanonical.Kamp.kvE2_futChain` contains an underscore. This almost surely violates mathlib's naming convention; use lowerCamelCase or UpperCamelCase instead.
/home/benjamin/Projects/BimodalLogic/Theories/Bimodal/Metalogic/WeakCanonical/Kamp/ExteriorNegation.lean:1212:1: error: @Bimodal.Metalogic.WeakCanonical.Kamp.kvE2_futPos The definition `Bimodal.Metalogic.WeakCanonical.Kamp.kvE2_futPos` contains an underscore. This almost surely violates mathlib's naming convention; use lowerCamelCase or UpperCamelCase instead.
/home/benjamin/Projects/BimodalLogic/Theories/Bimodal/Metalogic/WeakCanonical/Kamp/ExteriorNegation.lean:1226:1: error: @Bimodal.Metalogic.WeakCanonical.Kamp.kvE2_extNegFut The definition `Bimodal.Metalogic.WeakCanonical.Kamp.kvE2_extNegFut` contains an underscore. This almost surely violates mathlib's naming convention; use lowerCamelCase or UpperCamelCase instead.

-- Bimodal.Metalogic.WeakCanonical.Kamp.ExteriorNegationPast
/home/benjamin/Projects/BimodalLogic/Theories/Bimodal/Metalogic/WeakCanonical/Kamp/ExteriorNegationPast.lean:225:1: error: @Bimodal.Metalogic.WeakCanonical.Kamp.kvE2_pastGapBit The definition `Bimodal.Metalogic.WeakCanonical.Kamp.kvE2_pastGapBit` contains an underscore. This almost surely violates mathlib's naming convention; use lowerCamelCase or UpperCamelCase instead.
/home/benjamin/Projects/BimodalLogic/Theories/Bimodal/Metalogic/WeakCanonical/Kamp/ExteriorNegationPast.lean:230:1: error: @Bimodal.Metalogic.WeakCanonical.Kamp.kvE2_pastRayBit The definition `Bimodal.Metalogic.WeakCanonical.Kamp.kvE2_pastRayBit` contains an underscore. This almost surely violates mathlib's naming convention; use lowerCamelCase or UpperCamelCase instead.
/home/benjamin/Projects/BimodalLogic/Theories/Bimodal/Metalogic/WeakCanonical/Kamp/ExteriorNegationPast.lean:235:1: error: @Bimodal.Metalogic.WeakCanonical.Kamp.kvE2_pastSelfBit The definition `Bimodal.Metalogic.WeakCanonical.Kamp.kvE2_pastSelfBit` contains an underscore. This almost surely violates mathlib's naming convention; use lowerCamelCase or UpperCamelCase instead.
/home/benjamin/Projects/BimodalLogic/Theories/Bimodal/Metalogic/WeakCanonical/Kamp/ExteriorNegationPast.lean:240:1: error: @Bimodal.Metalogic.WeakCanonical.Kamp.kvE2_pastGapList The definition `Bimodal.Metalogic.WeakCanonical.Kamp.kvE2_pastGapList` contains an underscore. This almost surely violates mathlib's naming convention; use lowerCamelCase or UpperCamelCase instead.
/home/benjamin/Projects/BimodalLogic/Theories/Bimodal/Metalogic/WeakCanonical/Kamp/ExteriorNegationPast.lean:245:1: error: @Bimodal.Metalogic.WeakCanonical.Kamp.kvE2_pastRayList The definition `Bimodal.Metalogic.WeakCanonical.Kamp.kvE2_pastRayList` contains an underscore. This almost surely violates mathlib's naming convention; use lowerCamelCase or UpperCamelCase instead.
/home/benjamin/Projects/BimodalLogic/Theories/Bimodal/Metalogic/WeakCanonical/Kamp/ExteriorNegationPast.lean:250:1: error: Bimodal.Metalogic.WeakCanonical.Kamp.kvE2_pastPossibleZones The definition `Bimodal.Metalogic.WeakCanonical.Kamp.kvE2_pastPossibleZones` contains an underscore. This almost surely violates mathlib's naming convention; use lowerCamelCase or UpperCamelCase instead.
/home/benjamin/Projects/BimodalLogic/Theories/Bimodal/Metalogic/WeakCanonical/Kamp/ExteriorNegationPast.lean:397:1: error: @Bimodal.Metalogic.WeakCanonical.Kamp.kvE2_pastAdmissible The definition `Bimodal.Metalogic.WeakCanonical.Kamp.kvE2_pastAdmissible` contains an underscore. This almost surely violates mathlib's naming convention; use lowerCamelCase or UpperCamelCase instead.
/home/benjamin/Projects/BimodalLogic/Theories/Bimodal/Metalogic/WeakCanonical/Kamp/ExteriorNegationPast.lean:483:1: error: @Bimodal.Metalogic.WeakCanonical.Kamp.kvE2_pastGapD The definition `Bimodal.Metalogic.WeakCanonical.Kamp.kvE2_pastGapD` contains an underscore. This almost surely violates mathlib's naming convention; use lowerCamelCase or UpperCamelCase instead.
/home/benjamin/Projects/BimodalLogic/Theories/Bimodal/Metalogic/WeakCanonical/Kamp/ExteriorNegationPast.lean:491:1: error: @Bimodal.Metalogic.WeakCanonical.Kamp.kvE2_pastRayD The definition `Bimodal.Metalogic.WeakCanonical.Kamp.kvE2_pastRayD` contains an underscore. This almost surely violates mathlib's naming convention; use lowerCamelCase or UpperCamelCase instead.
/home/benjamin/Projects/BimodalLogic/Theories/Bimodal/Metalogic/WeakCanonical/Kamp/ExteriorNegationPast.lean:498:1: error: @Bimodal.Metalogic.WeakCanonical.Kamp.kvE2_pastRayForm The definition `Bimodal.Metalogic.WeakCanonical.Kamp.kvE2_pastRayForm` contains an underscore. This almost surely violates mathlib's naming convention; use lowerCamelCase or UpperCamelCase instead.
/home/benjamin/Projects/BimodalLogic/Theories/Bimodal/Metalogic/WeakCanonical/Kamp/ExteriorNegationPast.lean:510:1: error: @Bimodal.Metalogic.WeakCanonical.Kamp.kvE2_pastEnd The definition `Bimodal.Metalogic.WeakCanonical.Kamp.kvE2_pastEnd` contains an underscore. This almost surely violates mathlib's naming convention; use lowerCamelCase or UpperCamelCase instead.
/home/benjamin/Projects/BimodalLogic/Theories/Bimodal/Metalogic/WeakCanonical/Kamp/ExteriorNegationPast.lean:519:1: error: @Bimodal.Metalogic.WeakCanonical.Kamp.kvE2_pastChain The definition `Bimodal.Metalogic.WeakCanonical.Kamp.kvE2_pastChain` contains an underscore. This almost surely violates mathlib's naming convention; use lowerCamelCase or UpperCamelCase instead.
/home/benjamin/Projects/BimodalLogic/Theories/Bimodal/Metalogic/WeakCanonical/Kamp/ExteriorNegationPast.lean:533:1: error: @Bimodal.Metalogic.WeakCanonical.Kamp.kvE2_pastPos The definition `Bimodal.Metalogic.WeakCanonical.Kamp.kvE2_pastPos` contains an underscore. This almost surely violates mathlib's naming convention; use lowerCamelCase or UpperCamelCase instead.
/home/benjamin/Projects/BimodalLogic/Theories/Bimodal/Metalogic/WeakCanonical/Kamp/ExteriorNegationPast.lean:546:1: error: @Bimodal.Metalogic.WeakCanonical.Kamp.kvE2_extNegPast The definition `Bimodal.Metalogic.WeakCanonical.Kamp.kvE2_extNegPast` contains an underscore. This almost surely violates mathlib's naming convention; use lowerCamelCase or UpperCamelCase instead.

-- Bimodal.Metalogic.WeakCanonical.Kamp.KampPrior
/home/benjamin/Projects/BimodalLogic/Theories/Bimodal/Metalogic/WeakCanonical/Kamp/KampPrior.lean:69:1: error: @Bimodal.Metalogic.WeakCanonical.Kamp.nf_succ_char_formula The definition `Bimodal.Metalogic.WeakCanonical.Kamp.nf_succ_char_formula` contains an underscore. This almost surely violates mathlib's naming convention; use lowerCamelCase or UpperCamelCase instead.
/home/benjamin/Projects/BimodalLogic/Theories/Bimodal/Metalogic/WeakCanonical/Kamp/KampPrior.lean:147:1: error: @Bimodal.Metalogic.WeakCanonical.Kamp.nf_2var_exist_depth0_tl_fn The definition `Bimodal.Metalogic.WeakCanonical.Kamp.nf_2var_exist_depth0_tl_fn` contains an underscore. This almost surely violates mathlib's naming convention; use lowerCamelCase or UpperCamelCase instead.
/home/benjamin/Projects/BimodalLogic/Theories/Bimodal/Metalogic/WeakCanonical/Kamp/KampPrior.lean:341:1: error: @Bimodal.Metalogic.WeakCanonical.Kamp.nf_nvar_exist_all_depths The definition `Bimodal.Metalogic.WeakCanonical.Kamp.nf_nvar_exist_all_depths` contains an underscore. This almost surely violates mathlib's naming convention; use lowerCamelCase or UpperCamelCase instead.
/home/benjamin/Projects/BimodalLogic/Theories/Bimodal/Metalogic/WeakCanonical/Kamp/KampPrior.lean:539:1: error: @Bimodal.Metalogic.WeakCanonical.Kamp.nf_nvar_exist_all_depths_fn The definition `Bimodal.Metalogic.WeakCanonical.Kamp.nf_nvar_exist_all_depths_fn` contains an underscore. This almost surely violates mathlib's naming convention; use lowerCamelCase or UpperCamelCase instead.
/home/benjamin/Projects/BimodalLogic/Theories/Bimodal/Metalogic/WeakCanonical/Kamp/KampPrior.lean:571:1: error: @Bimodal.Metalogic.WeakCanonical.Kamp.nf_characterizable_temporal_prior The definition `Bimodal.Metalogic.WeakCanonical.Kamp.nf_characterizable_temporal_prior` contains an underscore. This almost surely violates mathlib's naming convention; use lowerCamelCase or UpperCamelCase instead.
/home/benjamin/Projects/BimodalLogic/Theories/Bimodal/Metalogic/WeakCanonical/Kamp/KampPrior.lean:649:1: error: @Bimodal.Metalogic.WeakCanonical.Kamp.kamp_prior_expressive_completeness The definition `Bimodal.Metalogic.WeakCanonical.Kamp.kamp_prior_expressive_completeness` contains an underscore. This almost surely violates mathlib's naming convention; use lowerCamelCase or UpperCamelCase instead.
/home/benjamin/Projects/BimodalLogic/Theories/Bimodal/Metalogic/WeakCanonical/Kamp/KampPrior.lean:1287:1: error: @Bimodal.Metalogic.WeakCanonical.Kamp.kampPrior_existProviders_of_ih The definition `Bimodal.Metalogic.WeakCanonical.Kamp.kampPrior_existProviders_of_ih` contains an underscore. This almost surely violates mathlib's naming convention; use lowerCamelCase or UpperCamelCase instead.
/home/benjamin/Projects/BimodalLogic/Theories/Bimodal/Metalogic/WeakCanonical/Kamp/KampPrior.lean:1398:1: error: @Bimodal.Metalogic.WeakCanonical.Kamp.kampPrior_existProviders_one_of_ih The definition `Bimodal.Metalogic.WeakCanonical.Kamp.kampPrior_existProviders_one_of_ih` contains an underscore. This almost surely violates mathlib's naming convention; use lowerCamelCase or UpperCamelCase instead.
/home/benjamin/Projects/BimodalLogic/Theories/Bimodal/Metalogic/WeakCanonical/Kamp/KampPrior.lean:1418:1: error: @Bimodal.Metalogic.WeakCanonical.Kamp.kampPrior_existProviders_zero The definition `Bimodal.Metalogic.WeakCanonical.Kamp.kampPrior_existProviders_zero` contains an underscore. This almost surely violates mathlib's naming convention; use lowerCamelCase or UpperCamelCase instead.

-- Bimodal.Metalogic.WeakCanonical.Kamp.Lemma53
/home/benjamin/Projects/BimodalLogic/Theories/Bimodal/Metalogic/WeakCanonical/Kamp/Lemma53.lean:181:1: error: Bimodal.Metalogic.WeakCanonical.Kamp.O_zero The definition `Bimodal.Metalogic.WeakCanonical.Kamp.O_zero` contains an underscore. This almost surely violates mathlib's naming convention; use lowerCamelCase or UpperCamelCase instead.
/home/benjamin/Projects/BimodalLogic/Theories/Bimodal/Metalogic/WeakCanonical/Kamp/Lemma53.lean:200:1: error: Bimodal.Metalogic.WeakCanonical.Kamp.O_one The definition `Bimodal.Metalogic.WeakCanonical.Kamp.O_one` contains an underscore. This almost surely violates mathlib's naming convention; use lowerCamelCase or UpperCamelCase instead.

-- Bimodal.Metalogic.WeakCanonical.Kamp.NfDepth0Generalized
/home/benjamin/Projects/BimodalLogic/Theories/Bimodal/Metalogic/WeakCanonical/Kamp/NfDepth0Generalized.lean:587:1: error: @Bimodal.Metalogic.WeakCanonical.Kamp.mergeNF_succ The definition `Bimodal.Metalogic.WeakCanonical.Kamp.mergeNF_succ` contains an underscore. This almost surely violates mathlib's naming convention; use lowerCamelCase or UpperCamelCase instead.
/home/benjamin/Projects/BimodalLogic/Theories/Bimodal/Metalogic/WeakCanonical/Kamp/NfDepth0Generalized.lean:1620:1: error: @Bimodal.Metalogic.WeakCanonical.Kamp.nf_nvar_exist_depth0_tl_fn The definition `Bimodal.Metalogic.WeakCanonical.Kamp.nf_nvar_exist_depth0_tl_fn` contains an underscore. This almost surely violates mathlib's naming convention; use lowerCamelCase or UpperCamelCase instead.
/home/benjamin/Projects/BimodalLogic/Theories/Bimodal/Metalogic/WeakCanonical/Kamp/NfDepth0Generalized.lean:1749:1: error: Bimodal.Metalogic.WeakCanonical.Kamp.nf_quant_clause_tl The definition `Bimodal.Metalogic.WeakCanonical.Kamp.nf_quant_clause_tl` contains an underscore. This almost surely violates mathlib's naming convention; use lowerCamelCase or UpperCamelCase instead.

-- Bimodal.Metalogic.WeakCanonical.Kamp.NfEFold
/home/benjamin/Projects/BimodalLogic/Theories/Bimodal/Metalogic/WeakCanonical/Kamp/NfEFold.lean:83:1: error: @Bimodal.Metalogic.WeakCanonical.Kamp.nf_eval_efold The definition `Bimodal.Metalogic.WeakCanonical.Kamp.nf_eval_efold` contains an underscore. This almost surely violates mathlib's naming convention; use lowerCamelCase or UpperCamelCase instead.
/home/benjamin/Projects/BimodalLogic/Theories/Bimodal/Metalogic/WeakCanonical/Kamp/NfEFold.lean:148:1: error: @Bimodal.Metalogic.WeakCanonical.Kamp.nf0_zoneSpec The definition `Bimodal.Metalogic.WeakCanonical.Kamp.nf0_zoneSpec` contains an underscore. This almost surely violates mathlib's naming convention; use lowerCamelCase or UpperCamelCase instead.
/home/benjamin/Projects/BimodalLogic/Theories/Bimodal/Metalogic/WeakCanonical/Kamp/NfEFold.lean:158:1: error: @Bimodal.Metalogic.WeakCanonical.Kamp.nf0_projFresh The definition `Bimodal.Metalogic.WeakCanonical.Kamp.nf0_projFresh` contains an underscore. This almost surely violates mathlib's naming convention; use lowerCamelCase or UpperCamelCase instead.
/home/benjamin/Projects/BimodalLogic/Theories/Bimodal/Metalogic/WeakCanonical/Kamp/NfEFold.lean:168:1: error: @Bimodal.Metalogic.WeakCanonical.Kamp.nf0_dropFresh The definition `Bimodal.Metalogic.WeakCanonical.Kamp.nf0_dropFresh` contains an underscore. This almost surely violates mathlib's naming convention; use lowerCamelCase or UpperCamelCase instead.
/home/benjamin/Projects/BimodalLogic/Theories/Bimodal/Metalogic/WeakCanonical/Kamp/NfEFold.lean:175:1: error: @Bimodal.Metalogic.WeakCanonical.Kamp.nf0_assemble The definition `Bimodal.Metalogic.WeakCanonical.Kamp.nf0_assemble` contains an underscore. This almost surely violates mathlib's naming convention; use lowerCamelCase or UpperCamelCase instead.
/home/benjamin/Projects/BimodalLogic/Theories/Bimodal/Metalogic/WeakCanonical/Kamp/NfEFold.lean:466:1: error: @Bimodal.Metalogic.WeakCanonical.Kamp.efold_of_nf1 The definition `Bimodal.Metalogic.WeakCanonical.Kamp.efold_of_nf1` contains an underscore. This almost surely violates mathlib's naming convention; use lowerCamelCase or UpperCamelCase instead.
/home/benjamin/Projects/BimodalLogic/Theories/Bimodal/Metalogic/WeakCanonical/Kamp/NfEFold.lean:573:1: error: @Bimodal.Metalogic.WeakCanonical.Kamp.nfk_dropFresh The definition `Bimodal.Metalogic.WeakCanonical.Kamp.nfk_dropFresh` contains an underscore. This almost surely violates mathlib's naming convention; use lowerCamelCase or UpperCamelCase instead.
/home/benjamin/Projects/BimodalLogic/Theories/Bimodal/Metalogic/WeakCanonical/Kamp/NfEFold.lean:582:1: error: @Bimodal.Metalogic.WeakCanonical.Kamp.nfk_zoneSpec The definition `Bimodal.Metalogic.WeakCanonical.Kamp.nfk_zoneSpec` contains an underscore. This almost surely violates mathlib's naming convention; use lowerCamelCase or UpperCamelCase instead.
/home/benjamin/Projects/BimodalLogic/Theories/Bimodal/Metalogic/WeakCanonical/Kamp/NfEFold.lean:602:1: error: @Bimodal.Metalogic.WeakCanonical.Kamp.nf_eval_efold_k The definition `Bimodal.Metalogic.WeakCanonical.Kamp.nf_eval_efold_k` contains an underscore. This almost surely violates mathlib's naming convention; use lowerCamelCase or UpperCamelCase instead.

-- Bimodal.Metalogic.WeakCanonical.Kamp.NfMultiAnchorBridge.AggregateHookDischarge
/home/benjamin/Projects/BimodalLogic/Theories/Bimodal/Metalogic/WeakCanonical/Kamp/NfMultiAnchorBridge/AggregateHookDischarge.lean:1686:1: error: @Bimodal.Metalogic.WeakCanonical.Kamp.kampArm_past_k0 The definition `Bimodal.Metalogic.WeakCanonical.Kamp.kampArm_past_k0` contains an underscore. This almost surely violates mathlib's naming convention; use lowerCamelCase or UpperCamelCase instead.
/home/benjamin/Projects/BimodalLogic/Theories/Bimodal/Metalogic/WeakCanonical/Kamp/NfMultiAnchorBridge/AggregateHookDischarge.lean:1708:1: error: @Bimodal.Metalogic.WeakCanonical.Kamp.kampArm_diag_k0 The definition `Bimodal.Metalogic.WeakCanonical.Kamp.kampArm_diag_k0` contains an underscore. This almost surely violates mathlib's naming convention; use lowerCamelCase or UpperCamelCase instead.
/home/benjamin/Projects/BimodalLogic/Theories/Bimodal/Metalogic/WeakCanonical/Kamp/NfMultiAnchorBridge/AggregateHookDischarge.lean:1729:1: error: @Bimodal.Metalogic.WeakCanonical.Kamp.kampArm_future_k0 The definition `Bimodal.Metalogic.WeakCanonical.Kamp.kampArm_future_k0` contains an underscore. This almost surely violates mathlib's naming convention; use lowerCamelCase or UpperCamelCase instead.
/home/benjamin/Projects/BimodalLogic/Theories/Bimodal/Metalogic/WeakCanonical/Kamp/NfMultiAnchorBridge/AggregateHookDischarge.lean:2085:1: error: @Bimodal.Metalogic.WeakCanonical.Kamp.kampArm_diag_k1 The definition `Bimodal.Metalogic.WeakCanonical.Kamp.kampArm_diag_k1` contains an underscore. This almost surely violates mathlib's naming convention; use lowerCamelCase or UpperCamelCase instead.

-- Bimodal.Metalogic.WeakCanonical.Kamp.NfMultiAnchorBridge.AggregateOffDiagK1
/home/benjamin/Projects/BimodalLogic/Theories/Bimodal/Metalogic/WeakCanonical/Kamp/NfMultiAnchorBridge/AggregateOffDiagK1.lean:1455:1: error: @Bimodal.Metalogic.WeakCanonical.Kamp.kampArm_past_k1 The definition `Bimodal.Metalogic.WeakCanonical.Kamp.kampArm_past_k1` contains an underscore. This almost surely violates mathlib's naming convention; use lowerCamelCase or UpperCamelCase instead.
/home/benjamin/Projects/BimodalLogic/Theories/Bimodal/Metalogic/WeakCanonical/Kamp/NfMultiAnchorBridge/AggregateOffDiagK1.lean:1483:1: error: @Bimodal.Metalogic.WeakCanonical.Kamp.kampArm_future_k1 The definition `Bimodal.Metalogic.WeakCanonical.Kamp.kampArm_future_k1` contains an underscore. This almost surely violates mathlib's naming convention; use lowerCamelCase or UpperCamelCase instead.

-- Bimodal.Metalogic.WeakCanonical.Kamp.NfMultiAnchorBridge.Base
/home/benjamin/Projects/BimodalLogic/Theories/Bimodal/Metalogic/WeakCanonical/Kamp/NfMultiAnchorBridge/Base.lean:166:1: error: @Bimodal.Metalogic.WeakCanonical.Kamp.nf_char2_diag_exist_tl The definition `Bimodal.Metalogic.WeakCanonical.Kamp.nf_char2_diag_exist_tl` contains an underscore. This almost surely violates mathlib's naming convention; use lowerCamelCase or UpperCamelCase instead.
/home/benjamin/Projects/BimodalLogic/Theories/Bimodal/Metalogic/WeakCanonical/Kamp/NfMultiAnchorBridge/Base.lean:227:1: error: @Bimodal.Metalogic.WeakCanonical.Kamp.nf_char2_atom_part The definition `Bimodal.Metalogic.WeakCanonical.Kamp.nf_char2_atom_part` contains an underscore. This almost surely violates mathlib's naming convention; use lowerCamelCase or UpperCamelCase instead.
/home/benjamin/Projects/BimodalLogic/Theories/Bimodal/Metalogic/WeakCanonical/Kamp/NfMultiAnchorBridge/Base.lean:337:1: error: @Bimodal.Metalogic.WeakCanonical.Kamp.nf2_locus The definition `Bimodal.Metalogic.WeakCanonical.Kamp.nf2_locus` contains an underscore. This almost surely violates mathlib's naming convention; use lowerCamelCase or UpperCamelCase instead.
/home/benjamin/Projects/BimodalLogic/Theories/Bimodal/Metalogic/WeakCanonical/Kamp/NfMultiAnchorBridge/Base.lean:346:1: error: @Bimodal.Metalogic.WeakCanonical.Kamp.nf_char2_atom_offdiag_endpoint The definition `Bimodal.Metalogic.WeakCanonical.Kamp.nf_char2_atom_offdiag_endpoint` contains an underscore. This almost surely violates mathlib's naming convention; use lowerCamelCase or UpperCamelCase instead.
/home/benjamin/Projects/BimodalLogic/Theories/Bimodal/Metalogic/WeakCanonical/Kamp/NfMultiAnchorBridge/Base.lean:356:1: error: @Bimodal.Metalogic.WeakCanonical.Kamp.nf_char2_atom_offdiag_origin The definition `Bimodal.Metalogic.WeakCanonical.Kamp.nf_char2_atom_offdiag_origin` contains an underscore. This almost surely violates mathlib's naming convention; use lowerCamelCase or UpperCamelCase instead.
/home/benjamin/Projects/BimodalLogic/Theories/Bimodal/Metalogic/WeakCanonical/Kamp/NfMultiAnchorBridge/Base.lean:457:1: error: @Bimodal.Metalogic.WeakCanonical.Kamp.nf_char2_formula The definition `Bimodal.Metalogic.WeakCanonical.Kamp.nf_char2_formula` contains an underscore. This almost surely violates mathlib's naming convention; use lowerCamelCase or UpperCamelCase instead.
/home/benjamin/Projects/BimodalLogic/Theories/Bimodal/Metalogic/WeakCanonical/Kamp/NfMultiAnchorBridge/Base.lean:672:1: error: @Bimodal.Metalogic.WeakCanonical.Kamp.nf_zone_flatten_navigable The definition `Bimodal.Metalogic.WeakCanonical.Kamp.nf_zone_flatten_navigable` contains an underscore. This almost surely violates mathlib's naming convention; use lowerCamelCase or UpperCamelCase instead.
/home/benjamin/Projects/BimodalLogic/Theories/Bimodal/Metalogic/WeakCanonical/Kamp/NfMultiAnchorBridge/Base.lean:750:1: error: @Bimodal.Metalogic.WeakCanonical.Kamp.A_diag The definition `Bimodal.Metalogic.WeakCanonical.Kamp.A_diag` contains an underscore. This almost surely violates mathlib's naming convention; use lowerCamelCase or UpperCamelCase instead.
/home/benjamin/Projects/BimodalLogic/Theories/Bimodal/Metalogic/WeakCanonical/Kamp/NfMultiAnchorBridge/Base.lean:887:1: error: @Bimodal.Metalogic.WeakCanonical.Kamp.nf_char3_endpoint_tl The definition `Bimodal.Metalogic.WeakCanonical.Kamp.nf_char3_endpoint_tl` contains an underscore. This almost surely violates mathlib's naming convention; use lowerCamelCase or UpperCamelCase instead.
/home/benjamin/Projects/BimodalLogic/Theories/Bimodal/Metalogic/WeakCanonical/Kamp/NfMultiAnchorBridge/Base.lean:1028:1: error: @Bimodal.Metalogic.WeakCanonical.Kamp.nf3_locus0 The definition `Bimodal.Metalogic.WeakCanonical.Kamp.nf3_locus0` contains an underscore. This almost surely violates mathlib's naming convention; use lowerCamelCase or UpperCamelCase instead.
/home/benjamin/Projects/BimodalLogic/Theories/Bimodal/Metalogic/WeakCanonical/Kamp/NfMultiAnchorBridge/Base.lean:1259:1: error: @Bimodal.Metalogic.WeakCanonical.Kamp.nf_char2_past_formula The definition `Bimodal.Metalogic.WeakCanonical.Kamp.nf_char2_past_formula` contains an underscore. This almost surely violates mathlib's naming convention; use lowerCamelCase or UpperCamelCase instead.
/home/benjamin/Projects/BimodalLogic/Theories/Bimodal/Metalogic/WeakCanonical/Kamp/NfMultiAnchorBridge/Base.lean:1396:1: error: @Bimodal.Metalogic.WeakCanonical.Kamp.nf_char2_atom_offdiag_origin_future The definition `Bimodal.Metalogic.WeakCanonical.Kamp.nf_char2_atom_offdiag_origin_future` contains an underscore. This almost surely violates mathlib's naming convention; use lowerCamelCase or UpperCamelCase instead.
/home/benjamin/Projects/BimodalLogic/Theories/Bimodal/Metalogic/WeakCanonical/Kamp/NfMultiAnchorBridge/Base.lean:1494:1: error: @Bimodal.Metalogic.WeakCanonical.Kamp.nf_char2_future_formula The definition `Bimodal.Metalogic.WeakCanonical.Kamp.nf_char2_future_formula` contains an underscore. This almost surely violates mathlib's naming convention; use lowerCamelCase or UpperCamelCase instead.
/home/benjamin/Projects/BimodalLogic/Theories/Bimodal/Metalogic/WeakCanonical/Kamp/NfMultiAnchorBridge/Base.lean:1743:1: error: @Bimodal.Metalogic.WeakCanonical.Kamp.nfN_locus0 The definition `Bimodal.Metalogic.WeakCanonical.Kamp.nfN_locus0` contains an underscore. This almost surely violates mathlib's naming convention; use lowerCamelCase or UpperCamelCase instead.
/home/benjamin/Projects/BimodalLogic/Theories/Bimodal/Metalogic/WeakCanonical/Kamp/NfMultiAnchorBridge/Base.lean:1996:1: error: @Bimodal.Metalogic.WeakCanonical.Kamp.nf_endpoint_tl_gen The definition `Bimodal.Metalogic.WeakCanonical.Kamp.nf_endpoint_tl_gen` contains an underscore. This almost surely violates mathlib's naming convention; use lowerCamelCase or UpperCamelCase instead.

-- Bimodal.Metalogic.WeakCanonical.Kamp.NfMultiAnchorBridge.CarrierK1V
/home/benjamin/Projects/BimodalLogic/Theories/Bimodal/Metalogic/WeakCanonical/Kamp/NfMultiAnchorBridge/CarrierK1V.lean:70:1: error: @Bimodal.Metalogic.WeakCanonical.Kamp.bracketEndChar_k0 The definition `Bimodal.Metalogic.WeakCanonical.Kamp.bracketEndChar_k0` contains an underscore. This almost surely violates mathlib's naming convention; use lowerCamelCase or UpperCamelCase instead.
/home/benjamin/Projects/BimodalLogic/Theories/Bimodal/Metalogic/WeakCanonical/Kamp/NfMultiAnchorBridge/CarrierK1V.lean:146:1: error: @Bimodal.Metalogic.WeakCanonical.Kamp.bracketEndChar_k1 The definition `Bimodal.Metalogic.WeakCanonical.Kamp.bracketEndChar_k1` contains an underscore. This almost surely violates mathlib's naming convention; use lowerCamelCase or UpperCamelCase instead.
/home/benjamin/Projects/BimodalLogic/Theories/Bimodal/Metalogic/WeakCanonical/Kamp/NfMultiAnchorBridge/CarrierK1V.lean:397:1: error: @Bimodal.Metalogic.WeakCanonical.Kamp.bracketEndChar_k1v The definition `Bimodal.Metalogic.WeakCanonical.Kamp.bracketEndChar_k1v` contains an underscore. This almost surely violates mathlib's naming convention; use lowerCamelCase or UpperCamelCase instead.

-- Bimodal.Metalogic.WeakCanonical.Kamp.NfMultiAnchorBridge.CarrierKv
/home/benjamin/Projects/BimodalLogic/Theories/Bimodal/Metalogic/WeakCanonical/Kamp/NfMultiAnchorBridge/CarrierKv.lean:51:1: error: @Bimodal.Metalogic.WeakCanonical.Kamp.atomKind_castLE The definition `Bimodal.Metalogic.WeakCanonical.Kamp.atomKind_castLE` contains an underscore. This almost surely violates mathlib's naming convention; use lowerCamelCase or UpperCamelCase instead.
/home/benjamin/Projects/BimodalLogic/Theories/Bimodal/Metalogic/WeakCanonical/Kamp/NfMultiAnchorBridge/CarrierKv.lean:61:1: error: @Bimodal.Metalogic.WeakCanonical.Kamp.nfk_take The definition `Bimodal.Metalogic.WeakCanonical.Kamp.nfk_take` contains an underscore. This almost surely violates mathlib's naming convention; use lowerCamelCase or UpperCamelCase instead.
/home/benjamin/Projects/BimodalLogic/Theories/Bimodal/Metalogic/WeakCanonical/Kamp/NfMultiAnchorBridge/CarrierKv.lean:78:1: error: @Bimodal.Metalogic.WeakCanonical.Kamp.nfk_projFresh The definition `Bimodal.Metalogic.WeakCanonical.Kamp.nfk_projFresh` contains an underscore. This almost surely violates mathlib's naming convention; use lowerCamelCase or UpperCamelCase instead.
/home/benjamin/Projects/BimodalLogic/Theories/Bimodal/Metalogic/WeakCanonical/Kamp/NfMultiAnchorBridge/CarrierKv.lean:229:1: error: @Bimodal.Metalogic.WeakCanonical.Kamp.bracketEndChar_kv The definition `Bimodal.Metalogic.WeakCanonical.Kamp.bracketEndChar_kv` contains an underscore. This almost surely violates mathlib's naming convention; use lowerCamelCase or UpperCamelCase instead.
/home/benjamin/Projects/BimodalLogic/Theories/Bimodal/Metalogic/WeakCanonical/Kamp/NfMultiAnchorBridge/CarrierKv.lean:573:1: error: @Bimodal.Metalogic.WeakCanonical.Kamp.bracketEndChar_kvFib The definition `Bimodal.Metalogic.WeakCanonical.Kamp.bracketEndChar_kvFib` contains an underscore. This almost surely violates mathlib's naming convention; use lowerCamelCase or UpperCamelCase instead.

-- Bimodal.Metalogic.WeakCanonical.Kamp.NfMultiAnchorBridge.ExteriorAmbientDeepAnchorK
/home/benjamin/Projects/BimodalLogic/Theories/Bimodal/Metalogic/WeakCanonical/Kamp/NfMultiAnchorBridge/ExteriorAmbientDeepAnchorK.lean:105:1: error: @Bimodal.Metalogic.WeakCanonical.Kamp.kvE_ambientDeepAnchor The definition `Bimodal.Metalogic.WeakCanonical.Kamp.kvE_ambientDeepAnchor` contains an underscore. This almost surely violates mathlib's naming convention; use lowerCamelCase or UpperCamelCase instead.

-- Bimodal.Metalogic.WeakCanonical.Kamp.NfMultiAnchorBridge.ExteriorBracket
/home/benjamin/Projects/BimodalLogic/Theories/Bimodal/Metalogic/WeakCanonical/Kamp/NfMultiAnchorBridge/ExteriorBracket.lean:93:1: error: Bimodal.Metalogic.WeakCanonical.Kamp.kvE2_futBelowZones The definition `Bimodal.Metalogic.WeakCanonical.Kamp.kvE2_futBelowZones` contains an underscore. This almost surely violates mathlib's naming convention; use lowerCamelCase or UpperCamelCase instead.
/home/benjamin/Projects/BimodalLogic/Theories/Bimodal/Metalogic/WeakCanonical/Kamp/NfMultiAnchorBridge/ExteriorBracket.lean:98:1: error: Bimodal.Metalogic.WeakCanonical.Kamp.kvE2_pastAboveZones The definition `Bimodal.Metalogic.WeakCanonical.Kamp.kvE2_pastAboveZones` contains an underscore. This almost surely violates mathlib's naming convention; use lowerCamelCase or UpperCamelCase instead.
/home/benjamin/Projects/BimodalLogic/Theories/Bimodal/Metalogic/WeakCanonical/Kamp/NfMultiAnchorBridge/ExteriorBracket.lean:121:1: error: @Bimodal.Metalogic.WeakCanonical.Kamp.kvE2_futMarked The definition `Bimodal.Metalogic.WeakCanonical.Kamp.kvE2_futMarked` contains an underscore. This almost surely violates mathlib's naming convention; use lowerCamelCase or UpperCamelCase instead.
/home/benjamin/Projects/BimodalLogic/Theories/Bimodal/Metalogic/WeakCanonical/Kamp/NfMultiAnchorBridge/ExteriorBracket.lean:137:1: error: @Bimodal.Metalogic.WeakCanonical.Kamp.kvE2_pastMarked The definition `Bimodal.Metalogic.WeakCanonical.Kamp.kvE2_pastMarked` contains an underscore. This almost surely violates mathlib's naming convention; use lowerCamelCase or UpperCamelCase instead.
/home/benjamin/Projects/BimodalLogic/Theories/Bimodal/Metalogic/WeakCanonical/Kamp/NfMultiAnchorBridge/ExteriorBracket.lean:364:1: error: @Bimodal.Metalogic.WeakCanonical.Kamp.kvE2_extBracketFut The definition `Bimodal.Metalogic.WeakCanonical.Kamp.kvE2_extBracketFut` contains an underscore. This almost surely violates mathlib's naming convention; use lowerCamelCase or UpperCamelCase instead.
/home/benjamin/Projects/BimodalLogic/Theories/Bimodal/Metalogic/WeakCanonical/Kamp/NfMultiAnchorBridge/ExteriorBracket.lean:379:1: error: @Bimodal.Metalogic.WeakCanonical.Kamp.kvE2_extBracketPast The definition `Bimodal.Metalogic.WeakCanonical.Kamp.kvE2_extBracketPast` contains an underscore. This almost surely violates mathlib's naming convention; use lowerCamelCase or UpperCamelCase instead.
/home/benjamin/Projects/BimodalLogic/Theories/Bimodal/Metalogic/WeakCanonical/Kamp/NfMultiAnchorBridge/ExteriorBracket.lean:658:1: error: @Bimodal.Metalogic.WeakCanonical.Kamp.bracketEndChar_kvE2Ext The definition `Bimodal.Metalogic.WeakCanonical.Kamp.bracketEndChar_kvE2Ext` contains an underscore. This almost surely violates mathlib's naming convention; use lowerCamelCase or UpperCamelCase instead.

-- Bimodal.Metalogic.WeakCanonical.Kamp.NfMultiAnchorBridge.ExteriorBracketAssembleK
/home/benjamin/Projects/BimodalLogic/Theories/Bimodal/Metalogic/WeakCanonical/Kamp/NfMultiAnchorBridge/ExteriorBracketAssembleK.lean:83:1: error: @Bimodal.Metalogic.WeakCanonical.Kamp.kvE_extBracketFut The definition `Bimodal.Metalogic.WeakCanonical.Kamp.kvE_extBracketFut` contains an underscore. This almost surely violates mathlib's naming convention; use lowerCamelCase or UpperCamelCase instead.
/home/benjamin/Projects/BimodalLogic/Theories/Bimodal/Metalogic/WeakCanonical/Kamp/NfMultiAnchorBridge/ExteriorBracketAssembleK.lean:100:1: error: @Bimodal.Metalogic.WeakCanonical.Kamp.kvE_extBracketPast The definition `Bimodal.Metalogic.WeakCanonical.Kamp.kvE_extBracketPast` contains an underscore. This almost surely violates mathlib's naming convention; use lowerCamelCase or UpperCamelCase instead.

-- Bimodal.Metalogic.WeakCanonical.Kamp.NfMultiAnchorBridge.ExteriorBracketK
/home/benjamin/Projects/BimodalLogic/Theories/Bimodal/Metalogic/WeakCanonical/Kamp/NfMultiAnchorBridge/ExteriorBracketK.lean:57:1: error: @Bimodal.Metalogic.WeakCanonical.Kamp.nfk_truncD The definition `Bimodal.Metalogic.WeakCanonical.Kamp.nfk_truncD` contains an underscore. This almost surely violates mathlib's naming convention; use lowerCamelCase or UpperCamelCase instead.
/home/benjamin/Projects/BimodalLogic/Theories/Bimodal/Metalogic/WeakCanonical/Kamp/NfMultiAnchorBridge/ExteriorBracketK.lean:181:1: error: @Bimodal.Metalogic.WeakCanonical.Kamp.kvE_sepPos The definition `Bimodal.Metalogic.WeakCanonical.Kamp.kvE_sepPos` contains an underscore. This almost surely violates mathlib's naming convention; use lowerCamelCase or UpperCamelCase instead.
/home/benjamin/Projects/BimodalLogic/Theories/Bimodal/Metalogic/WeakCanonical/Kamp/NfMultiAnchorBridge/ExteriorBracketK.lean:193:1: error: @Bimodal.Metalogic.WeakCanonical.Kamp.kvE_projFreshD The definition `Bimodal.Metalogic.WeakCanonical.Kamp.kvE_projFreshD` contains an underscore. This almost surely violates mathlib's naming convention; use lowerCamelCase or UpperCamelCase instead.
/home/benjamin/Projects/BimodalLogic/Theories/Bimodal/Metalogic/WeakCanonical/Kamp/NfMultiAnchorBridge/ExteriorBracketK.lean:212:1: error: @Bimodal.Metalogic.WeakCanonical.Kamp.kvE_futAnyBit The definition `Bimodal.Metalogic.WeakCanonical.Kamp.kvE_futAnyBit` contains an underscore. This almost surely violates mathlib's naming convention; use lowerCamelCase or UpperCamelCase instead.
/home/benjamin/Projects/BimodalLogic/Theories/Bimodal/Metalogic/WeakCanonical/Kamp/NfMultiAnchorBridge/ExteriorBracketK.lean:295:1: error: @Bimodal.Metalogic.WeakCanonical.Kamp.kvE_subBit The definition `Bimodal.Metalogic.WeakCanonical.Kamp.kvE_subBit` contains an underscore. This almost surely violates mathlib's naming convention; use lowerCamelCase or UpperCamelCase instead.

-- Bimodal.Metalogic.WeakCanonical.Kamp.NfMultiAnchorBridge.ExteriorFiberConsistencyK
/home/benjamin/Projects/BimodalLogic/Theories/Bimodal/Metalogic/WeakCanonical/Kamp/NfMultiAnchorBridge/ExteriorFiberConsistencyK.lean:65:1: error: @Bimodal.Metalogic.WeakCanonical.Kamp.kvE_fiberElemConsistent The definition `Bimodal.Metalogic.WeakCanonical.Kamp.kvE_fiberElemConsistent` contains an underscore. This almost surely violates mathlib's naming convention; use lowerCamelCase or UpperCamelCase instead.
/home/benjamin/Projects/BimodalLogic/Theories/Bimodal/Metalogic/WeakCanonical/Kamp/NfMultiAnchorBridge/ExteriorFiberConsistencyK.lean:91:1: error: @Bimodal.Metalogic.WeakCanonical.Kamp.kvE_fiberConsistent The definition `Bimodal.Metalogic.WeakCanonical.Kamp.kvE_fiberConsistent` contains an underscore. This almost surely violates mathlib's naming convention; use lowerCamelCase or UpperCamelCase instead.

-- Bimodal.Metalogic.WeakCanonical.Kamp.NfMultiAnchorBridge.ExteriorFiberDeepAnchorK
/home/benjamin/Projects/BimodalLogic/Theories/Bimodal/Metalogic/WeakCanonical/Kamp/NfMultiAnchorBridge/ExteriorFiberDeepAnchorK.lean:76:1: error: @Bimodal.Metalogic.WeakCanonical.Kamp.kvE_deepOnFiber The definition `Bimodal.Metalogic.WeakCanonical.Kamp.kvE_deepOnFiber` contains an underscore. This almost surely violates mathlib's naming convention; use lowerCamelCase or UpperCamelCase instead.

-- Bimodal.Metalogic.WeakCanonical.Kamp.NfMultiAnchorBridge.ExteriorFiberK
/home/benjamin/Projects/BimodalLogic/Theories/Bimodal/Metalogic/WeakCanonical/Kamp/NfMultiAnchorBridge/ExteriorFiberK.lean:47:1: error: @Bimodal.Metalogic.WeakCanonical.Kamp.kvE_fiber The definition `Bimodal.Metalogic.WeakCanonical.Kamp.kvE_fiber` contains an underscore. This almost surely violates mathlib's naming convention; use lowerCamelCase or UpperCamelCase instead.
/home/benjamin/Projects/BimodalLogic/Theories/Bimodal/Metalogic/WeakCanonical/Kamp/NfMultiAnchorBridge/ExteriorFiberK.lean:65:1: error: @Bimodal.Metalogic.WeakCanonical.Kamp.kvE_fiberPosOn The definition `Bimodal.Metalogic.WeakCanonical.Kamp.kvE_fiberPosOn` contains an underscore. This almost surely violates mathlib's naming convention; use lowerCamelCase or UpperCamelCase instead.
/home/benjamin/Projects/BimodalLogic/Theories/Bimodal/Metalogic/WeakCanonical/Kamp/NfMultiAnchorBridge/ExteriorFiberK.lean:77:1: error: @Bimodal.Metalogic.WeakCanonical.Kamp.kvE_fiberPos The definition `Bimodal.Metalogic.WeakCanonical.Kamp.kvE_fiberPos` contains an underscore. This almost surely violates mathlib's naming convention; use lowerCamelCase or UpperCamelCase instead.
/home/benjamin/Projects/BimodalLogic/Theories/Bimodal/Metalogic/WeakCanonical/Kamp/NfMultiAnchorBridge/ExteriorFiberK.lean:175:1: error: @Bimodal.Metalogic.WeakCanonical.Kamp.kvE_fiberBucket The definition `Bimodal.Metalogic.WeakCanonical.Kamp.kvE_fiberBucket` contains an underscore. This almost surely violates mathlib's naming convention; use lowerCamelCase or UpperCamelCase instead.
/home/benjamin/Projects/BimodalLogic/Theories/Bimodal/Metalogic/WeakCanonical/Kamp/NfMultiAnchorBridge/ExteriorFiberK.lean:236:1: error: @Bimodal.Metalogic.WeakCanonical.Kamp.kvE_fiberZoneList The definition `Bimodal.Metalogic.WeakCanonical.Kamp.kvE_fiberZoneList` contains an underscore. This almost surely violates mathlib's naming convention; use lowerCamelCase or UpperCamelCase instead.
/home/benjamin/Projects/BimodalLogic/Theories/Bimodal/Metalogic/WeakCanonical/Kamp/NfMultiAnchorBridge/ExteriorFiberK.lean:351:1: error: @Bimodal.Metalogic.WeakCanonical.Kamp.kvE_fiberPosOnShift The definition `Bimodal.Metalogic.WeakCanonical.Kamp.kvE_fiberPosOnShift` contains an underscore. This almost surely violates mathlib's naming convention; use lowerCamelCase or UpperCamelCase instead.

-- Bimodal.Metalogic.WeakCanonical.Kamp.NfMultiAnchorBridge.ExteriorGateAssembleK
/home/benjamin/Projects/BimodalLogic/Theories/Bimodal/Metalogic/WeakCanonical/Kamp/NfMultiAnchorBridge/ExteriorGateAssembleK.lean:123:1: error: @Bimodal.Metalogic.WeakCanonical.Kamp.kvE_ambientGuardForm The definition `Bimodal.Metalogic.WeakCanonical.Kamp.kvE_ambientGuardForm` contains an underscore. This almost surely violates mathlib's naming convention; use lowerCamelCase or UpperCamelCase instead.
/home/benjamin/Projects/BimodalLogic/Theories/Bimodal/Metalogic/WeakCanonical/Kamp/NfMultiAnchorBridge/ExteriorGateAssembleK.lean:146:1: error: @Bimodal.Metalogic.WeakCanonical.Kamp.bracketEndChar_kvExt The definition `Bimodal.Metalogic.WeakCanonical.Kamp.bracketEndChar_kvExt` contains an underscore. This almost surely violates mathlib's naming convention; use lowerCamelCase or UpperCamelCase instead.
/home/benjamin/Projects/BimodalLogic/Theories/Bimodal/Metalogic/WeakCanonical/Kamp/NfMultiAnchorBridge/ExteriorGateAssembleK.lean:446:1: error: @Bimodal.Metalogic.WeakCanonical.Kamp.bracketEndChar_kvExtFib The definition `Bimodal.Metalogic.WeakCanonical.Kamp.bracketEndChar_kvExtFib` contains an underscore. This almost surely violates mathlib's naming convention; use lowerCamelCase or UpperCamelCase instead.

-- Bimodal.Metalogic.WeakCanonical.Kamp.NfMultiAnchorBridge.ExteriorNegationK
/home/benjamin/Projects/BimodalLogic/Theories/Bimodal/Metalogic/WeakCanonical/Kamp/NfMultiAnchorBridge/ExteriorNegationK.lean:43:1: error: Bimodal.Metalogic.WeakCanonical.Kamp.kvE_futPossibleZones The definition `Bimodal.Metalogic.WeakCanonical.Kamp.kvE_futPossibleZones` contains an underscore. This almost surely violates mathlib's naming convention; use lowerCamelCase or UpperCamelCase instead.
/home/benjamin/Projects/BimodalLogic/Theories/Bimodal/Metalogic/WeakCanonical/Kamp/NfMultiAnchorBridge/ExteriorNegationK.lean:68:1: error: Bimodal.Metalogic.WeakCanonical.Kamp.kvE_futSelfZone The definition `Bimodal.Metalogic.WeakCanonical.Kamp.kvE_futSelfZone` contains an underscore. This almost surely violates mathlib's naming convention; use lowerCamelCase or UpperCamelCase instead.
/home/benjamin/Projects/BimodalLogic/Theories/Bimodal/Metalogic/WeakCanonical/Kamp/NfMultiAnchorBridge/ExteriorNegationK.lean:73:1: error: @Bimodal.Metalogic.WeakCanonical.Kamp.kvE_futAdmissible The definition `Bimodal.Metalogic.WeakCanonical.Kamp.kvE_futAdmissible` contains an underscore. This almost surely violates mathlib's naming convention; use lowerCamelCase or UpperCamelCase instead.
/home/benjamin/Projects/BimodalLogic/Theories/Bimodal/Metalogic/WeakCanonical/Kamp/NfMultiAnchorBridge/ExteriorNegationK.lean:232:1: error: @Bimodal.Metalogic.WeakCanonical.Kamp.kvE_futChainG The definition `Bimodal.Metalogic.WeakCanonical.Kamp.kvE_futChainG` contains an underscore. This almost surely violates mathlib's naming convention; use lowerCamelCase or UpperCamelCase instead.
/home/benjamin/Projects/BimodalLogic/Theories/Bimodal/Metalogic/WeakCanonical/Kamp/NfMultiAnchorBridge/ExteriorNegationK.lean:363:1: error: Bimodal.Metalogic.WeakCanonical.Kamp.kvE_futGapZone The definition `Bimodal.Metalogic.WeakCanonical.Kamp.kvE_futGapZone` contains an underscore. This almost surely violates mathlib's naming convention; use lowerCamelCase or UpperCamelCase instead.
/home/benjamin/Projects/BimodalLogic/Theories/Bimodal/Metalogic/WeakCanonical/Kamp/NfMultiAnchorBridge/ExteriorNegationK.lean:367:1: error: Bimodal.Metalogic.WeakCanonical.Kamp.kvE_futRayZone The definition `Bimodal.Metalogic.WeakCanonical.Kamp.kvE_futRayZone` contains an underscore. This almost surely violates mathlib's naming convention; use lowerCamelCase or UpperCamelCase instead.
/home/benjamin/Projects/BimodalLogic/Theories/Bimodal/Metalogic/WeakCanonical/Kamp/NfMultiAnchorBridge/ExteriorNegationK.lean:371:1: error: @Bimodal.Metalogic.WeakCanonical.Kamp.kvE_futItemShift The definition `Bimodal.Metalogic.WeakCanonical.Kamp.kvE_futItemShift` contains an underscore. This almost surely violates mathlib's naming convention; use lowerCamelCase or UpperCamelCase instead.
/home/benjamin/Projects/BimodalLogic/Theories/Bimodal/Metalogic/WeakCanonical/Kamp/NfMultiAnchorBridge/ExteriorNegationK.lean:382:1: error: @Bimodal.Metalogic.WeakCanonical.Kamp.kvE_futGapD The definition `Bimodal.Metalogic.WeakCanonical.Kamp.kvE_futGapD` contains an underscore. This almost surely violates mathlib's naming convention; use lowerCamelCase or UpperCamelCase instead.
/home/benjamin/Projects/BimodalLogic/Theories/Bimodal/Metalogic/WeakCanonical/Kamp/NfMultiAnchorBridge/ExteriorNegationK.lean:391:1: error: @Bimodal.Metalogic.WeakCanonical.Kamp.kvE_futRayD The definition `Bimodal.Metalogic.WeakCanonical.Kamp.kvE_futRayD` contains an underscore. This almost surely violates mathlib's naming convention; use lowerCamelCase or UpperCamelCase instead.
/home/benjamin/Projects/BimodalLogic/Theories/Bimodal/Metalogic/WeakCanonical/Kamp/NfMultiAnchorBridge/ExteriorNegationK.lean:399:1: error: @Bimodal.Metalogic.WeakCanonical.Kamp.kvE_futRayForm The definition `Bimodal.Metalogic.WeakCanonical.Kamp.kvE_futRayForm` contains an underscore. This almost surely violates mathlib's naming convention; use lowerCamelCase or UpperCamelCase instead.
/home/benjamin/Projects/BimodalLogic/Theories/Bimodal/Metalogic/WeakCanonical/Kamp/NfMultiAnchorBridge/ExteriorNegationK.lean:410:1: error: @Bimodal.Metalogic.WeakCanonical.Kamp.kvE_futEnd The definition `Bimodal.Metalogic.WeakCanonical.Kamp.kvE_futEnd` contains an underscore. This almost surely violates mathlib's naming convention; use lowerCamelCase or UpperCamelCase instead.
/home/benjamin/Projects/BimodalLogic/Theories/Bimodal/Metalogic/WeakCanonical/Kamp/NfMultiAnchorBridge/ExteriorNegationK.lean:421:1: error: @Bimodal.Metalogic.WeakCanonical.Kamp.kvE_futChain The definition `Bimodal.Metalogic.WeakCanonical.Kamp.kvE_futChain` contains an underscore. This almost surely violates mathlib's naming convention; use lowerCamelCase or UpperCamelCase instead.
/home/benjamin/Projects/BimodalLogic/Theories/Bimodal/Metalogic/WeakCanonical/Kamp/NfMultiAnchorBridge/ExteriorNegationK.lean:430:1: error: @Bimodal.Metalogic.WeakCanonical.Kamp.kvE_futPos The definition `Bimodal.Metalogic.WeakCanonical.Kamp.kvE_futPos` contains an underscore. This almost surely violates mathlib's naming convention; use lowerCamelCase or UpperCamelCase instead.
/home/benjamin/Projects/BimodalLogic/Theories/Bimodal/Metalogic/WeakCanonical/Kamp/NfMultiAnchorBridge/ExteriorNegationK.lean:442:1: error: @Bimodal.Metalogic.WeakCanonical.Kamp.kvE_extNegFut The definition `Bimodal.Metalogic.WeakCanonical.Kamp.kvE_extNegFut` contains an underscore. This almost surely violates mathlib's naming convention; use lowerCamelCase or UpperCamelCase instead.

-- Bimodal.Metalogic.WeakCanonical.Kamp.NfMultiAnchorBridge.ExteriorNegationPastK
/home/benjamin/Projects/BimodalLogic/Theories/Bimodal/Metalogic/WeakCanonical/Kamp/NfMultiAnchorBridge/ExteriorNegationPastK.lean:78:1: error: Bimodal.Metalogic.WeakCanonical.Kamp.kvE_pastPossibleZones The definition `Bimodal.Metalogic.WeakCanonical.Kamp.kvE_pastPossibleZones` contains an underscore. This almost surely violates mathlib's naming convention; use lowerCamelCase or UpperCamelCase instead.
/home/benjamin/Projects/BimodalLogic/Theories/Bimodal/Metalogic/WeakCanonical/Kamp/NfMultiAnchorBridge/ExteriorNegationPastK.lean:134:1: error: Bimodal.Metalogic.WeakCanonical.Kamp.kvE_pastSelfZone The definition `Bimodal.Metalogic.WeakCanonical.Kamp.kvE_pastSelfZone` contains an underscore. This almost surely violates mathlib's naming convention; use lowerCamelCase or UpperCamelCase instead.
/home/benjamin/Projects/BimodalLogic/Theories/Bimodal/Metalogic/WeakCanonical/Kamp/NfMultiAnchorBridge/ExteriorNegationPastK.lean:140:1: error: @Bimodal.Metalogic.WeakCanonical.Kamp.kvE_pastAdmissible The definition `Bimodal.Metalogic.WeakCanonical.Kamp.kvE_pastAdmissible` contains an underscore. This almost surely violates mathlib's naming convention; use lowerCamelCase or UpperCamelCase instead.
/home/benjamin/Projects/BimodalLogic/Theories/Bimodal/Metalogic/WeakCanonical/Kamp/NfMultiAnchorBridge/ExteriorNegationPastK.lean:279:1: error: Bimodal.Metalogic.WeakCanonical.Kamp.kvE_pastGapZone The definition `Bimodal.Metalogic.WeakCanonical.Kamp.kvE_pastGapZone` contains an underscore. This almost surely violates mathlib's naming convention; use lowerCamelCase or UpperCamelCase instead.
/home/benjamin/Projects/BimodalLogic/Theories/Bimodal/Metalogic/WeakCanonical/Kamp/NfMultiAnchorBridge/ExteriorNegationPastK.lean:282:1: error: Bimodal.Metalogic.WeakCanonical.Kamp.kvE_pastRayZone The definition `Bimodal.Metalogic.WeakCanonical.Kamp.kvE_pastRayZone` contains an underscore. This almost surely violates mathlib's naming convention; use lowerCamelCase or UpperCamelCase instead.
/home/benjamin/Projects/BimodalLogic/Theories/Bimodal/Metalogic/WeakCanonical/Kamp/NfMultiAnchorBridge/ExteriorNegationPastK.lean:354:1: error: @Bimodal.Metalogic.WeakCanonical.Kamp.kvE_pastChainG The definition `Bimodal.Metalogic.WeakCanonical.Kamp.kvE_pastChainG` contains an underscore. This almost surely violates mathlib's naming convention; use lowerCamelCase or UpperCamelCase instead.
/home/benjamin/Projects/BimodalLogic/Theories/Bimodal/Metalogic/WeakCanonical/Kamp/NfMultiAnchorBridge/ExteriorNegationPastK.lean:484:1: error: @Bimodal.Metalogic.WeakCanonical.Kamp.kvE_pastGapD The definition `Bimodal.Metalogic.WeakCanonical.Kamp.kvE_pastGapD` contains an underscore. This almost surely violates mathlib's naming convention; use lowerCamelCase or UpperCamelCase instead.
/home/benjamin/Projects/BimodalLogic/Theories/Bimodal/Metalogic/WeakCanonical/Kamp/NfMultiAnchorBridge/ExteriorNegationPastK.lean:492:1: error: @Bimodal.Metalogic.WeakCanonical.Kamp.kvE_pastRayD The definition `Bimodal.Metalogic.WeakCanonical.Kamp.kvE_pastRayD` contains an underscore. This almost surely violates mathlib's naming convention; use lowerCamelCase or UpperCamelCase instead.
/home/benjamin/Projects/BimodalLogic/Theories/Bimodal/Metalogic/WeakCanonical/Kamp/NfMultiAnchorBridge/ExteriorNegationPastK.lean:499:1: error: @Bimodal.Metalogic.WeakCanonical.Kamp.kvE_pastRayForm The definition `Bimodal.Metalogic.WeakCanonical.Kamp.kvE_pastRayForm` contains an underscore. This almost surely violates mathlib's naming convention; use lowerCamelCase or UpperCamelCase instead.
/home/benjamin/Projects/BimodalLogic/Theories/Bimodal/Metalogic/WeakCanonical/Kamp/NfMultiAnchorBridge/ExteriorNegationPastK.lean:511:1: error: @Bimodal.Metalogic.WeakCanonical.Kamp.kvE_pastEnd The definition `Bimodal.Metalogic.WeakCanonical.Kamp.kvE_pastEnd` contains an underscore. This almost surely violates mathlib's naming convention; use lowerCamelCase or UpperCamelCase instead.
/home/benjamin/Projects/BimodalLogic/Theories/Bimodal/Metalogic/WeakCanonical/Kamp/NfMultiAnchorBridge/ExteriorNegationPastK.lean:521:1: error: @Bimodal.Metalogic.WeakCanonical.Kamp.kvE_pastChain The definition `Bimodal.Metalogic.WeakCanonical.Kamp.kvE_pastChain` contains an underscore. This almost surely violates mathlib's naming convention; use lowerCamelCase or UpperCamelCase instead.
/home/benjamin/Projects/BimodalLogic/Theories/Bimodal/Metalogic/WeakCanonical/Kamp/NfMultiAnchorBridge/ExteriorNegationPastK.lean:532:1: error: @Bimodal.Metalogic.WeakCanonical.Kamp.kvE_pastPos The definition `Bimodal.Metalogic.WeakCanonical.Kamp.kvE_pastPos` contains an underscore. This almost surely violates mathlib's naming convention; use lowerCamelCase or UpperCamelCase instead.
/home/benjamin/Projects/BimodalLogic/Theories/Bimodal/Metalogic/WeakCanonical/Kamp/NfMultiAnchorBridge/ExteriorNegationPastK.lean:543:1: error: @Bimodal.Metalogic.WeakCanonical.Kamp.kvE_extNegPast The definition `Bimodal.Metalogic.WeakCanonical.Kamp.kvE_extNegPast` contains an underscore. This almost surely violates mathlib's naming convention; use lowerCamelCase or UpperCamelCase instead.

-- Bimodal.Metalogic.WeakCanonical.Kamp.NfMultiAnchorBridge.ExteriorPinnedConverseK
/home/benjamin/Projects/BimodalLogic/Theories/Bimodal/Metalogic/WeakCanonical/Kamp/NfMultiAnchorBridge/ExteriorPinnedConverseK.lean:668:1: error: @Bimodal.Metalogic.WeakCanonical.Kamp.kvE_futSliceEq The definition `Bimodal.Metalogic.WeakCanonical.Kamp.kvE_futSliceEq` contains an underscore. This almost surely violates mathlib's naming convention; use lowerCamelCase or UpperCamelCase instead.
/home/benjamin/Projects/BimodalLogic/Theories/Bimodal/Metalogic/WeakCanonical/Kamp/NfMultiAnchorBridge/ExteriorPinnedConverseK.lean:680:1: error: @Bimodal.Metalogic.WeakCanonical.Kamp.kvE_futSliceMarked The definition `Bimodal.Metalogic.WeakCanonical.Kamp.kvE_futSliceMarked` contains an underscore. This almost surely violates mathlib's naming convention; use lowerCamelCase or UpperCamelCase instead.

-- Bimodal.Metalogic.WeakCanonical.Kamp.NfMultiAnchorBridge.ExteriorPinnedConversePastK
/home/benjamin/Projects/BimodalLogic/Theories/Bimodal/Metalogic/WeakCanonical/Kamp/NfMultiAnchorBridge/ExteriorPinnedConversePastK.lean:31:1: error: @Bimodal.Metalogic.WeakCanonical.Kamp.kvE_pastSliceEq The definition `Bimodal.Metalogic.WeakCanonical.Kamp.kvE_pastSliceEq` contains an underscore. This almost surely violates mathlib's naming convention; use lowerCamelCase or UpperCamelCase instead.
/home/benjamin/Projects/BimodalLogic/Theories/Bimodal/Metalogic/WeakCanonical/Kamp/NfMultiAnchorBridge/ExteriorPinnedConversePastK.lean:42:1: error: @Bimodal.Metalogic.WeakCanonical.Kamp.kvE_pastSliceMarked The definition `Bimodal.Metalogic.WeakCanonical.Kamp.kvE_pastSliceMarked` contains an underscore. This almost surely violates mathlib's naming convention; use lowerCamelCase or UpperCamelCase instead.

-- Bimodal.Metalogic.WeakCanonical.Kamp.NfMultiAnchorBridge.OuterGate
/home/benjamin/Projects/BimodalLogic/Theories/Bimodal/Metalogic/WeakCanonical/Kamp/NfMultiAnchorBridge/OuterGate.lean:63:1: error: @Bimodal.Metalogic.WeakCanonical.Kamp.bracketEndChar_kvE2 The definition `Bimodal.Metalogic.WeakCanonical.Kamp.bracketEndChar_kvE2` contains an underscore. This almost surely violates mathlib's naming convention; use lowerCamelCase or UpperCamelCase instead.
/home/benjamin/Projects/BimodalLogic/Theories/Bimodal/Metalogic/WeakCanonical/Kamp/NfMultiAnchorBridge/OuterGate.lean:194:1: error: @Bimodal.Metalogic.WeakCanonical.Kamp.kvE2_sepFragment The definition `Bimodal.Metalogic.WeakCanonical.Kamp.kvE2_sepFragment` contains an underscore. This almost surely violates mathlib's naming convention; use lowerCamelCase or UpperCamelCase instead.

-- Bimodal.Metalogic.WeakCanonical.Kamp.NfMultiAnchorBridge.SharedWitness
/home/benjamin/Projects/BimodalLogic/Theories/Bimodal/Metalogic/WeakCanonical/Kamp/NfMultiAnchorBridge/SharedWitness.lean:74:1: error: Bimodal.Metalogic.WeakCanonical.Kamp.kvE2_sep_zPastX3 The definition `Bimodal.Metalogic.WeakCanonical.Kamp.kvE2_sep_zPastX3` contains an underscore. This almost surely violates mathlib's naming convention; use lowerCamelCase or UpperCamelCase instead.
/home/benjamin/Projects/BimodalLogic/Theories/Bimodal/Metalogic/WeakCanonical/Kamp/NfMultiAnchorBridge/SharedWitness.lean:78:1: error: Bimodal.Metalogic.WeakCanonical.Kamp.kvE2_sep_zAtX3 The definition `Bimodal.Metalogic.WeakCanonical.Kamp.kvE2_sep_zAtX3` contains an underscore. This almost surely violates mathlib's naming convention; use lowerCamelCase or UpperCamelCase instead.
/home/benjamin/Projects/BimodalLogic/Theories/Bimodal/Metalogic/WeakCanonical/Kamp/NfMultiAnchorBridge/SharedWitness.lean:82:1: error: Bimodal.Metalogic.WeakCanonical.Kamp.kvE2_sep_zXW3 The definition `Bimodal.Metalogic.WeakCanonical.Kamp.kvE2_sep_zXW3` contains an underscore. This almost surely violates mathlib's naming convention; use lowerCamelCase or UpperCamelCase instead.
/home/benjamin/Projects/BimodalLogic/Theories/Bimodal/Metalogic/WeakCanonical/Kamp/NfMultiAnchorBridge/SharedWitness.lean:86:1: error: Bimodal.Metalogic.WeakCanonical.Kamp.kvE2_sep_zAtW3 The definition `Bimodal.Metalogic.WeakCanonical.Kamp.kvE2_sep_zAtW3` contains an underscore. This almost surely violates mathlib's naming convention; use lowerCamelCase or UpperCamelCase instead.
/home/benjamin/Projects/BimodalLogic/Theories/Bimodal/Metalogic/WeakCanonical/Kamp/NfMultiAnchorBridge/SharedWitness.lean:90:1: error: Bimodal.Metalogic.WeakCanonical.Kamp.kvE2_sep_zWT3 The definition `Bimodal.Metalogic.WeakCanonical.Kamp.kvE2_sep_zWT3` contains an underscore. This almost surely violates mathlib's naming convention; use lowerCamelCase or UpperCamelCase instead.
/home/benjamin/Projects/BimodalLogic/Theories/Bimodal/Metalogic/WeakCanonical/Kamp/NfMultiAnchorBridge/SharedWitness.lean:94:1: error: Bimodal.Metalogic.WeakCanonical.Kamp.kvE2_sep_zAtT3 The definition `Bimodal.Metalogic.WeakCanonical.Kamp.kvE2_sep_zAtT3` contains an underscore. This almost surely violates mathlib's naming convention; use lowerCamelCase or UpperCamelCase instead.
/home/benjamin/Projects/BimodalLogic/Theories/Bimodal/Metalogic/WeakCanonical/Kamp/NfMultiAnchorBridge/SharedWitness.lean:98:1: error: Bimodal.Metalogic.WeakCanonical.Kamp.kvE2_sep_zFutT3 The definition `Bimodal.Metalogic.WeakCanonical.Kamp.kvE2_sep_zFutT3` contains an underscore. This almost surely violates mathlib's naming convention; use lowerCamelCase or UpperCamelCase instead.
/home/benjamin/Projects/BimodalLogic/Theories/Bimodal/Metalogic/WeakCanonical/Kamp/NfMultiAnchorBridge/SharedWitness.lean:112:1: error: Bimodal.Metalogic.WeakCanonical.Kamp.kvE2_sep_zWX1 The definition `Bimodal.Metalogic.WeakCanonical.Kamp.kvE2_sep_zWX1` contains an underscore. This almost surely violates mathlib's naming convention; use lowerCamelCase or UpperCamelCase instead.
/home/benjamin/Projects/BimodalLogic/Theories/Bimodal/Metalogic/WeakCanonical/Kamp/NfMultiAnchorBridge/SharedWitness.lean:116:1: error: Bimodal.Metalogic.WeakCanonical.Kamp.kvE2_sep_zAtX1L The definition `Bimodal.Metalogic.WeakCanonical.Kamp.kvE2_sep_zAtX1L` contains an underscore. This almost surely violates mathlib's naming convention; use lowerCamelCase or UpperCamelCase instead.
/home/benjamin/Projects/BimodalLogic/Theories/Bimodal/Metalogic/WeakCanonical/Kamp/NfMultiAnchorBridge/SharedWitness.lean:121:1: error: Bimodal.Metalogic.WeakCanonical.Kamp.kvE2_sep_zAtWL The definition `Bimodal.Metalogic.WeakCanonical.Kamp.kvE2_sep_zAtWL` contains an underscore. This almost surely violates mathlib's naming convention; use lowerCamelCase or UpperCamelCase instead.
/home/benjamin/Projects/BimodalLogic/Theories/Bimodal/Metalogic/WeakCanonical/Kamp/NfMultiAnchorBridge/SharedWitness.lean:126:1: error: Bimodal.Metalogic.WeakCanonical.Kamp.kvE2_sep_zAtX1R The definition `Bimodal.Metalogic.WeakCanonical.Kamp.kvE2_sep_zAtX1R` contains an underscore. This almost surely violates mathlib's naming convention; use lowerCamelCase or UpperCamelCase instead.
/home/benjamin/Projects/BimodalLogic/Theories/Bimodal/Metalogic/WeakCanonical/Kamp/NfMultiAnchorBridge/SharedWitness.lean:130:1: error: Bimodal.Metalogic.WeakCanonical.Kamp.kvE2_sep_zAtWR The definition `Bimodal.Metalogic.WeakCanonical.Kamp.kvE2_sep_zAtWR` contains an underscore. This almost surely violates mathlib's naming convention; use lowerCamelCase or UpperCamelCase instead.
/home/benjamin/Projects/BimodalLogic/Theories/Bimodal/Metalogic/WeakCanonical/Kamp/NfMultiAnchorBridge/SharedWitness.lean:134:1: error: Bimodal.Metalogic.WeakCanonical.Kamp.kvE2_sep_zPastX4 The definition `Bimodal.Metalogic.WeakCanonical.Kamp.kvE2_sep_zPastX4` contains an underscore. This almost surely violates mathlib's naming convention; use lowerCamelCase or UpperCamelCase instead.
/home/benjamin/Projects/BimodalLogic/Theories/Bimodal/Metalogic/WeakCanonical/Kamp/NfMultiAnchorBridge/SharedWitness.lean:138:1: error: Bimodal.Metalogic.WeakCanonical.Kamp.kvE2_sep_zAtX4 The definition `Bimodal.Metalogic.WeakCanonical.Kamp.kvE2_sep_zAtX4` contains an underscore. This almost surely violates mathlib's naming convention; use lowerCamelCase or UpperCamelCase instead.
/home/benjamin/Projects/BimodalLogic/Theories/Bimodal/Metalogic/WeakCanonical/Kamp/NfMultiAnchorBridge/SharedWitness.lean:142:1: error: Bimodal.Metalogic.WeakCanonical.Kamp.kvE2_sep_zAtT4 The definition `Bimodal.Metalogic.WeakCanonical.Kamp.kvE2_sep_zAtT4` contains an underscore. This almost surely violates mathlib's naming convention; use lowerCamelCase or UpperCamelCase instead.
/home/benjamin/Projects/BimodalLogic/Theories/Bimodal/Metalogic/WeakCanonical/Kamp/NfMultiAnchorBridge/SharedWitness.lean:146:1: error: Bimodal.Metalogic.WeakCanonical.Kamp.kvE2_sep_zFutT4 The definition `Bimodal.Metalogic.WeakCanonical.Kamp.kvE2_sep_zFutT4` contains an underscore. This almost surely violates mathlib's naming convention; use lowerCamelCase or UpperCamelCase instead.
/home/benjamin/Projects/BimodalLogic/Theories/Bimodal/Metalogic/WeakCanonical/Kamp/NfMultiAnchorBridge/SharedWitness.lean:153:1: error: @Bimodal.Metalogic.WeakCanonical.Kamp.kvE2_sepBits The definition `Bimodal.Metalogic.WeakCanonical.Kamp.kvE2_sepBits` contains an underscore. This almost surely violates mathlib's naming convention; use lowerCamelCase or UpperCamelCase instead.
/home/benjamin/Projects/BimodalLogic/Theories/Bimodal/Metalogic/WeakCanonical/Kamp/NfMultiAnchorBridge/SharedWitness.lean:160:1: error: @Bimodal.Metalogic.WeakCanonical.Kamp.kvE2_sepProj4 The definition `Bimodal.Metalogic.WeakCanonical.Kamp.kvE2_sepProj4` contains an underscore. This almost surely violates mathlib's naming convention; use lowerCamelCase or UpperCamelCase instead.
/home/benjamin/Projects/BimodalLogic/Theories/Bimodal/Metalogic/WeakCanonical/Kamp/NfMultiAnchorBridge/SharedWitness.lean:169:1: error: @Bimodal.Metalogic.WeakCanonical.Kamp.kvE2_sepProj3 The definition `Bimodal.Metalogic.WeakCanonical.Kamp.kvE2_sepProj3` contains an underscore. This almost surely violates mathlib's naming convention; use lowerCamelCase or UpperCamelCase instead.
/home/benjamin/Projects/BimodalLogic/Theories/Bimodal/Metalogic/WeakCanonical/Kamp/NfMultiAnchorBridge/SharedWitness.lean:176:1: error: Bimodal.Metalogic.WeakCanonical.Kamp.kvE2_sepLit The definition `Bimodal.Metalogic.WeakCanonical.Kamp.kvE2_sepLit` contains an underscore. This almost surely violates mathlib's naming convention; use lowerCamelCase or UpperCamelCase instead.
/home/benjamin/Projects/BimodalLogic/Theories/Bimodal/Metalogic/WeakCanonical/Kamp/NfMultiAnchorBridge/SharedWitness.lean:180:1: error: @Bimodal.Metalogic.WeakCanonical.Kamp.kvE2_sepS The definition `Bimodal.Metalogic.WeakCanonical.Kamp.kvE2_sepS` contains an underscore. This almost surely violates mathlib's naming convention; use lowerCamelCase or UpperCamelCase instead.
/home/benjamin/Projects/BimodalLogic/Theories/Bimodal/Metalogic/WeakCanonical/Kamp/NfMultiAnchorBridge/SharedWitness.lean:186:1: error: @Bimodal.Metalogic.WeakCanonical.Kamp.kvE2_sepSegForm The definition `Bimodal.Metalogic.WeakCanonical.Kamp.kvE2_sepSegForm` contains an underscore. This almost surely violates mathlib's naming convention; use lowerCamelCase or UpperCamelCase instead.
/home/benjamin/Projects/BimodalLogic/Theories/Bimodal/Metalogic/WeakCanonical/Kamp/NfMultiAnchorBridge/SharedWitness.lean:196:1: error: @Bimodal.Metalogic.WeakCanonical.Kamp.kvE2_sepPos The definition `Bimodal.Metalogic.WeakCanonical.Kamp.kvE2_sepPos` contains an underscore. This almost surely violates mathlib's naming convention; use lowerCamelCase or UpperCamelCase instead.
/home/benjamin/Projects/BimodalLogic/Theories/Bimodal/Metalogic/WeakCanonical/Kamp/NfMultiAnchorBridge/SharedWitness.lean:201:1: error: @Bimodal.Metalogic.WeakCanonical.Kamp.kvE2_sepPosIn The definition `Bimodal.Metalogic.WeakCanonical.Kamp.kvE2_sepPosIn` contains an underscore. This almost surely violates mathlib's naming convention; use lowerCamelCase or UpperCamelCase instead.
/home/benjamin/Projects/BimodalLogic/Theories/Bimodal/Metalogic/WeakCanonical/Kamp/NfMultiAnchorBridge/SharedWitness.lean:207:1: error: @Bimodal.Metalogic.WeakCanonical.Kamp.kvE2_sepPosI The definition `Bimodal.Metalogic.WeakCanonical.Kamp.kvE2_sepPosI` contains an underscore. This almost surely violates mathlib's naming convention; use lowerCamelCase or UpperCamelCase instead.
/home/benjamin/Projects/BimodalLogic/Theories/Bimodal/Metalogic/WeakCanonical/Kamp/NfMultiAnchorBridge/SharedWitness.lean:246:1: error: @Bimodal.Metalogic.WeakCanonical.Kamp.kvE2_sepHasPos The definition `Bimodal.Metalogic.WeakCanonical.Kamp.kvE2_sepHasPos` contains an underscore. This almost surely violates mathlib's naming convention; use lowerCamelCase or UpperCamelCase instead.
/home/benjamin/Projects/BimodalLogic/Theories/Bimodal/Metalogic/WeakCanonical/Kamp/NfMultiAnchorBridge/SharedWitness.lean:273:1: error: @Bimodal.Metalogic.WeakCanonical.Kamp.kvE2_sepSlotSub The definition `Bimodal.Metalogic.WeakCanonical.Kamp.kvE2_sepSlotSub` contains an underscore. This almost surely violates mathlib's naming convention; use lowerCamelCase or UpperCamelCase instead.
/home/benjamin/Projects/BimodalLogic/Theories/Bimodal/Metalogic/WeakCanonical/Kamp/NfMultiAnchorBridge/SharedWitness.lean:284:1: error: @Bimodal.Metalogic.WeakCanonical.Kamp.kvE2_sepSlotRank The definition `Bimodal.Metalogic.WeakCanonical.Kamp.kvE2_sepSlotRank` contains an underscore. This almost surely violates mathlib's naming convention; use lowerCamelCase or UpperCamelCase instead.
/home/benjamin/Projects/BimodalLogic/Theories/Bimodal/Metalogic/WeakCanonical/Kamp/NfMultiAnchorBridge/SharedWitness.lean:298:1: error: @Bimodal.Metalogic.WeakCanonical.Kamp.kvE2_sepPtX1L The definition `Bimodal.Metalogic.WeakCanonical.Kamp.kvE2_sepPtX1L` contains an underscore. This almost surely violates mathlib's naming convention; use lowerCamelCase or UpperCamelCase instead.
/home/benjamin/Projects/BimodalLogic/Theories/Bimodal/Metalogic/WeakCanonical/Kamp/NfMultiAnchorBridge/SharedWitness.lean:309:1: error: @Bimodal.Metalogic.WeakCanonical.Kamp.kvE2_sepPtX1R The definition `Bimodal.Metalogic.WeakCanonical.Kamp.kvE2_sepPtX1R` contains an underscore. This almost surely violates mathlib's naming convention; use lowerCamelCase or UpperCamelCase instead.
/home/benjamin/Projects/BimodalLogic/Theories/Bimodal/Metalogic/WeakCanonical/Kamp/NfMultiAnchorBridge/SharedWitness.lean:318:1: error: @Bimodal.Metalogic.WeakCanonical.Kamp.kvE2_sepSlotType The definition `Bimodal.Metalogic.WeakCanonical.Kamp.kvE2_sepSlotType` contains an underscore. This almost surely violates mathlib's naming convention; use lowerCamelCase or UpperCamelCase instead.
/home/benjamin/Projects/BimodalLogic/Theories/Bimodal/Metalogic/WeakCanonical/Kamp/NfMultiAnchorBridge/SharedWitness.lean:332:1: error: @Bimodal.Metalogic.WeakCanonical.Kamp.kvE2_sepSlotsLFor The definition `Bimodal.Metalogic.WeakCanonical.Kamp.kvE2_sepSlotsLFor` contains an underscore. This almost surely violates mathlib's naming convention; use lowerCamelCase or UpperCamelCase instead.
/home/benjamin/Projects/BimodalLogic/Theories/Bimodal/Metalogic/WeakCanonical/Kamp/NfMultiAnchorBridge/SharedWitness.lean:344:1: error: @Bimodal.Metalogic.WeakCanonical.Kamp.kvE2_sepSlotsRFor The definition `Bimodal.Metalogic.WeakCanonical.Kamp.kvE2_sepSlotsRFor` contains an underscore. This almost surely violates mathlib's naming convention; use lowerCamelCase or UpperCamelCase instead.
/home/benjamin/Projects/BimodalLogic/Theories/Bimodal/Metalogic/WeakCanonical/Kamp/NfMultiAnchorBridge/SharedWitness.lean:356:1: error: @Bimodal.Metalogic.WeakCanonical.Kamp.kvE2_sepSlotsL The definition `Bimodal.Metalogic.WeakCanonical.Kamp.kvE2_sepSlotsL` contains an underscore. This almost surely violates mathlib's naming convention; use lowerCamelCase or UpperCamelCase instead.
/home/benjamin/Projects/BimodalLogic/Theories/Bimodal/Metalogic/WeakCanonical/Kamp/NfMultiAnchorBridge/SharedWitness.lean:366:1: error: @Bimodal.Metalogic.WeakCanonical.Kamp.kvE2_sepSlotsR The definition `Bimodal.Metalogic.WeakCanonical.Kamp.kvE2_sepSlotsR` contains an underscore. This almost surely violates mathlib's naming convention; use lowerCamelCase or UpperCamelCase instead.
/home/benjamin/Projects/BimodalLogic/Theories/Bimodal/Metalogic/WeakCanonical/Kamp/NfMultiAnchorBridge/SharedWitness.lean:385:1: error: @Bimodal.Metalogic.WeakCanonical.Kamp.kvE2_sepSlotBlock The definition `Bimodal.Metalogic.WeakCanonical.Kamp.kvE2_sepSlotBlock` contains an underscore. This almost surely violates mathlib's naming convention; use lowerCamelCase or UpperCamelCase instead.
/home/benjamin/Projects/BimodalLogic/Theories/Bimodal/Metalogic/WeakCanonical/Kamp/NfMultiAnchorBridge/SharedWitness.lean:392:1: error: @Bimodal.Metalogic.WeakCanonical.Kamp.kvE2_sepAllSlots The definition `Bimodal.Metalogic.WeakCanonical.Kamp.kvE2_sepAllSlots` contains an underscore. This almost surely violates mathlib's naming convention; use lowerCamelCase or UpperCamelCase instead.
/home/benjamin/Projects/BimodalLogic/Theories/Bimodal/Metalogic/WeakCanonical/Kamp/NfMultiAnchorBridge/SharedWitness.lean:404:1: error: @Bimodal.Metalogic.WeakCanonical.Kamp.kvE2_sepSlotIndexOf The definition `Bimodal.Metalogic.WeakCanonical.Kamp.kvE2_sepSlotIndexOf` contains an underscore. This almost surely violates mathlib's naming convention; use lowerCamelCase or UpperCamelCase instead.
/home/benjamin/Projects/BimodalLogic/Theories/Bimodal/Metalogic/WeakCanonical/Kamp/NfMultiAnchorBridge/SharedWitness.lean:672:1: error: @Bimodal.Metalogic.WeakCanonical.Kamp.kvE2_sepBlockPos The definition `Bimodal.Metalogic.WeakCanonical.Kamp.kvE2_sepBlockPos` contains an underscore. This almost surely violates mathlib's naming convention; use lowerCamelCase or UpperCamelCase instead.
/home/benjamin/Projects/BimodalLogic/Theories/Bimodal/Metalogic/WeakCanonical/Kamp/NfMultiAnchorBridge/SharedWitness.lean:691:1: error: @Bimodal.Metalogic.WeakCanonical.Kamp.kvE2_sepSlotRegionLeft The definition `Bimodal.Metalogic.WeakCanonical.Kamp.kvE2_sepSlotRegionLeft` contains an underscore. This almost surely violates mathlib's naming convention; use lowerCamelCase or UpperCamelCase instead.
/home/benjamin/Projects/BimodalLogic/Theories/Bimodal/Metalogic/WeakCanonical/Kamp/NfMultiAnchorBridge/SharedWitness.lean:870:1: error: @Bimodal.Metalogic.WeakCanonical.Kamp.kvE2_sepConsistentBlock The definition `Bimodal.Metalogic.WeakCanonical.Kamp.kvE2_sepConsistentBlock` contains an underscore. This almost surely violates mathlib's naming convention; use lowerCamelCase or UpperCamelCase instead.
/home/benjamin/Projects/BimodalLogic/Theories/Bimodal/Metalogic/WeakCanonical/Kamp/NfMultiAnchorBridge/SharedWitness.lean:921:1: error: @Bimodal.Metalogic.WeakCanonical.Kamp.kvE2_sepSlotChi The definition `Bimodal.Metalogic.WeakCanonical.Kamp.kvE2_sepSlotChi` contains an underscore. This almost surely violates mathlib's naming convention; use lowerCamelCase or UpperCamelCase instead.
/home/benjamin/Projects/BimodalLogic/Theories/Bimodal/Metalogic/WeakCanonical/Kamp/NfMultiAnchorBridge/SharedWitness.lean:934:1: error: @Bimodal.Metalogic.WeakCanonical.Kamp.kvE2_sepFreshZoneBefore The definition `Bimodal.Metalogic.WeakCanonical.Kamp.kvE2_sepFreshZoneBefore` contains an underscore. This almost surely violates mathlib's naming convention; use lowerCamelCase or UpperCamelCase instead.
/home/benjamin/Projects/BimodalLogic/Theories/Bimodal/Metalogic/WeakCanonical/Kamp/NfMultiAnchorBridge/SharedWitness.lean:946:1: error: @Bimodal.Metalogic.WeakCanonical.Kamp.kvE2_sepFreshZoneAfter The definition `Bimodal.Metalogic.WeakCanonical.Kamp.kvE2_sepFreshZoneAfter` contains an underscore. This almost surely violates mathlib's naming convention; use lowerCamelCase or UpperCamelCase instead.
/home/benjamin/Projects/BimodalLogic/Theories/Bimodal/Metalogic/WeakCanonical/Kamp/NfMultiAnchorBridge/SharedWitness.lean:955:1: error: @Bimodal.Metalogic.WeakCanonical.Kamp.kvE2_sepCompat The definition `Bimodal.Metalogic.WeakCanonical.Kamp.kvE2_sepCompat` contains an underscore. This almost surely violates mathlib's naming convention; use lowerCamelCase or UpperCamelCase instead.
/home/benjamin/Projects/BimodalLogic/Theories/Bimodal/Metalogic/WeakCanonical/Kamp/NfMultiAnchorBridge/SharedWitness.lean:1034:1: error: @Bimodal.Metalogic.WeakCanonical.Kamp.kvE2_sepSlotLe The definition `Bimodal.Metalogic.WeakCanonical.Kamp.kvE2_sepSlotLe` contains an underscore. This almost surely violates mathlib's naming convention; use lowerCamelCase or UpperCamelCase instead.
/home/benjamin/Projects/BimodalLogic/Theories/Bimodal/Metalogic/WeakCanonical/Kamp/NfMultiAnchorBridge/SharedWitness.lean:1053:1: error: @Bimodal.Metalogic.WeakCanonical.Kamp.kvE2_sepEpL The definition `Bimodal.Metalogic.WeakCanonical.Kamp.kvE2_sepEpL` contains an underscore. This almost surely violates mathlib's naming convention; use lowerCamelCase or UpperCamelCase instead.
/home/benjamin/Projects/BimodalLogic/Theories/Bimodal/Metalogic/WeakCanonical/Kamp/NfMultiAnchorBridge/SharedWitness.lean:1077:1: error: @Bimodal.Metalogic.WeakCanonical.Kamp.kvE2_sepEpR The definition `Bimodal.Metalogic.WeakCanonical.Kamp.kvE2_sepEpR` contains an underscore. This almost surely violates mathlib's naming convention; use lowerCamelCase or UpperCamelCase instead.
/home/benjamin/Projects/BimodalLogic/Theories/Bimodal/Metalogic/WeakCanonical/Kamp/NfMultiAnchorBridge/SharedWitness.lean:1099:1: error: @Bimodal.Metalogic.WeakCanonical.Kamp.kvE2_sepPtW The definition `Bimodal.Metalogic.WeakCanonical.Kamp.kvE2_sepPtW` contains an underscore. This almost surely violates mathlib's naming convention; use lowerCamelCase or UpperCamelCase instead.
/home/benjamin/Projects/BimodalLogic/Theories/Bimodal/Metalogic/WeakCanonical/Kamp/NfMultiAnchorBridge/SharedWitness.lean:1127:1: error: @Bimodal.Metalogic.WeakCanonical.Kamp.kvE2_sepSegLForSub The definition `Bimodal.Metalogic.WeakCanonical.Kamp.kvE2_sepSegLForSub` contains an underscore. This almost surely violates mathlib's naming convention; use lowerCamelCase or UpperCamelCase instead.
/home/benjamin/Projects/BimodalLogic/Theories/Bimodal/Metalogic/WeakCanonical/Kamp/NfMultiAnchorBridge/SharedWitness.lean:1141:1: error: @Bimodal.Metalogic.WeakCanonical.Kamp.kvE2_sepSegRForSub The definition `Bimodal.Metalogic.WeakCanonical.Kamp.kvE2_sepSegRForSub` contains an underscore. This almost surely violates mathlib's naming convention; use lowerCamelCase or UpperCamelCase instead.
/home/benjamin/Projects/BimodalLogic/Theories/Bimodal/Metalogic/WeakCanonical/Kamp/NfMultiAnchorBridge/SharedWitness.lean:1154:1: error: @Bimodal.Metalogic.WeakCanonical.Kamp.kvE2_sepSegLAt The definition `Bimodal.Metalogic.WeakCanonical.Kamp.kvE2_sepSegLAt` contains an underscore. This almost surely violates mathlib's naming convention; use lowerCamelCase or UpperCamelCase instead.
/home/benjamin/Projects/BimodalLogic/Theories/Bimodal/Metalogic/WeakCanonical/Kamp/NfMultiAnchorBridge/SharedWitness.lean:1165:1: error: @Bimodal.Metalogic.WeakCanonical.Kamp.kvE2_sepSegRAt The definition `Bimodal.Metalogic.WeakCanonical.Kamp.kvE2_sepSegRAt` contains an underscore. This almost surely violates mathlib's naming convention; use lowerCamelCase or UpperCamelCase instead.
/home/benjamin/Projects/BimodalLogic/Theories/Bimodal/Metalogic/WeakCanonical/Kamp/NfMultiAnchorBridge/SharedWitness.lean:1172:1: error: @Bimodal.Metalogic.WeakCanonical.Kamp.kvE2_sepSegs The definition `Bimodal.Metalogic.WeakCanonical.Kamp.kvE2_sepSegs` contains an underscore. This almost surely violates mathlib's naming convention; use lowerCamelCase or UpperCamelCase instead.
/home/benjamin/Projects/BimodalLogic/Theories/Bimodal/Metalogic/WeakCanonical/Kamp/NfMultiAnchorBridge/SharedWitness.lean:1181:1: error: Bimodal.Metalogic.WeakCanonical.Kamp.kvE2_sepBracketN The definition `Bimodal.Metalogic.WeakCanonical.Kamp.kvE2_sepBracketN` contains an underscore. This almost surely violates mathlib's naming convention; use lowerCamelCase or UpperCamelCase instead.
/home/benjamin/Projects/BimodalLogic/Theories/Bimodal/Metalogic/WeakCanonical/Kamp/NfMultiAnchorBridge/SharedWitness.lean:1195:1: error: @Bimodal.Metalogic.WeakCanonical.Kamp.kvE2_sepDisjunct The definition `Bimodal.Metalogic.WeakCanonical.Kamp.kvE2_sepDisjunct` contains an underscore. This almost surely violates mathlib's naming convention; use lowerCamelCase or UpperCamelCase instead.
/home/benjamin/Projects/BimodalLogic/Theories/Bimodal/Metalogic/WeakCanonical/Kamp/NfMultiAnchorBridge/SharedWitness.lean:1213:1: error: Bimodal.Metalogic.WeakCanonical.Kamp.kvE2_sepOuterConsistent The definition `Bimodal.Metalogic.WeakCanonical.Kamp.kvE2_sepOuterConsistent` contains an underscore. This almost surely violates mathlib's naming convention; use lowerCamelCase or UpperCamelCase instead.
/home/benjamin/Projects/BimodalLogic/Theories/Bimodal/Metalogic/WeakCanonical/Kamp/NfMultiAnchorBridge/SharedWitness.lean:1220:1: error: Bimodal.Metalogic.WeakCanonical.Kamp.kvE2_sepInnerConsistentL The definition `Bimodal.Metalogic.WeakCanonical.Kamp.kvE2_sepInnerConsistentL` contains an underscore. This almost surely violates mathlib's naming convention; use lowerCamelCase or UpperCamelCase instead.
/home/benjamin/Projects/BimodalLogic/Theories/Bimodal/Metalogic/WeakCanonical/Kamp/NfMultiAnchorBridge/SharedWitness.lean:1235:1: error: Bimodal.Metalogic.WeakCanonical.Kamp.kvE2_sepInnerConsistentR The definition `Bimodal.Metalogic.WeakCanonical.Kamp.kvE2_sepInnerConsistentR` contains an underscore. This almost surely violates mathlib's naming convention; use lowerCamelCase or UpperCamelCase instead.
/home/benjamin/Projects/BimodalLogic/Theories/Bimodal/Metalogic/WeakCanonical/Kamp/NfMultiAnchorBridge/SharedWitness.lean:1251:1: error: @Bimodal.Metalogic.WeakCanonical.Kamp.kvE2_sepGate The definition `Bimodal.Metalogic.WeakCanonical.Kamp.kvE2_sepGate` contains an underscore. This almost surely violates mathlib's naming convention; use lowerCamelCase or UpperCamelCase instead.
/home/benjamin/Projects/BimodalLogic/Theories/Bimodal/Metalogic/WeakCanonical/Kamp/NfMultiAnchorBridge/SharedWitness.lean:1292:1: error: Bimodal.Metalogic.WeakCanonical.Kamp.kvE2_sepSpikeOrderTypes The definition `Bimodal.Metalogic.WeakCanonical.Kamp.kvE2_sepSpikeOrderTypes` contains an underscore. This almost surely violates mathlib's naming convention; use lowerCamelCase or UpperCamelCase instead.
/home/benjamin/Projects/BimodalLogic/Theories/Bimodal/Metalogic/WeakCanonical/Kamp/NfMultiAnchorBridge/SharedWitness.lean:1327:1: error: Bimodal.Metalogic.WeakCanonical.Kamp.kvE2_sepPlaceholderTuple The definition `Bimodal.Metalogic.WeakCanonical.Kamp.kvE2_sepPlaceholderTuple` contains an underscore. This almost surely violates mathlib's naming convention; use lowerCamelCase or UpperCamelCase instead.
/home/benjamin/Projects/BimodalLogic/Theories/Bimodal/Metalogic/WeakCanonical/Kamp/NfMultiAnchorBridge/SharedWitness.lean:1334:1: error: Bimodal.Metalogic.WeakCanonical.Kamp.kvE2_sepIdxTuples The definition `Bimodal.Metalogic.WeakCanonical.Kamp.kvE2_sepIdxTuples` contains an underscore. This almost surely violates mathlib's naming convention; use lowerCamelCase or UpperCamelCase instead.
/home/benjamin/Projects/BimodalLogic/Theories/Bimodal/Metalogic/WeakCanonical/Kamp/NfMultiAnchorBridge/SharedWitness.lean:1371:1: error: Bimodal.Metalogic.WeakCanonical.Kamp.kvE2_sepIdxTuplesN The definition `Bimodal.Metalogic.WeakCanonical.Kamp.kvE2_sepIdxTuplesN` contains an underscore. This almost surely violates mathlib's naming convention; use lowerCamelCase or UpperCamelCase instead.
/home/benjamin/Projects/BimodalLogic/Theories/Bimodal/Metalogic/WeakCanonical/Kamp/NfMultiAnchorBridge/SharedWitness.lean:1412:1: error: @Bimodal.Metalogic.WeakCanonical.Kamp.kvE2_ordRank The definition `Bimodal.Metalogic.WeakCanonical.Kamp.kvE2_ordRank` contains an underscore. This almost surely violates mathlib's naming convention; use lowerCamelCase or UpperCamelCase instead.
/home/benjamin/Projects/BimodalLogic/Theories/Bimodal/Metalogic/WeakCanonical/Kamp/NfMultiAnchorBridge/SharedWitness.lean:1467:1: error: @Bimodal.Metalogic.WeakCanonical.Kamp.kvE2_sepOrderTypes The definition `Bimodal.Metalogic.WeakCanonical.Kamp.kvE2_sepOrderTypes` contains an underscore. This almost surely violates mathlib's naming convention; use lowerCamelCase or UpperCamelCase instead.
/home/benjamin/Projects/BimodalLogic/Theories/Bimodal/Metalogic/WeakCanonical/Kamp/NfMultiAnchorBridge/SharedWitness.lean:1488:1: error: @Bimodal.Metalogic.WeakCanonical.Kamp.kvE2_sepModelTag The definition `Bimodal.Metalogic.WeakCanonical.Kamp.kvE2_sepModelTag` contains an underscore. This almost surely violates mathlib's naming convention; use lowerCamelCase or UpperCamelCase instead.
/home/benjamin/Projects/BimodalLogic/Theories/Bimodal/Metalogic/WeakCanonical/Kamp/NfMultiAnchorBridge/SharedWitness.lean:1493:1: error: @Bimodal.Metalogic.WeakCanonical.Kamp.kvE2_sepModelOrder The definition `Bimodal.Metalogic.WeakCanonical.Kamp.kvE2_sepModelOrder` contains an underscore. This almost surely violates mathlib's naming convention; use lowerCamelCase or UpperCamelCase instead.
/home/benjamin/Projects/BimodalLogic/Theories/Bimodal/Metalogic/WeakCanonical/Kamp/NfMultiAnchorBridge/SharedWitness.lean:1511:1: error: @Bimodal.Metalogic.WeakCanonical.Kamp.kvE2_sepClosedLeafStub The definition `Bimodal.Metalogic.WeakCanonical.Kamp.kvE2_sepClosedLeafStub` contains an underscore. This almost surely violates mathlib's naming convention; use lowerCamelCase or UpperCamelCase instead.
/home/benjamin/Projects/BimodalLogic/Theories/Bimodal/Metalogic/WeakCanonical/Kamp/NfMultiAnchorBridge/SharedWitness.lean:1540:1: error: @Bimodal.Metalogic.WeakCanonical.Kamp.kvE2_sepClosedLeafAt The definition `Bimodal.Metalogic.WeakCanonical.Kamp.kvE2_sepClosedLeafAt` contains an underscore. This almost surely violates mathlib's naming convention; use lowerCamelCase or UpperCamelCase instead.
/home/benjamin/Projects/BimodalLogic/Theories/Bimodal/Metalogic/WeakCanonical/Kamp/NfMultiAnchorBridge/SharedWitness.lean:1559:1: error: @Bimodal.Metalogic.WeakCanonical.Kamp.kvE2_sepSlotIsAnchor The definition `Bimodal.Metalogic.WeakCanonical.Kamp.kvE2_sepSlotIsAnchor` contains an underscore. This almost surely violates mathlib's naming convention; use lowerCamelCase or UpperCamelCase instead.
/home/benjamin/Projects/BimodalLogic/Theories/Bimodal/Metalogic/WeakCanonical/Kamp/NfMultiAnchorBridge/SharedWitness.lean:1566:1: error: @Bimodal.Metalogic.WeakCanonical.Kamp.kvE2_sepSlotBaseType The definition `Bimodal.Metalogic.WeakCanonical.Kamp.kvE2_sepSlotBaseType` contains an underscore. This almost surely violates mathlib's naming convention; use lowerCamelCase or UpperCamelCase instead.
/home/benjamin/Projects/BimodalLogic/Theories/Bimodal/Metalogic/WeakCanonical/Kamp/NfMultiAnchorBridge/SharedWitness.lean:1584:1: error: @Bimodal.Metalogic.WeakCanonical.Kamp.kvE2_sepAnchorSlot The definition `Bimodal.Metalogic.WeakCanonical.Kamp.kvE2_sepAnchorSlot` contains an underscore. This almost surely violates mathlib's naming convention; use lowerCamelCase or UpperCamelCase instead.
/home/benjamin/Projects/BimodalLogic/Theories/Bimodal/Metalogic/WeakCanonical/Kamp/NfMultiAnchorBridge/SharedWitness.lean:1616:1: error: @Bimodal.Metalogic.WeakCanonical.Kamp.kvE2_sepAnchorPayload The definition `Bimodal.Metalogic.WeakCanonical.Kamp.kvE2_sepAnchorPayload` contains an underscore. This almost surely violates mathlib's naming convention; use lowerCamelCase or UpperCamelCase instead.
/home/benjamin/Projects/BimodalLogic/Theories/Bimodal/Metalogic/WeakCanonical/Kamp/NfMultiAnchorBridge/SharedWitness.lean:1640:1: error: @Bimodal.Metalogic.WeakCanonical.Kamp.kvE2_sepAnchorDistinct The definition `Bimodal.Metalogic.WeakCanonical.Kamp.kvE2_sepAnchorDistinct` contains an underscore. This almost surely violates mathlib's naming convention; use lowerCamelCase or UpperCamelCase instead.
/home/benjamin/Projects/BimodalLogic/Theories/Bimodal/Metalogic/WeakCanonical/Kamp/NfMultiAnchorBridge/SharedWitness.lean:1652:1: error: @Bimodal.Metalogic.WeakCanonical.Kamp.kvE2_sepTieRead The definition `Bimodal.Metalogic.WeakCanonical.Kamp.kvE2_sepTieRead` contains an underscore. This almost surely violates mathlib's naming convention; use lowerCamelCase or UpperCamelCase instead.
/home/benjamin/Projects/BimodalLogic/Theories/Bimodal/Metalogic/WeakCanonical/Kamp/NfMultiAnchorBridge/SharedWitness.lean:1753:1: error: @Bimodal.Metalogic.WeakCanonical.Kamp.kvE2_sepDisjValidOwner The definition `Bimodal.Metalogic.WeakCanonical.Kamp.kvE2_sepDisjValidOwner` contains an underscore. This almost surely violates mathlib's naming convention; use lowerCamelCase or UpperCamelCase instead.
/home/benjamin/Projects/BimodalLogic/Theories/Bimodal/Metalogic/WeakCanonical/Kamp/NfMultiAnchorBridge/SharedWitness.lean:1762:1: error: Bimodal.Metalogic.WeakCanonical.Kamp.kvE2_sepConsistentTuple The definition `Bimodal.Metalogic.WeakCanonical.Kamp.kvE2_sepConsistentTuple` contains an underscore. This almost surely violates mathlib's naming convention; use lowerCamelCase or UpperCamelCase instead.
/home/benjamin/Projects/BimodalLogic/Theories/Bimodal/Metalogic/WeakCanonical/Kamp/NfMultiAnchorBridge/SharedWitness.lean:1771:1: error: @Bimodal.Metalogic.WeakCanonical.Kamp.kvE2_sepDisjValid The definition `Bimodal.Metalogic.WeakCanonical.Kamp.kvE2_sepDisjValid` contains an underscore. This almost surely violates mathlib's naming convention; use lowerCamelCase or UpperCamelCase instead.
/home/benjamin/Projects/BimodalLogic/Theories/Bimodal/Metalogic/WeakCanonical/Kamp/NfMultiAnchorBridge/SharedWitness.lean:1797:1: error: @Bimodal.Metalogic.WeakCanonical.Kamp.kvE2_sepArr' The definition `Bimodal.Metalogic.WeakCanonical.Kamp.kvE2_sepArr'` contains an underscore. This almost surely violates mathlib's naming convention; use lowerCamelCase or UpperCamelCase instead.
/home/benjamin/Projects/BimodalLogic/Theories/Bimodal/Metalogic/WeakCanonical/Kamp/NfMultiAnchorBridge/SharedWitness.lean:1803:1: error: @Bimodal.Metalogic.WeakCanonical.Kamp.kvE2_sepArr'_decidable The definition `Bimodal.Metalogic.WeakCanonical.Kamp.kvE2_sepArr'_decidable` contains an underscore. This almost surely violates mathlib's naming convention; use lowerCamelCase or UpperCamelCase instead.
/home/benjamin/Projects/BimodalLogic/Theories/Bimodal/Metalogic/WeakCanonical/Kamp/NfMultiAnchorBridge/SharedWitness.lean:1920:1: error: @Bimodal.Metalogic.WeakCanonical.Kamp.kvE2_sepOrderOwners The definition `Bimodal.Metalogic.WeakCanonical.Kamp.kvE2_sepOrderOwners` contains an underscore. This almost surely violates mathlib's naming convention; use lowerCamelCase or UpperCamelCase instead.
/home/benjamin/Projects/BimodalLogic/Theories/Bimodal/Metalogic/WeakCanonical/Kamp/NfMultiAnchorBridge/SharedWitness.lean:1930:1: error: @Bimodal.Metalogic.WeakCanonical.Kamp.kvE2_sepOwnerRank The definition `Bimodal.Metalogic.WeakCanonical.Kamp.kvE2_sepOwnerRank` contains an underscore. This almost surely violates mathlib's naming convention; use lowerCamelCase or UpperCamelCase instead.
/home/benjamin/Projects/BimodalLogic/Theories/Bimodal/Metalogic/WeakCanonical/Kamp/NfMultiAnchorBridge/SharedWitness.lean:1937:1: error: @Bimodal.Metalogic.WeakCanonical.Kamp.kvE2_sepSlotGIdx The definition `Bimodal.Metalogic.WeakCanonical.Kamp.kvE2_sepSlotGIdx` contains an underscore. This almost surely violates mathlib's naming convention; use lowerCamelCase or UpperCamelCase instead.
/home/benjamin/Projects/BimodalLogic/Theories/Bimodal/Metalogic/WeakCanonical/Kamp/NfMultiAnchorBridge/SharedWitness.lean:1949:1: error: @Bimodal.Metalogic.WeakCanonical.Kamp.kvE2_sepSlotMergeLe The definition `Bimodal.Metalogic.WeakCanonical.Kamp.kvE2_sepSlotMergeLe` contains an underscore. This almost surely violates mathlib's naming convention; use lowerCamelCase or UpperCamelCase instead.
/home/benjamin/Projects/BimodalLogic/Theories/Bimodal/Metalogic/WeakCanonical/Kamp/NfMultiAnchorBridge/SharedWitness.lean:1959:1: error: @Bimodal.Metalogic.WeakCanonical.Kamp.kvE2_sepSlotsLOf The definition `Bimodal.Metalogic.WeakCanonical.Kamp.kvE2_sepSlotsLOf` contains an underscore. This almost surely violates mathlib's naming convention; use lowerCamelCase or UpperCamelCase instead.
/home/benjamin/Projects/BimodalLogic/Theories/Bimodal/Metalogic/WeakCanonical/Kamp/NfMultiAnchorBridge/SharedWitness.lean:1973:1: error: @Bimodal.Metalogic.WeakCanonical.Kamp.kvE2_sepSlotsROf The definition `Bimodal.Metalogic.WeakCanonical.Kamp.kvE2_sepSlotsROf` contains an underscore. This almost surely violates mathlib's naming convention; use lowerCamelCase or UpperCamelCase instead.
/home/benjamin/Projects/BimodalLogic/Theories/Bimodal/Metalogic/WeakCanonical/Kamp/NfMultiAnchorBridge/SharedWitness.lean:1990:1: error: @Bimodal.Metalogic.WeakCanonical.Kamp.kvE2_sepTieRuns The definition `Bimodal.Metalogic.WeakCanonical.Kamp.kvE2_sepTieRuns` contains an underscore. This almost surely violates mathlib's naming convention; use lowerCamelCase or UpperCamelCase instead.
/home/benjamin/Projects/BimodalLogic/Theories/Bimodal/Metalogic/WeakCanonical/Kamp/NfMultiAnchorBridge/SharedWitness.lean:2073:1: error: @Bimodal.Metalogic.WeakCanonical.Kamp.kvE2_sepTieGroupedL The definition `Bimodal.Metalogic.WeakCanonical.Kamp.kvE2_sepTieGroupedL` contains an underscore. This almost surely violates mathlib's naming convention; use lowerCamelCase or UpperCamelCase instead.
/home/benjamin/Projects/BimodalLogic/Theories/Bimodal/Metalogic/WeakCanonical/Kamp/NfMultiAnchorBridge/SharedWitness.lean:2082:1: error: @Bimodal.Metalogic.WeakCanonical.Kamp.kvE2_sepTieGroupedR The definition `Bimodal.Metalogic.WeakCanonical.Kamp.kvE2_sepTieGroupedR` contains an underscore. This almost surely violates mathlib's naming convention; use lowerCamelCase or UpperCamelCase instead.
/home/benjamin/Projects/BimodalLogic/Theories/Bimodal/Metalogic/WeakCanonical/Kamp/NfMultiAnchorBridge/SharedWitness.lean:2130:1: error: @Bimodal.Metalogic.WeakCanonical.Kamp.kvE2_sepClassType The definition `Bimodal.Metalogic.WeakCanonical.Kamp.kvE2_sepClassType` contains an underscore. This almost surely violates mathlib's naming convention; use lowerCamelCase or UpperCamelCase instead.
/home/benjamin/Projects/BimodalLogic/Theories/Bimodal/Metalogic/WeakCanonical/Kamp/NfMultiAnchorBridge/SharedWitness.lean:2184:1: error: @Bimodal.Metalogic.WeakCanonical.Kamp.kvE2_sepSegsG The definition `Bimodal.Metalogic.WeakCanonical.Kamp.kvE2_sepSegsG` contains an underscore. This almost surely violates mathlib's naming convention; use lowerCamelCase or UpperCamelCase instead.
/home/benjamin/Projects/BimodalLogic/Theories/Bimodal/Metalogic/WeakCanonical/Kamp/NfMultiAnchorBridge/SharedWitness.lean:2219:1: error: @Bimodal.Metalogic.WeakCanonical.Kamp.kvE2_sepDisjunct' The definition `Bimodal.Metalogic.WeakCanonical.Kamp.kvE2_sepDisjunct'` contains an underscore. This almost surely violates mathlib's naming convention; use lowerCamelCase or UpperCamelCase instead.
/home/benjamin/Projects/BimodalLogic/Theories/Bimodal/Metalogic/WeakCanonical/Kamp/NfMultiAnchorBridge/SharedWitness.lean:2340:1: error: @Bimodal.Metalogic.WeakCanonical.Kamp.kvE2_sepBody The definition `Bimodal.Metalogic.WeakCanonical.Kamp.kvE2_sepBody` contains an underscore. This almost surely violates mathlib's naming convention; use lowerCamelCase or UpperCamelCase instead.
/home/benjamin/Projects/BimodalLogic/Theories/Bimodal/Metalogic/WeakCanonical/Kamp/NfMultiAnchorBridge/SharedWitness.lean:3114:1: error: @Bimodal.Metalogic.WeakCanonical.Kamp.kvE2_sepCoincidentOrder The definition `Bimodal.Metalogic.WeakCanonical.Kamp.kvE2_sepCoincidentOrder` contains an underscore. This almost surely violates mathlib's naming convention; use lowerCamelCase or UpperCamelCase instead.
/home/benjamin/Projects/BimodalLogic/Theories/Bimodal/Metalogic/WeakCanonical/Kamp/NfMultiAnchorBridge/SharedWitness.lean:3465:1: error: @Bimodal.Metalogic.WeakCanonical.Kamp.kvE2_sepAnchorVal The definition `Bimodal.Metalogic.WeakCanonical.Kamp.kvE2_sepAnchorVal` contains an underscore. This almost surely violates mathlib's naming convention; use lowerCamelCase or UpperCamelCase instead.
/home/benjamin/Projects/BimodalLogic/Theories/Bimodal/Metalogic/WeakCanonical/Kamp/NfMultiAnchorBridge/SharedWitness.lean:3524:1: error: @Bimodal.Metalogic.WeakCanonical.Kamp.kvE2_sepAnchorFam The definition `Bimodal.Metalogic.WeakCanonical.Kamp.kvE2_sepAnchorFam` contains an underscore. This almost surely violates mathlib's naming convention; use lowerCamelCase or UpperCamelCase instead.
/home/benjamin/Projects/BimodalLogic/Theories/Bimodal/Metalogic/WeakCanonical/Kamp/NfMultiAnchorBridge/SharedWitness.lean:3662:1: error: @Bimodal.Metalogic.WeakCanonical.Kamp.kvE2_sepSlotValue The definition `Bimodal.Metalogic.WeakCanonical.Kamp.kvE2_sepSlotValue` contains an underscore. This almost surely violates mathlib's naming convention; use lowerCamelCase or UpperCamelCase instead.
/home/benjamin/Projects/BimodalLogic/Theories/Bimodal/Metalogic/WeakCanonical/Kamp/NfMultiAnchorBridge/SharedWitness.lean:3899:1: error: @Bimodal.Metalogic.WeakCanonical.Kamp.kvE2_sepSlotG The definition `Bimodal.Metalogic.WeakCanonical.Kamp.kvE2_sepSlotG` contains an underscore. This almost surely violates mathlib's naming convention; use lowerCamelCase or UpperCamelCase instead.
/home/benjamin/Projects/BimodalLogic/Theories/Bimodal/Metalogic/WeakCanonical/Kamp/NfMultiAnchorBridge/SharedWitness.lean:3935:1: error: @Bimodal.Metalogic.WeakCanonical.Kamp.kvE2_sepSlotHonestGIdx The definition `Bimodal.Metalogic.WeakCanonical.Kamp.kvE2_sepSlotHonestGIdx` contains an underscore. This almost surely violates mathlib's naming convention; use lowerCamelCase or UpperCamelCase instead.
/home/benjamin/Projects/BimodalLogic/Theories/Bimodal/Metalogic/WeakCanonical/Kamp/NfMultiAnchorBridge/SharedWitness.lean:4019:1: error: @Bimodal.Metalogic.WeakCanonical.Kamp.kvE2_sepHonestOrder The definition `Bimodal.Metalogic.WeakCanonical.Kamp.kvE2_sepHonestOrder` contains an underscore. This almost surely violates mathlib's naming convention; use lowerCamelCase or UpperCamelCase instead.
/home/benjamin/Projects/BimodalLogic/Theories/Bimodal/Metalogic/WeakCanonical/Kamp/NfMultiAnchorBridge/SharedWitness.lean:4789:1: error: @Bimodal.Metalogic.WeakCanonical.Kamp.kvE2_sepGapTypes The definition `Bimodal.Metalogic.WeakCanonical.Kamp.kvE2_sepGapTypes` contains an underscore. This almost surely violates mathlib's naming convention; use lowerCamelCase or UpperCamelCase instead.
/home/benjamin/Projects/BimodalLogic/Theories/Bimodal/Metalogic/WeakCanonical/Kamp/NfMultiAnchorBridge/SharedWitness.lean:4826:1: error: @Bimodal.Metalogic.WeakCanonical.Kamp.kvE2_sepGapRegions The definition `Bimodal.Metalogic.WeakCanonical.Kamp.kvE2_sepGapRegions` contains an underscore. This almost surely violates mathlib's naming convention; use lowerCamelCase or UpperCamelCase instead.
/home/benjamin/Projects/BimodalLogic/Theories/Bimodal/Metalogic/WeakCanonical/Kamp/NfMultiAnchorBridge/SharedWitness.lean:4949:1: error: @Bimodal.Metalogic.WeakCanonical.Kamp.kvE2_sepHonestBasePairsL The definition `Bimodal.Metalogic.WeakCanonical.Kamp.kvE2_sepHonestBasePairsL` contains an underscore. This almost surely violates mathlib's naming convention; use lowerCamelCase or UpperCamelCase instead.
/home/benjamin/Projects/BimodalLogic/Theories/Bimodal/Metalogic/WeakCanonical/Kamp/NfMultiAnchorBridge/SharedWitness.lean:4966:1: error: @Bimodal.Metalogic.WeakCanonical.Kamp.kvE2_sepHonestBasePairsR The definition `Bimodal.Metalogic.WeakCanonical.Kamp.kvE2_sepHonestBasePairsR` contains an underscore. This almost surely violates mathlib's naming convention; use lowerCamelCase or UpperCamelCase instead.
/home/benjamin/Projects/BimodalLogic/Theories/Bimodal/Metalogic/WeakCanonical/Kamp/NfMultiAnchorBridge/SharedWitness.lean:5031:1: error: @Bimodal.Metalogic.WeakCanonical.Kamp.kvE2_sepHonestAnchorsL The definition `Bimodal.Metalogic.WeakCanonical.Kamp.kvE2_sepHonestAnchorsL` contains an underscore. This almost surely violates mathlib's naming convention; use lowerCamelCase or UpperCamelCase instead.
/home/benjamin/Projects/BimodalLogic/Theories/Bimodal/Metalogic/WeakCanonical/Kamp/NfMultiAnchorBridge/SharedWitness.lean:5039:1: error: @Bimodal.Metalogic.WeakCanonical.Kamp.kvE2_sepHonestAnchorsR The definition `Bimodal.Metalogic.WeakCanonical.Kamp.kvE2_sepHonestAnchorsR` contains an underscore. This almost surely violates mathlib's naming convention; use lowerCamelCase or UpperCamelCase instead.
/home/benjamin/Projects/BimodalLogic/Theories/Bimodal/Metalogic/WeakCanonical/Kamp/NfMultiAnchorBridge/SharedWitness.lean:5126:1: error: @Bimodal.Metalogic.WeakCanonical.Kamp.kvE2_sepHonestRegionsL The definition `Bimodal.Metalogic.WeakCanonical.Kamp.kvE2_sepHonestRegionsL` contains an underscore. This almost surely violates mathlib's naming convention; use lowerCamelCase or UpperCamelCase instead.
/home/benjamin/Projects/BimodalLogic/Theories/Bimodal/Metalogic/WeakCanonical/Kamp/NfMultiAnchorBridge/SharedWitness.lean:5135:1: error: @Bimodal.Metalogic.WeakCanonical.Kamp.kvE2_sepHonestRegionsR The definition `Bimodal.Metalogic.WeakCanonical.Kamp.kvE2_sepHonestRegionsR` contains an underscore. This almost surely violates mathlib's naming convention; use lowerCamelCase or UpperCamelCase instead.
/home/benjamin/Projects/BimodalLogic/Theories/Bimodal/Metalogic/WeakCanonical/Kamp/NfMultiAnchorBridge/SharedWitness.lean:5476:1: error: @Bimodal.Metalogic.WeakCanonical.Kamp.kvE2_sepBundleL The definition `Bimodal.Metalogic.WeakCanonical.Kamp.kvE2_sepBundleL` contains an underscore. This almost surely violates mathlib's naming convention; use lowerCamelCase or UpperCamelCase instead.
/home/benjamin/Projects/BimodalLogic/Theories/Bimodal/Metalogic/WeakCanonical/Kamp/NfMultiAnchorBridge/SharedWitness.lean:5492:1: error: @Bimodal.Metalogic.WeakCanonical.Kamp.kvE2_sepBundleR The definition `Bimodal.Metalogic.WeakCanonical.Kamp.kvE2_sepBundleR` contains an underscore. This almost surely violates mathlib's naming convention; use lowerCamelCase or UpperCamelCase instead.
/home/benjamin/Projects/BimodalLogic/Theories/Bimodal/Metalogic/WeakCanonical/Kamp/NfMultiAnchorBridge/SharedWitness.lean:5569:1: error: @Bimodal.Metalogic.WeakCanonical.Kamp.kvE2_sepCastBracket The definition `Bimodal.Metalogic.WeakCanonical.Kamp.kvE2_sepCastBracket` contains an underscore. This almost surely violates mathlib's naming convention; use lowerCamelCase or UpperCamelCase instead.
/home/benjamin/Projects/BimodalLogic/Theories/Bimodal/Metalogic/WeakCanonical/Kamp/NfMultiAnchorBridge/SharedWitness.lean:6163:1: error: @Bimodal.Metalogic.WeakCanonical.Kamp.kvE2_sepSlotV The definition `Bimodal.Metalogic.WeakCanonical.Kamp.kvE2_sepSlotV` contains an underscore. This almost surely violates mathlib's naming convention; use lowerCamelCase or UpperCamelCase instead.
/home/benjamin/Projects/BimodalLogic/Theories/Bimodal/Metalogic/WeakCanonical/Kamp/NfMultiAnchorBridge/SharedWitness.lean:6180:1: error: @Bimodal.Metalogic.WeakCanonical.Kamp.kvE2_sepSlotHonestVIdx The definition `Bimodal.Metalogic.WeakCanonical.Kamp.kvE2_sepSlotHonestVIdx` contains an underscore. This almost surely violates mathlib's naming convention; use lowerCamelCase or UpperCamelCase instead.
/home/benjamin/Projects/BimodalLogic/Theories/Bimodal/Metalogic/WeakCanonical/Kamp/NfMultiAnchorBridge/SharedWitness.lean:6322:1: error: @Bimodal.Metalogic.WeakCanonical.Kamp.kvE2_sepHonestOrder' The definition `Bimodal.Metalogic.WeakCanonical.Kamp.kvE2_sepHonestOrder'` contains an underscore. This almost surely violates mathlib's naming convention; use lowerCamelCase or UpperCamelCase instead.
/home/benjamin/Projects/BimodalLogic/Theories/Bimodal/Metalogic/WeakCanonical/Kamp/NfMultiAnchorBridge/SharedWitness.lean:6985:1: error: @Bimodal.Metalogic.WeakCanonical.Kamp.kvE2_sepSpikeDisjValid The definition `Bimodal.Metalogic.WeakCanonical.Kamp.kvE2_sepSpikeDisjValid` contains an underscore. This almost surely violates mathlib's naming convention; use lowerCamelCase or UpperCamelCase instead.
/home/benjamin/Projects/BimodalLogic/Theories/Bimodal/Metalogic/WeakCanonical/Kamp/NfMultiAnchorBridge/SharedWitness.lean:6998:1: error: @Bimodal.Metalogic.WeakCanonical.Kamp.kvE2_sepSpikeArr The definition `Bimodal.Metalogic.WeakCanonical.Kamp.kvE2_sepSpikeArr` contains an underscore. This almost surely violates mathlib's naming convention; use lowerCamelCase or UpperCamelCase instead.
/home/benjamin/Projects/BimodalLogic/Theories/Bimodal/Metalogic/WeakCanonical/Kamp/NfMultiAnchorBridge/SharedWitness.lean:7103:1: error: @Bimodal.Metalogic.WeakCanonical.Kamp.kvE2_sepSegLForSub' The definition `Bimodal.Metalogic.WeakCanonical.Kamp.kvE2_sepSegLForSub'` contains an underscore. This almost surely violates mathlib's naming convention; use lowerCamelCase or UpperCamelCase instead.
/home/benjamin/Projects/BimodalLogic/Theories/Bimodal/Metalogic/WeakCanonical/Kamp/NfMultiAnchorBridge/SharedWitness.lean:7181:1: error: @Bimodal.Metalogic.WeakCanonical.Kamp.kvE2_sepSegRForSub' The definition `Bimodal.Metalogic.WeakCanonical.Kamp.kvE2_sepSegRForSub'` contains an underscore. This almost surely violates mathlib's naming convention; use lowerCamelCase or UpperCamelCase instead.
/home/benjamin/Projects/BimodalLogic/Theories/Bimodal/Metalogic/WeakCanonical/Kamp/NfMultiAnchorBridge/SharedWitness.lean:10218:1: error: @Bimodal.Metalogic.WeakCanonical.Kamp.kvE2_sepFragment_frag The definition `Bimodal.Metalogic.WeakCanonical.Kamp.kvE2_sepFragment_frag` contains an underscore. This almost surely violates mathlib's naming convention; use lowerCamelCase or UpperCamelCase instead.

-- Bimodal.Metalogic.WeakCanonical.Kamp.NfMultiAnchorBridge.SubBracket
/home/benjamin/Projects/BimodalLogic/Theories/Bimodal/Metalogic/WeakCanonical/Kamp/NfMultiAnchorBridge/SubBracket.lean:32:1: error: @Bimodal.Metalogic.WeakCanonical.Kamp.kvE_subFoldBits The definition `Bimodal.Metalogic.WeakCanonical.Kamp.kvE_subFoldBits` contains an underscore. This almost surely violates mathlib's naming convention; use lowerCamelCase or UpperCamelCase instead.
/home/benjamin/Projects/BimodalLogic/Theories/Bimodal/Metalogic/WeakCanonical/Kamp/NfMultiAnchorBridge/SubBracket.lean:57:1: error: Bimodal.Metalogic.WeakCanonical.Kamp.kvE_subInteriorZones The definition `Bimodal.Metalogic.WeakCanonical.Kamp.kvE_subInteriorZones` contains an underscore. This almost surely violates mathlib's naming convention; use lowerCamelCase or UpperCamelCase instead.
/home/benjamin/Projects/BimodalLogic/Theories/Bimodal/Metalogic/WeakCanonical/Kamp/NfMultiAnchorBridge/SubBracket.lean:78:1: error: @Bimodal.Metalogic.WeakCanonical.Kamp.kvE_subBracket The definition `Bimodal.Metalogic.WeakCanonical.Kamp.kvE_subBracket` contains an underscore. This almost surely violates mathlib's naming convention; use lowerCamelCase or UpperCamelCase instead.
/home/benjamin/Projects/BimodalLogic/Theories/Bimodal/Metalogic/WeakCanonical/Kamp/NfMultiAnchorBridge/SubBracket.lean:119:1: error: @Bimodal.Metalogic.WeakCanonical.Kamp.kvE_subChain The definition `Bimodal.Metalogic.WeakCanonical.Kamp.kvE_subChain` contains an underscore. This almost surely violates mathlib's naming convention; use lowerCamelCase or UpperCamelCase instead.

-- Bimodal.Metalogic.WeakCanonical.Kamp.NfMultiAnchorBridge.SubBracket2
/home/benjamin/Projects/BimodalLogic/Theories/Bimodal/Metalogic/WeakCanonical/Kamp/NfMultiAnchorBridge/SubBracket2.lean:43:1: error: @Bimodal.Metalogic.WeakCanonical.Kamp.kvE_subBracket2 The definition `Bimodal.Metalogic.WeakCanonical.Kamp.kvE_subBracket2` contains an underscore. This almost surely violates mathlib's naming convention; use lowerCamelCase or UpperCamelCase instead.
/home/benjamin/Projects/BimodalLogic/Theories/Bimodal/Metalogic/WeakCanonical/Kamp/NfMultiAnchorBridge/SubBracket2.lean:84:1: error: @Bimodal.Metalogic.WeakCanonical.Kamp.kvE_subChain2 The definition `Bimodal.Metalogic.WeakCanonical.Kamp.kvE_subChain2` contains an underscore. This almost surely violates mathlib's naming convention; use lowerCamelCase or UpperCamelCase instead.
/home/benjamin/Projects/BimodalLogic/Theories/Bimodal/Metalogic/WeakCanonical/Kamp/NfMultiAnchorBridge/SubBracket2.lean:121:1: error: Bimodal.Metalogic.WeakCanonical.Kamp.kvE_sub2_zXU The definition `Bimodal.Metalogic.WeakCanonical.Kamp.kvE_sub2_zXU` contains an underscore. This almost surely violates mathlib's naming convention; use lowerCamelCase or UpperCamelCase instead.
/home/benjamin/Projects/BimodalLogic/Theories/Bimodal/Metalogic/WeakCanonical/Kamp/NfMultiAnchorBridge/SubBracket2.lean:126:1: error: Bimodal.Metalogic.WeakCanonical.Kamp.kvE_sub2_zUW The definition `Bimodal.Metalogic.WeakCanonical.Kamp.kvE_sub2_zUW` contains an underscore. This almost surely violates mathlib's naming convention; use lowerCamelCase or UpperCamelCase instead.
/home/benjamin/Projects/BimodalLogic/Theories/Bimodal/Metalogic/WeakCanonical/Kamp/NfMultiAnchorBridge/SubBracket2.lean:130:1: error: Bimodal.Metalogic.WeakCanonical.Kamp.kvE_sub2_zWT The definition `Bimodal.Metalogic.WeakCanonical.Kamp.kvE_sub2_zWT` contains an underscore. This almost surely violates mathlib's naming convention; use lowerCamelCase or UpperCamelCase instead.

-- Bimodal.Metalogic.WeakCanonical.Kamp.NfMultiAnchorBridge.SubBracket2V
/home/benjamin/Projects/BimodalLogic/Theories/Bimodal/Metalogic/WeakCanonical/Kamp/NfMultiAnchorBridge/SubBracket2V.lean:127:1: error: @Bimodal.Metalogic.WeakCanonical.Kamp.kvE_subBracket2V The definition `Bimodal.Metalogic.WeakCanonical.Kamp.kvE_subBracket2V` contains an underscore. This almost surely violates mathlib's naming convention; use lowerCamelCase or UpperCamelCase instead.
/home/benjamin/Projects/BimodalLogic/Theories/Bimodal/Metalogic/WeakCanonical/Kamp/NfMultiAnchorBridge/SubBracket2V.lean:254:1: error: @Bimodal.Metalogic.WeakCanonical.Kamp.kvE_subChain2V The definition `Bimodal.Metalogic.WeakCanonical.Kamp.kvE_subChain2V` contains an underscore. This almost surely violates mathlib's naming convention; use lowerCamelCase or UpperCamelCase instead.

-- Bimodal.Metalogic.WeakCanonical.Kamp.NfToVecEA
/home/benjamin/Projects/BimodalLogic/Theories/Bimodal/Metalogic/WeakCanonical/Kamp/NfToVecEA.lean:94:1: error: @Bimodal.Metalogic.WeakCanonical.Kamp.nf_x_proj' The definition `Bimodal.Metalogic.WeakCanonical.Kamp.nf_x_proj'` contains an underscore. This almost surely violates mathlib's naming convention; use lowerCamelCase or UpperCamelCase instead.
/home/benjamin/Projects/BimodalLogic/Theories/Bimodal/Metalogic/WeakCanonical/Kamp/NfToVecEA.lean:102:1: error: @Bimodal.Metalogic.WeakCanonical.Kamp.nf_t_proj The definition `Bimodal.Metalogic.WeakCanonical.Kamp.nf_t_proj` contains an underscore. This almost surely violates mathlib's naming convention; use lowerCamelCase or UpperCamelCase instead.
/home/benjamin/Projects/BimodalLogic/Theories/Bimodal/Metalogic/WeakCanonical/Kamp/NfToVecEA.lean:112:1: error: @Bimodal.Metalogic.WeakCanonical.Kamp.nf_vecEA2_future The definition `Bimodal.Metalogic.WeakCanonical.Kamp.nf_vecEA2_future` contains an underscore. This almost surely violates mathlib's naming convention; use lowerCamelCase or UpperCamelCase instead.
/home/benjamin/Projects/BimodalLogic/Theories/Bimodal/Metalogic/WeakCanonical/Kamp/NfToVecEA.lean:121:1: error: @Bimodal.Metalogic.WeakCanonical.Kamp.nf_vecEA2_past The definition `Bimodal.Metalogic.WeakCanonical.Kamp.nf_vecEA2_past` contains an underscore. This almost surely violates mathlib's naming convention; use lowerCamelCase or UpperCamelCase instead.

-- Bimodal.Metalogic.WeakCanonical.Kamp.NfZoneFlattenNavigable
/home/benjamin/Projects/BimodalLogic/Theories/Bimodal/Metalogic/WeakCanonical/Kamp/NfZoneFlattenNavigable.lean:329:1: error: Bimodal.Metalogic.WeakCanonical.Kamp.A_past The definition `Bimodal.Metalogic.WeakCanonical.Kamp.A_past` contains an underscore. This almost surely violates mathlib's naming convention; use lowerCamelCase or UpperCamelCase instead.
/home/benjamin/Projects/BimodalLogic/Theories/Bimodal/Metalogic/WeakCanonical/Kamp/NfZoneFlattenNavigable.lean:381:1: error: Bimodal.Metalogic.WeakCanonical.Kamp.A_future The definition `Bimodal.Metalogic.WeakCanonical.Kamp.A_future` contains an underscore. This almost surely violates mathlib's naming convention; use lowerCamelCase or UpperCamelCase instead.

-- Bimodal.Metalogic.WeakCanonical.Kamp.PriorINF
/home/benjamin/Projects/BimodalLogic/Theories/Bimodal/Metalogic/WeakCanonical/Kamp/PriorINF.lean:86:1: error: Bimodal.Metalogic.WeakCanonical.Kamp.kplus_formula The definition `Bimodal.Metalogic.WeakCanonical.Kamp.kplus_formula` contains an underscore. This almost surely violates mathlib's naming convention; use lowerCamelCase or UpperCamelCase instead.

-- Bimodal.Metalogic.WeakCanonical.Kamp.Translation
/home/benjamin/Projects/BimodalLogic/Theories/Bimodal/Metalogic/WeakCanonical/Kamp/Translation.lean:110:1: error: @Bimodal.Metalogic.WeakCanonical.Kamp.buildRight_spec The definition `Bimodal.Metalogic.WeakCanonical.Kamp.buildRight_spec` contains an underscore. This almost surely violates mathlib's naming convention; use lowerCamelCase or UpperCamelCase instead.
/home/benjamin/Projects/BimodalLogic/Theories/Bimodal/Metalogic/WeakCanonical/Kamp/Translation.lean:132:1: error: @Bimodal.Metalogic.WeakCanonical.Kamp.buildLeft_spec The definition `Bimodal.Metalogic.WeakCanonical.Kamp.buildLeft_spec` contains an underscore. This almost surely violates mathlib's naming convention; use lowerCamelCase or UpperCamelCase instead.
/home/benjamin/Projects/BimodalLogic/Theories/Bimodal/Metalogic/WeakCanonical/Kamp/Translation.lean:281:1: error: Bimodal.Metalogic.WeakCanonical.Kamp.ef1_to_temporal The definition `Bimodal.Metalogic.WeakCanonical.Kamp.ef1_to_temporal` contains an underscore. This almost surely violates mathlib's naming convention; use lowerCamelCase or UpperCamelCase instead.

-- Bimodal.Metalogic.WeakCanonical.Kamp.VecEAClosure
/home/benjamin/Projects/BimodalLogic/Theories/Bimodal/Metalogic/WeakCanonical/Kamp/VecEAClosure.lean:194:1: error: Bimodal.Metalogic.WeakCanonical.Kamp.VBracketFormula.conj_struct The definition `Bimodal.Metalogic.WeakCanonical.Kamp.VBracketFormula.conj_struct` contains an underscore. This almost surely violates mathlib's naming convention; use lowerCamelCase or UpperCamelCase instead.
/home/benjamin/Projects/BimodalLogic/Theories/Bimodal/Metalogic/WeakCanonical/Kamp/VecEAClosure.lean:214:1: error: Bimodal.Metalogic.WeakCanonical.Kamp.VVecEA2.conj_struct The definition `Bimodal.Metalogic.WeakCanonical.Kamp.VVecEA2.conj_struct` contains an underscore. This almost surely violates mathlib's naming convention; use lowerCamelCase or UpperCamelCase instead.

-- Bimodal.Metalogic.WeakCanonical.Kamp.VecEADecomp
/home/benjamin/Projects/BimodalLogic/Theories/Bimodal/Metalogic/WeakCanonical/Kamp/VecEADecomp.lean:32:1: error: @Bimodal.Metalogic.WeakCanonical.Kamp.nf_y_proj The definition `Bimodal.Metalogic.WeakCanonical.Kamp.nf_y_proj` contains an underscore. This almost surely violates mathlib's naming convention; use lowerCamelCase or UpperCamelCase instead.
/home/benjamin/Projects/BimodalLogic/Theories/Bimodal/Metalogic/WeakCanonical/Kamp/VecEADecomp.lean:39:1: error: @Bimodal.Metalogic.WeakCanonical.Kamp.nf_x_proj3 The definition `Bimodal.Metalogic.WeakCanonical.Kamp.nf_x_proj3` contains an underscore. This almost surely violates mathlib's naming convention; use lowerCamelCase or UpperCamelCase instead.
/home/benjamin/Projects/BimodalLogic/Theories/Bimodal/Metalogic/WeakCanonical/Kamp/VecEADecomp.lean:46:1: error: @Bimodal.Metalogic.WeakCanonical.Kamp.nf_t_proj3 The definition `Bimodal.Metalogic.WeakCanonical.Kamp.nf_t_proj3` contains an underscore. This almost surely violates mathlib's naming convention; use lowerCamelCase or UpperCamelCase instead.
/home/benjamin/Projects/BimodalLogic/Theories/Bimodal/Metalogic/WeakCanonical/Kamp/VecEADecomp.lean:105:1: error: @Bimodal.Metalogic.WeakCanonical.Kamp.nf_3var_bracket_tyx The definition `Bimodal.Metalogic.WeakCanonical.Kamp.nf_3var_bracket_tyx` contains an underscore. This almost surely violates mathlib's naming convention; use lowerCamelCase or UpperCamelCase instead.
/home/benjamin/Projects/BimodalLogic/Theories/Bimodal/Metalogic/WeakCanonical/Kamp/VecEADecomp.lean:232:1: error: @Bimodal.Metalogic.WeakCanonical.Kamp.nf_3var_bracket_xyt The definition `Bimodal.Metalogic.WeakCanonical.Kamp.nf_3var_bracket_xyt` contains an underscore. This almost surely violates mathlib's naming convention; use lowerCamelCase or UpperCamelCase instead.
/home/benjamin/Projects/BimodalLogic/Theories/Bimodal/Metalogic/WeakCanonical/Kamp/VecEADecomp.lean:516:1: error: @Bimodal.Metalogic.WeakCanonical.Kamp.nf_3var_zone_ytx The definition `Bimodal.Metalogic.WeakCanonical.Kamp.nf_3var_zone_ytx` contains an underscore. This almost surely violates mathlib's naming convention; use lowerCamelCase or UpperCamelCase instead.
/home/benjamin/Projects/BimodalLogic/Theories/Bimodal/Metalogic/WeakCanonical/Kamp/VecEADecomp.lean:581:1: error: @Bimodal.Metalogic.WeakCanonical.Kamp.nf_3var_zone_txy The definition `Bimodal.Metalogic.WeakCanonical.Kamp.nf_3var_zone_txy` contains an underscore. This almost surely violates mathlib's naming convention; use lowerCamelCase or UpperCamelCase instead.
/home/benjamin/Projects/BimodalLogic/Theories/Bimodal/Metalogic/WeakCanonical/Kamp/VecEADecomp.lean:645:1: error: @Bimodal.Metalogic.WeakCanonical.Kamp.nf_3var_zone_yxt The definition `Bimodal.Metalogic.WeakCanonical.Kamp.nf_3var_zone_yxt` contains an underscore. This almost surely violates mathlib's naming convention; use lowerCamelCase or UpperCamelCase instead.
/home/benjamin/Projects/BimodalLogic/Theories/Bimodal/Metalogic/WeakCanonical/Kamp/VecEADecomp.lean:706:1: error: @Bimodal.Metalogic.WeakCanonical.Kamp.nf_3var_zone_xty The definition `Bimodal.Metalogic.WeakCanonical.Kamp.nf_3var_zone_xty` contains an underscore. This almost surely violates mathlib's naming convention; use lowerCamelCase or UpperCamelCase instead.

-- Bimodal.Metalogic.WeakCanonical.MonadicFO
/home/benjamin/Projects/BimodalLogic/Theories/Bimodal/Metalogic/WeakCanonical/MonadicFO.lean:150:1: error: @Bimodal.Metalogic.WeakCanonical.MonadicFormula.quantifier_depth The definition `Bimodal.Metalogic.WeakCanonical.MonadicFormula.quantifier_depth` contains an underscore. This almost surely violates mathlib's naming convention; use lowerCamelCase or UpperCamelCase instead.
/home/benjamin/Projects/BimodalLogic/Theories/Bimodal/Metalogic/WeakCanonical/MonadicFO.lean:179:3: error: @Bimodal.Metalogic.WeakCanonical.OrderedMonadicStructure.carrier_order The definition `Bimodal.Metalogic.WeakCanonical.OrderedMonadicStructure.carrier_order` contains an underscore. This almost surely violates mathlib's naming convention; use lowerCamelCase or UpperCamelCase instead.
/home/benjamin/Projects/BimodalLogic/Theories/Bimodal/Metalogic/WeakCanonical/MonadicFO.lean:557:1: error: @Bimodal.Metalogic.WeakCanonical.relativize_sentence The definition `Bimodal.Metalogic.WeakCanonical.relativize_sentence` contains an underscore. This almost surely violates mathlib's naming convention; use lowerCamelCase or UpperCamelCase instead.
/home/benjamin/Projects/BimodalLogic/Theories/Bimodal/Metalogic/WeakCanonical/MonadicFO.lean:565:1: error: @Bimodal.Metalogic.WeakCanonical.relativize_env The definition `Bimodal.Metalogic.WeakCanonical.relativize_env` contains an underscore. This almost surely violates mathlib's naming convention; use lowerCamelCase or UpperCamelCase instead.

-- Bimodal.Metalogic.WeakCanonical.NEquivalence
/home/benjamin/Projects/BimodalLogic/Theories/Bimodal/Metalogic/WeakCanonical/NEquivalence.lean:57:1: error: Bimodal.Metalogic.WeakCanonical.k_type_of The definition `Bimodal.Metalogic.WeakCanonical.k_type_of` contains an underscore. This almost surely violates mathlib's naming convention; use lowerCamelCase or UpperCamelCase instead.
/home/benjamin/Projects/BimodalLogic/Theories/Bimodal/Metalogic/WeakCanonical/NEquivalence.lean:69:1: error: Bimodal.Metalogic.WeakCanonical.k_equiv The definition `Bimodal.Metalogic.WeakCanonical.k_equiv` contains an underscore. This almost surely violates mathlib's naming convention; use lowerCamelCase or UpperCamelCase instead.
/home/benjamin/Projects/BimodalLogic/Theories/Bimodal/Metalogic/WeakCanonical/NEquivalence.lean:1116:3: error: @Bimodal.Metalogic.WeakCanonical.KEquivalenceFramework.equiv_at The definition `Bimodal.Metalogic.WeakCanonical.KEquivalenceFramework.equiv_at` contains an underscore. This almost surely violates mathlib's naming convention; use lowerCamelCase or UpperCamelCase instead.
/home/benjamin/Projects/BimodalLogic/Theories/Bimodal/Metalogic/WeakCanonical/NEquivalence.lean:1123:3: error: @Bimodal.Metalogic.WeakCanonical.KEquivalenceFramework.finite_types The definition `Bimodal.Metalogic.WeakCanonical.KEquivalenceFramework.finite_types` contains an underscore. This almost surely violates mathlib's naming convention; use lowerCamelCase or UpperCamelCase instead.
/home/benjamin/Projects/BimodalLogic/Theories/Bimodal/Metalogic/WeakCanonical/NEquivalence.lean:1222:1: error: @Bimodal.Metalogic.WeakCanonical.chronicleAsMonadicStructure_succ The definition `Bimodal.Metalogic.WeakCanonical.chronicleAsMonadicStructure_succ` contains an underscore. This almost surely violates mathlib's naming convention; use lowerCamelCase or UpperCamelCase instead.
/home/benjamin/Projects/BimodalLogic/Theories/Bimodal/Metalogic/WeakCanonical/NEquivalence.lean:1231:1: error: @Bimodal.Metalogic.WeakCanonical.chronicleAsMonadicStructure_pred The definition `Bimodal.Metalogic.WeakCanonical.chronicleAsMonadicStructure_pred` contains an underscore. This almost surely violates mathlib's naming convention; use lowerCamelCase or UpperCamelCase instead.

-- Bimodal.Metalogic.WeakCanonical.NormalForm
/home/benjamin/Projects/BimodalLogic/Theories/Bimodal/Metalogic/WeakCanonical/NormalForm.lean:62:1: error: Bimodal.Metalogic.WeakCanonical.atomKind_decEq The definition `Bimodal.Metalogic.WeakCanonical.atomKind_decEq` contains an underscore. This almost surely violates mathlib's naming convention; use lowerCamelCase or UpperCamelCase instead.
/home/benjamin/Projects/BimodalLogic/Theories/Bimodal/Metalogic/WeakCanonical/NormalForm.lean:89:1: error: Bimodal.Metalogic.WeakCanonical.atomKind_fintype The definition `Bimodal.Metalogic.WeakCanonical.atomKind_fintype` contains an underscore. This almost surely violates mathlib's naming convention; use lowerCamelCase or UpperCamelCase instead.
/home/benjamin/Projects/BimodalLogic/Theories/Bimodal/Metalogic/WeakCanonical/NormalForm.lean:108:1: error: @Bimodal.Metalogic.WeakCanonical.atom_eval The definition `Bimodal.Metalogic.WeakCanonical.atom_eval` contains an underscore. This almost surely violates mathlib's naming convention; use lowerCamelCase or UpperCamelCase instead.
/home/benjamin/Projects/BimodalLogic/Theories/Bimodal/Metalogic/WeakCanonical/NormalForm.lean:151:1: error: @Bimodal.Metalogic.WeakCanonical.NormalForm.atom_assgn The definition `Bimodal.Metalogic.WeakCanonical.NormalForm.atom_assgn` contains an underscore. This almost surely violates mathlib's naming convention; use lowerCamelCase or UpperCamelCase instead.
/home/benjamin/Projects/BimodalLogic/Theories/Bimodal/Metalogic/WeakCanonical/NormalForm.lean:157:1: error: @Bimodal.Metalogic.WeakCanonical.NormalForm.quant_assgn The definition `Bimodal.Metalogic.WeakCanonical.NormalForm.quant_assgn` contains an underscore. This almost surely violates mathlib's naming convention; use lowerCamelCase or UpperCamelCase instead.
/home/benjamin/Projects/BimodalLogic/Theories/Bimodal/Metalogic/WeakCanonical/NormalForm.lean:179:1: error: Bimodal.Metalogic.WeakCanonical.normalForm_fintype The definition `Bimodal.Metalogic.WeakCanonical.normalForm_fintype` contains an underscore. This almost surely violates mathlib's naming convention; use lowerCamelCase or UpperCamelCase instead.
/home/benjamin/Projects/BimodalLogic/Theories/Bimodal/Metalogic/WeakCanonical/NormalForm.lean:184:1: error: Bimodal.Metalogic.WeakCanonical.normalForm_decEq The definition `Bimodal.Metalogic.WeakCanonical.normalForm_decEq` contains an underscore. This almost surely violates mathlib's naming convention; use lowerCamelCase or UpperCamelCase instead.
/home/benjamin/Projects/BimodalLogic/Theories/Bimodal/Metalogic/WeakCanonical/NormalForm.lean:191:1: error: @Bimodal.Metalogic.WeakCanonical.nf_eval_nf The definition `Bimodal.Metalogic.WeakCanonical.nf_eval_nf` contains an underscore. This almost surely violates mathlib's naming convention; use lowerCamelCase or UpperCamelCase instead.
/home/benjamin/Projects/BimodalLogic/Theories/Bimodal/Metalogic/WeakCanonical/NormalForm.lean:215:1: error: @Bimodal.Metalogic.WeakCanonical.nf_characteristic The definition `Bimodal.Metalogic.WeakCanonical.nf_characteristic` contains an underscore. This almost surely violates mathlib's naming convention; use lowerCamelCase or UpperCamelCase instead.
/home/benjamin/Projects/BimodalLogic/Theories/Bimodal/Metalogic/WeakCanonical/NormalForm.lean:622:1: error: Bimodal.Metalogic.WeakCanonical.normalForm_equiv_fin The definition `Bimodal.Metalogic.WeakCanonical.normalForm_equiv_fin` contains an underscore. This almost surely violates mathlib's naming convention; use lowerCamelCase or UpperCamelCase instead.
/home/benjamin/Projects/BimodalLogic/Theories/Bimodal/Metalogic/WeakCanonical/NormalForm.lean:640:1: error: @Bimodal.Metalogic.WeakCanonical.atom_to_formula The definition `Bimodal.Metalogic.WeakCanonical.atom_to_formula` contains an underscore. This almost surely violates mathlib's naming convention; use lowerCamelCase or UpperCamelCase instead.
/home/benjamin/Projects/BimodalLogic/Theories/Bimodal/Metalogic/WeakCanonical/NormalForm.lean:698:1: error: @Bimodal.Metalogic.WeakCanonical.atom_cond_formula The definition `Bimodal.Metalogic.WeakCanonical.atom_cond_formula` contains an underscore. This almost surely violates mathlib's naming convention; use lowerCamelCase or UpperCamelCase instead.
/home/benjamin/Projects/BimodalLogic/Theories/Bimodal/Metalogic/WeakCanonical/NormalForm.lean:712:1: error: @Bimodal.Metalogic.WeakCanonical.quant_cond_formula The definition `Bimodal.Metalogic.WeakCanonical.quant_cond_formula` contains an underscore. This almost surely violates mathlib's naming convention; use lowerCamelCase or UpperCamelCase instead.
/home/benjamin/Projects/BimodalLogic/Theories/Bimodal/Metalogic/WeakCanonical/NormalForm.lean:720:1: error: @Bimodal.Metalogic.WeakCanonical.nf_to_formula The definition `Bimodal.Metalogic.WeakCanonical.nf_to_formula` contains an underscore. This almost surely violates mathlib's naming convention; use lowerCamelCase or UpperCamelCase instead.
/home/benjamin/Projects/BimodalLogic/Theories/Bimodal/Metalogic/WeakCanonical/NormalForm.lean:848:1: error: @Bimodal.Metalogic.WeakCanonical.nf_to_sentence The definition `Bimodal.Metalogic.WeakCanonical.nf_to_sentence` contains an underscore. This almost surely violates mathlib's naming convention; use lowerCamelCase or UpperCamelCase instead.

-- Bimodal.Metalogic.WeakCanonical.PriorDefs
/home/benjamin/Projects/BimodalLogic/Theories/Bimodal/Metalogic/WeakCanonical/PriorDefs.lean:19:1: error: @Bimodal.Metalogic.WeakCanonical.semantic_prior_UZ The definition `Bimodal.Metalogic.WeakCanonical.semantic_prior_UZ` contains an underscore. This almost surely violates mathlib's naming convention; use lowerCamelCase or UpperCamelCase instead.
/home/benjamin/Projects/BimodalLogic/Theories/Bimodal/Metalogic/WeakCanonical/PriorDefs.lean:30:1: error: @Bimodal.Metalogic.WeakCanonical.semantic_prior_SZ The definition `Bimodal.Metalogic.WeakCanonical.semantic_prior_SZ` contains an underscore. This almost surely violates mathlib's naming convention; use lowerCamelCase or UpperCamelCase instead.

-- Bimodal.Metalogic.WeakCanonical.PriorExpressiveness
/home/benjamin/Projects/BimodalLogic/Theories/Bimodal/Metalogic/WeakCanonical/PriorExpressiveness.lean:330:1: error: @Bimodal.Metalogic.WeakCanonical.US_expressively_complete_over_prior The definition `Bimodal.Metalogic.WeakCanonical.US_expressively_complete_over_prior` contains an underscore. This almost surely violates mathlib's naming convention; use lowerCamelCase or UpperCamelCase instead.

-- Bimodal.Metalogic.WeakCanonical.ReflexiveCanonical
/home/benjamin/Projects/BimodalLogic/Theories/Bimodal/Metalogic/WeakCanonical/ReflexiveCanonical.lean:55:1: error: Bimodal.Metalogic.WeakCanonical.g_content The definition `Bimodal.Metalogic.WeakCanonical.g_content` contains an underscore. This almost surely violates mathlib's naming convention; use lowerCamelCase or UpperCamelCase instead.
/home/benjamin/Projects/BimodalLogic/Theories/Bimodal/Metalogic/WeakCanonical/ReflexiveCanonical.lean:59:1: error: Bimodal.Metalogic.WeakCanonical.g_w_content The definition `Bimodal.Metalogic.WeakCanonical.g_w_content` contains an underscore. This almost surely violates mathlib's naming convention; use lowerCamelCase or UpperCamelCase instead.
/home/benjamin/Projects/BimodalLogic/Theories/Bimodal/Metalogic/WeakCanonical/ReflexiveCanonical.lean:63:1: error: Bimodal.Metalogic.WeakCanonical.h_content The definition `Bimodal.Metalogic.WeakCanonical.h_content` contains an underscore. This almost surely violates mathlib's naming convention; use lowerCamelCase or UpperCamelCase instead.
/home/benjamin/Projects/BimodalLogic/Theories/Bimodal/Metalogic/WeakCanonical/ReflexiveCanonical.lean:67:1: error: Bimodal.Metalogic.WeakCanonical.h_w_content The definition `Bimodal.Metalogic.WeakCanonical.h_w_content` contains an underscore. This almost surely violates mathlib's naming convention; use lowerCamelCase or UpperCamelCase instead.
/home/benjamin/Projects/BimodalLogic/Theories/Bimodal/Metalogic/WeakCanonical/ReflexiveCanonical.lean:77:1: error: Bimodal.Metalogic.WeakCanonical.tempR_fwd The definition `Bimodal.Metalogic.WeakCanonical.tempR_fwd` contains an underscore. This almost surely violates mathlib's naming convention; use lowerCamelCase or UpperCamelCase instead.
/home/benjamin/Projects/BimodalLogic/Theories/Bimodal/Metalogic/WeakCanonical/ReflexiveCanonical.lean:81:1: error: Bimodal.Metalogic.WeakCanonical.tempR_bwd The definition `Bimodal.Metalogic.WeakCanonical.tempR_bwd` contains an underscore. This almost surely violates mathlib's naming convention; use lowerCamelCase or UpperCamelCase instead.
/home/benjamin/Projects/BimodalLogic/Theories/Bimodal/Metalogic/WeakCanonical/ReflexiveCanonical.lean:192:1: error: @Bimodal.Metalogic.WeakCanonical.some_future_mono The definition `Bimodal.Metalogic.WeakCanonical.some_future_mono` contains an underscore. This almost surely violates mathlib's naming convention; use lowerCamelCase or UpperCamelCase instead.
/home/benjamin/Projects/BimodalLogic/Theories/Bimodal/Metalogic/WeakCanonical/ReflexiveCanonical.lean:549:1: error: @Bimodal.Metalogic.WeakCanonical.g_content_closed_derivation The definition `Bimodal.Metalogic.WeakCanonical.g_content_closed_derivation` contains an underscore. This almost surely violates mathlib's naming convention; use lowerCamelCase or UpperCamelCase instead.
/home/benjamin/Projects/BimodalLogic/Theories/Bimodal/Metalogic/WeakCanonical/ReflexiveCanonical.lean:611:1: error: @Bimodal.Metalogic.WeakCanonical.h_content_closed_derivation The definition `Bimodal.Metalogic.WeakCanonical.h_content_closed_derivation` contains an underscore. This almost surely violates mathlib's naming convention; use lowerCamelCase or UpperCamelCase instead.
/home/benjamin/Projects/BimodalLogic/Theories/Bimodal/Metalogic/WeakCanonical/ReflexiveCanonical.lean:673:1: error: Bimodal.Metalogic.WeakCanonical.next_top The definition `Bimodal.Metalogic.WeakCanonical.next_top` contains an underscore. This almost surely violates mathlib's naming convention; use lowerCamelCase or UpperCamelCase instead.

-- Bimodal.Metalogic.WeakCanonical.Separation.Defs
/home/benjamin/Projects/BimodalLogic/Theories/Bimodal/Metalogic/WeakCanonical/Separation/Defs.lean:39:1: error: Bimodal.Metalogic.WeakCanonical.Separation.int_truth The definition `Bimodal.Metalogic.WeakCanonical.Separation.int_truth` contains an underscore. This almost surely violates mathlib's naming convention; use lowerCamelCase or UpperCamelCase instead.
/home/benjamin/Projects/BimodalLogic/Theories/Bimodal/Metalogic/WeakCanonical/Separation/Defs.lean:94:1: error: Bimodal.Metalogic.WeakCanonical.Separation.formula_atoms The definition `Bimodal.Metalogic.WeakCanonical.Separation.formula_atoms` contains an underscore. This almost surely violates mathlib's naming convention; use lowerCamelCase or UpperCamelCase instead.
/home/benjamin/Projects/BimodalLogic/Theories/Bimodal/Metalogic/WeakCanonical/Separation/Defs.lean:115:1: error: Bimodal.Metalogic.WeakCanonical.Separation.int_equiv The definition `Bimodal.Metalogic.WeakCanonical.Separation.int_equiv` contains an underscore. This almost surely violates mathlib's naming convention; use lowerCamelCase or UpperCamelCase instead.
/home/benjamin/Projects/BimodalLogic/Theories/Bimodal/Metalogic/WeakCanonical/Separation/Defs.lean:134:1: error: Bimodal.Metalogic.WeakCanonical.Separation.is_pure_past The definition `Bimodal.Metalogic.WeakCanonical.Separation.is_pure_past` contains an underscore. This almost surely violates mathlib's naming convention; use lowerCamelCase or UpperCamelCase instead.
/home/benjamin/Projects/BimodalLogic/Theories/Bimodal/Metalogic/WeakCanonical/Separation/Defs.lean:140:1: error: Bimodal.Metalogic.WeakCanonical.Separation.is_pure_future The definition `Bimodal.Metalogic.WeakCanonical.Separation.is_pure_future` contains an underscore. This almost surely violates mathlib's naming convention; use lowerCamelCase or UpperCamelCase instead.
/home/benjamin/Projects/BimodalLogic/Theories/Bimodal/Metalogic/WeakCanonical/Separation/Defs.lean:146:1: error: Bimodal.Metalogic.WeakCanonical.Separation.is_pure_present The definition `Bimodal.Metalogic.WeakCanonical.Separation.is_pure_present` contains an underscore. This almost surely violates mathlib's naming convention; use lowerCamelCase or UpperCamelCase instead.
/home/benjamin/Projects/BimodalLogic/Theories/Bimodal/Metalogic/WeakCanonical/Separation/Defs.lean:154:1: error: Bimodal.Metalogic.WeakCanonical.Separation.is_U_free The definition `Bimodal.Metalogic.WeakCanonical.Separation.is_U_free` contains an underscore. This almost surely violates mathlib's naming convention; use lowerCamelCase or UpperCamelCase instead.
/home/benjamin/Projects/BimodalLogic/Theories/Bimodal/Metalogic/WeakCanonical/Separation/Defs.lean:163:1: error: Bimodal.Metalogic.WeakCanonical.Separation.is_S_free The definition `Bimodal.Metalogic.WeakCanonical.Separation.is_S_free` contains an underscore. This almost surely violates mathlib's naming convention; use lowerCamelCase or UpperCamelCase instead.
/home/benjamin/Projects/BimodalLogic/Theories/Bimodal/Metalogic/WeakCanonical/Separation/Defs.lean:194:1: error: Bimodal.Metalogic.WeakCanonical.Separation.is_syntactically_separated The definition `Bimodal.Metalogic.WeakCanonical.Separation.is_syntactically_separated` contains an underscore. This almost surely violates mathlib's naming convention; use lowerCamelCase or UpperCamelCase instead.
/home/benjamin/Projects/BimodalLogic/Theories/Bimodal/Metalogic/WeakCanonical/Separation/Defs.lean:225:1: error: Bimodal.Metalogic.WeakCanonical.Separation.is_separable The definition `Bimodal.Metalogic.WeakCanonical.Separation.is_separable` contains an underscore. This almost surely violates mathlib's naming convention; use lowerCamelCase or UpperCamelCase instead.
/home/benjamin/Projects/BimodalLogic/Theories/Bimodal/Metalogic/WeakCanonical/Separation/Defs.lean:237:1: error: Bimodal.Metalogic.WeakCanonical.Separation.is_future_only The definition `Bimodal.Metalogic.WeakCanonical.Separation.is_future_only` contains an underscore. This almost surely violates mathlib's naming convention; use lowerCamelCase or UpperCamelCase instead.
/home/benjamin/Projects/BimodalLogic/Theories/Bimodal/Metalogic/WeakCanonical/Separation/Defs.lean:258:1: error: Bimodal.Metalogic.WeakCanonical.Separation.is_past_only The definition `Bimodal.Metalogic.WeakCanonical.Separation.is_past_only` contains an underscore. This almost surely violates mathlib's naming convention; use lowerCamelCase or UpperCamelCase instead.
/home/benjamin/Projects/BimodalLogic/Theories/Bimodal/Metalogic/WeakCanonical/Separation/Defs.lean:279:1: error: Bimodal.Metalogic.WeakCanonical.Separation.is_properly_separated The definition `Bimodal.Metalogic.WeakCanonical.Separation.is_properly_separated` contains an underscore. This almost surely violates mathlib's naming convention; use lowerCamelCase or UpperCamelCase instead.
/home/benjamin/Projects/BimodalLogic/Theories/Bimodal/Metalogic/WeakCanonical/Separation/Defs.lean:305:1: error: Bimodal.Metalogic.WeakCanonical.Separation.is_properly_separable The definition `Bimodal.Metalogic.WeakCanonical.Separation.is_properly_separable` contains an underscore. This almost surely violates mathlib's naming convention; use lowerCamelCase or UpperCamelCase instead.
/home/benjamin/Projects/BimodalLogic/Theories/Bimodal/Metalogic/WeakCanonical/Separation/Defs.lean:313:1: error: Bimodal.Metalogic.WeakCanonical.Separation.junction_depth The definition `Bimodal.Metalogic.WeakCanonical.Separation.junction_depth` contains an underscore. This almost surely violates mathlib's naming convention; use lowerCamelCase or UpperCamelCase instead.
/home/benjamin/Projects/BimodalLogic/Theories/Bimodal/Metalogic/WeakCanonical/Separation/Defs.lean:324:1: error: Bimodal.Metalogic.WeakCanonical.Separation.junction_depth_U The definition `Bimodal.Metalogic.WeakCanonical.Separation.junction_depth_U` contains an underscore. This almost surely violates mathlib's naming convention; use lowerCamelCase or UpperCamelCase instead.
/home/benjamin/Projects/BimodalLogic/Theories/Bimodal/Metalogic/WeakCanonical/Separation/Defs.lean:332:1: error: Bimodal.Metalogic.WeakCanonical.Separation.junction_depth_S The definition `Bimodal.Metalogic.WeakCanonical.Separation.junction_depth_S` contains an underscore. This almost surely violates mathlib's naming convention; use lowerCamelCase or UpperCamelCase instead.
/home/benjamin/Projects/BimodalLogic/Theories/Bimodal/Metalogic/WeakCanonical/Separation/Defs.lean:353:1: error: Bimodal.Metalogic.WeakCanonical.Separation.U_depth_under_S The definition `Bimodal.Metalogic.WeakCanonical.Separation.U_depth_under_S` contains an underscore. This almost surely violates mathlib's naming convention; use lowerCamelCase or UpperCamelCase instead.
/home/benjamin/Projects/BimodalLogic/Theories/Bimodal/Metalogic/WeakCanonical/Separation/Defs.lean:363:1: error: Bimodal.Metalogic.WeakCanonical.Separation.count_U_subformulas The definition `Bimodal.Metalogic.WeakCanonical.Separation.count_U_subformulas` contains an underscore. This almost surely violates mathlib's naming convention; use lowerCamelCase or UpperCamelCase instead.
/home/benjamin/Projects/BimodalLogic/Theories/Bimodal/Metalogic/WeakCanonical/Separation/Defs.lean:373:1: error: Bimodal.Metalogic.WeakCanonical.Separation.count_U_total The definition `Bimodal.Metalogic.WeakCanonical.Separation.count_U_total` contains an underscore. This almost surely violates mathlib's naming convention; use lowerCamelCase or UpperCamelCase instead.
/home/benjamin/Projects/BimodalLogic/Theories/Bimodal/Metalogic/WeakCanonical/Separation/Defs.lean:400:1: error: Bimodal.Metalogic.WeakCanonical.Separation.S_nesting_above_U The definition `Bimodal.Metalogic.WeakCanonical.Separation.S_nesting_above_U` contains an underscore. This almost surely violates mathlib's naming convention; use lowerCamelCase or UpperCamelCase instead.
/home/benjamin/Projects/BimodalLogic/Theories/Bimodal/Metalogic/WeakCanonical/Separation/Defs.lean:415:3: error: Bimodal.Metalogic.WeakCanonical.Separation.S_nesting_above_U.S_nesting_above_U_inner The definition `Bimodal.Metalogic.WeakCanonical.Separation.S_nesting_above_U.S_nesting_above_U_inner` contains an underscore. This almost surely violates mathlib's naming convention; use lowerCamelCase or UpperCamelCase instead.
/home/benjamin/Projects/BimodalLogic/Theories/Bimodal/Metalogic/WeakCanonical/Separation/Defs.lean:427:1: error: Bimodal.Metalogic.WeakCanonical.Separation.u_appearances_top_level_only The definition `Bimodal.Metalogic.WeakCanonical.Separation.u_appearances_top_level_only` contains an underscore. This almost surely violates mathlib's naming convention; use lowerCamelCase or UpperCamelCase instead.
/home/benjamin/Projects/BimodalLogic/Theories/Bimodal/Metalogic/WeakCanonical/Separation/Defs.lean:439:1: error: Bimodal.Metalogic.WeakCanonical.Separation.u_appears_only_as_top_level The definition `Bimodal.Metalogic.WeakCanonical.Separation.u_appears_only_as_top_level` contains an underscore. This almost surely violates mathlib's naming convention; use lowerCamelCase or UpperCamelCase instead.
/home/benjamin/Projects/BimodalLogic/Theories/Bimodal/Metalogic/WeakCanonical/Separation/Defs.lean:449:1: error: Bimodal.Metalogic.WeakCanonical.Separation.no_S_nested_in_U The definition `Bimodal.Metalogic.WeakCanonical.Separation.no_S_nested_in_U` contains an underscore. This almost surely violates mathlib's naming convention; use lowerCamelCase or UpperCamelCase instead.

-- Bimodal.Metalogic.WeakCanonical.Separation.KampTranslation
/home/benjamin/Projects/BimodalLogic/Theories/Bimodal/Metalogic/WeakCanonical/Separation/KampTranslation.lean:38:1: error: Bimodal.Metalogic.WeakCanonical.Separation.formula_conjList The definition `Bimodal.Metalogic.WeakCanonical.Separation.formula_conjList` contains an underscore. This almost surely violates mathlib's naming convention; use lowerCamelCase or UpperCamelCase instead.
/home/benjamin/Projects/BimodalLogic/Theories/Bimodal/Metalogic/WeakCanonical/Separation/KampTranslation.lean:43:1: error: Bimodal.Metalogic.WeakCanonical.Separation.formula_disjList The definition `Bimodal.Metalogic.WeakCanonical.Separation.formula_disjList` contains an underscore. This almost surely violates mathlib's naming convention; use lowerCamelCase or UpperCamelCase instead.
/home/benjamin/Projects/BimodalLogic/Theories/Bimodal/Metalogic/WeakCanonical/Separation/KampTranslation.lean:92:1: error: @Bimodal.Metalogic.WeakCanonical.Separation.atom_literal The definition `Bimodal.Metalogic.WeakCanonical.Separation.atom_literal` contains an underscore. This almost surely violates mathlib's naming convention; use lowerCamelCase or UpperCamelCase instead.
/home/benjamin/Projects/BimodalLogic/Theories/Bimodal/Metalogic/WeakCanonical/Separation/KampTranslation.lean:128:1: error: @Bimodal.Metalogic.WeakCanonical.Separation.nf_depth0_char_formula The definition `Bimodal.Metalogic.WeakCanonical.Separation.nf_depth0_char_formula` contains an underscore. This almost surely violates mathlib's naming convention; use lowerCamelCase or UpperCamelCase instead.

-- Bimodal.Metalogic.WeakCanonical.Separation.SemanticBridge
/home/benjamin/Projects/BimodalLogic/Theories/Bimodal/Metalogic/WeakCanonical/Separation/SemanticBridge.lean:28:1: error: @Bimodal.Metalogic.WeakCanonical.Separation.z_structure_to_int The definition `Bimodal.Metalogic.WeakCanonical.Separation.z_structure_to_int` contains an underscore. This almost surely violates mathlib's naming convention; use lowerCamelCase or UpperCamelCase instead.
/home/benjamin/Projects/BimodalLogic/Theories/Bimodal/Metalogic/WeakCanonical/Separation/SemanticBridge.lean:35:1: error: Bimodal.Metalogic.WeakCanonical.Separation.is_box_free The definition `Bimodal.Metalogic.WeakCanonical.Separation.is_box_free` contains an underscore. This almost surely violates mathlib's naming convention; use lowerCamelCase or UpperCamelCase instead.

-- Bimodal.Metalogic.WeakCanonical.StaviConnectives
/home/benjamin/Projects/BimodalLogic/Theories/Bimodal/Metalogic/WeakCanonical/StaviConnectives.lean:54:1: error: @Bimodal.Metalogic.WeakCanonical.stavi_U_truth The definition `Bimodal.Metalogic.WeakCanonical.stavi_U_truth` contains an underscore. This almost surely violates mathlib's naming convention; use lowerCamelCase or UpperCamelCase instead.
/home/benjamin/Projects/BimodalLogic/Theories/Bimodal/Metalogic/WeakCanonical/StaviConnectives.lean:92:1: error: @Bimodal.Metalogic.WeakCanonical.stavi_S_truth The definition `Bimodal.Metalogic.WeakCanonical.stavi_S_truth` contains an underscore. This almost surely violates mathlib's naming convention; use lowerCamelCase or UpperCamelCase instead.
/home/benjamin/Projects/BimodalLogic/Theories/Bimodal/Metalogic/WeakCanonical/StaviConnectives.lean:150:1: error: @Bimodal.Metalogic.WeakCanonical.stavi_temporal_truth The definition `Bimodal.Metalogic.WeakCanonical.stavi_temporal_truth` contains an underscore. This almost surely violates mathlib's naming convention; use lowerCamelCase or UpperCamelCase instead.
/home/benjamin/Projects/BimodalLogic/Theories/Bimodal/Metalogic/WeakCanonical/StaviConnectives.lean:429:1: error: Bimodal.Metalogic.WeakCanonical.flatten_stavi The definition `Bimodal.Metalogic.WeakCanonical.flatten_stavi` contains an underscore. This almost surely violates mathlib's naming convention; use lowerCamelCase or UpperCamelCase instead.

-- Bimodal.Metalogic.WeakCanonical.Table
/home/benjamin/Projects/BimodalLogic/Theories/Bimodal/Metalogic/WeakCanonical/Table.lean:32:1: error: Bimodal.Metalogic.WeakCanonical.operator_depth The definition `Bimodal.Metalogic.WeakCanonical.operator_depth` contains an underscore. This almost surely violates mathlib's naming convention; use lowerCamelCase or UpperCamelCase instead.
/home/benjamin/Projects/BimodalLogic/Theories/Bimodal/Metalogic/WeakCanonical/Table.lean:170:1: error: @Bimodal.Metalogic.WeakCanonical.temporal_truth The definition `Bimodal.Metalogic.WeakCanonical.temporal_truth` contains an underscore. This almost surely violates mathlib's naming convention; use lowerCamelCase or UpperCamelCase instead.

-- Bimodal.Semantics.TaskFrame
/home/benjamin/Projects/BimodalLogic/Theories/Bimodal/Semantics/TaskFrame.lean:97:3: error: @Bimodal.Semantics.TaskFrame.task_rel The definition `Bimodal.Semantics.TaskFrame.task_rel` contains an underscore. This almost surely violates mathlib's naming convention; use lowerCamelCase or UpperCamelCase instead.
/home/benjamin/Projects/BimodalLogic/Theories/Bimodal/Semantics/TaskFrame.lean:161:1: error: @Bimodal.Semantics.TaskFrame.trivial_frame The definition `Bimodal.Semantics.TaskFrame.trivial_frame` contains an underscore. This almost surely violates mathlib's naming convention; use lowerCamelCase or UpperCamelCase instead.
/home/benjamin/Projects/BimodalLogic/Theories/Bimodal/Semantics/TaskFrame.lean:174:1: error: Bimodal.Semantics.TaskFrame.identity_frame The definition `Bimodal.Semantics.TaskFrame.identity_frame` contains an underscore. This almost surely violates mathlib's naming convention; use lowerCamelCase or UpperCamelCase instead.
/home/benjamin/Projects/BimodalLogic/Theories/Bimodal/Semantics/TaskFrame.lean:203:1: error: @Bimodal.Semantics.TaskFrame.nat_frame The definition `Bimodal.Semantics.TaskFrame.nat_frame` contains an underscore. This almost surely violates mathlib's naming convention; use lowerCamelCase or UpperCamelCase instead.

-- Bimodal.Semantics.TaskModel
/home/benjamin/Projects/BimodalLogic/Theories/Bimodal/Semantics/TaskModel.lean:55:1: error: @Bimodal.Semantics.TaskModel.all_false The definition `Bimodal.Semantics.TaskModel.all_false` contains an underscore. This almost surely violates mathlib's naming convention; use lowerCamelCase or UpperCamelCase instead.
/home/benjamin/Projects/BimodalLogic/Theories/Bimodal/Semantics/TaskModel.lean:61:1: error: @Bimodal.Semantics.TaskModel.all_true The definition `Bimodal.Semantics.TaskModel.all_true` contains an underscore. This almost surely violates mathlib's naming convention; use lowerCamelCase or UpperCamelCase instead.
/home/benjamin/Projects/BimodalLogic/Theories/Bimodal/Semantics/TaskModel.lean:67:1: error: @Bimodal.Semantics.TaskModel.from_list The definition `Bimodal.Semantics.TaskModel.from_list` contains an underscore. This almost surely violates mathlib's naming convention; use lowerCamelCase or UpperCamelCase instead.

-- Bimodal.Semantics.Truth
/home/benjamin/Projects/BimodalLogic/Theories/Bimodal/Semantics/Truth.lean:91:1: error: @Bimodal.Semantics.truth_at The definition `Bimodal.Semantics.truth_at` contains an underscore. This almost surely violates mathlib's naming convention; use lowerCamelCase or UpperCamelCase instead.

-- Bimodal.Semantics.Validity
/home/benjamin/Projects/BimodalLogic/Theories/Bimodal/Semantics/Validity.lean:85:1: error: Bimodal.Semantics.semantic_consequence The definition `Bimodal.Semantics.semantic_consequence` contains an underscore. This almost surely violates mathlib's naming convention; use lowerCamelCase or UpperCamelCase instead.
/home/benjamin/Projects/BimodalLogic/Theories/Bimodal/Semantics/Validity.lean:128:1: error: Bimodal.Semantics.satisfiable_abs The definition `Bimodal.Semantics.satisfiable_abs` contains an underscore. This almost surely violates mathlib's naming convention; use lowerCamelCase or UpperCamelCase instead.
/home/benjamin/Projects/BimodalLogic/Theories/Bimodal/Semantics/Validity.lean:134:1: error: Bimodal.Semantics.formula_satisfiable The definition `Bimodal.Semantics.formula_satisfiable` contains an underscore. This almost surely violates mathlib's naming convention; use lowerCamelCase or UpperCamelCase instead.
/home/benjamin/Projects/BimodalLogic/Theories/Bimodal/Semantics/Validity.lean:153:1: error: Bimodal.Semantics.valid_dense The definition `Bimodal.Semantics.valid_dense` contains an underscore. This almost surely violates mathlib's naming convention; use lowerCamelCase or UpperCamelCase instead.
/home/benjamin/Projects/BimodalLogic/Theories/Bimodal/Semantics/Validity.lean:170:1: error: Bimodal.Semantics.valid_discrete The definition `Bimodal.Semantics.valid_discrete` contains an underscore. This almost surely violates mathlib's naming convention; use lowerCamelCase or UpperCamelCase instead.

-- Bimodal.Semantics.WorldHistory
/home/benjamin/Projects/BimodalLogic/Theories/Bimodal/Semantics/WorldHistory.lean:163:1: error: @Bimodal.Semantics.WorldHistory.universal_trivialFrame The definition `Bimodal.Semantics.WorldHistory.universal_trivialFrame` contains an underscore. This almost surely violates mathlib's naming convention; use lowerCamelCase or UpperCamelCase instead.
/home/benjamin/Projects/BimodalLogic/Theories/Bimodal/Semantics/WorldHistory.lean:184:1: error: @Bimodal.Semantics.WorldHistory.universal_natFrame The definition `Bimodal.Semantics.WorldHistory.universal_natFrame` contains an underscore. This almost surely violates mathlib's naming convention; use lowerCamelCase or UpperCamelCase instead.
/home/benjamin/Projects/BimodalLogic/Theories/Bimodal/Semantics/WorldHistory.lean:207:1: error: @Bimodal.Semantics.WorldHistory.state_at The definition `Bimodal.Semantics.WorldHistory.state_at` contains an underscore. This almost surely violates mathlib's naming convention; use lowerCamelCase or UpperCamelCase instead.
/home/benjamin/Projects/BimodalLogic/Theories/Bimodal/Semantics/WorldHistory.lean:222:1: error: @Bimodal.Semantics.WorldHistory.time_shift The definition `Bimodal.Semantics.WorldHistory.time_shift` contains an underscore. This almost surely violates mathlib's naming convention; use lowerCamelCase or UpperCamelCase instead.

-- Bimodal.Syntax.Atom
/home/benjamin/Projects/BimodalLogic/Theories/Bimodal/Syntax/Atom.lean:73:3: error: Bimodal.Syntax.Atom.fresh_index The definition `Bimodal.Syntax.Atom.fresh_index` contains an underscore. This almost surely violates mathlib's naming convention; use lowerCamelCase or UpperCamelCase instead.
/home/benjamin/Projects/BimodalLogic/Theories/Bimodal/Syntax/Atom.lean:110:1: error: Bimodal.Syntax.Atom.mk_base The definition `Bimodal.Syntax.Atom.mk_base` contains an underscore. This almost surely violates mathlib's naming convention; use lowerCamelCase or UpperCamelCase instead.
/home/benjamin/Projects/BimodalLogic/Theories/Bimodal/Syntax/Atom.lean:113:1: error: Bimodal.Syntax.Atom.mk_fresh The definition `Bimodal.Syntax.Atom.mk_fresh` contains an underscore. This almost surely violates mathlib's naming convention; use lowerCamelCase or UpperCamelCase instead.
/home/benjamin/Projects/BimodalLogic/Theories/Bimodal/Syntax/Atom.lean:116:1: error: Bimodal.Syntax.Atom.fresh_base The definition `Bimodal.Syntax.Atom.fresh_base` contains an underscore. This almost surely violates mathlib's naming convention; use lowerCamelCase or UpperCamelCase instead.
/home/benjamin/Projects/BimodalLogic/Theories/Bimodal/Syntax/Atom.lean:199:1: error: Bimodal.Syntax.Atom.fresh_for The definition `Bimodal.Syntax.Atom.fresh_for` contains an underscore. This almost surely violates mathlib's naming convention; use lowerCamelCase or UpperCamelCase instead.

-- Bimodal.Syntax.BigConj
/home/benjamin/Projects/BimodalLogic/Theories/Bimodal/Syntax/BigConj.lean:36:1: error: Bimodal.Syntax.neg_bigconj The definition `Bimodal.Syntax.neg_bigconj` contains an underscore. This almost surely violates mathlib's naming convention; use lowerCamelCase or UpperCamelCase instead.

-- Bimodal.Syntax.Formula
/home/benjamin/Projects/BimodalLogic/Theories/Bimodal/Syntax/Formula.lean:107:1: error: Bimodal.Syntax.Formula.atom_s The definition `Bimodal.Syntax.Formula.atom_s` contains an underscore. This almost surely violates mathlib's naming convention; use lowerCamelCase or UpperCamelCase instead.
/home/benjamin/Projects/BimodalLogic/Theories/Bimodal/Syntax/Formula.lean:117:1: error: Bimodal.Syntax.Formula.some_future The definition `Bimodal.Syntax.Formula.some_future` contains an underscore. This almost surely violates mathlib's naming convention; use lowerCamelCase or UpperCamelCase instead.
/home/benjamin/Projects/BimodalLogic/Theories/Bimodal/Syntax/Formula.lean:127:1: error: Bimodal.Syntax.Formula.some_past The definition `Bimodal.Syntax.Formula.some_past` contains an underscore. This almost surely violates mathlib's naming convention; use lowerCamelCase or UpperCamelCase instead.
/home/benjamin/Projects/BimodalLogic/Theories/Bimodal/Syntax/Formula.lean:137:1: error: Bimodal.Syntax.Formula.all_future The definition `Bimodal.Syntax.Formula.all_future` contains an underscore. This almost surely violates mathlib's naming convention; use lowerCamelCase or UpperCamelCase instead.
/home/benjamin/Projects/BimodalLogic/Theories/Bimodal/Syntax/Formula.lean:147:1: error: Bimodal.Syntax.Formula.all_past The definition `Bimodal.Syntax.Formula.all_past` contains an underscore. This almost surely violates mathlib's naming convention; use lowerCamelCase or UpperCamelCase instead.
/home/benjamin/Projects/BimodalLogic/Theories/Bimodal/Syntax/Formula.lean:421:1: error: Bimodal.Syntax.Formula.weak_future The definition `Bimodal.Syntax.Formula.weak_future` contains an underscore. This almost surely violates mathlib's naming convention; use lowerCamelCase or UpperCamelCase instead.
/home/benjamin/Projects/BimodalLogic/Theories/Bimodal/Syntax/Formula.lean:430:1: error: Bimodal.Syntax.Formula.weak_past The definition `Bimodal.Syntax.Formula.weak_past` contains an underscore. This almost surely violates mathlib's naming convention; use lowerCamelCase or UpperCamelCase instead.
/home/benjamin/Projects/BimodalLogic/Theories/Bimodal/Syntax/Formula.lean:450:1: error: Bimodal.Syntax.Formula.weak_until The definition `Bimodal.Syntax.Formula.weak_until` contains an underscore. This almost surely violates mathlib's naming convention; use lowerCamelCase or UpperCamelCase instead.
/home/benjamin/Projects/BimodalLogic/Theories/Bimodal/Syntax/Formula.lean:467:1: error: Bimodal.Syntax.Formula.weak_since The definition `Bimodal.Syntax.Formula.weak_since` contains an underscore. This almost surely violates mathlib's naming convention; use lowerCamelCase or UpperCamelCase instead.
/home/benjamin/Projects/BimodalLogic/Theories/Bimodal/Syntax/Formula.lean:476:1: error: Bimodal.Syntax.Formula.strong_release The definition `Bimodal.Syntax.Formula.strong_release` contains an underscore. This almost surely violates mathlib's naming convention; use lowerCamelCase or UpperCamelCase instead.
/home/benjamin/Projects/BimodalLogic/Theories/Bimodal/Syntax/Formula.lean:479:1: error: Bimodal.Syntax.Formula.strong_trigger The definition `Bimodal.Syntax.Formula.strong_trigger` contains an underscore. This almost surely violates mathlib's naming convention; use lowerCamelCase or UpperCamelCase instead.
/home/benjamin/Projects/BimodalLogic/Theories/Bimodal/Syntax/Formula.lean:560:1: error: Bimodal.Syntax.Formula.swap_temporal The definition `Bimodal.Syntax.Formula.swap_temporal` contains an underscore. This almost surely violates mathlib's naming convention; use lowerCamelCase or UpperCamelCase instead.

-- Bimodal.Syntax.SubformulaClosure.NestingDepth
/home/benjamin/Projects/BimodalLogic/Theories/Bimodal/Syntax/SubformulaClosure/NestingDepth.lean:20:1: error: Bimodal.Syntax.f_nesting_depth The definition `Bimodal.Syntax.f_nesting_depth` contains an underscore. This almost surely violates mathlib's naming convention; use lowerCamelCase or UpperCamelCase instead.
/home/benjamin/Projects/BimodalLogic/Theories/Bimodal/Syntax/SubformulaClosure/NestingDepth.lean:79:1: error: Bimodal.Syntax.max_F_depth_in_closure The definition `Bimodal.Syntax.max_F_depth_in_closure` contains an underscore. This almost surely violates mathlib's naming convention; use lowerCamelCase or UpperCamelCase instead.
/home/benjamin/Projects/BimodalLogic/Theories/Bimodal/Syntax/SubformulaClosure/NestingDepth.lean:103:1: error: Bimodal.Syntax.p_nesting_depth The definition `Bimodal.Syntax.p_nesting_depth` contains an underscore. This almost surely violates mathlib's naming convention; use lowerCamelCase or UpperCamelCase instead.
/home/benjamin/Projects/BimodalLogic/Theories/Bimodal/Syntax/SubformulaClosure/NestingDepth.lean:162:1: error: Bimodal.Syntax.max_P_depth_in_closure The definition `Bimodal.Syntax.max_P_depth_in_closure` contains an underscore. This almost surely violates mathlib's naming convention; use lowerCamelCase or UpperCamelCase instead.

-- Bimodal.Syntax.SubformulaClosure.TemporalFormulas
/home/benjamin/Projects/BimodalLogic/Theories/Bimodal/Syntax/SubformulaClosure/TemporalFormulas.lean:138:1: error: Bimodal.Syntax.F_top The definition `Bimodal.Syntax.F_top` contains an underscore. This almost surely violates mathlib's naming convention; use lowerCamelCase or UpperCamelCase instead.
/home/benjamin/Projects/BimodalLogic/Theories/Bimodal/Syntax/SubformulaClosure/TemporalFormulas.lean:141:1: error: Bimodal.Syntax.P_top The definition `Bimodal.Syntax.P_top` contains an underscore. This almost surely violates mathlib's naming convention; use lowerCamelCase or UpperCamelCase instead.
/home/benjamin/Projects/BimodalLogic/Theories/Bimodal/Syntax/SubformulaClosure/TemporalFormulas.lean:144:1: error: Bimodal.Syntax.neg_neg_bot The definition `Bimodal.Syntax.neg_neg_bot` contains an underscore. This almost surely violates mathlib's naming convention; use lowerCamelCase or UpperCamelCase instead.
/home/benjamin/Projects/BimodalLogic/Theories/Bimodal/Syntax/SubformulaClosure/TemporalFormulas.lean:147:1: error: Bimodal.Syntax.G_neg_neg_bot The definition `Bimodal.Syntax.G_neg_neg_bot` contains an underscore. This almost surely violates mathlib's naming convention; use lowerCamelCase or UpperCamelCase instead.
/home/benjamin/Projects/BimodalLogic/Theories/Bimodal/Syntax/SubformulaClosure/TemporalFormulas.lean:150:1: error: Bimodal.Syntax.H_neg_neg_bot The definition `Bimodal.Syntax.H_neg_neg_bot` contains an underscore. This almost surely violates mathlib's naming convention; use lowerCamelCase or UpperCamelCase instead.
/home/benjamin/Projects/BimodalLogic/Theories/Bimodal/Syntax/SubformulaClosure/TemporalFormulas.lean:153:1: error: Bimodal.Syntax.neg_G_neg_neg_bot The definition `Bimodal.Syntax.neg_G_neg_neg_bot` contains an underscore. This almost surely violates mathlib's naming convention; use lowerCamelCase or UpperCamelCase instead.
/home/benjamin/Projects/BimodalLogic/Theories/Bimodal/Syntax/SubformulaClosure/TemporalFormulas.lean:156:1: error: Bimodal.Syntax.neg_H_neg_neg_bot The definition `Bimodal.Syntax.neg_H_neg_neg_bot` contains an underscore. This almost surely violates mathlib's naming convention; use lowerCamelCase or UpperCamelCase instead.
/home/benjamin/Projects/BimodalLogic/Theories/Bimodal/Syntax/SubformulaClosure/TemporalFormulas.lean:159:1: error: Bimodal.Syntax.F_top_deferral The definition `Bimodal.Syntax.F_top_deferral` contains an underscore. This almost surely violates mathlib's naming convention; use lowerCamelCase or UpperCamelCase instead.
/home/benjamin/Projects/BimodalLogic/Theories/Bimodal/Syntax/SubformulaClosure/TemporalFormulas.lean:162:1: error: Bimodal.Syntax.P_top_deferral The definition `Bimodal.Syntax.P_top_deferral` contains an underscore. This almost surely violates mathlib's naming convention; use lowerCamelCase or UpperCamelCase instead.

-- Bimodal.Theorems.Combinators
/home/benjamin/Projects/BimodalLogic/Theories/Bimodal/Theorems/Combinators.lean:74:1: error: @Bimodal.Theorems.Combinators.imp_trans The definition `Bimodal.Theorems.Combinators.imp_trans` contains an underscore. This almost surely violates mathlib's naming convention; use lowerCamelCase or UpperCamelCase instead.
/home/benjamin/Projects/BimodalLogic/Theories/Bimodal/Theorems/Combinators.lean:126:1: error: @Bimodal.Theorems.Combinators.b_combinator The definition `Bimodal.Theorems.Combinators.b_combinator` contains an underscore. This almost surely violates mathlib's naming convention; use lowerCamelCase or UpperCamelCase instead.
/home/benjamin/Projects/BimodalLogic/Theories/Bimodal/Theorems/Combinators.lean:150:1: error: @Bimodal.Theorems.Combinators.theorem_flip The definition `Bimodal.Theorems.Combinators.theorem_flip` contains an underscore. This almost surely violates mathlib's naming convention; use lowerCamelCase or UpperCamelCase instead.
/home/benjamin/Projects/BimodalLogic/Theories/Bimodal/Theorems/Combinators.lean:283:1: error: @Bimodal.Theorems.Combinators.theorem_app1 The definition `Bimodal.Theorems.Combinators.theorem_app1` contains an underscore. This almost surely violates mathlib's naming convention; use lowerCamelCase or UpperCamelCase instead.
/home/benjamin/Projects/BimodalLogic/Theories/Bimodal/Theorems/Combinators.lean:312:1: error: @Bimodal.Theorems.Combinators.theorem_app2 The definition `Bimodal.Theorems.Combinators.theorem_app2` contains an underscore. This almost surely violates mathlib's naming convention; use lowerCamelCase or UpperCamelCase instead.
/home/benjamin/Projects/BimodalLogic/Theories/Bimodal/Theorems/Combinators.lean:619:1: error: @Bimodal.Theorems.Combinators.combine_imp_conj The definition `Bimodal.Theorems.Combinators.combine_imp_conj` contains an underscore. This almost surely violates mathlib's naming convention; use lowerCamelCase or UpperCamelCase instead.
/home/benjamin/Projects/BimodalLogic/Theories/Bimodal/Theorems/Combinators.lean:640:1: error: @Bimodal.Theorems.Combinators.combine_imp_conj_3 The definition `Bimodal.Theorems.Combinators.combine_imp_conj_3` contains an underscore. This almost surely violates mathlib's naming convention; use lowerCamelCase or UpperCamelCase instead.
/home/benjamin/Projects/BimodalLogic/Theories/Bimodal/Theorems/Combinators.lean:668:1: error: @Bimodal.Theorems.Combinators.temp_future_derived The definition `Bimodal.Theorems.Combinators.temp_future_derived` contains an underscore. This almost surely violates mathlib's naming convention; use lowerCamelCase or UpperCamelCase instead.

-- Bimodal.Theorems.GeneralizedNecessitation
/home/benjamin/Projects/BimodalLogic/Theories/Bimodal/Theorems/GeneralizedNecessitation.lean:66:1: error: @Bimodal.Theorems.reverse_deduction The definition `Bimodal.Theorems.reverse_deduction` contains an underscore. This almost surely violates mathlib's naming convention; use lowerCamelCase or UpperCamelCase instead.
/home/benjamin/Projects/BimodalLogic/Theories/Bimodal/Theorems/GeneralizedNecessitation.lean:78:1: error: @Bimodal.Theorems.past_necessitation The definition `Bimodal.Theorems.past_necessitation` contains an underscore. This almost surely violates mathlib's naming convention; use lowerCamelCase or UpperCamelCase instead.
/home/benjamin/Projects/BimodalLogic/Theories/Bimodal/Theorems/GeneralizedNecessitation.lean:100:1: error: @Bimodal.Theorems.past_k_dist The definition `Bimodal.Theorems.past_k_dist` contains an underscore. This almost surely violates mathlib's naming convention; use lowerCamelCase or UpperCamelCase instead.
/home/benjamin/Projects/BimodalLogic/Theories/Bimodal/Theorems/GeneralizedNecessitation.lean:124:1: error: @Bimodal.Theorems.generalized_modal_k The definition `Bimodal.Theorems.generalized_modal_k` contains an underscore. This almost surely violates mathlib's naming convention; use lowerCamelCase or UpperCamelCase instead.
/home/benjamin/Projects/BimodalLogic/Theories/Bimodal/Theorems/GeneralizedNecessitation.lean:166:1: error: @Bimodal.Theorems.generalized_temporal_k The definition `Bimodal.Theorems.generalized_temporal_k` contains an underscore. This almost surely violates mathlib's naming convention; use lowerCamelCase or UpperCamelCase instead.
/home/benjamin/Projects/BimodalLogic/Theories/Bimodal/Theorems/GeneralizedNecessitation.lean:203:1: error: @Bimodal.Theorems.generalized_past_k The definition `Bimodal.Theorems.generalized_past_k` contains an underscore. This almost surely violates mathlib's naming convention; use lowerCamelCase or UpperCamelCase instead.

-- Bimodal.Theorems.ModalS4
/home/benjamin/Projects/BimodalLogic/Theories/Bimodal/Theorems/ModalS4.lean:53:1: error: Bimodal.Theorems.ModalS4.s4_diamond_box_conj The definition `Bimodal.Theorems.ModalS4.s4_diamond_box_conj` contains an underscore. This almost surely violates mathlib's naming convention; use lowerCamelCase or UpperCamelCase instead.
/home/benjamin/Projects/BimodalLogic/Theories/Bimodal/Theorems/ModalS4.lean:143:1: error: Bimodal.Theorems.ModalS4.s4_box_diamond_box The definition `Bimodal.Theorems.ModalS4.s4_box_diamond_box` contains an underscore. This almost surely violates mathlib's naming convention; use lowerCamelCase or UpperCamelCase instead.
/home/benjamin/Projects/BimodalLogic/Theories/Bimodal/Theorems/ModalS4.lean:166:1: error: Bimodal.Theorems.ModalS4.s4_diamond_box_diamond The definition `Bimodal.Theorems.ModalS4.s4_diamond_box_diamond` contains an underscore. This almost surely violates mathlib's naming convention; use lowerCamelCase or UpperCamelCase instead.
/home/benjamin/Projects/BimodalLogic/Theories/Bimodal/Theorems/ModalS4.lean:299:1: error: Bimodal.Theorems.ModalS4.s5_diamond_conj_diamond The definition `Bimodal.Theorems.ModalS4.s5_diamond_conj_diamond` contains an underscore. This almost surely violates mathlib's naming convention; use lowerCamelCase or UpperCamelCase instead.

-- Bimodal.Theorems.ModalS5
/home/benjamin/Projects/BimodalLogic/Theories/Bimodal/Theorems/ModalS5.lean:49:1: error: Bimodal.Theorems.ModalS5.classical_merge The definition `Bimodal.Theorems.ModalS5.classical_merge` contains an underscore. This almost surely violates mathlib's naming convention; use lowerCamelCase or UpperCamelCase instead.
/home/benjamin/Projects/BimodalLogic/Theories/Bimodal/Theorems/ModalS5.lean:94:1: error: Bimodal.Theorems.ModalS5.t_box_to_diamond The definition `Bimodal.Theorems.ModalS5.t_box_to_diamond` contains an underscore. This almost surely violates mathlib's naming convention; use lowerCamelCase or UpperCamelCase instead.
/home/benjamin/Projects/BimodalLogic/Theories/Bimodal/Theorems/ModalS5.lean:175:1: error: Bimodal.Theorems.ModalS5.box_disj_intro The definition `Bimodal.Theorems.ModalS5.box_disj_intro` contains an underscore. This almost surely violates mathlib's naming convention; use lowerCamelCase or UpperCamelCase instead.
/home/benjamin/Projects/BimodalLogic/Theories/Bimodal/Theorems/ModalS5.lean:242:1: error: Bimodal.Theorems.ModalS5.box_contrapose The definition `Bimodal.Theorems.ModalS5.box_contrapose` contains an underscore. This almost surely violates mathlib's naming convention; use lowerCamelCase or UpperCamelCase instead.
/home/benjamin/Projects/BimodalLogic/Theories/Bimodal/Theorems/ModalS5.lean:286:1: error: Bimodal.Theorems.ModalS5.k_dist_diamond The definition `Bimodal.Theorems.ModalS5.k_dist_diamond` contains an underscore. This almost surely violates mathlib's naming convention; use lowerCamelCase or UpperCamelCase instead.
/home/benjamin/Projects/BimodalLogic/Theories/Bimodal/Theorems/ModalS5.lean:354:1: error: Bimodal.Theorems.ModalS5.box_iff_intro The definition `Bimodal.Theorems.ModalS5.box_iff_intro` contains an underscore. This almost surely violates mathlib's naming convention; use lowerCamelCase or UpperCamelCase instead.
/home/benjamin/Projects/BimodalLogic/Theories/Bimodal/Theorems/ModalS5.lean:392:1: error: Bimodal.Theorems.ModalS5.t_box_consistency The definition `Bimodal.Theorems.ModalS5.t_box_consistency` contains an underscore. This almost surely violates mathlib's naming convention; use lowerCamelCase or UpperCamelCase instead.
/home/benjamin/Projects/BimodalLogic/Theories/Bimodal/Theorems/ModalS5.lean:496:1: error: Bimodal.Theorems.ModalS5.box_conj_iff The definition `Bimodal.Theorems.ModalS5.box_conj_iff` contains an underscore. This almost surely violates mathlib's naming convention; use lowerCamelCase or UpperCamelCase instead.
/home/benjamin/Projects/BimodalLogic/Theories/Bimodal/Theorems/ModalS5.lean:598:1: error: Bimodal.Theorems.ModalS5.diamond_disj_iff The definition `Bimodal.Theorems.ModalS5.diamond_disj_iff` contains an underscore. This almost surely violates mathlib's naming convention; use lowerCamelCase or UpperCamelCase instead.
/home/benjamin/Projects/BimodalLogic/Theories/Bimodal/Theorems/ModalS5.lean:784:1: error: Bimodal.Theorems.ModalS5.s5_diamond_box The definition `Bimodal.Theorems.ModalS5.s5_diamond_box` contains an underscore. This almost surely violates mathlib's naming convention; use lowerCamelCase or UpperCamelCase instead.
/home/benjamin/Projects/BimodalLogic/Theories/Bimodal/Theorems/ModalS5.lean:845:1: error: Bimodal.Theorems.ModalS5.s5_diamond_box_to_truth The definition `Bimodal.Theorems.ModalS5.s5_diamond_box_to_truth` contains an underscore. This almost surely violates mathlib's naming convention; use lowerCamelCase or UpperCamelCase instead.

-- Bimodal.Theorems.Perpetuity.Bridge
/home/benjamin/Projects/BimodalLogic/Theories/Bimodal/Theorems/Perpetuity/Bridge.lean:71:1: error: Bimodal.Theorems.Perpetuity.modal_duality_neg The definition `Bimodal.Theorems.Perpetuity.modal_duality_neg` contains an underscore. This almost surely violates mathlib's naming convention; use lowerCamelCase or UpperCamelCase instead.
/home/benjamin/Projects/BimodalLogic/Theories/Bimodal/Theorems/Perpetuity/Bridge.lean:105:1: error: Bimodal.Theorems.Perpetuity.modal_duality_neg_rev The definition `Bimodal.Theorems.Perpetuity.modal_duality_neg_rev` contains an underscore. This almost surely violates mathlib's naming convention; use lowerCamelCase or UpperCamelCase instead.
/home/benjamin/Projects/BimodalLogic/Theories/Bimodal/Theorems/Perpetuity/Bridge.lean:146:1: error: @Bimodal.Theorems.Perpetuity.box_mono The definition `Bimodal.Theorems.Perpetuity.box_mono` contains an underscore. This almost surely violates mathlib's naming convention; use lowerCamelCase or UpperCamelCase instead.
/home/benjamin/Projects/BimodalLogic/Theories/Bimodal/Theorems/Perpetuity/Bridge.lean:156:1: error: @Bimodal.Theorems.Perpetuity.diamond_mono The definition `Bimodal.Theorems.Perpetuity.diamond_mono` contains an underscore. This almost surely violates mathlib's naming convention; use lowerCamelCase or UpperCamelCase instead.
/home/benjamin/Projects/BimodalLogic/Theories/Bimodal/Theorems/Perpetuity/Bridge.lean:166:1: error: @Bimodal.Theorems.Perpetuity.future_mono The definition `Bimodal.Theorems.Perpetuity.future_mono` contains an underscore. This almost surely violates mathlib's naming convention; use lowerCamelCase or UpperCamelCase instead.
/home/benjamin/Projects/BimodalLogic/Theories/Bimodal/Theorems/Perpetuity/Bridge.lean:176:1: error: @Bimodal.Theorems.Perpetuity.past_mono The definition `Bimodal.Theorems.Perpetuity.past_mono` contains an underscore. This almost surely violates mathlib's naming convention; use lowerCamelCase or UpperCamelCase instead.
/home/benjamin/Projects/BimodalLogic/Theories/Bimodal/Theorems/Perpetuity/Bridge.lean:203:1: error: Bimodal.Theorems.Perpetuity.local_efq The definition `Bimodal.Theorems.Perpetuity.local_efq` contains an underscore. This almost surely violates mathlib's naming convention; use lowerCamelCase or UpperCamelCase instead.
/home/benjamin/Projects/BimodalLogic/Theories/Bimodal/Theorems/Perpetuity/Bridge.lean:395:1: error: Bimodal.Theorems.Perpetuity.local_lce The definition `Bimodal.Theorems.Perpetuity.local_lce` contains an underscore. This almost surely violates mathlib's naming convention; use lowerCamelCase or UpperCamelCase instead.
/home/benjamin/Projects/BimodalLogic/Theories/Bimodal/Theorems/Perpetuity/Bridge.lean:451:1: error: Bimodal.Theorems.Perpetuity.local_rce The definition `Bimodal.Theorems.Perpetuity.local_rce` contains an underscore. This almost surely violates mathlib's naming convention; use lowerCamelCase or UpperCamelCase instead.
/home/benjamin/Projects/BimodalLogic/Theories/Bimodal/Theorems/Perpetuity/Bridge.lean:507:1: error: Bimodal.Theorems.Perpetuity.lce_imp The definition `Bimodal.Theorems.Perpetuity.lce_imp` contains an underscore. This almost surely violates mathlib's naming convention; use lowerCamelCase or UpperCamelCase instead.
/home/benjamin/Projects/BimodalLogic/Theories/Bimodal/Theorems/Perpetuity/Bridge.lean:514:1: error: Bimodal.Theorems.Perpetuity.rce_imp The definition `Bimodal.Theorems.Perpetuity.rce_imp` contains an underscore. This almost surely violates mathlib's naming convention; use lowerCamelCase or UpperCamelCase instead.
/home/benjamin/Projects/BimodalLogic/Theories/Bimodal/Theorems/Perpetuity/Bridge.lean:528:1: error: Bimodal.Theorems.Perpetuity.always_to_past The definition `Bimodal.Theorems.Perpetuity.always_to_past` contains an underscore. This almost surely violates mathlib's naming convention; use lowerCamelCase or UpperCamelCase instead.
/home/benjamin/Projects/BimodalLogic/Theories/Bimodal/Theorems/Perpetuity/Bridge.lean:538:1: error: Bimodal.Theorems.Perpetuity.always_to_present The definition `Bimodal.Theorems.Perpetuity.always_to_present` contains an underscore. This almost surely violates mathlib's naming convention; use lowerCamelCase or UpperCamelCase instead.
/home/benjamin/Projects/BimodalLogic/Theories/Bimodal/Theorems/Perpetuity/Bridge.lean:554:1: error: Bimodal.Theorems.Perpetuity.always_to_future The definition `Bimodal.Theorems.Perpetuity.always_to_future` contains an underscore. This almost surely violates mathlib's naming convention; use lowerCamelCase or UpperCamelCase instead.
/home/benjamin/Projects/BimodalLogic/Theories/Bimodal/Theorems/Perpetuity/Bridge.lean:570:1: error: Bimodal.Theorems.Perpetuity.past_present_future_to_always The definition `Bimodal.Theorems.Perpetuity.past_present_future_to_always` contains an underscore. This almost surely violates mathlib's naming convention; use lowerCamelCase or UpperCamelCase instead.
/home/benjamin/Projects/BimodalLogic/Theories/Bimodal/Theorems/Perpetuity/Bridge.lean:580:1: error: Bimodal.Theorems.Perpetuity.always_dni The definition `Bimodal.Theorems.Perpetuity.always_dni` contains an underscore. This almost surely violates mathlib's naming convention; use lowerCamelCase or UpperCamelCase instead.
/home/benjamin/Projects/BimodalLogic/Theories/Bimodal/Theorems/Perpetuity/Bridge.lean:636:1: error: Bimodal.Theorems.Perpetuity.temporal_duality_neg The definition `Bimodal.Theorems.Perpetuity.temporal_duality_neg` contains an underscore. This almost surely violates mathlib's naming convention; use lowerCamelCase or UpperCamelCase instead.
/home/benjamin/Projects/BimodalLogic/Theories/Bimodal/Theorems/Perpetuity/Bridge.lean:686:1: error: Bimodal.Theorems.Perpetuity.always_dne The definition `Bimodal.Theorems.Perpetuity.always_dne` contains an underscore. This almost surely violates mathlib's naming convention; use lowerCamelCase or UpperCamelCase instead.
/home/benjamin/Projects/BimodalLogic/Theories/Bimodal/Theorems/Perpetuity/Bridge.lean:738:1: error: Bimodal.Theorems.Perpetuity.temporal_duality_neg_rev The definition `Bimodal.Theorems.Perpetuity.temporal_duality_neg_rev` contains an underscore. This almost surely violates mathlib's naming convention; use lowerCamelCase or UpperCamelCase instead.
/home/benjamin/Projects/BimodalLogic/Theories/Bimodal/Theorems/Perpetuity/Bridge.lean:766:1: error: @Bimodal.Theorems.Perpetuity.always_mono The definition `Bimodal.Theorems.Perpetuity.always_mono` contains an underscore. This almost surely violates mathlib's naming convention; use lowerCamelCase or UpperCamelCase instead.
/home/benjamin/Projects/BimodalLogic/Theories/Bimodal/Theorems/Perpetuity/Bridge.lean:804:1: error: @Bimodal.Theorems.Perpetuity.double_contrapose The definition `Bimodal.Theorems.Perpetuity.double_contrapose` contains an underscore. This almost surely violates mathlib's naming convention; use lowerCamelCase or UpperCamelCase instead.
/home/benjamin/Projects/BimodalLogic/Theories/Bimodal/Theorems/Perpetuity/Bridge.lean:874:1: error: Bimodal.Theorems.Perpetuity.perpetuity_6 The definition `Bimodal.Theorems.Perpetuity.perpetuity_6` contains an underscore. This almost surely violates mathlib's naming convention; use lowerCamelCase or UpperCamelCase instead.

-- Bimodal.Theorems.Perpetuity.Helpers
/home/benjamin/Projects/BimodalLogic/Theories/Bimodal/Theorems/Perpetuity/Helpers.lean:47:1: error: Bimodal.Theorems.Perpetuity.box_to_future The definition `Bimodal.Theorems.Perpetuity.box_to_future` contains an underscore. This almost surely violates mathlib's naming convention; use lowerCamelCase or UpperCamelCase instead.
/home/benjamin/Projects/BimodalLogic/Theories/Bimodal/Theorems/Perpetuity/Helpers.lean:61:1: error: Bimodal.Theorems.Perpetuity.box_to_past The definition `Bimodal.Theorems.Perpetuity.box_to_past` contains an underscore. This almost surely violates mathlib's naming convention; use lowerCamelCase or UpperCamelCase instead.
/home/benjamin/Projects/BimodalLogic/Theories/Bimodal/Theorems/Perpetuity/Helpers.lean:81:1: error: Bimodal.Theorems.Perpetuity.box_to_present The definition `Bimodal.Theorems.Perpetuity.box_to_present` contains an underscore. This almost surely violates mathlib's naming convention; use lowerCamelCase or UpperCamelCase instead.
/home/benjamin/Projects/BimodalLogic/Theories/Bimodal/Theorems/Perpetuity/Helpers.lean:99:1: error: @Bimodal.Theorems.Perpetuity.axiom_in_context The definition `Bimodal.Theorems.Perpetuity.axiom_in_context` contains an underscore. This almost surely violates mathlib's naming convention; use lowerCamelCase or UpperCamelCase instead.
/home/benjamin/Projects/BimodalLogic/Theories/Bimodal/Theorems/Perpetuity/Helpers.lean:118:1: error: @Bimodal.Theorems.Perpetuity.apply_axiom_to The definition `Bimodal.Theorems.Perpetuity.apply_axiom_to` contains an underscore. This almost surely violates mathlib's naming convention; use lowerCamelCase or UpperCamelCase instead.
/home/benjamin/Projects/BimodalLogic/Theories/Bimodal/Theorems/Perpetuity/Helpers.lean:137:1: error: @Bimodal.Theorems.Perpetuity.apply_axiom_in_context The definition `Bimodal.Theorems.Perpetuity.apply_axiom_in_context` contains an underscore. This almost surely violates mathlib's naming convention; use lowerCamelCase or UpperCamelCase instead.

-- Bimodal.Theorems.Perpetuity.Principles
/home/benjamin/Projects/BimodalLogic/Theories/Bimodal/Theorems/Perpetuity/Principles.lean:224:1: error: Bimodal.Theorems.Perpetuity.diamond_4 The definition `Bimodal.Theorems.Perpetuity.diamond_4` contains an underscore. This almost surely violates mathlib's naming convention; use lowerCamelCase or UpperCamelCase instead.
/home/benjamin/Projects/BimodalLogic/Theories/Bimodal/Theorems/Perpetuity/Principles.lean:323:1: error: Bimodal.Theorems.Perpetuity.modal_5 The definition `Bimodal.Theorems.Perpetuity.modal_5` contains an underscore. This almost surely violates mathlib's naming convention; use lowerCamelCase or UpperCamelCase instead.
/home/benjamin/Projects/BimodalLogic/Theories/Bimodal/Theorems/Perpetuity/Principles.lean:390:1: error: Bimodal.Theorems.Perpetuity.box_to_box_past The definition `Bimodal.Theorems.Perpetuity.box_to_box_past` contains an underscore. This almost surely violates mathlib's naming convention; use lowerCamelCase or UpperCamelCase instead.
/home/benjamin/Projects/BimodalLogic/Theories/Bimodal/Theorems/Perpetuity/Principles.lean:405:1: error: @Bimodal.Theorems.Perpetuity.box_conj_intro The definition `Bimodal.Theorems.Perpetuity.box_conj_intro` contains an underscore. This almost surely violates mathlib's naming convention; use lowerCamelCase or UpperCamelCase instead.
/home/benjamin/Projects/BimodalLogic/Theories/Bimodal/Theorems/Perpetuity/Principles.lean:445:1: error: @Bimodal.Theorems.Perpetuity.box_conj_intro_imp The definition `Bimodal.Theorems.Perpetuity.box_conj_intro_imp` contains an underscore. This almost surely violates mathlib's naming convention; use lowerCamelCase or UpperCamelCase instead.
/home/benjamin/Projects/BimodalLogic/Theories/Bimodal/Theorems/Perpetuity/Principles.lean:481:1: error: @Bimodal.Theorems.Perpetuity.box_conj_intro_imp_3 The definition `Bimodal.Theorems.Perpetuity.box_conj_intro_imp_3` contains an underscore. This almost surely violates mathlib's naming convention; use lowerCamelCase or UpperCamelCase instead.
/home/benjamin/Projects/BimodalLogic/Theories/Bimodal/Theorems/Perpetuity/Principles.lean:491:1: error: Bimodal.Theorems.Perpetuity.perpetuity_3 The definition `Bimodal.Theorems.Perpetuity.perpetuity_3` contains an underscore. This almost surely violates mathlib's naming convention; use lowerCamelCase or UpperCamelCase instead.
/home/benjamin/Projects/BimodalLogic/Theories/Bimodal/Theorems/Perpetuity/Principles.lean:526:1: error: @Bimodal.Theorems.Perpetuity.box_dne The definition `Bimodal.Theorems.Perpetuity.box_dne` contains an underscore. This almost surely violates mathlib's naming convention; use lowerCamelCase or UpperCamelCase instead.
/home/benjamin/Projects/BimodalLogic/Theories/Bimodal/Theorems/Perpetuity/Principles.lean:556:1: error: Bimodal.Theorems.Perpetuity.perpetuity_4 The definition `Bimodal.Theorems.Perpetuity.perpetuity_4` contains an underscore. This almost surely violates mathlib's naming convention; use lowerCamelCase or UpperCamelCase instead.
/home/benjamin/Projects/BimodalLogic/Theories/Bimodal/Theorems/Perpetuity/Principles.lean:633:1: error: Bimodal.Theorems.Perpetuity.mb_diamond The definition `Bimodal.Theorems.Perpetuity.mb_diamond` contains an underscore. This almost surely violates mathlib's naming convention; use lowerCamelCase or UpperCamelCase instead.
/home/benjamin/Projects/BimodalLogic/Theories/Bimodal/Theorems/Perpetuity/Principles.lean:643:1: error: Bimodal.Theorems.Perpetuity.box_diamond_to_future_box_diamond The definition `Bimodal.Theorems.Perpetuity.box_diamond_to_future_box_diamond` contains an underscore. This almost surely violates mathlib's naming convention; use lowerCamelCase or UpperCamelCase instead.
/home/benjamin/Projects/BimodalLogic/Theories/Bimodal/Theorems/Perpetuity/Principles.lean:652:1: error: Bimodal.Theorems.Perpetuity.box_diamond_to_past_box_diamond The definition `Bimodal.Theorems.Perpetuity.box_diamond_to_past_box_diamond` contains an underscore. This almost surely violates mathlib's naming convention; use lowerCamelCase or UpperCamelCase instead.
/home/benjamin/Projects/BimodalLogic/Theories/Bimodal/Theorems/Perpetuity/Principles.lean:672:1: error: Bimodal.Theorems.Perpetuity.future_k_dist The definition `Bimodal.Theorems.Perpetuity.future_k_dist` contains an underscore. This almost surely violates mathlib's naming convention; use lowerCamelCase or UpperCamelCase instead.
/home/benjamin/Projects/BimodalLogic/Theories/Bimodal/Theorems/Perpetuity/Principles.lean:724:1: error: Bimodal.Theorems.Perpetuity.past_k_dist The definition `Bimodal.Theorems.Perpetuity.past_k_dist` contains an underscore. This almost surely violates mathlib's naming convention; use lowerCamelCase or UpperCamelCase instead.
/home/benjamin/Projects/BimodalLogic/Theories/Bimodal/Theorems/Perpetuity/Principles.lean:883:1: error: Bimodal.Theorems.Perpetuity.perpetuity_5 The definition `Bimodal.Theorems.Perpetuity.perpetuity_5` contains an underscore. This almost surely violates mathlib's naming convention; use lowerCamelCase or UpperCamelCase instead.

-- Bimodal.Theorems.Propositional.Connectives
/home/benjamin/Projects/BimodalLogic/Theories/Bimodal/Theorems/Propositional/Connectives.lean:25:1: error: Bimodal.Theorems.Propositional.classical_merge The definition `Bimodal.Theorems.Propositional.classical_merge` contains an underscore. This almost surely violates mathlib's naming convention; use lowerCamelCase or UpperCamelCase instead.
/home/benjamin/Projects/BimodalLogic/Theories/Bimodal/Theorems/Propositional/Connectives.lean:222:1: error: Bimodal.Theorems.Propositional.iff_intro The definition `Bimodal.Theorems.Propositional.iff_intro` contains an underscore. This almost surely violates mathlib's naming convention; use lowerCamelCase or UpperCamelCase instead.
/home/benjamin/Projects/BimodalLogic/Theories/Bimodal/Theorems/Propositional/Connectives.lean:243:1: error: Bimodal.Theorems.Propositional.iff_elim_left The definition `Bimodal.Theorems.Propositional.iff_elim_left` contains an underscore. This almost surely violates mathlib's naming convention; use lowerCamelCase or UpperCamelCase instead.
/home/benjamin/Projects/BimodalLogic/Theories/Bimodal/Theorems/Propositional/Connectives.lean:273:1: error: Bimodal.Theorems.Propositional.iff_elim_right The definition `Bimodal.Theorems.Propositional.iff_elim_right` contains an underscore. This almost surely violates mathlib's naming convention; use lowerCamelCase or UpperCamelCase instead.
/home/benjamin/Projects/BimodalLogic/Theories/Bimodal/Theorems/Propositional/Connectives.lean:307:1: error: Bimodal.Theorems.Propositional.contrapose_imp The definition `Bimodal.Theorems.Propositional.contrapose_imp` contains an underscore. This almost surely violates mathlib's naming convention; use lowerCamelCase or UpperCamelCase instead.
/home/benjamin/Projects/BimodalLogic/Theories/Bimodal/Theorems/Propositional/Connectives.lean:340:1: error: Bimodal.Theorems.Propositional.contrapose_iff The definition `Bimodal.Theorems.Propositional.contrapose_iff` contains an underscore. This almost surely violates mathlib's naming convention; use lowerCamelCase or UpperCamelCase instead.
/home/benjamin/Projects/BimodalLogic/Theories/Bimodal/Theorems/Propositional/Connectives.lean:380:1: error: Bimodal.Theorems.Propositional.iff_neg_intro The definition `Bimodal.Theorems.Propositional.iff_neg_intro` contains an underscore. This almost surely violates mathlib's naming convention; use lowerCamelCase or UpperCamelCase instead.
/home/benjamin/Projects/BimodalLogic/Theories/Bimodal/Theorems/Propositional/Connectives.lean:393:1: error: Bimodal.Theorems.Propositional.demorgan_conj_neg_forward The definition `Bimodal.Theorems.Propositional.demorgan_conj_neg_forward` contains an underscore. This almost surely violates mathlib's naming convention; use lowerCamelCase or UpperCamelCase instead.
/home/benjamin/Projects/BimodalLogic/Theories/Bimodal/Theorems/Propositional/Connectives.lean:459:1: error: Bimodal.Theorems.Propositional.demorgan_conj_neg_backward The definition `Bimodal.Theorems.Propositional.demorgan_conj_neg_backward` contains an underscore. This almost surely violates mathlib's naming convention; use lowerCamelCase or UpperCamelCase instead.
/home/benjamin/Projects/BimodalLogic/Theories/Bimodal/Theorems/Propositional/Connectives.lean:606:1: error: Bimodal.Theorems.Propositional.demorgan_conj_neg The definition `Bimodal.Theorems.Propositional.demorgan_conj_neg` contains an underscore. This almost surely violates mathlib's naming convention; use lowerCamelCase or UpperCamelCase instead.
/home/benjamin/Projects/BimodalLogic/Theories/Bimodal/Theorems/Propositional/Connectives.lean:620:1: error: Bimodal.Theorems.Propositional.demorgan_disj_neg_forward The definition `Bimodal.Theorems.Propositional.demorgan_disj_neg_forward` contains an underscore. This almost surely violates mathlib's naming convention; use lowerCamelCase or UpperCamelCase instead.
/home/benjamin/Projects/BimodalLogic/Theories/Bimodal/Theorems/Propositional/Connectives.lean:689:1: error: Bimodal.Theorems.Propositional.demorgan_disj_neg_backward The definition `Bimodal.Theorems.Propositional.demorgan_disj_neg_backward` contains an underscore. This almost surely violates mathlib's naming convention; use lowerCamelCase or UpperCamelCase instead.
/home/benjamin/Projects/BimodalLogic/Theories/Bimodal/Theorems/Propositional/Connectives.lean:731:1: error: Bimodal.Theorems.Propositional.demorgan_disj_neg The definition `Bimodal.Theorems.Propositional.demorgan_disj_neg` contains an underscore. This almost surely violates mathlib's naming convention; use lowerCamelCase or UpperCamelCase instead.

-- Bimodal.Theorems.Propositional.Core
/home/benjamin/Projects/BimodalLogic/Theories/Bimodal/Theorems/Propositional/Core.lean:61:1: error: @Bimodal.Theorems.Propositional.efq_axiom The definition `Bimodal.Theorems.Propositional.efq_axiom` contains an underscore. This almost surely violates mathlib's naming convention; use lowerCamelCase or UpperCamelCase instead.
/home/benjamin/Projects/BimodalLogic/Theories/Bimodal/Theorems/Propositional/Core.lean:65:1: error: @Bimodal.Theorems.Propositional.peirce_axiom The definition `Bimodal.Theorems.Propositional.peirce_axiom` contains an underscore. This almost surely violates mathlib's naming convention; use lowerCamelCase or UpperCamelCase instead.
/home/benjamin/Projects/BimodalLogic/Theories/Bimodal/Theorems/Propositional/Core.lean:94:1: error: @Bimodal.Theorems.Propositional.double_negation The definition `Bimodal.Theorems.Propositional.double_negation` contains an underscore. This almost surely violates mathlib's naming convention; use lowerCamelCase or UpperCamelCase instead.
/home/benjamin/Projects/BimodalLogic/Theories/Bimodal/Theorems/Propositional/Core.lean:300:1: error: Bimodal.Theorems.Propositional.efq_neg The definition `Bimodal.Theorems.Propositional.efq_neg` contains an underscore. This almost surely violates mathlib's naming convention; use lowerCamelCase or UpperCamelCase instead.
/home/benjamin/Projects/BimodalLogic/Theories/Bimodal/Theorems/Propositional/Core.lean:698:1: error: @Bimodal.Theorems.Propositional.lce_imp The definition `Bimodal.Theorems.Propositional.lce_imp` contains an underscore. This almost surely violates mathlib's naming convention; use lowerCamelCase or UpperCamelCase instead.
/home/benjamin/Projects/BimodalLogic/Theories/Bimodal/Theorems/Propositional/Core.lean:717:1: error: @Bimodal.Theorems.Propositional.rce_imp The definition `Bimodal.Theorems.Propositional.rce_imp` contains an underscore. This almost surely violates mathlib's naming convention; use lowerCamelCase or UpperCamelCase instead.

-- Bimodal.Theorems.Propositional.Reasoning
/home/benjamin/Projects/BimodalLogic/Theories/Bimodal/Theorems/Propositional/Reasoning.lean:80:1: error: Bimodal.Theorems.Propositional.bi_imp The definition `Bimodal.Theorems.Propositional.bi_imp` contains an underscore. This almost surely violates mathlib's naming convention; use lowerCamelCase or UpperCamelCase instead.
/home/benjamin/Projects/BimodalLogic/Theories/Bimodal/Theorems/Propositional/Reasoning.lean:210:1: error: Bimodal.Theorems.Propositional.or_elim_neg_neg The definition `Bimodal.Theorems.Propositional.or_elim_neg_neg` contains an underscore. This almost surely violates mathlib's naming convention; use lowerCamelCase or UpperCamelCase instead.

-- Bimodal.Theorems.TemporalDerived
/home/benjamin/Projects/BimodalLogic/Theories/Bimodal/Theorems/TemporalDerived.lean:176:1: error: Bimodal.Theorems.TemporalDerived.temp_k_dist_derived The definition `Bimodal.Theorems.TemporalDerived.temp_k_dist_derived` contains an underscore. This almost surely violates mathlib's naming convention; use lowerCamelCase or UpperCamelCase instead.
/home/benjamin/Projects/BimodalLogic/Theories/Bimodal/Theorems/TemporalDerived.lean:230:1: error: Bimodal.Theorems.TemporalDerived.temp_4_derived The definition `Bimodal.Theorems.TemporalDerived.temp_4_derived` contains an underscore. This almost surely violates mathlib's naming convention; use lowerCamelCase or UpperCamelCase instead.
/home/benjamin/Projects/BimodalLogic/Theories/Bimodal/Theorems/TemporalDerived.lean:252:1: error: Bimodal.Theorems.TemporalDerived.G_distribution The definition `Bimodal.Theorems.TemporalDerived.G_distribution` contains an underscore. This almost surely violates mathlib's naming convention; use lowerCamelCase or UpperCamelCase instead.
/home/benjamin/Projects/BimodalLogic/Theories/Bimodal/Theorems/TemporalDerived.lean:259:1: error: Bimodal.Theorems.TemporalDerived.H_distribution The definition `Bimodal.Theorems.TemporalDerived.H_distribution` contains an underscore. This almost surely violates mathlib's naming convention; use lowerCamelCase or UpperCamelCase instead.
/home/benjamin/Projects/BimodalLogic/Theories/Bimodal/Theorems/TemporalDerived.lean:267:1: error: Bimodal.Theorems.TemporalDerived.G_transitivity The definition `Bimodal.Theorems.TemporalDerived.G_transitivity` contains an underscore. This almost surely violates mathlib's naming convention; use lowerCamelCase or UpperCamelCase instead.
/home/benjamin/Projects/BimodalLogic/Theories/Bimodal/Theorems/TemporalDerived.lean:274:1: error: Bimodal.Theorems.TemporalDerived.H_transitivity The definition `Bimodal.Theorems.TemporalDerived.H_transitivity` contains an underscore. This almost surely violates mathlib's naming convention; use lowerCamelCase or UpperCamelCase instead.
/home/benjamin/Projects/BimodalLogic/Theories/Bimodal/Theorems/TemporalDerived.lean:291:1: error: Bimodal.Theorems.TemporalDerived.connect_future_thm The definition `Bimodal.Theorems.TemporalDerived.connect_future_thm` contains an underscore. This almost surely violates mathlib's naming convention; use lowerCamelCase or UpperCamelCase instead.
/home/benjamin/Projects/BimodalLogic/Theories/Bimodal/Theorems/TemporalDerived.lean:299:1: error: Bimodal.Theorems.TemporalDerived.connect_past_thm The definition `Bimodal.Theorems.TemporalDerived.connect_past_thm` contains an underscore. This almost surely violates mathlib's naming convention; use lowerCamelCase or UpperCamelCase instead.
/home/benjamin/Projects/BimodalLogic/Theories/Bimodal/Theorems/TemporalDerived.lean:307:1: error: Bimodal.Theorems.TemporalDerived.G_implies_G_id The definition `Bimodal.Theorems.TemporalDerived.G_implies_G_id` contains an underscore. This almost surely violates mathlib's naming convention; use lowerCamelCase or UpperCamelCase instead.
/home/benjamin/Projects/BimodalLogic/Theories/Bimodal/Theorems/TemporalDerived.lean:322:1: error: Bimodal.Theorems.TemporalDerived.until_implies_some_future The definition `Bimodal.Theorems.TemporalDerived.until_implies_some_future` contains an underscore. This almost surely violates mathlib's naming convention; use lowerCamelCase or UpperCamelCase instead.
/home/benjamin/Projects/BimodalLogic/Theories/Bimodal/Theorems/TemporalDerived.lean:330:1: error: Bimodal.Theorems.TemporalDerived.since_implies_some_past The definition `Bimodal.Theorems.TemporalDerived.since_implies_some_past` contains an underscore. This almost surely violates mathlib's naming convention; use lowerCamelCase or UpperCamelCase instead.
/home/benjamin/Projects/BimodalLogic/Theories/Bimodal/Theorems/TemporalDerived.lean:338:1: error: Bimodal.Theorems.TemporalDerived.until_imp_F The definition `Bimodal.Theorems.TemporalDerived.until_imp_F` contains an underscore. This almost surely violates mathlib's naming convention; use lowerCamelCase or UpperCamelCase instead.
/home/benjamin/Projects/BimodalLogic/Theories/Bimodal/Theorems/TemporalDerived.lean:347:1: error: Bimodal.Theorems.TemporalDerived.since_imp_P The definition `Bimodal.Theorems.TemporalDerived.since_imp_P` contains an underscore. This almost surely violates mathlib's naming convention; use lowerCamelCase or UpperCamelCase instead.
/home/benjamin/Projects/BimodalLogic/Theories/Bimodal/Theorems/TemporalDerived.lean:373:1: error: Bimodal.Theorems.TemporalDerived.formula_or_comm The definition `Bimodal.Theorems.TemporalDerived.formula_or_comm` contains an underscore. This almost surely violates mathlib's naming convention; use lowerCamelCase or UpperCamelCase instead.
/home/benjamin/Projects/BimodalLogic/Theories/Bimodal/Theorems/TemporalDerived.lean:395:1: error: Bimodal.Theorems.TemporalDerived.F_mono The definition `Bimodal.Theorems.TemporalDerived.F_mono` contains an underscore. This almost surely violates mathlib's naming convention; use lowerCamelCase or UpperCamelCase instead.
/home/benjamin/Projects/BimodalLogic/Theories/Bimodal/Theorems/TemporalDerived.lean:405:1: error: Bimodal.Theorems.TemporalDerived.P_mono The definition `Bimodal.Theorems.TemporalDerived.P_mono` contains an underscore. This almost surely violates mathlib's naming convention; use lowerCamelCase or UpperCamelCase instead.
/home/benjamin/Projects/BimodalLogic/Theories/Bimodal/Theorems/TemporalDerived.lean:415:1: error: Bimodal.Theorems.TemporalDerived.G_mono The definition `Bimodal.Theorems.TemporalDerived.G_mono` contains an underscore. This almost surely violates mathlib's naming convention; use lowerCamelCase or UpperCamelCase instead.
/home/benjamin/Projects/BimodalLogic/Theories/Bimodal/Theorems/TemporalDerived.lean:425:1: error: Bimodal.Theorems.TemporalDerived.H_mono The definition `Bimodal.Theorems.TemporalDerived.H_mono` contains an underscore. This almost surely violates mathlib's naming convention; use lowerCamelCase or UpperCamelCase instead.
/home/benjamin/Projects/BimodalLogic/Theories/Bimodal/Theorems/TemporalDerived.lean:446:1: error: Bimodal.Theorems.TemporalDerived.until_mono_guard The definition `Bimodal.Theorems.TemporalDerived.until_mono_guard` contains an underscore. This almost surely violates mathlib's naming convention; use lowerCamelCase or UpperCamelCase instead.
/home/benjamin/Projects/BimodalLogic/Theories/Bimodal/Theorems/TemporalDerived.lean:455:1: error: Bimodal.Theorems.TemporalDerived.since_mono_guard The definition `Bimodal.Theorems.TemporalDerived.since_mono_guard` contains an underscore. This almost surely violates mathlib's naming convention; use lowerCamelCase or UpperCamelCase instead.
/home/benjamin/Projects/BimodalLogic/Theories/Bimodal/Theorems/TemporalDerived.lean:464:1: error: Bimodal.Theorems.TemporalDerived.until_mono_event The definition `Bimodal.Theorems.TemporalDerived.until_mono_event` contains an underscore. This almost surely violates mathlib's naming convention; use lowerCamelCase or UpperCamelCase instead.
/home/benjamin/Projects/BimodalLogic/Theories/Bimodal/Theorems/TemporalDerived.lean:473:1: error: Bimodal.Theorems.TemporalDerived.since_mono_event The definition `Bimodal.Theorems.TemporalDerived.since_mono_event` contains an underscore. This almost surely violates mathlib's naming convention; use lowerCamelCase or UpperCamelCase instead.
/home/benjamin/Projects/BimodalLogic/Theories/Bimodal/Theorems/TemporalDerived.lean:492:1: error: Bimodal.Theorems.TemporalDerived.F_neg_G The definition `Bimodal.Theorems.TemporalDerived.F_neg_G` contains an underscore. This almost surely violates mathlib's naming convention; use lowerCamelCase or UpperCamelCase instead.
/home/benjamin/Projects/BimodalLogic/Theories/Bimodal/Theorems/TemporalDerived.lean:502:1: error: Bimodal.Theorems.TemporalDerived.P_neg_H The definition `Bimodal.Theorems.TemporalDerived.P_neg_H` contains an underscore. This almost surely violates mathlib's naming convention; use lowerCamelCase or UpperCamelCase instead.
/home/benjamin/Projects/BimodalLogic/Theories/Bimodal/Theorems/TemporalDerived.lean:523:1: error: Bimodal.Theorems.TemporalDerived.G_and_intro The definition `Bimodal.Theorems.TemporalDerived.G_and_intro` contains an underscore. This almost surely violates mathlib's naming convention; use lowerCamelCase or UpperCamelCase instead.
/home/benjamin/Projects/BimodalLogic/Theories/Bimodal/Theorems/TemporalDerived.lean:537:1: error: Bimodal.Theorems.TemporalDerived.H_and_intro The definition `Bimodal.Theorems.TemporalDerived.H_and_intro` contains an underscore. This almost surely violates mathlib's naming convention; use lowerCamelCase or UpperCamelCase instead.
/home/benjamin/Projects/BimodalLogic/Theories/Bimodal/Theorems/TemporalDerived.lean:548:1: error: Bimodal.Theorems.TemporalDerived.G_imp_trans The definition `Bimodal.Theorems.TemporalDerived.G_imp_trans` contains an underscore. This almost surely violates mathlib's naming convention; use lowerCamelCase or UpperCamelCase instead.
/home/benjamin/Projects/BimodalLogic/Theories/Bimodal/Theorems/TemporalDerived.lean:569:1: error: Bimodal.Theorems.TemporalDerived.H_imp_trans The definition `Bimodal.Theorems.TemporalDerived.H_imp_trans` contains an underscore. This almost surely violates mathlib's naming convention; use lowerCamelCase or UpperCamelCase instead.
/home/benjamin/Projects/BimodalLogic/Theories/Bimodal/Theorems/TemporalDerived.lean:594:1: error: Bimodal.Theorems.TemporalDerived.G_contrapose The definition `Bimodal.Theorems.TemporalDerived.G_contrapose` contains an underscore. This almost surely violates mathlib's naming convention; use lowerCamelCase or UpperCamelCase instead.
/home/benjamin/Projects/BimodalLogic/Theories/Bimodal/Theorems/TemporalDerived.lean:605:1: error: Bimodal.Theorems.TemporalDerived.H_contrapose The definition `Bimodal.Theorems.TemporalDerived.H_contrapose` contains an underscore. This almost surely violates mathlib's naming convention; use lowerCamelCase or UpperCamelCase instead.
/home/benjamin/Projects/BimodalLogic/Theories/Bimodal/Theorems/TemporalDerived.lean:627:1: error: Bimodal.Theorems.TemporalDerived.connect_future_G The definition `Bimodal.Theorems.TemporalDerived.connect_future_G` contains an underscore. This almost surely violates mathlib's naming convention; use lowerCamelCase or UpperCamelCase instead.
/home/benjamin/Projects/BimodalLogic/Theories/Bimodal/Theorems/TemporalDerived.lean:639:1: error: Bimodal.Theorems.TemporalDerived.connect_past_H The definition `Bimodal.Theorems.TemporalDerived.connect_past_H` contains an underscore. This almost surely violates mathlib's naming convention; use lowerCamelCase or UpperCamelCase instead.
/home/benjamin/Projects/BimodalLogic/Theories/Bimodal/Theorems/TemporalDerived.lean:651:1: error: Bimodal.Theorems.TemporalDerived.connect_future_chain The definition `Bimodal.Theorems.TemporalDerived.connect_future_chain` contains an underscore. This almost surely violates mathlib's naming convention; use lowerCamelCase or UpperCamelCase instead.
/home/benjamin/Projects/BimodalLogic/Theories/Bimodal/Theorems/TemporalDerived.lean:666:1: error: Bimodal.Theorems.TemporalDerived.connect_past_chain The definition `Bimodal.Theorems.TemporalDerived.connect_past_chain` contains an underscore. This almost surely violates mathlib's naming convention; use lowerCamelCase or UpperCamelCase instead.
/home/benjamin/Projects/BimodalLogic/Theories/Bimodal/Theorems/TemporalDerived.lean:709:1: error: Bimodal.Theorems.TemporalDerived.always_to_present The definition `Bimodal.Theorems.TemporalDerived.always_to_present` contains an underscore. This almost surely violates mathlib's naming convention; use lowerCamelCase or UpperCamelCase instead.
/home/benjamin/Projects/BimodalLogic/Theories/Bimodal/Theorems/TemporalDerived.lean:719:1: error: Bimodal.Theorems.TemporalDerived.present_to_sometimes The definition `Bimodal.Theorems.TemporalDerived.present_to_sometimes` contains an underscore. This almost surely violates mathlib's naming convention; use lowerCamelCase or UpperCamelCase instead.
/home/benjamin/Projects/BimodalLogic/Theories/Bimodal/Theorems/TemporalDerived.lean:735:1: error: Bimodal.Theorems.TemporalDerived.weak_future_left The definition `Bimodal.Theorems.TemporalDerived.weak_future_left` contains an underscore. This almost surely violates mathlib's naming convention; use lowerCamelCase or UpperCamelCase instead.
/home/benjamin/Projects/BimodalLogic/Theories/Bimodal/Theorems/TemporalDerived.lean:744:1: error: Bimodal.Theorems.TemporalDerived.weak_future_right The definition `Bimodal.Theorems.TemporalDerived.weak_future_right` contains an underscore. This almost surely violates mathlib's naming convention; use lowerCamelCase or UpperCamelCase instead.
/home/benjamin/Projects/BimodalLogic/Theories/Bimodal/Theorems/TemporalDerived.lean:753:1: error: Bimodal.Theorems.TemporalDerived.weak_past_left The definition `Bimodal.Theorems.TemporalDerived.weak_past_left` contains an underscore. This almost surely violates mathlib's naming convention; use lowerCamelCase or UpperCamelCase instead.
/home/benjamin/Projects/BimodalLogic/Theories/Bimodal/Theorems/TemporalDerived.lean:762:1: error: Bimodal.Theorems.TemporalDerived.weak_past_right The definition `Bimodal.Theorems.TemporalDerived.weak_past_right` contains an underscore. This almost surely violates mathlib's naming convention; use lowerCamelCase or UpperCamelCase instead.
/home/benjamin/Projects/BimodalLogic/Theories/Bimodal/Theorems/TemporalDerived.lean:771:1: error: Bimodal.Theorems.TemporalDerived.always_imp_all_future The definition `Bimodal.Theorems.TemporalDerived.always_imp_all_future` contains an underscore. This almost surely violates mathlib's naming convention; use lowerCamelCase or UpperCamelCase instead.
/home/benjamin/Projects/BimodalLogic/Theories/Bimodal/Theorems/TemporalDerived.lean:781:1: error: Bimodal.Theorems.TemporalDerived.always_imp_all_past The definition `Bimodal.Theorems.TemporalDerived.always_imp_all_past` contains an underscore. This almost surely violates mathlib's naming convention; use lowerCamelCase or UpperCamelCase instead.

/- The `docBlame` linter reports:
DEFINITIONS ARE MISSING DOCUMENTATION STRINGS:
This linter can be disabled with `@[nolint docBlame]`. -/
-- Bimodal.Automation.DataExport
/home/benjamin/Projects/BimodalLogic/Theories/Bimodal/Automation/DataExport.lean:289:3: error: Bimodal.Automation.DataExport.RuleProfile.axiomCount definition missing documentation string
/home/benjamin/Projects/BimodalLogic/Theories/Bimodal/Automation/DataExport.lean:290:3: error: Bimodal.Automation.DataExport.RuleProfile.assumptionCount definition missing documentation string
/home/benjamin/Projects/BimodalLogic/Theories/Bimodal/Automation/DataExport.lean:291:3: error: Bimodal.Automation.DataExport.RuleProfile.mpCount definition missing documentation string
/home/benjamin/Projects/BimodalLogic/Theories/Bimodal/Automation/DataExport.lean:292:3: error: Bimodal.Automation.DataExport.RuleProfile.necessitationCount definition missing documentation string
/home/benjamin/Projects/BimodalLogic/Theories/Bimodal/Automation/DataExport.lean:293:3: error: Bimodal.Automation.DataExport.RuleProfile.temporalNecessitationCount definition missing documentation string
/home/benjamin/Projects/BimodalLogic/Theories/Bimodal/Automation/DataExport.lean:294:3: error: Bimodal.Automation.DataExport.RuleProfile.temporalDualityCount definition missing documentation string
/home/benjamin/Projects/BimodalLogic/Theories/Bimodal/Automation/DataExport.lean:295:3: error: Bimodal.Automation.DataExport.RuleProfile.weakeningCount definition missing documentation string

-- Bimodal.Automation.DatasetGenerator
/home/benjamin/Projects/BimodalLogic/Theories/Bimodal/Automation/DatasetGenerator.lean:1214:3: error: Bimodal.Automation.DecideCacheKey.formula definition missing documentation string
/home/benjamin/Projects/BimodalLogic/Theories/Bimodal/Automation/DatasetGenerator.lean:1215:3: error: Bimodal.Automation.DecideCacheKey.frameClass definition missing documentation string

-- Bimodal.Automation.EnrichedCountermodel
/home/benjamin/Projects/BimodalLogic/Theories/Bimodal/Automation/EnrichedCountermodel.lean:63:3: error: Bimodal.Automation.Enriched.EnrichedCountermodel.simple definition missing documentation string
/home/benjamin/Projects/BimodalLogic/Theories/Bimodal/Automation/EnrichedCountermodel.lean:64:3: error: Bimodal.Automation.Enriched.EnrichedCountermodel.branchFormulas definition missing documentation string
/home/benjamin/Projects/BimodalLogic/Theories/Bimodal/Automation/EnrichedCountermodel.lean:65:3: error: Bimodal.Automation.Enriched.EnrichedCountermodel.modalFormulas definition missing documentation string
/home/benjamin/Projects/BimodalLogic/Theories/Bimodal/Automation/EnrichedCountermodel.lean:66:3: error: Bimodal.Automation.Enriched.EnrichedCountermodel.temporalFormulas definition missing documentation string
/home/benjamin/Projects/BimodalLogic/Theories/Bimodal/Automation/EnrichedCountermodel.lean:67:3: error: Bimodal.Automation.Enriched.EnrichedCountermodel.branchLength definition missing documentation string

-- Bimodal.Automation.FormulaEnumerator
/home/benjamin/Projects/BimodalLogic/Theories/Bimodal/Automation/FormulaEnumerator.lean:547:3: error: Bimodal.Automation.OperatorDistribution.atomCount definition missing documentation string
/home/benjamin/Projects/BimodalLogic/Theories/Bimodal/Automation/FormulaEnumerator.lean:548:3: error: Bimodal.Automation.OperatorDistribution.botCount definition missing documentation string
/home/benjamin/Projects/BimodalLogic/Theories/Bimodal/Automation/FormulaEnumerator.lean:549:3: error: Bimodal.Automation.OperatorDistribution.impCount definition missing documentation string
/home/benjamin/Projects/BimodalLogic/Theories/Bimodal/Automation/FormulaEnumerator.lean:550:3: error: Bimodal.Automation.OperatorDistribution.boxCount definition missing documentation string
/home/benjamin/Projects/BimodalLogic/Theories/Bimodal/Automation/FormulaEnumerator.lean:551:3: error: Bimodal.Automation.OperatorDistribution.untlCount definition missing documentation string
/home/benjamin/Projects/BimodalLogic/Theories/Bimodal/Automation/FormulaEnumerator.lean:552:3: error: Bimodal.Automation.OperatorDistribution.snceCount definition missing documentation string

-- Bimodal.Automation.ProofSearch.Core
/home/benjamin/Projects/BimodalLogic/Theories/Bimodal/Automation/ProofSearch/Core.lean:1224:11: error: Bimodal.Automation.iddfs_search.iterate definition missing documentation string

-- Bimodal.Automation.ProofSearch.Strategies
/home/benjamin/Projects/BimodalLogic/Theories/Bimodal/Automation/ProofSearch/Strategies.lean:51:11: error: Bimodal.Automation.PriorityQueue.insert.insertSorted definition missing documentation string
/home/benjamin/Projects/BimodalLogic/Theories/Bimodal/Automation/ProofSearch/Strategies.lean:101:11: error: Bimodal.Automation.bestFirst_search.searchLoop definition missing documentation string

-- Bimodal.Automation.ProofStepExtractor
/home/benjamin/Projects/BimodalLogic/Theories/Bimodal/Automation/ProofStepExtractor.lean:133:3: error: Bimodal.Automation.ProofStepExtractor.ProofStep.theoremName definition missing documentation string
/home/benjamin/Projects/BimodalLogic/Theories/Bimodal/Automation/ProofStepExtractor.lean:134:3: error: Bimodal.Automation.ProofStepExtractor.ProofStep.stepIndex definition missing documentation string
/home/benjamin/Projects/BimodalLogic/Theories/Bimodal/Automation/ProofStepExtractor.lean:135:3: error: Bimodal.Automation.ProofStepExtractor.ProofStep.context definition missing documentation string
/home/benjamin/Projects/BimodalLogic/Theories/Bimodal/Automation/ProofStepExtractor.lean:136:3: error: Bimodal.Automation.ProofStepExtractor.ProofStep.goal definition missing documentation string
/home/benjamin/Projects/BimodalLogic/Theories/Bimodal/Automation/ProofStepExtractor.lean:137:3: error: Bimodal.Automation.ProofStepExtractor.ProofStep.goal_folded_json definition missing documentation string
/home/benjamin/Projects/BimodalLogic/Theories/Bimodal/Automation/ProofStepExtractor.lean:138:3: error: Bimodal.Automation.ProofStepExtractor.ProofStep.rule definition missing documentation string
/home/benjamin/Projects/BimodalLogic/Theories/Bimodal/Automation/ProofStepExtractor.lean:139:3: error: Bimodal.Automation.ProofStepExtractor.ProofStep.axiomName definition missing documentation string
/home/benjamin/Projects/BimodalLogic/Theories/Bimodal/Automation/ProofStepExtractor.lean:140:3: error: Bimodal.Automation.ProofStepExtractor.ProofStep.subgoals definition missing documentation string
/home/benjamin/Projects/BimodalLogic/Theories/Bimodal/Automation/ProofStepExtractor.lean:141:3: error: Bimodal.Automation.ProofStepExtractor.ProofStep.frameClass definition missing documentation string
/home/benjamin/Projects/BimodalLogic/Theories/Bimodal/Automation/ProofStepExtractor.lean:336:3: error: Bimodal.Automation.ProofStepExtractor.TheoremEntry.name definition missing documentation string
/home/benjamin/Projects/BimodalLogic/Theories/Bimodal/Automation/ProofStepExtractor.lean:337:3: error: Bimodal.Automation.ProofStepExtractor.TheoremEntry.extract definition missing documentation string

-- Bimodal.Automation.Tactics.Commands
/home/benjamin/Projects/BimodalLogic/Theories/Bimodal/Automation/Tactics/Commands.lean:111:1: error: Bimodal.Automation.modalSearchParam definition missing documentation string
/home/benjamin/Projects/BimodalLogic/Theories/Bimodal/Automation/Tactics/Commands.lean:112:1: error: Bimodal.Automation.tacticModal_search__1 definition missing documentation string
/home/benjamin/Projects/BimodalLogic/Theories/Bimodal/Automation/Tactics/Commands.lean:182:1: error: Bimodal.Automation.tacticTemporal_search__1 definition missing documentation string
/home/benjamin/Projects/BimodalLogic/Theories/Bimodal/Automation/Tactics/Commands.lean:239:1: error: Bimodal.Automation.tacticPropositional_search__1 definition missing documentation string
/home/benjamin/Projects/BimodalLogic/Theories/Bimodal/Automation/Tactics/Commands.lean:290:1: error: Bimodal.Automation.tacticTm_auto_ definition missing documentation string

-- Bimodal.Metalogic.Algebraic.LindenbaumQuotient
/home/benjamin/Projects/BimodalLogic/Theories/Bimodal/Metalogic/Algebraic/LindenbaumQuotient.lean:50:1: error: Bimodal.Metalogic.Algebraic.LindenbaumQuotient.«term_≈ₚ_» definition missing documentation string
/home/benjamin/Projects/BimodalLogic/Theories/Bimodal/Metalogic/Algebraic/LindenbaumQuotient.lean:124:1: error: Bimodal.Metalogic.Algebraic.LindenbaumQuotient.«term⟦_⟧» definition missing documentation string

-- Bimodal.Metalogic.BXCanonical.CanonicalModel
/home/benjamin/Projects/BimodalLogic/Theories/Bimodal/Metalogic/BXCanonical/CanonicalModel.lean:34:1: error: Bimodal.Metalogic.BXCanonical.schedule definition missing documentation string
/home/benjamin/Projects/BimodalLogic/Theories/Bimodal/Metalogic/BXCanonical/CanonicalModel.lean:124:1: error: Bimodal.Metalogic.BXCanonical.fwd_chain definition missing documentation string
/home/benjamin/Projects/BimodalLogic/Theories/Bimodal/Metalogic/BXCanonical/CanonicalModel.lean:131:1: error: Bimodal.Metalogic.BXCanonical.bwd_chain definition missing documentation string
/home/benjamin/Projects/BimodalLogic/Theories/Bimodal/Metalogic/BXCanonical/CanonicalModel.lean:140:1: error: Bimodal.Metalogic.BXCanonical.int_chain definition missing documentation string
/home/benjamin/Projects/BimodalLogic/Theories/Bimodal/Metalogic/BXCanonical/CanonicalModel.lean:275:1: error: Bimodal.Metalogic.BXCanonical.bx_fmcs definition missing documentation string
/home/benjamin/Projects/BimodalLogic/Theories/Bimodal/Metalogic/BXCanonical/CanonicalModel.lean:502:1: error: @Bimodal.Metalogic.BXCanonical.fwd_chain_fc definition missing documentation string
/home/benjamin/Projects/BimodalLogic/Theories/Bimodal/Metalogic/BXCanonical/CanonicalModel.lean:510:1: error: @Bimodal.Metalogic.BXCanonical.bwd_chain_fc definition missing documentation string
/home/benjamin/Projects/BimodalLogic/Theories/Bimodal/Metalogic/BXCanonical/CanonicalModel.lean:518:1: error: @Bimodal.Metalogic.BXCanonical.int_chain_fc definition missing documentation string
/home/benjamin/Projects/BimodalLogic/Theories/Bimodal/Metalogic/BXCanonical/CanonicalModel.lean:658:1: error: @Bimodal.Metalogic.BXCanonical.bx_fmcs_fc definition missing documentation string
/home/benjamin/Projects/BimodalLogic/Theories/Bimodal/Metalogic/BXCanonical/CanonicalModel.lean:665:1: error: @Bimodal.Metalogic.BXCanonical.shifted_bx_fmcs_fc definition missing documentation string
/home/benjamin/Projects/BimodalLogic/Theories/Bimodal/Metalogic/BXCanonical/CanonicalModel.lean:744:1: error: Bimodal.Metalogic.BXCanonical.henkin_bfmcs definition missing documentation string

-- Bimodal.Metalogic.BXCanonical.Chronicle.CounterexampleElimination
/home/benjamin/Projects/BimodalLogic/Theories/Bimodal/Metalogic/BXCanonical/Chronicle/CounterexampleElimination.lean:49:3: error: @Bimodal.Metalogic.BXCanonical.Chronicle.C5Counterexample.x definition missing documentation string
/home/benjamin/Projects/BimodalLogic/Theories/Bimodal/Metalogic/BXCanonical/Chronicle/CounterexampleElimination.lean:51:3: error: @Bimodal.Metalogic.BXCanonical.Chronicle.C5Counterexample.ξ definition missing documentation string
/home/benjamin/Projects/BimodalLogic/Theories/Bimodal/Metalogic/BXCanonical/Chronicle/CounterexampleElimination.lean:52:3: error: @Bimodal.Metalogic.BXCanonical.Chronicle.C5Counterexample.η definition missing documentation string
/home/benjamin/Projects/BimodalLogic/Theories/Bimodal/Metalogic/BXCanonical/Chronicle/CounterexampleElimination.lean:62:3: error: @Bimodal.Metalogic.BXCanonical.Chronicle.C5'Counterexample.x definition missing documentation string
/home/benjamin/Projects/BimodalLogic/Theories/Bimodal/Metalogic/BXCanonical/Chronicle/CounterexampleElimination.lean:64:3: error: @Bimodal.Metalogic.BXCanonical.Chronicle.C5'Counterexample.ξ definition missing documentation string
/home/benjamin/Projects/BimodalLogic/Theories/Bimodal/Metalogic/BXCanonical/Chronicle/CounterexampleElimination.lean:65:3: error: @Bimodal.Metalogic.BXCanonical.Chronicle.C5'Counterexample.η definition missing documentation string
/home/benjamin/Projects/BimodalLogic/Theories/Bimodal/Metalogic/BXCanonical/Chronicle/CounterexampleElimination.lean:542:3: error: Bimodal.Metalogic.BXCanonical.Chronicle.PotentialCounterexample.x definition missing documentation string
/home/benjamin/Projects/BimodalLogic/Theories/Bimodal/Metalogic/BXCanonical/Chronicle/CounterexampleElimination.lean:543:3: error: Bimodal.Metalogic.BXCanonical.Chronicle.PotentialCounterexample.y definition missing documentation string
/home/benjamin/Projects/BimodalLogic/Theories/Bimodal/Metalogic/BXCanonical/Chronicle/CounterexampleElimination.lean:544:3: error: Bimodal.Metalogic.BXCanonical.Chronicle.PotentialCounterexample.ξ definition missing documentation string
/home/benjamin/Projects/BimodalLogic/Theories/Bimodal/Metalogic/BXCanonical/Chronicle/CounterexampleElimination.lean:545:3: error: Bimodal.Metalogic.BXCanonical.Chronicle.PotentialCounterexample.η definition missing documentation string
/home/benjamin/Projects/BimodalLogic/Theories/Bimodal/Metalogic/BXCanonical/Chronicle/CounterexampleElimination.lean:546:3: error: Bimodal.Metalogic.BXCanonical.Chronicle.PotentialCounterexample.kind definition missing documentation string
/home/benjamin/Projects/BimodalLogic/Theories/Bimodal/Metalogic/BXCanonical/Chronicle/CounterexampleElimination.lean:561:3: error: @Bimodal.Metalogic.BXCanonical.Chronicle.EliminationResult.val definition missing documentation string
/home/benjamin/Projects/BimodalLogic/Theories/Bimodal/Metalogic/BXCanonical/Chronicle/CounterexampleElimination.lean:626:3: error: @Bimodal.Metalogic.BXCanonical.Chronicle.C5ForwardWalkResult.val definition missing documentation string
/home/benjamin/Projects/BimodalLogic/Theories/Bimodal/Metalogic/BXCanonical/Chronicle/CounterexampleElimination.lean:632:3: error: @Bimodal.Metalogic.BXCanonical.Chronicle.C5ForwardWalkResult.witness definition missing documentation string
/home/benjamin/Projects/BimodalLogic/Theories/Bimodal/Metalogic/BXCanonical/Chronicle/CounterexampleElimination.lean:1214:3: error: @Bimodal.Metalogic.BXCanonical.Chronicle.C5BackwardWalkResult.val definition missing documentation string
/home/benjamin/Projects/BimodalLogic/Theories/Bimodal/Metalogic/BXCanonical/Chronicle/CounterexampleElimination.lean:1220:3: error: @Bimodal.Metalogic.BXCanonical.Chronicle.C5BackwardWalkResult.witness definition missing documentation string

-- Bimodal.Metalogic.BXCanonical.Chronicle.PointInsertion
/home/benjamin/Projects/BimodalLogic/Theories/Bimodal/Metalogic/BXCanonical/Chronicle/PointInsertion.lean:1407:3: error: @Bimodal.Metalogic.BXCanonical.Chronicle.EnrichedEvent.event' definition missing documentation string
/home/benjamin/Projects/BimodalLogic/Theories/Bimodal/Metalogic/BXCanonical/Chronicle/PointInsertion.lean:1409:3: error: @Bimodal.Metalogic.BXCanonical.Chronicle.EnrichedEvent.h_impl definition missing documentation string
/home/benjamin/Projects/BimodalLogic/Theories/Bimodal/Metalogic/BXCanonical/Chronicle/PointInsertion.lean:1410:3: error: @Bimodal.Metalogic.BXCanonical.Chronicle.EnrichedEvent.h_snce definition missing documentation string
/home/benjamin/Projects/BimodalLogic/Theories/Bimodal/Metalogic/BXCanonical/Chronicle/PointInsertion.lean:1445:3: error: @Bimodal.Metalogic.BXCanonical.Chronicle.EnrichedEventSince.event' definition missing documentation string
/home/benjamin/Projects/BimodalLogic/Theories/Bimodal/Metalogic/BXCanonical/Chronicle/PointInsertion.lean:1447:3: error: @Bimodal.Metalogic.BXCanonical.Chronicle.EnrichedEventSince.h_impl definition missing documentation string
/home/benjamin/Projects/BimodalLogic/Theories/Bimodal/Metalogic/BXCanonical/Chronicle/PointInsertion.lean:1448:3: error: @Bimodal.Metalogic.BXCanonical.Chronicle.EnrichedEventSince.h_untl definition missing documentation string

-- Bimodal.Metalogic.BXCanonical.Quasimodel.Construction
/home/benjamin/Projects/BimodalLogic/Theories/Bimodal/Metalogic/BXCanonical/Quasimodel/Construction.lean:264:1: error: @Bimodal.Metalogic.BXCanonical.Quasimodel.since_defect_count definition missing documentation string
/home/benjamin/Projects/BimodalLogic/Theories/Bimodal/Metalogic/BXCanonical/Quasimodel/Construction.lean:445:3: error: @Bimodal.Metalogic.BXCanonical.Quasimodel.HintikkaRawChain.points definition missing documentation string

-- Bimodal.Metalogic.BXCanonical.Quasimodel.Realization
/home/benjamin/Projects/BimodalLogic/Theories/Bimodal/Metalogic/BXCanonical/Quasimodel/Realization.lean:279:1: error: Bimodal.Metalogic.BXCanonical.Quasimodel.until_eventuality_resolution definition missing documentation string
/home/benjamin/Projects/BimodalLogic/Theories/Bimodal/Metalogic/BXCanonical/Quasimodel/Realization.lean:289:1: error: Bimodal.Metalogic.BXCanonical.Quasimodel.since_eventuality_resolution definition missing documentation string

-- Bimodal.Metalogic.Decidability.FMP.FMP
/home/benjamin/Projects/BimodalLogic/Theories/Bimodal/Metalogic/Decidability/FMP/FMP.lean:158:3: error: @Bimodal.Metalogic.Decidability.FMP.BundledFilteredFrame.phi definition missing documentation string
/home/benjamin/Projects/BimodalLogic/Theories/Bimodal/Metalogic/Decidability/FMP/FMP.lean:159:3: error: @Bimodal.Metalogic.Decidability.FMP.BundledFilteredFrame.frame definition missing documentation string

-- Bimodal.Metalogic.Decidability.Tableau
/home/benjamin/Projects/BimodalLogic/Theories/Bimodal/Metalogic/Decidability/Tableau.lean:326:1: error: @Bimodal.Metalogic.Decidability.applyRule definition missing documentation string

-- Bimodal.Metalogic.WeakCanonical.Kamp.ConjInterleave
/home/benjamin/Projects/BimodalLogic/Theories/Bimodal/Metalogic/WeakCanonical/Kamp/ConjInterleave.lean:111:3: error: @Bimodal.Metalogic.WeakCanonical.MergePair.e₁ definition missing documentation string
/home/benjamin/Projects/BimodalLogic/Theories/Bimodal/Metalogic/WeakCanonical/Kamp/ConjInterleave.lean:112:3: error: @Bimodal.Metalogic.WeakCanonical.MergePair.e₂ definition missing documentation string

-- Bimodal.Metalogic.WeakCanonical.Kamp.ExistsForallNF
/home/benjamin/Projects/BimodalLogic/Theories/Bimodal/Metalogic/WeakCanonical/Kamp/ExistsForallNF.lean:50:3: error: Bimodal.Metalogic.WeakCanonical.Kamp.TemporalPred.formula definition missing documentation string

-- Bimodal.Metalogic.WeakCanonical.Kamp.NfMultiAnchorBridge.PriorInterface
/home/benjamin/Projects/BimodalLogic/Theories/Bimodal/Metalogic/WeakCanonical/Kamp/NfMultiAnchorBridge/PriorInterface.lean:40:3: error: @Bimodal.Metalogic.WeakCanonical.Kamp.ExistProviders.existF definition missing documentation string

-- Bimodal.Metalogic.WeakCanonical.Kamp.NfMultiAnchorBridge.SharedWitness
/home/benjamin/Projects/BimodalLogic/Theories/Bimodal/Metalogic/WeakCanonical/Kamp/NfMultiAnchorBridge/SharedWitness.lean:3662:1: error: @Bimodal.Metalogic.WeakCanonical.Kamp.kvE2_sepSlotValue definition missing documentation string

-- Bimodal.Metalogic.WeakCanonical.Kamp.NfMultiAnchorBridge.SubBracket2
/home/benjamin/Projects/BimodalLogic/Theories/Bimodal/Metalogic/WeakCanonical/Kamp/NfMultiAnchorBridge/SubBracket2.lean:43:1: error: @Bimodal.Metalogic.WeakCanonical.Kamp.kvE_subBracket2 definition missing documentation string

-- Bimodal.Metalogic.WeakCanonical.Kamp.VecEATranslation
/home/benjamin/Projects/BimodalLogic/Theories/Bimodal/Metalogic/WeakCanonical/Kamp/VecEATranslation.lean:541:1: error: Bimodal.Metalogic.WeakCanonical.Kamp.VVecEA2.translateLeft definition missing documentation string
/home/benjamin/Projects/BimodalLogic/Theories/Bimodal/Metalogic/WeakCanonical/Kamp/VecEATranslation.lean:544:1: error: @Bimodal.Metalogic.WeakCanonical.Kamp.VVecEA2.holdsLeft definition missing documentation string

-- Bimodal.Metalogic.WeakCanonical.MonadicFO
/home/benjamin/Projects/BimodalLogic/Theories/Bimodal/Metalogic/WeakCanonical/MonadicFO.lean:54:3: error: Bimodal.Metalogic.WeakCanonical.MonadicSignature.preds definition missing documentation string
/home/benjamin/Projects/BimodalLogic/Theories/Bimodal/Metalogic/WeakCanonical/MonadicFO.lean:168:3: error: @Bimodal.Metalogic.WeakCanonical.MonadicStructure.carrier definition missing documentation string
/home/benjamin/Projects/BimodalLogic/Theories/Bimodal/Metalogic/WeakCanonical/MonadicFO.lean:169:3: error: @Bimodal.Metalogic.WeakCanonical.MonadicStructure.interp definition missing documentation string
/home/benjamin/Projects/BimodalLogic/Theories/Bimodal/Metalogic/WeakCanonical/MonadicFO.lean:266:3: error: @Bimodal.Metalogic.WeakCanonical.ZStructure.interp definition missing documentation string

-- Bimodal.Metalogic.WeakCanonical.Separation.Defs
/home/benjamin/Projects/BimodalLogic/Theories/Bimodal/Metalogic/WeakCanonical/Separation/Defs.lean:35:3: error: Bimodal.Metalogic.WeakCanonical.Separation.IntStructure.val definition missing documentation string
/home/benjamin/Projects/BimodalLogic/Theories/Bimodal/Metalogic/WeakCanonical/Separation/Defs.lean:324:1: error: Bimodal.Metalogic.WeakCanonical.Separation.junction_depth_U definition missing documentation string
/home/benjamin/Projects/BimodalLogic/Theories/Bimodal/Metalogic/WeakCanonical/Separation/Defs.lean:332:1: error: Bimodal.Metalogic.WeakCanonical.Separation.junction_depth_S definition missing documentation string

-- Bimodal.Metalogic.WeakCanonical.Transfer
/home/benjamin/Projects/BimodalLogic/Theories/Bimodal/Metalogic/WeakCanonical/Transfer.lean:584:1: error: Bimodal.Metalogic.WeakCanonical.zIntervalOmega definition missing documentation string

-- Bimodal.Syntax.SubformulaClosure.TemporalFormulas
/home/benjamin/Projects/BimodalLogic/Theories/Bimodal/Syntax/SubformulaClosure/TemporalFormulas.lean:262:1: error: Bimodal.Syntax.deferralClosure definition missing documentation string

-- Bimodal.Theorems.Propositional.Core
/home/benjamin/Projects/BimodalLogic/Theories/Bimodal/Theorems/Propositional/Core.lean:61:1: error: @Bimodal.Theorems.Propositional.efq_axiom definition missing documentation string

/- The `simpNF` linter reports:
SOME SIMP LEMMAS ARE NOT IN SIMP-NORMAL FORM.
Please change the lemma to make sure their left-hand sides are in simp normal form.
To learn about simp normal forms, see
https://leanprover-community.github.io/extras/simp.html#simp-normal-form
and https://lean-lang.org/doc/reference/latest/The-Simplifier/Simp-Normal-Forms/.
This linter can be disabled with `@[nolint simpNF]`. -/
-- Bimodal.Automation.Normalization
/home/benjamin/Projects/BimodalLogic/Theories/Bimodal/Automation/Normalization.lean:62:1: error: Bimodal.Automation.Normalization.neg_unfold LINTER FAILED:
Tactic `simp` failed with a nested error:
maximum recursion depth has been reached
use `set_option maxRecDepth <num>` to increase limit
use `set_option diagnostics true` to get diagnostic information
/home/benjamin/Projects/BimodalLogic/Theories/Bimodal/Automation/Normalization.lean:65:1: error: Bimodal.Automation.Normalization.top_unfold LINTER FAILED:
Tactic `simp` failed with a nested error:
maximum recursion depth has been reached
use `set_option maxRecDepth <num>` to increase limit
use `set_option diagnostics true` to get diagnostic information
/home/benjamin/Projects/BimodalLogic/Theories/Bimodal/Automation/Normalization.lean:68:1: error: Bimodal.Automation.Normalization.next_unfold LINTER FAILED:
Tactic `simp` failed with a nested error:
maximum recursion depth has been reached
use `set_option maxRecDepth <num>` to increase limit
use `set_option diagnostics true` to get diagnostic information
/home/benjamin/Projects/BimodalLogic/Theories/Bimodal/Automation/Normalization.lean:71:1: error: Bimodal.Automation.Normalization.prev_unfold LINTER FAILED:
Tactic `simp` failed with a nested error:
maximum recursion depth has been reached
use `set_option maxRecDepth <num>` to increase limit
use `set_option diagnostics true` to get diagnostic information
/home/benjamin/Projects/BimodalLogic/Theories/Bimodal/Automation/Normalization.lean:76:1: error: Bimodal.Automation.Normalization.and_unfold LINTER FAILED:
Tactic `simp` failed with a nested error:
maximum recursion depth has been reached
use `set_option maxRecDepth <num>` to increase limit
use `set_option diagnostics true` to get diagnostic information
/home/benjamin/Projects/BimodalLogic/Theories/Bimodal/Automation/Normalization.lean:80:1: error: Bimodal.Automation.Normalization.or_unfold LINTER FAILED:
Tactic `simp` failed with a nested error:
maximum recursion depth has been reached
use `set_option maxRecDepth <num>` to increase limit
use `set_option diagnostics true` to get diagnostic information
/home/benjamin/Projects/BimodalLogic/Theories/Bimodal/Automation/Normalization.lean:84:1: error: Bimodal.Automation.Normalization.diamond_unfold LINTER FAILED:
Tactic `simp` failed with a nested error:
maximum recursion depth has been reached
use `set_option maxRecDepth <num>` to increase limit
use `set_option diagnostics true` to get diagnostic information
/home/benjamin/Projects/BimodalLogic/Theories/Bimodal/Automation/Normalization.lean:88:1: error: Bimodal.Automation.Normalization.some_future_unfold LINTER FAILED:
Tactic `simp` failed with a nested error:
maximum recursion depth has been reached
use `set_option maxRecDepth <num>` to increase limit
use `set_option diagnostics true` to get diagnostic information
/home/benjamin/Projects/BimodalLogic/Theories/Bimodal/Automation/Normalization.lean:92:1: error: Bimodal.Automation.Normalization.some_past_unfold LINTER FAILED:
Tactic `simp` failed with a nested error:
maximum recursion depth has been reached
use `set_option maxRecDepth <num>` to increase limit
use `set_option diagnostics true` to get diagnostic information
/home/benjamin/Projects/BimodalLogic/Theories/Bimodal/Automation/Normalization.lean:98:1: error: Bimodal.Automation.Normalization.all_future_unfold LINTER FAILED:
Tactic `simp` failed with a nested error:
maximum recursion depth has been reached
use `set_option maxRecDepth <num>` to increase limit
use `set_option diagnostics true` to get diagnostic information
/home/benjamin/Projects/BimodalLogic/Theories/Bimodal/Automation/Normalization.lean:102:1: error: Bimodal.Automation.Normalization.all_past_unfold LINTER FAILED:
Tactic `simp` failed with a nested error:
maximum recursion depth has been reached
use `set_option maxRecDepth <num>` to increase limit
use `set_option diagnostics true` to get diagnostic information
/home/benjamin/Projects/BimodalLogic/Theories/Bimodal/Automation/Normalization.lean:108:1: error: Bimodal.Automation.Normalization.weak_future_unfold LINTER FAILED:
Tactic `simp` failed with a nested error:
maximum recursion depth has been reached
use `set_option maxRecDepth <num>` to increase limit
use `set_option diagnostics true` to get diagnostic information
/home/benjamin/Projects/BimodalLogic/Theories/Bimodal/Automation/Normalization.lean:113:1: error: Bimodal.Automation.Normalization.weak_past_unfold LINTER FAILED:
Tactic `simp` failed with a nested error:
maximum recursion depth has been reached
use `set_option maxRecDepth <num>` to increase limit
use `set_option diagnostics true` to get diagnostic information
/home/benjamin/Projects/BimodalLogic/Theories/Bimodal/Automation/Normalization.lean:120:1: error: Bimodal.Automation.Normalization.always_unfold LINTER FAILED:
Tactic `simp` failed with a nested error:
maximum recursion depth has been reached
use `set_option maxRecDepth <num>` to increase limit
use `set_option diagnostics true` to get diagnostic information
/home/benjamin/Projects/BimodalLogic/Theories/Bimodal/Automation/Normalization.lean:126:1: error: Bimodal.Automation.Normalization.sometimes_unfold LINTER FAILED:
Tactic `simp` failed with a nested error:
maximum recursion depth has been reached
use `set_option maxRecDepth <num>` to increase limit
use `set_option diagnostics true` to get diagnostic information
/home/benjamin/Projects/BimodalLogic/Theories/Bimodal/Automation/Normalization.lean:132:1: error: Bimodal.Automation.Normalization.strong_release_unfold LINTER FAILED:
Tactic `simp` failed with a nested error:
maximum recursion depth has been reached
use `set_option maxRecDepth <num>` to increase limit
use `set_option diagnostics true` to get diagnostic information
/home/benjamin/Projects/BimodalLogic/Theories/Bimodal/Automation/Normalization.lean:136:1: error: Bimodal.Automation.Normalization.strong_trigger_unfold LINTER FAILED:
Tactic `simp` failed with a nested error:
maximum recursion depth has been reached
use `set_option maxRecDepth <num>` to increase limit
use `set_option diagnostics true` to get diagnostic information
/home/benjamin/Projects/BimodalLogic/Theories/Bimodal/Automation/Normalization.lean:142:1: error: Bimodal.Automation.Normalization.release_unfold LINTER FAILED:
Tactic `simp` failed with a nested error:
maximum recursion depth has been reached
use `set_option maxRecDepth <num>` to increase limit
use `set_option diagnostics true` to get diagnostic information
/home/benjamin/Projects/BimodalLogic/Theories/Bimodal/Automation/Normalization.lean:146:1: error: Bimodal.Automation.Normalization.weak_until_unfold LINTER FAILED:
Tactic `simp` failed with a nested error:
maximum recursion depth has been reached
use `set_option maxRecDepth <num>` to increase limit
use `set_option diagnostics true` to get diagnostic information
/home/benjamin/Projects/BimodalLogic/Theories/Bimodal/Automation/Normalization.lean:150:1: error: Bimodal.Automation.Normalization.trigger_unfold LINTER FAILED:
Tactic `simp` failed with a nested error:
maximum recursion depth has been reached
use `set_option maxRecDepth <num>` to increase limit
use `set_option diagnostics true` to get diagnostic information
/home/benjamin/Projects/BimodalLogic/Theories/Bimodal/Automation/Normalization.lean:154:1: error: Bimodal.Automation.Normalization.weak_since_unfold LINTER FAILED:
Tactic `simp` failed with a nested error:
maximum recursion depth has been reached
use `set_option maxRecDepth <num>` to increase limit
use `set_option diagnostics true` to get diagnostic information
/home/benjamin/Projects/BimodalLogic/Theories/Bimodal/Automation/Normalization.lean:793:1: error: Bimodal.Automation.Normalization.neg_fold LINTER FAILED:
Tactic `simp` failed with a nested error:
maximum recursion depth has been reached
use `set_option maxRecDepth <num>` to increase limit
use `set_option diagnostics true` to get diagnostic information
/home/benjamin/Projects/BimodalLogic/Theories/Bimodal/Automation/Normalization.lean:796:1: error: Bimodal.Automation.Normalization.top_fold LINTER FAILED:
Tactic `simp` failed with a nested error:
maximum recursion depth has been reached
use `set_option maxRecDepth <num>` to increase limit
use `set_option diagnostics true` to get diagnostic information
/home/benjamin/Projects/BimodalLogic/Theories/Bimodal/Automation/Normalization.lean:799:1: error: Bimodal.Automation.Normalization.and_fold LINTER FAILED:
Tactic `simp` failed with a nested error:
maximum recursion depth has been reached
use `set_option maxRecDepth <num>` to increase limit
use `set_option diagnostics true` to get diagnostic information
/home/benjamin/Projects/BimodalLogic/Theories/Bimodal/Automation/Normalization.lean:803:1: error: Bimodal.Automation.Normalization.diamond_fold LINTER FAILED:
Tactic `simp` failed with a nested error:
maximum recursion depth has been reached
use `set_option maxRecDepth <num>` to increase limit
use `set_option diagnostics true` to get diagnostic information
/home/benjamin/Projects/BimodalLogic/Theories/Bimodal/Automation/Normalization.lean:807:1: error: Bimodal.Automation.Normalization.some_future_fold LINTER FAILED:
Tactic `simp` failed with a nested error:
maximum recursion depth has been reached
use `set_option maxRecDepth <num>` to increase limit
use `set_option diagnostics true` to get diagnostic information
/home/benjamin/Projects/BimodalLogic/Theories/Bimodal/Automation/Normalization.lean:811:1: error: Bimodal.Automation.Normalization.some_past_fold LINTER FAILED:
Tactic `simp` failed with a nested error:
maximum recursion depth has been reached
use `set_option maxRecDepth <num>` to increase limit
use `set_option diagnostics true` to get diagnostic information
/home/benjamin/Projects/BimodalLogic/Theories/Bimodal/Automation/Normalization.lean:815:1: error: Bimodal.Automation.Normalization.next_fold LINTER FAILED:
Tactic `simp` failed with a nested error:
maximum recursion depth has been reached
use `set_option maxRecDepth <num>` to increase limit
use `set_option diagnostics true` to get diagnostic information
/home/benjamin/Projects/BimodalLogic/Theories/Bimodal/Automation/Normalization.lean:819:1: error: Bimodal.Automation.Normalization.prev_fold LINTER FAILED:
Tactic `simp` failed with a nested error:
maximum recursion depth has been reached
use `set_option maxRecDepth <num>` to increase limit
use `set_option diagnostics true` to get diagnostic information
/home/benjamin/Projects/BimodalLogic/Theories/Bimodal/Automation/Normalization.lean:823:1: error: Bimodal.Automation.Normalization.all_future_fold LINTER FAILED:
Tactic `simp` failed with a nested error:
maximum recursion depth has been reached
use `set_option maxRecDepth <num>` to increase limit
use `set_option diagnostics true` to get diagnostic information
/home/benjamin/Projects/BimodalLogic/Theories/Bimodal/Automation/Normalization.lean:827:1: error: Bimodal.Automation.Normalization.all_past_fold LINTER FAILED:
Tactic `simp` failed with a nested error:
maximum recursion depth has been reached
use `set_option maxRecDepth <num>` to increase limit
use `set_option diagnostics true` to get diagnostic information

-- Bimodal.Metalogic.Bundle.CanonicalTaskRelation
/home/benjamin/Projects/BimodalLogic/Theories/Bimodal/Metalogic/Bundle/CanonicalTaskRelation.lean:76:1: error: Bimodal.Metalogic.Bundle.iter_F_succ LINTER FAILED:
Tactic `simp` failed with a nested error:
maximum recursion depth has been reached
use `set_option maxRecDepth <num>` to increase limit
use `set_option diagnostics true` to get diagnostic information
/home/benjamin/Projects/BimodalLogic/Theories/Bimodal/Metalogic/Bundle/CanonicalTaskRelation.lean:707:1: error: Bimodal.Metalogic.Bundle.iter_P_succ LINTER FAILED:
Tactic `simp` failed with a nested error:
maximum recursion depth has been reached
use `set_option maxRecDepth <num>` to increase limit
use `set_option diagnostics true` to get diagnostic information

-- Bimodal.Metalogic.Bundle.TemporalContent
/home/benjamin/Projects/BimodalLogic/Theories/Bimodal/Metalogic/Bundle/TemporalContent.lean:111:1: error: @Bimodal.Metalogic.Bundle.mem_g_content_iff LINTER FAILED:
Tactic `simp` failed with a nested error:
maximum recursion depth has been reached
use `set_option maxRecDepth <num>` to increase limit
use `set_option diagnostics true` to get diagnostic information
/home/benjamin/Projects/BimodalLogic/Theories/Bimodal/Metalogic/Bundle/TemporalContent.lean:115:1: error: @Bimodal.Metalogic.Bundle.mem_h_content_iff LINTER FAILED:
Tactic `simp` failed with a nested error:
maximum recursion depth has been reached
use `set_option maxRecDepth <num>` to increase limit
use `set_option diagnostics true` to get diagnostic information
/home/benjamin/Projects/BimodalLogic/Theories/Bimodal/Metalogic/Bundle/TemporalContent.lean:119:1: error: @Bimodal.Metalogic.Bundle.mem_f_content_iff LINTER FAILED:
Tactic `simp` failed with a nested error:
maximum recursion depth has been reached
use `set_option maxRecDepth <num>` to increase limit
use `set_option diagnostics true` to get diagnostic information
/home/benjamin/Projects/BimodalLogic/Theories/Bimodal/Metalogic/Bundle/TemporalContent.lean:123:1: error: @Bimodal.Metalogic.Bundle.mem_p_content_iff LINTER FAILED:
Tactic `simp` failed with a nested error:
maximum recursion depth has been reached
use `set_option maxRecDepth <num>` to increase limit
use `set_option diagnostics true` to get diagnostic information

-- Bimodal.Metalogic.Decidability.Propositional.Kalmar
/home/benjamin/Projects/BimodalLogic/Theories/Bimodal/Metalogic/Decidability/Propositional/Kalmar.lean:81:1: error: Bimodal.Metalogic.Decidability.Propositional.litCtx_cons LINTER FAILED:
Tactic `simp` failed with a nested error:
maximum recursion depth has been reached
use `set_option maxRecDepth <num>` to increase limit
use `set_option diagnostics true` to get diagnostic information
/home/benjamin/Projects/BimodalLogic/Theories/Bimodal/Metalogic/Decidability/Propositional/Kalmar.lean:92:1: error: Bimodal.Metalogic.Decidability.Propositional.litDenote_var LINTER FAILED:
Tactic `simp` failed with a nested error:
maximum recursion depth has been reached
use `set_option maxRecDepth <num>` to increase limit
use `set_option diagnostics true` to get diagnostic information

-- Bimodal.Metalogic.WeakCanonical.Kamp.NfEFold
/home/benjamin/Projects/BimodalLogic/Theories/Bimodal/Metalogic/WeakCanonical/Kamp/NfEFold.lean:126:1: error: @Bimodal.Metalogic.WeakCanonical.Kamp.skipFin_zero_succ Left-hand side simplifies from
  Bimodal.Metalogic.WeakCanonical.Kamp.skipFin ⟨0, ⋯⟩ i
to
  Bimodal.Metalogic.WeakCanonical.Kamp.skipFin 0 i
using
  simp only [*, @Fin.zero_eta]
Try to change the left-hand side to the simplified term!

-- Bimodal.Metalogic.WeakCanonical.Separation.Defs
/home/benjamin/Projects/BimodalLogic/Theories/Bimodal/Metalogic/WeakCanonical/Separation/Defs.lean:54:1: error: Bimodal.Metalogic.WeakCanonical.Separation.int_truth_all_past LINTER FAILED:
Tactic `simp` failed with a nested error:
maximum recursion depth has been reached
use `set_option maxRecDepth <num>` to increase limit
use `set_option diagnostics true` to get diagnostic information
/home/benjamin/Projects/BimodalLogic/Theories/Bimodal/Metalogic/WeakCanonical/Separation/Defs.lean:64:1: error: Bimodal.Metalogic.WeakCanonical.Separation.int_truth_all_future LINTER FAILED:
Tactic `simp` failed with a nested error:
maximum recursion depth has been reached
use `set_option maxRecDepth <num>` to increase limit
use `set_option diagnostics true` to get diagnostic information
/home/benjamin/Projects/BimodalLogic/Theories/Bimodal/Metalogic/WeakCanonical/Separation/Defs.lean:74:1: error: Bimodal.Metalogic.WeakCanonical.Separation.int_truth_some_past LINTER FAILED:
Tactic `simp` failed with a nested error:
maximum recursion depth has been reached
use `set_option maxRecDepth <num>` to increase limit
use `set_option diagnostics true` to get diagnostic information
/home/benjamin/Projects/BimodalLogic/Theories/Bimodal/Metalogic/WeakCanonical/Separation/Defs.lean:83:1: error: Bimodal.Metalogic.WeakCanonical.Separation.int_truth_some_future LINTER FAILED:
Tactic `simp` failed with a nested error:
maximum recursion depth has been reached
use `set_option maxRecDepth <num>` to increase limit
use `set_option diagnostics true` to get diagnostic information
/home/benjamin/Projects/BimodalLogic/Theories/Bimodal/Metalogic/WeakCanonical/Separation/Defs.lean:103:1: error: Bimodal.Metalogic.WeakCanonical.Separation.formula_atoms_all_past LINTER FAILED:
Tactic `simp` failed with a nested error:
maximum recursion depth has been reached
use `set_option maxRecDepth <num>` to increase limit
use `set_option diagnostics true` to get diagnostic information
/home/benjamin/Projects/BimodalLogic/Theories/Bimodal/Metalogic/WeakCanonical/Separation/Defs.lean:108:1: error: Bimodal.Metalogic.WeakCanonical.Separation.formula_atoms_all_future LINTER FAILED:
Tactic `simp` failed with a nested error:
maximum recursion depth has been reached
use `set_option maxRecDepth <num>` to increase limit
use `set_option diagnostics true` to get diagnostic information
/home/benjamin/Projects/BimodalLogic/Theories/Bimodal/Metalogic/WeakCanonical/Separation/Defs.lean:174:1: error: Bimodal.Metalogic.WeakCanonical.Separation.is_U_free_all_past LINTER FAILED:
Tactic `simp` failed with a nested error:
maximum recursion depth has been reached
use `set_option maxRecDepth <num>` to increase limit
use `set_option diagnostics true` to get diagnostic information
/home/benjamin/Projects/BimodalLogic/Theories/Bimodal/Metalogic/WeakCanonical/Separation/Defs.lean:179:1: error: Bimodal.Metalogic.WeakCanonical.Separation.is_U_free_all_future LINTER FAILED:
Tactic `simp` failed with a nested error:
maximum recursion depth has been reached
use `set_option maxRecDepth <num>` to increase limit
use `set_option diagnostics true` to get diagnostic information
/home/benjamin/Projects/BimodalLogic/Theories/Bimodal/Metalogic/WeakCanonical/Separation/Defs.lean:184:1: error: Bimodal.Metalogic.WeakCanonical.Separation.is_S_free_all_past LINTER FAILED:
Tactic `simp` failed with a nested error:
maximum recursion depth has been reached
use `set_option maxRecDepth <num>` to increase limit
use `set_option diagnostics true` to get diagnostic information
/home/benjamin/Projects/BimodalLogic/Theories/Bimodal/Metalogic/WeakCanonical/Separation/Defs.lean:189:1: error: Bimodal.Metalogic.WeakCanonical.Separation.is_S_free_all_future LINTER FAILED:
Tactic `simp` failed with a nested error:
maximum recursion depth has been reached
use `set_option maxRecDepth <num>` to increase limit
use `set_option diagnostics true` to get diagnostic information
/home/benjamin/Projects/BimodalLogic/Theories/Bimodal/Metalogic/WeakCanonical/Separation/Defs.lean:215:1: error: Bimodal.Metalogic.WeakCanonical.Separation.is_syntactically_separated_all_past LINTER FAILED:
Tactic `simp` failed with a nested error:
maximum recursion depth has been reached
use `set_option maxRecDepth <num>` to increase limit
use `set_option diagnostics true` to get diagnostic information
/home/benjamin/Projects/BimodalLogic/Theories/Bimodal/Metalogic/WeakCanonical/Separation/Defs.lean:220:1: error: Bimodal.Metalogic.WeakCanonical.Separation.is_syntactically_separated_all_future LINTER FAILED:
Tactic `simp` failed with a nested error:
maximum recursion depth has been reached
use `set_option maxRecDepth <num>` to increase limit
use `set_option diagnostics true` to get diagnostic information
/home/benjamin/Projects/BimodalLogic/Theories/Bimodal/Metalogic/WeakCanonical/Separation/Defs.lean:248:1: error: Bimodal.Metalogic.WeakCanonical.Separation.is_future_only_all_past LINTER FAILED:
Tactic `simp` failed with a nested error:
maximum recursion depth has been reached
use `set_option maxRecDepth <num>` to increase limit
use `set_option diagnostics true` to get diagnostic information
/home/benjamin/Projects/BimodalLogic/Theories/Bimodal/Metalogic/WeakCanonical/Separation/Defs.lean:253:1: error: Bimodal.Metalogic.WeakCanonical.Separation.is_future_only_all_future LINTER FAILED:
Tactic `simp` failed with a nested error:
maximum recursion depth has been reached
use `set_option maxRecDepth <num>` to increase limit
use `set_option diagnostics true` to get diagnostic information
/home/benjamin/Projects/BimodalLogic/Theories/Bimodal/Metalogic/WeakCanonical/Separation/Defs.lean:269:1: error: Bimodal.Metalogic.WeakCanonical.Separation.is_past_only_all_past LINTER FAILED:
Tactic `simp` failed with a nested error:
maximum recursion depth has been reached
use `set_option maxRecDepth <num>` to increase limit
use `set_option diagnostics true` to get diagnostic information
/home/benjamin/Projects/BimodalLogic/Theories/Bimodal/Metalogic/WeakCanonical/Separation/Defs.lean:274:1: error: Bimodal.Metalogic.WeakCanonical.Separation.is_past_only_all_future LINTER FAILED:
Tactic `simp` failed with a nested error:
maximum recursion depth has been reached
use `set_option maxRecDepth <num>` to increase limit
use `set_option diagnostics true` to get diagnostic information
/home/benjamin/Projects/BimodalLogic/Theories/Bimodal/Metalogic/WeakCanonical/Separation/Defs.lean:295:1: error: Bimodal.Metalogic.WeakCanonical.Separation.is_properly_separated_all_past LINTER FAILED:
Tactic `simp` failed with a nested error:
maximum recursion depth has been reached
use `set_option maxRecDepth <num>` to increase limit
use `set_option diagnostics true` to get diagnostic information
/home/benjamin/Projects/BimodalLogic/Theories/Bimodal/Metalogic/WeakCanonical/Separation/Defs.lean:300:1: error: Bimodal.Metalogic.WeakCanonical.Separation.is_properly_separated_all_future LINTER FAILED:
Tactic `simp` failed with a nested error:
maximum recursion depth has been reached
use `set_option maxRecDepth <num>` to increase limit
use `set_option diagnostics true` to get diagnostic information
/home/benjamin/Projects/BimodalLogic/Theories/Bimodal/Metalogic/WeakCanonical/Separation/Defs.lean:343:1: error: Bimodal.Metalogic.WeakCanonical.Separation.junction_depth_all_past LINTER FAILED:
Tactic `simp` failed with a nested error:
maximum recursion depth has been reached
use `set_option maxRecDepth <num>` to increase limit
use `set_option diagnostics true` to get diagnostic information
/home/benjamin/Projects/BimodalLogic/Theories/Bimodal/Metalogic/WeakCanonical/Separation/Defs.lean:348:1: error: Bimodal.Metalogic.WeakCanonical.Separation.junction_depth_all_future LINTER FAILED:
Tactic `simp` failed with a nested error:
maximum recursion depth has been reached
use `set_option maxRecDepth <num>` to increase limit
use `set_option diagnostics true` to get diagnostic information
/home/benjamin/Projects/BimodalLogic/Theories/Bimodal/Metalogic/WeakCanonical/Separation/Defs.lean:458:1: error: Bimodal.Metalogic.WeakCanonical.Separation.no_S_nested_in_U_all_past LINTER FAILED:
Tactic `simp` failed with a nested error:
maximum recursion depth has been reached
use `set_option maxRecDepth <num>` to increase limit
use `set_option diagnostics true` to get diagnostic information
/home/benjamin/Projects/BimodalLogic/Theories/Bimodal/Metalogic/WeakCanonical/Separation/Defs.lean:463:1: error: Bimodal.Metalogic.WeakCanonical.Separation.no_S_nested_in_U_all_future LINTER FAILED:
Tactic `simp` failed with a nested error:
maximum recursion depth has been reached
use `set_option maxRecDepth <num>` to increase limit
use `set_option diagnostics true` to get diagnostic information

-- Bimodal.ProofSystem.Axioms
#check Bimodal.ProofSystem.Axiom.temp_linearity_past.sizeOf_spec /- LINTER FAILED:
Tactic `simp` failed with a nested error:
maximum recursion depth has been reached
use `set_option maxRecDepth <num>` to increase limit
use `set_option diagnostics true` to get diagnostic information -/
#check Bimodal.ProofSystem.Axiom.self_accum_since.sizeOf_spec /- LINTER FAILED:
Tactic `simp` failed with a nested error:
maximum recursion depth has been reached
use `set_option maxRecDepth <num>` to increase limit
use `set_option diagnostics true` to get diagnostic information -/
#check Bimodal.ProofSystem.Axiom.linear_since.sizeOf_spec /- LINTER FAILED:
Tactic `simp` failed with a nested error:
maximum recursion depth has been reached
use `set_option maxRecDepth <num>` to increase limit
use `set_option diagnostics true` to get diagnostic information -/
#check Bimodal.ProofSystem.Axiom.enrichment_until.sizeOf_spec /- LINTER FAILED:
Tactic `simp` failed with a nested error:
maximum recursion depth has been reached
use `set_option maxRecDepth <num>` to increase limit
use `set_option diagnostics true` to get diagnostic information -/
#check Bimodal.ProofSystem.Axiom.temp_linearity.sizeOf_spec /- LINTER FAILED:
Tactic `simp` failed with a nested error:
maximum recursion depth has been reached
use `set_option maxRecDepth <num>` to increase limit
use `set_option diagnostics true` to get diagnostic information -/
#check Bimodal.ProofSystem.Axiom.modal_b.sizeOf_spec /- LINTER FAILED:
Tactic `simp` failed with a nested error:
maximum recursion depth has been reached
use `set_option maxRecDepth <num>` to increase limit
use `set_option diagnostics true` to get diagnostic information -/
#check Bimodal.ProofSystem.Axiom.prior_UZ.sizeOf_spec /- LINTER FAILED:
Tactic `simp` failed with a nested error:
maximum recursion depth has been reached
use `set_option maxRecDepth <num>` to increase limit
use `set_option diagnostics true` to get diagnostic information -/
#check Bimodal.ProofSystem.Axiom.discrete_propagate_fwd.sizeOf_spec /- LINTER FAILED:
Tactic `simp` failed with a nested error:
maximum recursion depth has been reached
use `set_option maxRecDepth <num>` to increase limit
use `set_option diagnostics true` to get diagnostic information -/
#check Bimodal.ProofSystem.Axiom.linear_until.sizeOf_spec /- LINTER FAILED:
Tactic `simp` failed with a nested error:
maximum recursion depth has been reached
use `set_option maxRecDepth <num>` to increase limit
use `set_option diagnostics true` to get diagnostic information -/
#check Bimodal.ProofSystem.Axiom.right_mono_until.sizeOf_spec /- LINTER FAILED:
Tactic `simp` failed with a nested error:
maximum recursion depth has been reached
use `set_option maxRecDepth <num>` to increase limit
use `set_option diagnostics true` to get diagnostic information -/
#check Bimodal.ProofSystem.Axiom.right_mono_since.sizeOf_spec /- LINTER FAILED:
Tactic `simp` failed with a nested error:
maximum recursion depth has been reached
use `set_option maxRecDepth <num>` to increase limit
use `set_option diagnostics true` to get diagnostic information -/
#check Bimodal.ProofSystem.Axiom.absorb_until.sizeOf_spec /- LINTER FAILED:
Tactic `simp` failed with a nested error:
maximum recursion depth has been reached
use `set_option maxRecDepth <num>` to increase limit
use `set_option diagnostics true` to get diagnostic information -/
#check Bimodal.ProofSystem.Axiom.z1.sizeOf_spec /- LINTER FAILED:
Tactic `simp` failed with a nested error:
maximum recursion depth has been reached
use `set_option maxRecDepth <num>` to increase limit
use `set_option diagnostics true` to get diagnostic information -/
#check Bimodal.ProofSystem.Axiom.serial_past.sizeOf_spec /- LINTER FAILED:
Tactic `simp` failed with a nested error:
maximum recursion depth has been reached
use `set_option maxRecDepth <num>` to increase limit
use `set_option diagnostics true` to get diagnostic information -/
#check Bimodal.ProofSystem.Axiom.dense_indicator.sizeOf_spec /- LINTER FAILED:
Tactic `simp` failed with a nested error:
maximum recursion depth has been reached
use `set_option maxRecDepth <num>` to increase limit
use `set_option diagnostics true` to get diagnostic information -/
#check Bimodal.ProofSystem.Axiom.left_mono_since_H.sizeOf_spec /- LINTER FAILED:
Tactic `simp` failed with a nested error:
maximum recursion depth has been reached
use `set_option maxRecDepth <num>` to increase limit
use `set_option diagnostics true` to get diagnostic information -/
#check Bimodal.ProofSystem.Axiom.left_mono_until_G.sizeOf_spec /- LINTER FAILED:
Tactic `simp` failed with a nested error:
maximum recursion depth has been reached
use `set_option maxRecDepth <num>` to increase limit
use `set_option diagnostics true` to get diagnostic information -/
#check Bimodal.ProofSystem.Axiom.absorb_since.sizeOf_spec /- LINTER FAILED:
Tactic `simp` failed with a nested error:
maximum recursion depth has been reached
use `set_option maxRecDepth <num>` to increase limit
use `set_option diagnostics true` to get diagnostic information -/
#check Bimodal.ProofSystem.Axiom.discrete_box_necessity.sizeOf_spec /- LINTER FAILED:
Tactic `simp` failed with a nested error:
maximum recursion depth has been reached
use `set_option maxRecDepth <num>` to increase limit
use `set_option diagnostics true` to get diagnostic information -/
#check Bimodal.ProofSystem.Axiom.connect_past.sizeOf_spec /- LINTER FAILED:
Tactic `simp` failed with a nested error:
maximum recursion depth has been reached
use `set_option maxRecDepth <num>` to increase limit
use `set_option diagnostics true` to get diagnostic information -/
#check Bimodal.ProofSystem.Axiom.P_since_equiv.sizeOf_spec /- LINTER FAILED:
Tactic `simp` failed with a nested error:
maximum recursion depth has been reached
use `set_option maxRecDepth <num>` to increase limit
use `set_option diagnostics true` to get diagnostic information -/
#check Bimodal.ProofSystem.Axiom.until_F.sizeOf_spec /- LINTER FAILED:
Tactic `simp` failed with a nested error:
maximum recursion depth has been reached
use `set_option maxRecDepth <num>` to increase limit
use `set_option diagnostics true` to get diagnostic information -/
#check Bimodal.ProofSystem.Axiom.connect_future.sizeOf_spec /- LINTER FAILED:
Tactic `simp` failed with a nested error:
maximum recursion depth has been reached
use `set_option maxRecDepth <num>` to increase limit
use `set_option diagnostics true` to get diagnostic information -/
#check Bimodal.ProofSystem.Axiom.modal_5_collapse.sizeOf_spec /- LINTER FAILED:
Tactic `simp` failed with a nested error:
maximum recursion depth has been reached
use `set_option maxRecDepth <num>` to increase limit
use `set_option diagnostics true` to get diagnostic information -/
#check Bimodal.ProofSystem.Axiom.F_until_equiv.sizeOf_spec /- LINTER FAILED:
Tactic `simp` failed with a nested error:
maximum recursion depth has been reached
use `set_option maxRecDepth <num>` to increase limit
use `set_option diagnostics true` to get diagnostic information -/
#check Bimodal.ProofSystem.Axiom.prior_SZ.sizeOf_spec /- LINTER FAILED:
Tactic `simp` failed with a nested error:
maximum recursion depth has been reached
use `set_option maxRecDepth <num>` to increase limit
use `set_option diagnostics true` to get diagnostic information -/
#check Bimodal.ProofSystem.Axiom.density.sizeOf_spec /- LINTER FAILED:
Tactic `simp` failed with a nested error:
maximum recursion depth has been reached
use `set_option maxRecDepth <num>` to increase limit
use `set_option diagnostics true` to get diagnostic information -/
#check Bimodal.ProofSystem.Axiom.discrete_symm_fwd.sizeOf_spec /- LINTER FAILED:
Tactic `simp` failed with a nested error:
maximum recursion depth has been reached
use `set_option maxRecDepth <num>` to increase limit
use `set_option diagnostics true` to get diagnostic information -/
#check Bimodal.ProofSystem.Axiom.modal_future.sizeOf_spec /- LINTER FAILED:
Tactic `simp` failed with a nested error:
maximum recursion depth has been reached
use `set_option maxRecDepth <num>` to increase limit
use `set_option diagnostics true` to get diagnostic information -/
#check Bimodal.ProofSystem.Axiom.self_accum_until.sizeOf_spec /- LINTER FAILED:
Tactic `simp` failed with a nested error:
maximum recursion depth has been reached
use `set_option maxRecDepth <num>` to increase limit
use `set_option diagnostics true` to get diagnostic information -/
#check Bimodal.ProofSystem.Axiom.since_P.sizeOf_spec /- LINTER FAILED:
Tactic `simp` failed with a nested error:
maximum recursion depth has been reached
use `set_option maxRecDepth <num>` to increase limit
use `set_option diagnostics true` to get diagnostic information -/
#check Bimodal.ProofSystem.Axiom.enrichment_since.sizeOf_spec /- LINTER FAILED:
Tactic `simp` failed with a nested error:
maximum recursion depth has been reached
use `set_option maxRecDepth <num>` to increase limit
use `set_option diagnostics true` to get diagnostic information -/
#check Bimodal.ProofSystem.Axiom.discrete_propagate_bwd.sizeOf_spec /- LINTER FAILED:
Tactic `simp` failed with a nested error:
maximum recursion depth has been reached
use `set_option maxRecDepth <num>` to increase limit
use `set_option diagnostics true` to get diagnostic information -/
#check Bimodal.ProofSystem.Axiom.serial_future.sizeOf_spec /- LINTER FAILED:
Tactic `simp` failed with a nested error:
maximum recursion depth has been reached
use `set_option maxRecDepth <num>` to increase limit
use `set_option diagnostics true` to get diagnostic information -/
#check Bimodal.ProofSystem.Axiom.discrete_symm_bwd.sizeOf_spec /- LINTER FAILED:
Tactic `simp` failed with a nested error:
maximum recursion depth has been reached
use `set_option maxRecDepth <num>` to increase limit
use `set_option diagnostics true` to get diagnostic information -/

-- Bimodal.ProofSystem.Derivable
/home/benjamin/Projects/BimodalLogic/Theories/Bimodal/ProofSystem/Derivable.lean:110:1: error: @Bimodal.ProofSystem.Derivable.ax Left-hand side does not simplify, when using the simp lemma on itself.
            
This usually means that it will never apply.
The simp lemma is invalid because the value of argument
  h : Bimodal.ProofSystem.Axiom p
cannot be inferred by `simp`.


-- Bimodal.ProofSystem.Derivation
#check @Bimodal.ProofSystem.DerivationTree.temporal_necessitation.sizeOf_spec /- LINTER FAILED:
Tactic `simp` failed with a nested error:
maximum recursion depth has been reached
use `set_option maxRecDepth <num>` to increase limit
use `set_option diagnostics true` to get diagnostic information -/
#check @Bimodal.ProofSystem.DerivationTree.temporal_necessitation.injEq /- LINTER FAILED:
Tactic `simp` failed with a nested error:
maximum recursion depth has been reached
use `set_option maxRecDepth <num>` to increase limit
use `set_option diagnostics true` to get diagnostic information -/

-- Bimodal.Semantics.Truth
/home/benjamin/Projects/BimodalLogic/Theories/Bimodal/Semantics/Truth.lean:210:1: error: @Bimodal.Semantics.Truth.some_future_iff LINTER FAILED:
Tactic `simp` failed with a nested error:
maximum recursion depth has been reached
use `set_option maxRecDepth <num>` to increase limit
use `set_option diagnostics true` to get diagnostic information
/home/benjamin/Projects/BimodalLogic/Theories/Bimodal/Semantics/Truth.lean:229:1: error: @Bimodal.Semantics.Truth.some_past_iff LINTER FAILED:
Tactic `simp` failed with a nested error:
maximum recursion depth has been reached
use `set_option maxRecDepth <num>` to increase limit
use `set_option diagnostics true` to get diagnostic information
/home/benjamin/Projects/BimodalLogic/Theories/Bimodal/Semantics/Truth.lean:248:1: error: @Bimodal.Semantics.Truth.future_iff LINTER FAILED:
Tactic `simp` failed with a nested error:
maximum recursion depth has been reached
use `set_option maxRecDepth <num>` to increase limit
use `set_option diagnostics true` to get diagnostic information
/home/benjamin/Projects/BimodalLogic/Theories/Bimodal/Semantics/Truth.lean:268:1: error: @Bimodal.Semantics.Truth.past_iff LINTER FAILED:
Tactic `simp` failed with a nested error:
maximum recursion depth has been reached
use `set_option maxRecDepth <num>` to increase limit
use `set_option diagnostics true` to get diagnostic information
/home/benjamin/Projects/BimodalLogic/Theories/Bimodal/Semantics/Truth.lean:288:1: error: @Bimodal.Semantics.Truth.strong_release_iff LINTER FAILED:
Tactic `simp` failed with a nested error:
maximum recursion depth has been reached
use `set_option maxRecDepth <num>` to increase limit
use `set_option diagnostics true` to get diagnostic information
/home/benjamin/Projects/BimodalLogic/Theories/Bimodal/Semantics/Truth.lean:304:1: error: @Bimodal.Semantics.Truth.strong_trigger_iff LINTER FAILED:
Tactic `simp` failed with a nested error:
maximum recursion depth has been reached
use `set_option maxRecDepth <num>` to increase limit
use `set_option diagnostics true` to get diagnostic information

-- Bimodal.Syntax.BigConj
/home/benjamin/Projects/BimodalLogic/Theories/Bimodal/Syntax/BigConj.lean:39:1: error: Bimodal.Syntax.bigconj_nil LINTER FAILED:
Tactic `simp` failed with a nested error:
maximum recursion depth has been reached
use `set_option maxRecDepth <num>` to increase limit
use `set_option diagnostics true` to get diagnostic information
/home/benjamin/Projects/BimodalLogic/Theories/Bimodal/Syntax/BigConj.lean:43:1: error: Bimodal.Syntax.bigconj_cons_cons LINTER FAILED:
Tactic `simp` failed with a nested error:
maximum recursion depth has been reached
use `set_option maxRecDepth <num>` to increase limit
use `set_option diagnostics true` to get diagnostic information
/home/benjamin/Projects/BimodalLogic/Theories/Bimodal/Syntax/BigConj.lean:46:1: error: Bimodal.Syntax.neg_bigconj_def LINTER FAILED:
Tactic `simp` failed with a nested error:
maximum recursion depth has been reached
use `set_option maxRecDepth <num>` to increase limit
use `set_option diagnostics true` to get diagnostic information

-- Bimodal.Syntax.Formula
/home/benjamin/Projects/BimodalLogic/Theories/Bimodal/Syntax/Formula.lean:620:1: error: Bimodal.Syntax.Formula.swap_temporal_some_future LINTER FAILED:
Tactic `simp` failed with a nested error:
maximum recursion depth has been reached
use `set_option maxRecDepth <num>` to increase limit
use `set_option diagnostics true` to get diagnostic information
/home/benjamin/Projects/BimodalLogic/Theories/Bimodal/Syntax/Formula.lean:626:1: error: Bimodal.Syntax.Formula.swap_temporal_some_past LINTER FAILED:
Tactic `simp` failed with a nested error:
maximum recursion depth has been reached
use `set_option maxRecDepth <num>` to increase limit
use `set_option diagnostics true` to get diagnostic information
/home/benjamin/Projects/BimodalLogic/Theories/Bimodal/Syntax/Formula.lean:632:1: error: Bimodal.Syntax.Formula.swap_temporal_all_future LINTER FAILED:
Tactic `simp` failed with a nested error:
maximum recursion depth has been reached
use `set_option maxRecDepth <num>` to increase limit
use `set_option diagnostics true` to get diagnostic information
/home/benjamin/Projects/BimodalLogic/Theories/Bimodal/Syntax/Formula.lean:638:1: error: Bimodal.Syntax.Formula.swap_temporal_all_past LINTER FAILED:
Tactic `simp` failed with a nested error:
maximum recursion depth has been reached
use `set_option maxRecDepth <num>` to increase limit
use `set_option diagnostics true` to get diagnostic information

-- Bimodal.Syntax.SubformulaClosure.NestingDepth
/home/benjamin/Projects/BimodalLogic/Theories/Bimodal/Syntax/SubformulaClosure/NestingDepth.lean:62:1: error: Bimodal.Syntax.f_nesting_depth_all_past LINTER FAILED:
Tactic `simp` failed with a nested error:
maximum recursion depth has been reached
use `set_option maxRecDepth <num>` to increase limit
use `set_option diagnostics true` to get diagnostic information
/home/benjamin/Projects/BimodalLogic/Theories/Bimodal/Syntax/SubformulaClosure/NestingDepth.lean:67:1: error: Bimodal.Syntax.f_nesting_depth_all_future LINTER FAILED:
Tactic `simp` failed with a nested error:
maximum recursion depth has been reached
use `set_option maxRecDepth <num>` to increase limit
use `set_option diagnostics true` to get diagnostic information
/home/benjamin/Projects/BimodalLogic/Theories/Bimodal/Syntax/SubformulaClosure/NestingDepth.lean:145:1: error: Bimodal.Syntax.p_nesting_depth_all_future LINTER FAILED:
Tactic `simp` failed with a nested error:
maximum recursion depth has been reached
use `set_option maxRecDepth <num>` to increase limit
use `set_option diagnostics true` to get diagnostic information
/home/benjamin/Projects/BimodalLogic/Theories/Bimodal/Syntax/SubformulaClosure/NestingDepth.lean:150:1: error: Bimodal.Syntax.p_nesting_depth_all_past LINTER FAILED:
Tactic `simp` failed with a nested error:
maximum recursion depth has been reached
use `set_option maxRecDepth <num>` to increase limit
use `set_option diagnostics true` to get diagnostic information

/- The `structureInType` linter reports:
FOUND STRUCTURES THAT SHOULD BE IN PROP.
This linter can be disabled with `@[nolint structureInType]`. -/
-- Bimodal.Automation.ProofSearch.Core
/home/benjamin/Projects/BimodalLogic/Theories/Bimodal/Automation/ProofSearch/Core.lean:207:1: error: Bimodal.Automation.MembershipWitness all fields are propositional but the structure isn't.

/- The `synTaut` linter reports:
THE FOLLOWING DECLARATIONS ARE SYNTACTIC TAUTOLOGIES. This usually means that they are of the form `∀ a b ... z, e₁ = e₂` where `e₁` and `e₂` are identical expressions. We call declarations of this form syntactic tautologies. Such lemmas are (mostly) useless and sometimes introduced unintentionally when proving basic facts using `rfl`, when elaboration results in a different term than the user intended. You should check that the declaration really says what you think it does.
This linter can be disabled with `@[nolint synTaut]`. -/
-- Bimodal.Metalogic.WeakCanonical.Kamp.NfMultiAnchorBridge.SubBracket2V
/home/benjamin/Projects/BimodalLogic/Theories/Bimodal/Metalogic/WeakCanonical/Kamp/NfMultiAnchorBridge/SubBracket2V.lean:912:1: error: @Bimodal.Metalogic.WeakCanonical.Kamp.kvE_subBracket2V_succ_j0 LHS equals RHS syntactically

/- The `tacticDocs` linter reports:
TACTICS ARE MISSING DOCUMENTATION STRINGS:
This linter can be disabled with `@[nolint tacticDocs]`. -/
-- Bimodal.Automation.Tactics.Commands
/home/benjamin/Projects/BimodalLogic/Theories/Bimodal/Automation/Tactics/Commands.lean:112:1: error: Bimodal.Automation.tacticModal_search__1 tactic `modal_search` missing documentation string
/home/benjamin/Projects/BimodalLogic/Theories/Bimodal/Automation/Tactics/Commands.lean:182:1: error: Bimodal.Automation.tacticTemporal_search__1 tactic `temporal_search` missing documentation string
/home/benjamin/Projects/BimodalLogic/Theories/Bimodal/Automation/Tactics/Commands.lean:239:1: error: Bimodal.Automation.tacticPropositional_search__1 tactic `propositional_search` missing documentation string
/home/benjamin/Projects/BimodalLogic/Theories/Bimodal/Automation/Tactics/Commands.lean:290:1: error: Bimodal.Automation.tacticTm_auto_ tactic `tm_auto` missing documentation string

/- The `unusedArguments` linter reports:
UNUSED ARGUMENTS.
This linter can be disabled with `@[nolint unusedArguments]`. -/
-- Bimodal.FrameConditions.Soundness
/home/benjamin/Projects/BimodalLogic/Theories/Bimodal/FrameConditions/Soundness.lean:63:1: error: @Bimodal.FrameConditions.soundness_linear 1 unused argument:
  argument 9: [Bimodal.FrameConditions.LinearTemporalFrame D]
/home/benjamin/Projects/BimodalLogic/Theories/Bimodal/FrameConditions/Soundness.lean:78:1: error: @Bimodal.FrameConditions.soundness_dense 1 unused argument:
  argument 12: [Bimodal.FrameConditions.DenseTemporalFrame D]
/home/benjamin/Projects/BimodalLogic/Theories/Bimodal/FrameConditions/Soundness.lean:94:1: error: @Bimodal.FrameConditions.soundness_discrete 1 unused argument:
  argument 15: [Bimodal.FrameConditions.DiscreteTemporalFrame D]
/home/benjamin/Projects/BimodalLogic/Theories/Bimodal/FrameConditions/Soundness.lean:113:1: error: @Bimodal.FrameConditions.axiom_base_valid_linear 1 unused argument:
  argument 9: [Bimodal.FrameConditions.LinearTemporalFrame D]
/home/benjamin/Projects/BimodalLogic/Theories/Bimodal/FrameConditions/Soundness.lean:124:1: error: @Bimodal.FrameConditions.axiom_dense_valid_fc 1 unused argument:
  argument 12: [Bimodal.FrameConditions.DenseTemporalFrame D]
/home/benjamin/Projects/BimodalLogic/Theories/Bimodal/FrameConditions/Soundness.lean:136:1: error: @Bimodal.FrameConditions.axiom_discrete_valid_fc 1 unused argument:
  argument 14: [Bimodal.FrameConditions.DiscreteTemporalFrame D]

-- Bimodal.Metalogic.Algebraic.ParametricCanonical
/home/benjamin/Projects/BimodalLogic/Theories/Bimodal/Metalogic/Algebraic/ParametricCanonical.lean:98:1: error: @Bimodal.Metalogic.Algebraic.ParametricCanonical.parametric_task_rel_nullity_identity 1 unused argument:
  argument 5: [IsOrderedAddMonoid D]
/home/benjamin/Projects/BimodalLogic/Theories/Bimodal/Metalogic/Algebraic/ParametricCanonical.lean:220:1: error: @Bimodal.Metalogic.Algebraic.ParametricCanonical.parametric_task_rel_pos 1 unused argument:
  argument 5: [IsOrderedAddMonoid D]
/home/benjamin/Projects/BimodalLogic/Theories/Bimodal/Metalogic/Algebraic/ParametricCanonical.lean:236:1: error: @Bimodal.Metalogic.Algebraic.ParametricCanonical.parametric_task_rel_neg 1 unused argument:
  argument 5: [IsOrderedAddMonoid D]

-- Bimodal.Metalogic.Algebraic.ParametricCompleteness
/home/benjamin/Projects/BimodalLogic/Theories/Bimodal/Metalogic/Algebraic/ParametricCompleteness.lean:163:1: error: @Bimodal.Metalogic.Algebraic.ParametricCompleteness.parametric_canonical_completeness_relative 1 unused argument:
  argument 10: (h_not_prov : ¬|-![Bimodal.ProofSystem.FrameClass.Base] φ)

-- Bimodal.Metalogic.Algebraic.ParametricTruthLemma
/home/benjamin/Projects/BimodalLogic/Theories/Bimodal/Metalogic/Algebraic/ParametricTruthLemma.lean:175:1: error: @Bimodal.Metalogic.Algebraic.ParametricTruthLemma.parametric_box_persistent 1 unused argument:
  argument 5: [IsOrderedAddMonoid D]
/home/benjamin/Projects/BimodalLogic/Theories/Bimodal/Metalogic/Algebraic/ParametricTruthLemma.lean:210:1: error: @Bimodal.Metalogic.Algebraic.ParametricTruthLemma.parametric_canonical_truth_lemma 1 unused argument:
  argument 6: (h_tc : B.temporally_coherent)
/home/benjamin/Projects/BimodalLogic/Theories/Bimodal/Metalogic/Algebraic/ParametricTruthLemma.lean:355:1: error: @Bimodal.Metalogic.Algebraic.ParametricTruthLemma.parametric_shifted_truth_lemma 1 unused argument:
  argument 6: (h_tc : B.temporally_coherent)

-- Bimodal.Metalogic.Algebraic.RestrictedParametricTruthLemma
/home/benjamin/Projects/BimodalLogic/Theories/Bimodal/Metalogic/Algebraic/RestrictedParametricTruthLemma.lean:101:1: error: @Bimodal.Metalogic.Algebraic.RestrictedParametricTruthLemma.restricted_parametric_shifted_truth_lemma 1 unused argument:
  argument 8: (h_rtc : B.restricted_temporally_coherent root)
/home/benjamin/Projects/BimodalLogic/Theories/Bimodal/Metalogic/Algebraic/RestrictedParametricTruthLemma.lean:265:1: error: @Bimodal.Metalogic.Algebraic.RestrictedParametricTruthLemma.fully_restricted_parametric_shifted_truth_lemma 1 unused argument:
  argument 8: (h_rtc : B.restricted_temporally_coherent root)

-- Bimodal.Metalogic.BXCanonical.Chronicle.ChronicleConstruction
/home/benjamin/Projects/BimodalLogic/Theories/Bimodal/Metalogic/BXCanonical/Chronicle/ChronicleConstruction.lean:113:1: error: @Bimodal.Metalogic.BXCanonical.Chronicle.singleton_c2' 1 unused argument:
  argument 3: (h_mcs : Bimodal.Metalogic.Core.SetMaximalConsistent A)
/home/benjamin/Projects/BimodalLogic/Theories/Bimodal/Metalogic/BXCanonical/Chronicle/ChronicleConstruction.lean:835:1: error: Bimodal.Metalogic.BXCanonical.Chronicle.limit_c3 2 unused arguments:
  argument 7: (hx : x ∈ Bimodal.Metalogic.BXCanonical.Chronicle.limit_dom fc A h_mcs)
  argument 9: (hz : z ∈ Bimodal.Metalogic.BXCanonical.Chronicle.limit_dom fc A h_mcs)
/home/benjamin/Projects/BimodalLogic/Theories/Bimodal/Metalogic/BXCanonical/Chronicle/ChronicleConstruction.lean:1377:1: error: Bimodal.Metalogic.BXCanonical.Chronicle.exists_containing_adjacent 1 unused argument:
  argument 7: (hxy : x < y)

-- Bimodal.Metalogic.BXCanonical.Chronicle.CounterexampleElimination
/home/benjamin/Projects/BimodalLogic/Theories/Bimodal/Metalogic/BXCanonical/Chronicle/CounterexampleElimination.lean:249:1: error: @Bimodal.Metalogic.BXCanonical.Chronicle.c2'_preserved_on_old_adjacent 2 unused arguments:
  argument 7: (h_dom_sub : χ.dom ⊆ χ'.dom)
  argument 10: (h_adj' : Bimodal.Metalogic.BXCanonical.Chronicle.Adjacent χ'.dom a b)
/home/benjamin/Projects/BimodalLogic/Theories/Bimodal/Metalogic/BXCanonical/Chronicle/CounterexampleElimination.lean:434:1: error: @Bimodal.Metalogic.BXCanonical.Chronicle.eliminate_g_prop_counterexample 2 unused arguments:
  argument 8: (h_y_mem : y ∈ χ.dom)
  argument 11: (h_not : α ∉ χ.f y)
/home/benjamin/Projects/BimodalLogic/Theories/Bimodal/Metalogic/BXCanonical/Chronicle/CounterexampleElimination.lean:475:1: error: @Bimodal.Metalogic.BXCanonical.Chronicle.eliminate_h_prop_counterexample 2 unused arguments:
  argument 8: (h_y_mem : y ∈ χ.dom)
  argument 11: (h_not : α ∉ χ.f y)

-- Bimodal.Metalogic.BXCanonical.Chronicle.PointInsertion
/home/benjamin/Projects/BimodalLogic/Theories/Bimodal/Metalogic/BXCanonical/Chronicle/PointInsertion.lean:310:1: error: Bimodal.Metalogic.BXCanonical.Chronicle.lemma_2_6 1 unused argument:
  argument 5: (h_mcs_C : Bimodal.Metalogic.Core.SetMaximalConsistent C)

-- Bimodal.Metalogic.BXCanonical.Frame
/home/benjamin/Projects/BimodalLogic/Theories/Bimodal/Metalogic/BXCanonical/Frame.lean:662:1: error: Bimodal.Metalogic.BXCanonical.bx_until_eventuality_resolution 1 unused argument:
  argument 5: (h_not_psi : ψ ∉ w.formulas)
/home/benjamin/Projects/BimodalLogic/Theories/Bimodal/Metalogic/BXCanonical/Frame.lean:684:1: error: Bimodal.Metalogic.BXCanonical.bx_since_eventuality_resolution 1 unused argument:
  argument 5: (h_not_psi : ψ ∉ w.formulas)

-- Bimodal.Metalogic.Bundle.BFMCS
/home/benjamin/Projects/BimodalLogic/Theories/Bimodal/Metalogic/Bundle/BFMCS.lean:170:1: error: @Bimodal.Metalogic.Bundle.BFMCS.consistent 1 unused argument:
  argument 5: (hfam : fam ∈ B.families Bimodal.ProofSystem.FrameClass.Base)

-- Bimodal.Metalogic.Bundle.ModalSaturation
/home/benjamin/Projects/BimodalLogic/Theories/Bimodal/Metalogic/Bundle/ModalSaturation.lean:115:1: error: @Bimodal.Metalogic.Bundle.diamond_and_not_psi_implies_neg 1 unused argument:
  argument 4: (h_diamond : psi.diamond ∈ S)

-- Bimodal.Metalogic.Bundle.TemporalCoherence
/home/benjamin/Projects/BimodalLogic/Theories/Bimodal/Metalogic/Bundle/TemporalCoherence.lean:303:1: error: @Bimodal.Metalogic.Bundle.BFMCS.temporally_coherent_implies_restricted 1 unused argument:
  argument 4: [Zero D]
/home/benjamin/Projects/BimodalLogic/Theories/Bimodal/Metalogic/Bundle/TemporalCoherence.lean:312:1: error: @Bimodal.Metalogic.Bundle.restricted_temporal_backward_G 1 unused argument:
  argument 4: [Zero D]
/home/benjamin/Projects/BimodalLogic/Theories/Bimodal/Metalogic/Bundle/TemporalCoherence.lean:345:1: error: @Bimodal.Metalogic.Bundle.restricted_temporal_backward_H 1 unused argument:
  argument 4: [Zero D]
/home/benjamin/Projects/BimodalLogic/Theories/Bimodal/Metalogic/Bundle/TemporalCoherence.lean:370:1: error: @Bimodal.Metalogic.Bundle.restricted_temporal_backward_G_strict 1 unused argument:
  argument 4: [Zero D]
/home/benjamin/Projects/BimodalLogic/Theories/Bimodal/Metalogic/Bundle/TemporalCoherence.lean:397:1: error: @Bimodal.Metalogic.Bundle.restricted_temporal_backward_H_strict 1 unused argument:
  argument 4: [Zero D]

-- Bimodal.Metalogic.Decidability.Saturation
/home/benjamin/Projects/BimodalLogic/Theories/Bimodal/Metalogic/Decidability/Saturation.lean:307:1: error: Bimodal.Metalogic.Decidability.expandOnceWithApplied_tracedImpl 1 unused argument:
  argument 4: (tracker : Bimodal.Metalogic.Decidability.EventualityTracker)

-- Bimodal.Metalogic.SoundnessLemmas.FrameClassVariants
/home/benjamin/Projects/BimodalLogic/Theories/Bimodal/Metalogic/SoundnessLemmas/FrameClassVariants.lean:696:1: error: @Bimodal.Metalogic.SoundnessLemmas.prior_UZ_is_valid 2 unused arguments:
  argument 8: [IsPredArchimedean D]
  argument 9: [Nontrivial D]
/home/benjamin/Projects/BimodalLogic/Theories/Bimodal/Metalogic/SoundnessLemmas/FrameClassVariants.lean:737:1: error: @Bimodal.Metalogic.SoundnessLemmas.prior_SZ_is_valid 2 unused arguments:
  argument 7: [IsSuccArchimedean D]
  argument 9: [Nontrivial D]
/home/benjamin/Projects/BimodalLogic/Theories/Bimodal/Metalogic/SoundnessLemmas/FrameClassVariants.lean:776:1: error: @Bimodal.Metalogic.SoundnessLemmas.z1_is_valid 2 unused arguments:
  argument 8: [IsPredArchimedean D]
  argument 9: [Nontrivial D]
/home/benjamin/Projects/BimodalLogic/Theories/Bimodal/Metalogic/SoundnessLemmas/FrameClassVariants.lean:838:1: error: @Bimodal.Metalogic.SoundnessLemmas.z1_past_is_valid 2 unused arguments:
  argument 7: [IsSuccArchimedean D]
  argument 9: [Nontrivial D]

-- Bimodal.Metalogic.WeakCanonical.EFGames.CharacteristicFormula
/home/benjamin/Projects/BimodalLogic/Theories/Bimodal/Metalogic/WeakCanonical/EFGames/CharacteristicFormula.lean:105:1: error: @Bimodal.Metalogic.WeakCanonical.sf_disj_truth_mu 2 unused arguments:
  argument 2: [Fintype sig.preds]
  argument 3: [DecidableEq sig.preds]
/home/benjamin/Projects/BimodalLogic/Theories/Bimodal/Metalogic/WeakCanonical/EFGames/CharacteristicFormula.lean:173:1: error: @Bimodal.Metalogic.WeakCanonical.rank_type_separator 2 unused arguments:
  argument 2: [Fintype sig.preds]
  argument 3: [DecidableEq sig.preds]
/home/benjamin/Projects/BimodalLogic/Theories/Bimodal/Metalogic/WeakCanonical/EFGames/CharacteristicFormula.lean:204:1: error: @Bimodal.Metalogic.WeakCanonical.nf_profile 2 unused arguments:
  argument 2: [Fintype sig.preds]
  argument 3: [DecidableEq sig.preds]
/home/benjamin/Projects/BimodalLogic/Theories/Bimodal/Metalogic/WeakCanonical/EFGames/CharacteristicFormula.lean:554:1: error: @Bimodal.Metalogic.WeakCanonical.sf_untl_truth_mu 2 unused arguments:
  argument 2: [Fintype sig.preds]
  argument 3: [DecidableEq sig.preds]
/home/benjamin/Projects/BimodalLogic/Theories/Bimodal/Metalogic/WeakCanonical/EFGames/CharacteristicFormula.lean:565:1: error: @Bimodal.Metalogic.WeakCanonical.sf_snce_truth_mu 2 unused arguments:
  argument 2: [Fintype sig.preds]
  argument 3: [DecidableEq sig.preds]
/home/benjamin/Projects/BimodalLogic/Theories/Bimodal/Metalogic/WeakCanonical/EFGames/CharacteristicFormula.lean:654:1: error: @Bimodal.Metalogic.WeakCanonical.formula_transfer_rank_embed 2 unused arguments:
  argument 2: [Fintype sig.preds]
  argument 3: [DecidableEq sig.preds]

-- Bimodal.Metalogic.WeakCanonical.EFGames.Composition
/home/benjamin/Projects/BimodalLogic/Theories/Bimodal/Metalogic/WeakCanonical/EFGames/Composition.lean:230:3: error: @Bimodal.Metalogic.WeakCanonical.ghr93_strategy_compose.compose_wc 8 unused arguments:
  argument 20: (hx'd : x' ≤ d)
  argument 21: (hdy' : d ≤ y')
  argument 22: (hcd_type : ∀ (A : Bimodal.Metalogic.WeakCanonical.StaviFormula),
   Bimodal.Metalogic.WeakCanonical.stavi_depth A ≤ r →
     (Bimodal.Metalogic.WeakCanonical.stavi_temporal_truth_mu M atomMap r c A ↔
       Bimodal.Metalogic.WeakCanonical.stavi_temporal_truth_mu N atomMap r d A))
  argument 23: (hcd_gp : (Bimodal.Metalogic.WeakCanonical.IsPoint c ↔ Bimodal.Metalogic.WeakCanonical.IsPoint d) ∧
   (Bimodal.Metalogic.WeakCanonical.IsGap c ↔ Bimodal.Metalogic.WeakCanonical.IsGap d))
  argument 29: (ha_L : ∀ (i : Fin n), Bimodal.Metalogic.WeakCanonical.inClosedInterval x c (a_L i))
  argument 30: (ha_R : ∀ (i : Fin n), Bimodal.Metalogic.WeakCanonical.inClosedInterval c y (a_R i))
  argument 31: (ha'_L : ∀ (i : Fin n), Bimodal.Metalogic.WeakCanonical.inClosedInterval x' d (a'_L i))
  argument 32: (ha'_R : ∀ (i : Fin n), Bimodal.Metalogic.WeakCanonical.inClosedInterval d y' (a'_R i))
/home/benjamin/Projects/BimodalLogic/Theories/Bimodal/Metalogic/WeakCanonical/EFGames/Composition.lean:439:3: error: @Bimodal.Metalogic.WeakCanonical.ghr93_strategy_compose.compose_wc_right 8 unused arguments:
  argument 20: (hx'd : x' ≤ d)
  argument 21: (hdy' : d ≤ y')
  argument 22: (hcd_type : ∀ (A : Bimodal.Metalogic.WeakCanonical.StaviFormula),
   Bimodal.Metalogic.WeakCanonical.stavi_depth A ≤ r →
     (Bimodal.Metalogic.WeakCanonical.stavi_temporal_truth_mu M atomMap r c A ↔
       Bimodal.Metalogic.WeakCanonical.stavi_temporal_truth_mu N atomMap r d A))
  argument 23: (hcd_gp : (Bimodal.Metalogic.WeakCanonical.IsPoint c ↔ Bimodal.Metalogic.WeakCanonical.IsPoint d) ∧
   (Bimodal.Metalogic.WeakCanonical.IsGap c ↔ Bimodal.Metalogic.WeakCanonical.IsGap d))
  argument 29: (ha_L : ∀ (i : Fin n), Bimodal.Metalogic.WeakCanonical.inClosedInterval x c (a_L i))
  argument 30: (ha_R : ∀ (i : Fin n), Bimodal.Metalogic.WeakCanonical.inClosedInterval c y (a_R i))
  argument 31: (ha'_L : ∀ (i : Fin n), Bimodal.Metalogic.WeakCanonical.inClosedInterval x' d (a'_L i))
  argument 32: (ha'_R : ∀ (i : Fin n), Bimodal.Metalogic.WeakCanonical.inClosedInterval d y' (a'_R i))

-- Bimodal.Metalogic.WeakCanonical.EFGames.CustomGame
/home/benjamin/Projects/BimodalLogic/Theories/Bimodal/Metalogic/WeakCanonical/EFGames/CustomGame.lean:200:1: error: @Bimodal.Metalogic.WeakCanonical.pivot_chain_order_rev 2 unused arguments:
  argument 15: (hlt_l : p < a ↔ q < a')
  argument 17: (hlt_r : b < p ↔ b' < q)
/home/benjamin/Projects/BimodalLogic/Theories/Bimodal/Metalogic/WeakCanonical/EFGames/CustomGame.lean:304:1: error: @Bimodal.Metalogic.WeakCanonical.ghr93_duplicator_wins_degenerate_gap 3 unused arguments:
  argument 9: (h_gap_N : Bimodal.Metalogic.WeakCanonical.IsGap e_N)
  argument 11: (h_form : ∀ (A : Bimodal.Metalogic.WeakCanonical.StaviFormula),
   Bimodal.Metalogic.WeakCanonical.stavi_depth A ≤ r →
     (Bimodal.Metalogic.WeakCanonical.stavi_temporal_truth_mu N atomMap r e_N A ↔
       Bimodal.Metalogic.WeakCanonical.stavi_temporal_truth_mu M atomMap r e_M A))
  argument 12: (h_gp : (Bimodal.Metalogic.WeakCanonical.IsPoint e_N ↔ Bimodal.Metalogic.WeakCanonical.IsPoint e_M) ∧
   (Bimodal.Metalogic.WeakCanonical.IsGap e_N ↔ Bimodal.Metalogic.WeakCanonical.IsGap e_M))
/home/benjamin/Projects/BimodalLogic/Theories/Bimodal/Metalogic/WeakCanonical/EFGames/CustomGame.lean:439:1: error: @Bimodal.Metalogic.WeakCanonical.ghr93_duplicator_wins_round_mono 1 unused argument:
  argument 14: (hx'y' : x' ≤ y')
/home/benjamin/Projects/BimodalLogic/Theories/Bimodal/Metalogic/WeakCanonical/EFGames/CustomGame.lean:635:1: error: @Bimodal.Metalogic.WeakCanonical.ghr93_strategy_rank_lift 1 unused argument:
  argument 8: (hr : r ≤ r')
/home/benjamin/Projects/BimodalLogic/Theories/Bimodal/Metalogic/WeakCanonical/EFGames/CustomGame.lean:979:1: error: @Bimodal.Metalogic.WeakCanonical.gap_char_formula_holds 1 unused argument:
  argument 7: (hD_depth : Bimodal.Metalogic.WeakCanonical.stavi_depth D ≤ r)
/home/benjamin/Projects/BimodalLogic/Theories/Bimodal/Metalogic/WeakCanonical/EFGames/CustomGame.lean:1228:1: error: @Bimodal.Metalogic.WeakCanonical.ghr93_strategy_restrict_left 3 unused arguments:
  argument 15: (hx'd : x' ≤ d)
  argument 17: (hcd_type : ∀ (A : Bimodal.Metalogic.WeakCanonical.StaviFormula),
   Bimodal.Metalogic.WeakCanonical.stavi_depth A ≤ r →
     (Bimodal.Metalogic.WeakCanonical.stavi_temporal_truth_mu M atomMap r c A ↔
       Bimodal.Metalogic.WeakCanonical.stavi_temporal_truth_mu N atomMap r d A))
  argument 18: (hcd_gp : (Bimodal.Metalogic.WeakCanonical.IsPoint c ↔ Bimodal.Metalogic.WeakCanonical.IsPoint d) ∧
   (Bimodal.Metalogic.WeakCanonical.IsGap c ↔ Bimodal.Metalogic.WeakCanonical.IsGap d))
/home/benjamin/Projects/BimodalLogic/Theories/Bimodal/Metalogic/WeakCanonical/EFGames/CustomGame.lean:1465:1: error: @Bimodal.Metalogic.WeakCanonical.ghr93_strategy_restrict_right 3 unused arguments:
  argument 16: (hdy' : d ≤ y')
  argument 17: (hcd_type : ∀ (A : Bimodal.Metalogic.WeakCanonical.StaviFormula),
   Bimodal.Metalogic.WeakCanonical.stavi_depth A ≤ r →
     (Bimodal.Metalogic.WeakCanonical.stavi_temporal_truth_mu M atomMap r c A ↔
       Bimodal.Metalogic.WeakCanonical.stavi_temporal_truth_mu N atomMap r d A))
  argument 18: (hcd_gp : (Bimodal.Metalogic.WeakCanonical.IsPoint c ↔ Bimodal.Metalogic.WeakCanonical.IsPoint d) ∧
   (Bimodal.Metalogic.WeakCanonical.IsGap c ↔ Bimodal.Metalogic.WeakCanonical.IsGap d))

-- Bimodal.Metalogic.WeakCanonical.EFGames.Decomposition
/home/benjamin/Projects/BimodalLogic/Theories/Bimodal/Metalogic/WeakCanonical/EFGames/Decomposition.lean:257:1: error: @Bimodal.Metalogic.WeakCanonical.ghr93_decomposition_implies_game 2 unused arguments:
  argument 11: (h_pt : ∃ p,
   Bimodal.Metalogic.WeakCanonical.inClosedInterval x' y' (Bimodal.Metalogic.WeakCanonical.extendPoint p))
  argument 12: (h_pt_M : ∃ p,
   Bimodal.Metalogic.WeakCanonical.inClosedInterval x y (Bimodal.Metalogic.WeakCanonical.extendPoint p))

-- Bimodal.Metalogic.WeakCanonical.EFGames.Defs
/home/benjamin/Projects/BimodalLogic/Theories/Bimodal/Metalogic/WeakCanonical/EFGames/Defs.lean:488:1: error: @Bimodal.Metalogic.WeakCanonical.gap_cut_succ_closed 1 unused argument:
  argument 4: [NoMaxOrder T]
/home/benjamin/Projects/BimodalLogic/Theories/Bimodal/Metalogic/WeakCanonical/EFGames/Defs.lean:509:1: error: @Bimodal.Metalogic.WeakCanonical.gap_complement_pred_closed 1 unused argument:
  argument 4: [NoMinOrder T]
/home/benjamin/Projects/BimodalLogic/Theories/Bimodal/Metalogic/WeakCanonical/EFGames/Defs.lean:526:1: error: @Bimodal.Metalogic.WeakCanonical.discrete_no_gaps 2 unused arguments:
  argument 4: [PredOrder T]
  argument 6: [NoMinOrder T]

-- Bimodal.Metalogic.WeakCanonical.EFGames.StaviCompleteness
/home/benjamin/Projects/BimodalLogic/Theories/Bimodal/Metalogic/WeakCanonical/EFGames/StaviCompleteness.lean:1321:1: error: @Bimodal.Metalogic.WeakCanonical.nf_t_consistent 1 unused argument:
  argument 3: [DecidableEq sig.preds]

-- Bimodal.Metalogic.WeakCanonical.Expressiveness.Claim1
/home/benjamin/Projects/BimodalLogic/Theories/Bimodal/Metalogic/WeakCanonical/Expressiveness/Claim1.lean:29:1: error: @Bimodal.Metalogic.WeakCanonical.base_case_M_eq 2 unused arguments:
  argument 2: [Fintype sig.preds]
  argument 3: [DecidableEq sig.preds]
/home/benjamin/Projects/BimodalLogic/Theories/Bimodal/Metalogic/WeakCanonical/Expressiveness/Claim1.lean:50:1: error: @Bimodal.Metalogic.WeakCanonical.base_case_N_eq 2 unused arguments:
  argument 2: [Fintype sig.preds]
  argument 3: [DecidableEq sig.preds]
/home/benjamin/Projects/BimodalLogic/Theories/Bimodal/Metalogic/WeakCanonical/Expressiveness/Claim1.lean:89:1: error: @Bimodal.Metalogic.WeakCanonical.cont_holds 2 unused arguments:
  argument 2: [Fintype sig.preds]
  argument 3: [DecidableEq sig.preds]
/home/benjamin/Projects/BimodalLogic/Theories/Bimodal/Metalogic/WeakCanonical/Expressiveness/Claim1.lean:104:1: error: @Bimodal.Metalogic.WeakCanonical.cont_holds_cross 2 unused arguments:
  argument 2: [Fintype sig.preds]
  argument 3: [DecidableEq sig.preds]
/home/benjamin/Projects/BimodalLogic/Theories/Bimodal/Metalogic/WeakCanonical/Expressiveness/Claim1.lean:171:1: error: @Bimodal.Metalogic.WeakCanonical.inf_carrier_cut 2 unused arguments:
  argument 2: [Fintype sig.preds]
  argument 3: [DecidableEq sig.preds]
/home/benjamin/Projects/BimodalLogic/Theories/Bimodal/Metalogic/WeakCanonical/Expressiveness/Claim1.lean:239:1: error: @Bimodal.Metalogic.WeakCanonical.inf_carrier_cut_nonempty 1 unused argument:
  argument 10: (h_ne : S.Nonempty)
/home/benjamin/Projects/BimodalLogic/Theories/Bimodal/Metalogic/WeakCanonical/Expressiveness/Claim1.lean:269:1: error: @Bimodal.Metalogic.WeakCanonical.inf_carrier_cut_no_sup 1 unused argument:
  argument 8: (h_ne : S.Nonempty)
/home/benjamin/Projects/BimodalLogic/Theories/Bimodal/Metalogic/WeakCanonical/Expressiveness/Claim1.lean:301:1: error: @Bimodal.Metalogic.WeakCanonical.inf_carrier_cut_complement_no_min 1 unused argument:
  argument 8: (h_ne : S.Nonempty)
/home/benjamin/Projects/BimodalLogic/Theories/Bimodal/Metalogic/WeakCanonical/Expressiveness/Claim1.lean:434:1: error: @Bimodal.Metalogic.WeakCanonical.cont_holds_above_gap 1 unused argument:
  argument 12: (hx'y' : x' ≤ y')
/home/benjamin/Projects/BimodalLogic/Theories/Bimodal/Metalogic/WeakCanonical/Expressiveness/Claim1.lean:478:1: error: @Bimodal.Metalogic.WeakCanonical.cont_fails_below_gap 1 unused argument:
  argument 12: (hx'y' : x' ≤ y')
/home/benjamin/Projects/BimodalLogic/Theories/Bimodal/Metalogic/WeakCanonical/Expressiveness/Claim1.lean:527:1: error: @Bimodal.Metalogic.WeakCanonical.nf_determines_stavi_truth 2 unused arguments:
  argument 2: [Fintype sig.preds]
  argument 3: [DecidableEq sig.preds]
/home/benjamin/Projects/BimodalLogic/Theories/Bimodal/Metalogic/WeakCanonical/Expressiveness/Claim1.lean:590:1: error: @Bimodal.Metalogic.WeakCanonical.nf_determines_stavi_truth_depth 2 unused arguments:
  argument 2: [Fintype sig.preds]
  argument 3: [DecidableEq sig.preds]
/home/benjamin/Projects/BimodalLogic/Theories/Bimodal/Metalogic/WeakCanonical/Expressiveness/Claim1.lean:995:1: error: @Bimodal.Metalogic.WeakCanonical.pigeonhole_definable_formula_cross_strict 1 unused argument:
  argument 13: (hxy : x ≤ y)
/home/benjamin/Projects/BimodalLogic/Theories/Bimodal/Metalogic/WeakCanonical/Expressiveness/Claim1.lean:1253:1: error: @Bimodal.Metalogic.WeakCanonical.infimum_gap_r_definable 1 unused argument:
  argument 11: (ha_n : Bimodal.Metalogic.WeakCanonical.inClosedInterval x' y' a_n)
/home/benjamin/Projects/BimodalLogic/Theories/Bimodal/Metalogic/WeakCanonical/Expressiveness/Claim1.lean:1412:1: error: @Bimodal.Metalogic.WeakCanonical.cont_holds_above_gap_cross 1 unused argument:
  argument 14: (hxy : x ≤ y)
/home/benjamin/Projects/BimodalLogic/Theories/Bimodal/Metalogic/WeakCanonical/Expressiveness/Claim1.lean:1447:1: error: @Bimodal.Metalogic.WeakCanonical.cont_fails_below_gap_cross 1 unused argument:
  argument 14: (hxy : x ≤ y)

-- Bimodal.Metalogic.WeakCanonical.Expressiveness.DConsistencyTransport
/home/benjamin/Projects/BimodalLogic/Theories/Bimodal/Metalogic/WeakCanonical/Expressiveness/DConsistencyTransport.lean:42:1: error: @Bimodal.Metalogic.WeakCanonical.d_consistency_left 7 unused arguments:
  argument 13: (hxy : x ≤ y)
  argument 14: (hx'y' : x' ≤ y')
  argument 15: (hc_interval : Bimodal.Metalogic.WeakCanonical.inClosedInterval x y c)
  argument 16: (hd_interval : Bimodal.Metalogic.WeakCanonical.inClosedInterval x' y' d)
  argument 17: (hcd_form : ∀ (A : Bimodal.Metalogic.WeakCanonical.StaviFormula),
   Bimodal.Metalogic.WeakCanonical.stavi_depth A ≤ r →
     (Bimodal.Metalogic.WeakCanonical.stavi_temporal_truth_mu M atomMap r c A ↔
       Bimodal.Metalogic.WeakCanonical.stavi_temporal_truth_mu N atomMap r d A))
  argument 18: (hcd_gp : (Bimodal.Metalogic.WeakCanonical.IsPoint c ↔ Bimodal.Metalogic.WeakCanonical.IsPoint d) ∧
   (Bimodal.Metalogic.WeakCanonical.IsGap c ↔ Bimodal.Metalogic.WeakCanonical.IsGap d))
  argument 21: (h_fwd_r1 : Bimodal.Metalogic.WeakCanonical.ghr93_duplicator_wins M N atomMap (n + 1) (r + 2)
   (Bimodal.Metalogic.WeakCanonical.rank_embed ⋯ x) (Bimodal.Metalogic.WeakCanonical.rank_embed ⋯ y)
   (Bimodal.Metalogic.WeakCanonical.rank_embed ⋯ x') (Bimodal.Metalogic.WeakCanonical.rank_embed ⋯ y'))
/home/benjamin/Projects/BimodalLogic/Theories/Bimodal/Metalogic/WeakCanonical/Expressiveness/DConsistencyTransport.lean:145:1: error: @Bimodal.Metalogic.WeakCanonical.d_consistency_right 7 unused arguments:
  argument 13: (hxy : x ≤ y)
  argument 14: (hx'y' : x' ≤ y')
  argument 15: (hc_interval : Bimodal.Metalogic.WeakCanonical.inClosedInterval x y c)
  argument 16: (hd_interval : Bimodal.Metalogic.WeakCanonical.inClosedInterval x' y' d)
  argument 17: (hcd_form : ∀ (A : Bimodal.Metalogic.WeakCanonical.StaviFormula),
   Bimodal.Metalogic.WeakCanonical.stavi_depth A ≤ r →
     (Bimodal.Metalogic.WeakCanonical.stavi_temporal_truth_mu M atomMap r c A ↔
       Bimodal.Metalogic.WeakCanonical.stavi_temporal_truth_mu N atomMap r d A))
  argument 18: (hcd_gp : (Bimodal.Metalogic.WeakCanonical.IsPoint c ↔ Bimodal.Metalogic.WeakCanonical.IsPoint d) ∧
   (Bimodal.Metalogic.WeakCanonical.IsGap c ↔ Bimodal.Metalogic.WeakCanonical.IsGap d))
  argument 21: (h_fwd_r1 : Bimodal.Metalogic.WeakCanonical.ghr93_duplicator_wins M N atomMap (n + 1) (r + 2)
   (Bimodal.Metalogic.WeakCanonical.rank_embed ⋯ x) (Bimodal.Metalogic.WeakCanonical.rank_embed ⋯ y)
   (Bimodal.Metalogic.WeakCanonical.rank_embed ⋯ x') (Bimodal.Metalogic.WeakCanonical.rank_embed ⋯ y'))
/home/benjamin/Projects/BimodalLogic/Theories/Bimodal/Metalogic/WeakCanonical/Expressiveness/DConsistencyTransport.lean:250:1: error: @Bimodal.Metalogic.WeakCanonical.ghr93_duplicator_wins_rank_down 1 unused argument:
  argument 14: (hxy : x ≤ y)
/home/benjamin/Projects/BimodalLogic/Theories/Bimodal/Metalogic/WeakCanonical/Expressiveness/DConsistencyTransport.lean:516:1: error: @Bimodal.Metalogic.WeakCanonical.ghr93_rank_down_proj 3 unused arguments:
  argument 14: (hxy : x ≤ y)
  argument 15: (hx'y' : x' ≤ y')
  argument 17: (ha : ∀ (i : Fin m), Bimodal.Metalogic.WeakCanonical.inClosedInterval x y (a i))

-- Bimodal.Metalogic.WeakCanonical.IntegerModel.GoodStructures
/home/benjamin/Projects/BimodalLogic/Theories/Bimodal/Metalogic/WeakCanonical/IntegerModel/GoodStructures.lean:77:1: error: Bimodal.Metalogic.WeakCanonical.k_equiv_of_iso 2 unused arguments:
  argument 2: [Fintype sig.preds]
  argument 3: [DecidableEq sig.preds]
/home/benjamin/Projects/BimodalLogic/Theories/Bimodal/Metalogic/WeakCanonical/IntegerModel/GoodStructures.lean:235:1: error: Bimodal.Metalogic.WeakCanonical.subinterval_finite_of_succ_archimedean 2 unused arguments:
  argument 2: [Fintype sig.preds]
  argument 3: [DecidableEq sig.preds]
/home/benjamin/Projects/BimodalLogic/Theories/Bimodal/Metalogic/WeakCanonical/IntegerModel/GoodStructures.lean:286:1: error: Bimodal.Metalogic.WeakCanonical.good_of_very_good_subinterval 1 unused argument:
  argument 8: (hab : a ≤ b)

-- Bimodal.Metalogic.WeakCanonical.IntegerModel.GoodStructuresModelSurgery
/home/benjamin/Projects/BimodalLogic/Theories/Bimodal/Metalogic/WeakCanonical/IntegerModel/GoodStructuresModelSurgery.lean:89:1: error: @Bimodal.Metalogic.WeakCanonical.temporal_truth_neg_iff_not 2 unused arguments:
  argument 2: [Fintype sig.preds]
  argument 3: [DecidableEq sig.preds]
/home/benjamin/Projects/BimodalLogic/Theories/Bimodal/Metalogic/WeakCanonical/IntegerModel/GoodStructuresModelSurgery.lean:107:1: error: @Bimodal.Metalogic.WeakCanonical.prior_UZ_first_transition 1 unused argument:
  argument 8: [NoMinOrder M.carrier]
/home/benjamin/Projects/BimodalLogic/Theories/Bimodal/Metalogic/WeakCanonical/IntegerModel/GoodStructuresModelSurgery.lean:173:1: error: @Bimodal.Metalogic.WeakCanonical.prior_SZ_last_transition 1 unused argument:
  argument 8: [NoMinOrder M.carrier]
/home/benjamin/Projects/BimodalLogic/Theories/Bimodal/Metalogic/WeakCanonical/IntegerModel/GoodStructuresModelSurgery.lean:269:1: error: Bimodal.Metalogic.WeakCanonical.contemp_equiv_succ_closed_of_no_boundary 1 unused argument:
  argument 7: [NoMaxOrder M.carrier]
/home/benjamin/Projects/BimodalLogic/Theories/Bimodal/Metalogic/WeakCanonical/IntegerModel/GoodStructuresModelSurgery.lean:323:1: error: Bimodal.Metalogic.WeakCanonical.class_gap_exists 2 unused arguments:
  argument 12: (hab : a < b)
  argument 14: (h_succ_closed : ∀ (c : M.carrier),
   Bimodal.Metalogic.WeakCanonical.contemp_equiv sig k M a c →
     Bimodal.Metalogic.WeakCanonical.contemp_equiv sig k M a (Order.succ c))
/home/benjamin/Projects/BimodalLogic/Theories/Bimodal/Metalogic/WeakCanonical/IntegerModel/GoodStructuresModelSurgery.lean:343:1: error: @Bimodal.Metalogic.WeakCanonical.predicate_accessible 2 unused arguments:
  argument 2: [Fintype sig.preds]
  argument 3: [DecidableEq sig.preds]
/home/benjamin/Projects/BimodalLogic/Theories/Bimodal/Metalogic/WeakCanonical/IntegerModel/GoodStructuresModelSurgery.lean:381:1: error: @Bimodal.Metalogic.WeakCanonical.cut_succ_closed 1 unused argument:
  argument 4: [NoMaxOrder T]

-- Bimodal.Metalogic.WeakCanonical.IntegerModel.ReynoldsNoGaps
/home/benjamin/Projects/BimodalLogic/Theories/Bimodal/Metalogic/WeakCanonical/IntegerModel/ReynoldsNoGaps.lean:106:1: error: @Bimodal.Metalogic.WeakCanonical.gap_of_not_succ_archimedean 1 unused argument:
  argument 6: [NoMinOrder T]

-- Bimodal.Metalogic.WeakCanonical.IntegerModel.ShiftAndGlue
/home/benjamin/Projects/BimodalLogic/Theories/Bimodal/Metalogic/WeakCanonical/IntegerModel/ShiftAndGlue.lean:209:1: error: Bimodal.Metalogic.WeakCanonical.OrderedMonadicStructure.hoSubinterval 2 unused arguments:
  argument 2: [Fintype sig.preds]
  argument 3: [DecidableEq sig.preds]

-- Bimodal.Metalogic.WeakCanonical.Kamp.EANegationClosure
/home/benjamin/Projects/BimodalLogic/Theories/Bimodal/Metalogic/WeakCanonical/Kamp/EANegationClosure.lean:251:1: error: @Bimodal.Metalogic.WeakCanonical.Kamp.neg_b2_bracket_formula_hasINF 2 unused arguments:
  argument 4: (h_INF : Bimodal.Metalogic.WeakCanonical.Kamp.HasAttainedINF M atomMap)
  argument 9: (h_lt : z0 < z1)

-- Bimodal.Metalogic.WeakCanonical.Kamp.ExteriorNegation
/home/benjamin/Projects/BimodalLogic/Theories/Bimodal/Metalogic/WeakCanonical/Kamp/ExteriorNegation.lean:285:1: error: @Bimodal.Metalogic.WeakCanonical.Kamp.kvE2_futSpikeEnd 1 unused argument:
  argument 3: [DecidableEq sig.preds]

-- Bimodal.Metalogic.WeakCanonical.Kamp.KampPrior
/home/benjamin/Projects/BimodalLogic/Theories/Bimodal/Metalogic/WeakCanonical/Kamp/KampPrior.lean:147:1: error: @Bimodal.Metalogic.WeakCanonical.Kamp.nf_2var_exist_depth0_tl_fn 1 unused argument:
  argument 3: [DecidableEq sig.preds]
/home/benjamin/Projects/BimodalLogic/Theories/Bimodal/Metalogic/WeakCanonical/Kamp/KampPrior.lean:209:1: error: @Bimodal.Metalogic.WeakCanonical.Kamp.kampPrior_site_env_bridge 2 unused arguments:
  argument 2: [Fintype sig.preds]
  argument 3: [DecidableEq sig.preds]
/home/benjamin/Projects/BimodalLogic/Theories/Bimodal/Metalogic/WeakCanonical/Kamp/KampPrior.lean:828:1: error: @Bimodal.Metalogic.WeakCanonical.Kamp.kampPrior_site_perQnf_seam 2 unused arguments:
  argument 2: [Fintype sig.preds]
  argument 3: [DecidableEq sig.preds]
/home/benjamin/Projects/BimodalLogic/Theories/Bimodal/Metalogic/WeakCanonical/Kamp/KampPrior.lean:1464:1: error: @Bimodal.Metalogic.WeakCanonical.Kamp.kampPrior_fChain_realize_cons 2 unused arguments:
  argument 2: [Fintype sig.preds]
  argument 3: [DecidableEq sig.preds]

-- Bimodal.Metalogic.WeakCanonical.Kamp.LiftPair
/home/benjamin/Projects/BimodalLogic/Theories/Bimodal/Metalogic/WeakCanonical/Kamp/LiftPair.lean:589:1: error: @Bimodal.Metalogic.WeakCanonical.Kamp.liftPairFin_iff 1 unused argument:
  argument 10: (hkl : k < l)

-- Bimodal.Metalogic.WeakCanonical.Kamp.NfDepth0Generalized
/home/benjamin/Projects/BimodalLogic/Theories/Bimodal/Metalogic/WeakCanonical/Kamp/NfDepth0Generalized.lean:60:1: error: @Bimodal.Metalogic.WeakCanonical.Kamp.nfPredAtPos 1 unused argument:
  argument 3: [DecidableEq sig.preds]
/home/benjamin/Projects/BimodalLogic/Theories/Bimodal/Metalogic/WeakCanonical/Kamp/NfDepth0Generalized.lean:96:1: error: @Bimodal.Metalogic.WeakCanonical.Kamp.nf_depth0_pair_cycle_empty' 2 unused arguments:
  argument 2: [Fintype sig.preds]
  argument 3: [DecidableEq sig.preds]
/home/benjamin/Projects/BimodalLogic/Theories/Bimodal/Metalogic/WeakCanonical/Kamp/NfDepth0Generalized.lean:171:1: error: @Bimodal.Metalogic.WeakCanonical.Kamp.mergeNF 2 unused arguments:
  argument 2: [Fintype sig.preds]
  argument 3: [DecidableEq sig.preds]
/home/benjamin/Projects/BimodalLogic/Theories/Bimodal/Metalogic/WeakCanonical/Kamp/NfDepth0Generalized.lean:1735:1: error: @Bimodal.Metalogic.WeakCanonical.Kamp.atomKind_arity1_is_pred 2 unused arguments:
  argument 2: [Fintype sig.preds]
  argument 3: [DecidableEq sig.preds]
/home/benjamin/Projects/BimodalLogic/Theories/Bimodal/Metalogic/WeakCanonical/Kamp/NfDepth0Generalized.lean:1757:1: error: @Bimodal.Metalogic.WeakCanonical.Kamp.nf_quant_clause_tl_correct 2 unused arguments:
  argument 2: [Fintype sig.preds]
  argument 3: [DecidableEq sig.preds]

-- Bimodal.Metalogic.WeakCanonical.Kamp.NfEFold
/home/benjamin/Projects/BimodalLogic/Theories/Bimodal/Metalogic/WeakCanonical/Kamp/NfEFold.lean:54:1: error: @Bimodal.Metalogic.WeakCanonical.Kamp.zoneHolds 2 unused arguments:
  argument 2: [Fintype sig.preds]
  argument 3: [DecidableEq sig.preds]
/home/benjamin/Projects/BimodalLogic/Theories/Bimodal/Metalogic/WeakCanonical/Kamp/NfEFold.lean:64:1: error: Bimodal.Metalogic.WeakCanonical.Kamp.EAtomDom 2 unused arguments:
  argument 2: [Fintype sig.preds]
  argument 3: [DecidableEq sig.preds]
/home/benjamin/Projects/BimodalLogic/Theories/Bimodal/Metalogic/WeakCanonical/Kamp/NfEFold.lean:148:1: error: @Bimodal.Metalogic.WeakCanonical.Kamp.nf0_zoneSpec 2 unused arguments:
  argument 2: [Fintype sig.preds]
  argument 3: [DecidableEq sig.preds]
/home/benjamin/Projects/BimodalLogic/Theories/Bimodal/Metalogic/WeakCanonical/Kamp/NfEFold.lean:158:1: error: @Bimodal.Metalogic.WeakCanonical.Kamp.nf0_projFresh 2 unused arguments:
  argument 2: [Fintype sig.preds]
  argument 3: [DecidableEq sig.preds]
/home/benjamin/Projects/BimodalLogic/Theories/Bimodal/Metalogic/WeakCanonical/Kamp/NfEFold.lean:175:1: error: @Bimodal.Metalogic.WeakCanonical.Kamp.nf0_assemble 2 unused arguments:
  argument 2: [Fintype sig.preds]
  argument 3: [DecidableEq sig.preds]
/home/benjamin/Projects/BimodalLogic/Theories/Bimodal/Metalogic/WeakCanonical/Kamp/NfEFold.lean:590:1: error: @Bimodal.Metalogic.WeakCanonical.Kamp.nf_eval_nf_atom_layer 2 unused arguments:
  argument 2: [Fintype sig.preds]
  argument 3: [DecidableEq sig.preds]

-- Bimodal.Metalogic.WeakCanonical.Kamp.NfMultiAnchorBridge.AggregateHookDischarge
/home/benjamin/Projects/BimodalLogic/Theories/Bimodal/Metalogic/WeakCanonical/Kamp/NfMultiAnchorBridge/AggregateHookDischarge.lean:306:1: error: @Bimodal.Metalogic.WeakCanonical.Kamp.aggBracket_extract 2 unused arguments:
  argument 2: [Fintype sig.preds]
  argument 3: [DecidableEq sig.preds]
/home/benjamin/Projects/BimodalLogic/Theories/Bimodal/Metalogic/WeakCanonical/Kamp/NfMultiAnchorBridge/AggregateHookDischarge.lean:363:1: error: @Bimodal.Metalogic.WeakCanonical.Kamp.aggBracket_construct 2 unused arguments:
  argument 2: [Fintype sig.preds]
  argument 3: [DecidableEq sig.preds]

-- Bimodal.Metalogic.WeakCanonical.Kamp.NfMultiAnchorBridge.AggregateOffDiagK1
/home/benjamin/Projects/BimodalLogic/Theories/Bimodal/Metalogic/WeakCanonical/Kamp/NfMultiAnchorBridge/AggregateOffDiagK1.lean:263:1: error: @Bimodal.Metalogic.WeakCanonical.Kamp.aggOdClassify_extPast 2 unused arguments:
  argument 2: [Fintype sig.preds]
  argument 3: [DecidableEq sig.preds]
/home/benjamin/Projects/BimodalLogic/Theories/Bimodal/Metalogic/WeakCanonical/Kamp/NfMultiAnchorBridge/AggregateOffDiagK1.lean:269:1: error: @Bimodal.Metalogic.WeakCanonical.Kamp.aggOdClassify_ptX 2 unused arguments:
  argument 2: [Fintype sig.preds]
  argument 3: [DecidableEq sig.preds]
/home/benjamin/Projects/BimodalLogic/Theories/Bimodal/Metalogic/WeakCanonical/Kamp/NfMultiAnchorBridge/AggregateOffDiagK1.lean:276:1: error: @Bimodal.Metalogic.WeakCanonical.Kamp.aggOdClassify_int 2 unused arguments:
  argument 2: [Fintype sig.preds]
  argument 3: [DecidableEq sig.preds]
/home/benjamin/Projects/BimodalLogic/Theories/Bimodal/Metalogic/WeakCanonical/Kamp/NfMultiAnchorBridge/AggregateOffDiagK1.lean:284:1: error: @Bimodal.Metalogic.WeakCanonical.Kamp.aggOdClassify_ptT 2 unused arguments:
  argument 2: [Fintype sig.preds]
  argument 3: [DecidableEq sig.preds]
/home/benjamin/Projects/BimodalLogic/Theories/Bimodal/Metalogic/WeakCanonical/Kamp/NfMultiAnchorBridge/AggregateOffDiagK1.lean:293:1: error: @Bimodal.Metalogic.WeakCanonical.Kamp.aggOdClassify_extFut 2 unused arguments:
  argument 2: [Fintype sig.preds]
  argument 3: [DecidableEq sig.preds]
/home/benjamin/Projects/BimodalLogic/Theories/Bimodal/Metalogic/WeakCanonical/Kamp/NfMultiAnchorBridge/AggregateOffDiagK1.lean:453:1: error: @Bimodal.Metalogic.WeakCanonical.Kamp.aggOdClassifyF_extPast 2 unused arguments:
  argument 2: [Fintype sig.preds]
  argument 3: [DecidableEq sig.preds]
/home/benjamin/Projects/BimodalLogic/Theories/Bimodal/Metalogic/WeakCanonical/Kamp/NfMultiAnchorBridge/AggregateOffDiagK1.lean:459:1: error: @Bimodal.Metalogic.WeakCanonical.Kamp.aggOdClassifyF_ptT 2 unused arguments:
  argument 2: [Fintype sig.preds]
  argument 3: [DecidableEq sig.preds]
/home/benjamin/Projects/BimodalLogic/Theories/Bimodal/Metalogic/WeakCanonical/Kamp/NfMultiAnchorBridge/AggregateOffDiagK1.lean:465:1: error: @Bimodal.Metalogic.WeakCanonical.Kamp.aggOdClassifyF_int 2 unused arguments:
  argument 2: [Fintype sig.preds]
  argument 3: [DecidableEq sig.preds]
/home/benjamin/Projects/BimodalLogic/Theories/Bimodal/Metalogic/WeakCanonical/Kamp/NfMultiAnchorBridge/AggregateOffDiagK1.lean:473:1: error: @Bimodal.Metalogic.WeakCanonical.Kamp.aggOdClassifyF_ptX 2 unused arguments:
  argument 2: [Fintype sig.preds]
  argument 3: [DecidableEq sig.preds]
/home/benjamin/Projects/BimodalLogic/Theories/Bimodal/Metalogic/WeakCanonical/Kamp/NfMultiAnchorBridge/AggregateOffDiagK1.lean:482:1: error: @Bimodal.Metalogic.WeakCanonical.Kamp.aggOdClassifyF_extFut 2 unused arguments:
  argument 2: [Fintype sig.preds]
  argument 3: [DecidableEq sig.preds]
/home/benjamin/Projects/BimodalLogic/Theories/Bimodal/Metalogic/WeakCanonical/Kamp/NfMultiAnchorBridge/AggregateOffDiagK1.lean:1178:1: error: @Bimodal.Metalogic.WeakCanonical.Kamp.aggOd_holdsRight_iff_holds 2 unused arguments:
  argument 2: [Fintype sig.preds]
  argument 3: [DecidableEq sig.preds]
/home/benjamin/Projects/BimodalLogic/Theories/Bimodal/Metalogic/WeakCanonical/Kamp/NfMultiAnchorBridge/AggregateOffDiagK1.lean:1190:1: error: @Bimodal.Metalogic.WeakCanonical.Kamp.aggOd_holdsLeft_iff_holds 2 unused arguments:
  argument 2: [Fintype sig.preds]
  argument 3: [DecidableEq sig.preds]
/home/benjamin/Projects/BimodalLogic/Theories/Bimodal/Metalogic/WeakCanonical/Kamp/NfMultiAnchorBridge/AggregateOffDiagK1.lean:1201:1: error: @Bimodal.Metalogic.WeakCanonical.Kamp.aggOdPopFold_iff 2 unused arguments:
  argument 2: [Fintype sig.preds]
  argument 3: [DecidableEq sig.preds]
/home/benjamin/Projects/BimodalLogic/Theories/Bimodal/Metalogic/WeakCanonical/Kamp/NfMultiAnchorBridge/AggregateOffDiagK1.lean:1384:1: error: @Bimodal.Metalogic.WeakCanonical.Kamp.aggOd_eval2_iff 2 unused arguments:
  argument 2: [Fintype sig.preds]
  argument 3: [DecidableEq sig.preds]

-- Bimodal.Metalogic.WeakCanonical.Kamp.NfMultiAnchorBridge.Base
/home/benjamin/Projects/BimodalLogic/Theories/Bimodal/Metalogic/WeakCanonical/Kamp/NfMultiAnchorBridge/Base.lean:166:1: error: @Bimodal.Metalogic.WeakCanonical.Kamp.nf_char2_diag_exist_tl 2 unused arguments:
  argument 2: [Fintype sig.preds]
  argument 3: [DecidableEq sig.preds]
/home/benjamin/Projects/BimodalLogic/Theories/Bimodal/Metalogic/WeakCanonical/Kamp/NfMultiAnchorBridge/Base.lean:227:1: error: @Bimodal.Metalogic.WeakCanonical.Kamp.nf_char2_atom_part 1 unused argument:
  argument 3: [DecidableEq sig.preds]
/home/benjamin/Projects/BimodalLogic/Theories/Bimodal/Metalogic/WeakCanonical/Kamp/NfMultiAnchorBridge/Base.lean:337:1: error: @Bimodal.Metalogic.WeakCanonical.Kamp.nf2_locus 2 unused arguments:
  argument 2: [Fintype sig.preds]
  argument 3: [DecidableEq sig.preds]
/home/benjamin/Projects/BimodalLogic/Theories/Bimodal/Metalogic/WeakCanonical/Kamp/NfMultiAnchorBridge/Base.lean:549:1: error: @Bimodal.Metalogic.WeakCanonical.Kamp.zoneEnv3_arity_invariant 2 unused arguments:
  argument 2: [Fintype sig.preds]
  argument 3: [DecidableEq sig.preds]
/home/benjamin/Projects/BimodalLogic/Theories/Bimodal/Metalogic/WeakCanonical/Kamp/NfMultiAnchorBridge/Base.lean:592:1: error: @Bimodal.Metalogic.WeakCanonical.Kamp.nf_char2_zone_split5 2 unused arguments:
  argument 2: [Fintype sig.preds]
  argument 3: [DecidableEq sig.preds]
/home/benjamin/Projects/BimodalLogic/Theories/Bimodal/Metalogic/WeakCanonical/Kamp/NfMultiAnchorBridge/Base.lean:608:1: error: @Bimodal.Metalogic.WeakCanonical.Kamp.nf_char3_deeper_split 2 unused arguments:
  argument 2: [Fintype sig.preds]
  argument 3: [DecidableEq sig.preds]
/home/benjamin/Projects/BimodalLogic/Theories/Bimodal/Metalogic/WeakCanonical/Kamp/NfMultiAnchorBridge/Base.lean:672:1: error: @Bimodal.Metalogic.WeakCanonical.Kamp.nf_zone_flatten_navigable 2 unused arguments:
  argument 2: [Fintype sig.preds]
  argument 3: [DecidableEq sig.preds]
/home/benjamin/Projects/BimodalLogic/Theories/Bimodal/Metalogic/WeakCanonical/Kamp/NfMultiAnchorBridge/Base.lean:1028:1: error: @Bimodal.Metalogic.WeakCanonical.Kamp.nf3_locus0 2 unused arguments:
  argument 2: [Fintype sig.preds]
  argument 3: [DecidableEq sig.preds]
/home/benjamin/Projects/BimodalLogic/Theories/Bimodal/Metalogic/WeakCanonical/Kamp/NfMultiAnchorBridge/Base.lean:1052:1: error: Bimodal.Metalogic.WeakCanonical.Kamp.EndCharCarrier 2 unused arguments:
  argument 2: [Fintype sig.preds]
  argument 3: [DecidableEq sig.preds]
/home/benjamin/Projects/BimodalLogic/Theories/Bimodal/Metalogic/WeakCanonical/Kamp/NfMultiAnchorBridge/Base.lean:1595:1: error: @Bimodal.Metalogic.WeakCanonical.Kamp.nf_eval_nf_step_unfold 2 unused arguments:
  argument 2: [Fintype sig.preds]
  argument 3: [DecidableEq sig.preds]
/home/benjamin/Projects/BimodalLogic/Theories/Bimodal/Metalogic/WeakCanonical/Kamp/NfMultiAnchorBridge/Base.lean:1691:1: error: Bimodal.Metalogic.WeakCanonical.Kamp.EndCharMotive 2 unused arguments:
  argument 2: [Fintype sig.preds]
  argument 3: [DecidableEq sig.preds]
/home/benjamin/Projects/BimodalLogic/Theories/Bimodal/Metalogic/WeakCanonical/Kamp/NfMultiAnchorBridge/Base.lean:1743:1: error: @Bimodal.Metalogic.WeakCanonical.Kamp.nfN_locus0 2 unused arguments:
  argument 2: [Fintype sig.preds]
  argument 3: [DecidableEq sig.preds]
/home/benjamin/Projects/BimodalLogic/Theories/Bimodal/Metalogic/WeakCanonical/Kamp/NfMultiAnchorBridge/Base.lean:1845:1: error: @Bimodal.Metalogic.WeakCanonical.Kamp.endCharN0_correct_world_local_obstruction 2 unused arguments:
  argument 2: [Fintype sig.preds]
  argument 3: [DecidableEq sig.preds]

-- Bimodal.Metalogic.WeakCanonical.Kamp.NfMultiAnchorBridge.CarrierK1V
/home/benjamin/Projects/BimodalLogic/Theories/Bimodal/Metalogic/WeakCanonical/Kamp/NfMultiAnchorBridge/CarrierK1V.lean:44:1: error: Bimodal.Metalogic.WeakCanonical.Kamp.BracketEndCharCarrier 2 unused arguments:
  argument 2: [Fintype sig.preds]
  argument 3: [DecidableEq sig.preds]
/home/benjamin/Projects/BimodalLogic/Theories/Bimodal/Metalogic/WeakCanonical/Kamp/NfMultiAnchorBridge/CarrierK1V.lean:358:1: error: Bimodal.Metalogic.WeakCanonical.Kamp.BracketEndCharCarrierV 2 unused arguments:
  argument 2: [Fintype sig.preds]
  argument 3: [DecidableEq sig.preds]
/home/benjamin/Projects/BimodalLogic/Theories/Bimodal/Metalogic/WeakCanonical/Kamp/NfMultiAnchorBridge/CarrierK1V.lean:755:1: error: @Bimodal.Metalogic.WeakCanonical.Kamp.k1v_bracket_extract_mono 2 unused arguments:
  argument 2: [Fintype sig.preds]
  argument 3: [DecidableEq sig.preds]
/home/benjamin/Projects/BimodalLogic/Theories/Bimodal/Metalogic/WeakCanonical/Kamp/NfMultiAnchorBridge/CarrierK1V.lean:2104:1: error: @Bimodal.Metalogic.WeakCanonical.Kamp.VVecEA2.singleton_holds 2 unused arguments:
  argument 2: [Fintype sig.preds]
  argument 3: [DecidableEq sig.preds]

-- Bimodal.Metalogic.WeakCanonical.Kamp.NfMultiAnchorBridge.CarrierKv
/home/benjamin/Projects/BimodalLogic/Theories/Bimodal/Metalogic/WeakCanonical/Kamp/NfMultiAnchorBridge/CarrierKv.lean:51:1: error: @Bimodal.Metalogic.WeakCanonical.Kamp.atomKind_castLE 2 unused arguments:
  argument 2: [Fintype sig.preds]
  argument 3: [DecidableEq sig.preds]

-- Bimodal.Metalogic.WeakCanonical.Kamp.NfMultiAnchorBridge.ExteriorConverterK
/home/benjamin/Projects/BimodalLogic/Theories/Bimodal/Metalogic/WeakCanonical/Kamp/NfMultiAnchorBridge/ExteriorConverterK.lean:114:1: error: @Bimodal.Metalogic.WeakCanonical.Kamp.kvE_extNegFut_complete 2 unused arguments:
  argument 14: (hxw : x < w)
  argument 15: (hwt : w < t)

-- Bimodal.Metalogic.WeakCanonical.Kamp.NfMultiAnchorBridge.ExteriorConverterPastK
/home/benjamin/Projects/BimodalLogic/Theories/Bimodal/Metalogic/WeakCanonical/Kamp/NfMultiAnchorBridge/ExteriorConverterPastK.lean:89:1: error: @Bimodal.Metalogic.WeakCanonical.Kamp.kvE_extNegPast_complete 2 unused arguments:
  argument 14: (hxw : x < w)
  argument 15: (hwt : w < t)

-- Bimodal.Metalogic.WeakCanonical.Kamp.NfMultiAnchorBridge.ExteriorFiberK
/home/benjamin/Projects/BimodalLogic/Theories/Bimodal/Metalogic/WeakCanonical/Kamp/NfMultiAnchorBridge/ExteriorFiberK.lean:261:1: error: @Bimodal.Metalogic.WeakCanonical.Kamp.kvE_minPick 2 unused arguments:
  argument 2: [Fintype sig.preds]
  argument 3: [DecidableEq sig.preds]

-- Bimodal.Metalogic.WeakCanonical.Kamp.NfMultiAnchorBridge.ExteriorNegationK
/home/benjamin/Projects/BimodalLogic/Theories/Bimodal/Metalogic/WeakCanonical/Kamp/NfMultiAnchorBridge/ExteriorNegationK.lean:307:1: error: @Bimodal.Metalogic.WeakCanonical.Kamp.kvE_futChainDestructG 2 unused arguments:
  argument 2: [Fintype sig.preds]
  argument 3: [DecidableEq sig.preds]

-- Bimodal.Metalogic.WeakCanonical.Kamp.NfMultiAnchorBridge.ExteriorNegationPastK
/home/benjamin/Projects/BimodalLogic/Theories/Bimodal/Metalogic/WeakCanonical/Kamp/NfMultiAnchorBridge/ExteriorNegationPastK.lean:306:1: error: @Bimodal.Metalogic.WeakCanonical.Kamp.kvE_pastMaxPick 2 unused arguments:
  argument 2: [Fintype sig.preds]
  argument 3: [DecidableEq sig.preds]
/home/benjamin/Projects/BimodalLogic/Theories/Bimodal/Metalogic/WeakCanonical/Kamp/NfMultiAnchorBridge/ExteriorNegationPastK.lean:428:1: error: @Bimodal.Metalogic.WeakCanonical.Kamp.kvE_pastChainDestructG 2 unused arguments:
  argument 2: [Fintype sig.preds]
  argument 3: [DecidableEq sig.preds]

-- Bimodal.Metalogic.WeakCanonical.Kamp.NfMultiAnchorBridge.InteriorGateGeneralK
/home/benjamin/Projects/BimodalLogic/Theories/Bimodal/Metalogic/WeakCanonical/Kamp/NfMultiAnchorBridge/InteriorGateGeneralK.lean:252:1: error: @Bimodal.Metalogic.WeakCanonical.Kamp.igGate 2 unused arguments:
  argument 2: [Fintype sig.preds]
  argument 3: [DecidableEq sig.preds]
/home/benjamin/Projects/BimodalLogic/Theories/Bimodal/Metalogic/WeakCanonical/Kamp/NfMultiAnchorBridge/InteriorGateGeneralK.lean:272:1: error: @Bimodal.Metalogic.WeakCanonical.Kamp.igCharP 2 unused arguments:
  argument 2: [Fintype sig.preds]
  argument 3: [DecidableEq sig.preds]
/home/benjamin/Projects/BimodalLogic/Theories/Bimodal/Metalogic/WeakCanonical/Kamp/NfMultiAnchorBridge/InteriorGateGeneralK.lean:1397:1: error: @Bimodal.Metalogic.WeakCanonical.Kamp.igGateFib 2 unused arguments:
  argument 2: [Fintype sig.preds]
  argument 3: [DecidableEq sig.preds]
/home/benjamin/Projects/BimodalLogic/Theories/Bimodal/Metalogic/WeakCanonical/Kamp/NfMultiAnchorBridge/InteriorGateGeneralK.lean:1416:1: error: @Bimodal.Metalogic.WeakCanonical.Kamp.igCharPFib 2 unused arguments:
  argument 2: [Fintype sig.preds]
  argument 3: [DecidableEq sig.preds]

-- Bimodal.Metalogic.WeakCanonical.Kamp.NfMultiAnchorBridge.NavigatedSpine
/home/benjamin/Projects/BimodalLogic/Theories/Bimodal/Metalogic/WeakCanonical/Kamp/NfMultiAnchorBridge/NavigatedSpine.lean:143:1: error: @Bimodal.Metalogic.WeakCanonical.Kamp.VVecEA2.disjList_holds 2 unused arguments:
  argument 2: [Fintype sig.preds]
  argument 3: [DecidableEq sig.preds]
/home/benjamin/Projects/BimodalLogic/Theories/Bimodal/Metalogic/WeakCanonical/Kamp/NfMultiAnchorBridge/NavigatedSpine.lean:173:1: error: @Bimodal.Metalogic.WeakCanonical.Kamp.reflatten_neg_step 2 unused arguments:
  argument 2: [Fintype sig.preds]
  argument 3: [DecidableEq sig.preds]
/home/benjamin/Projects/BimodalLogic/Theories/Bimodal/Metalogic/WeakCanonical/Kamp/NfMultiAnchorBridge/NavigatedSpine.lean:239:1: error: @Bimodal.Metalogic.WeakCanonical.Kamp.VVecEA2.holds_flatMap_map 2 unused arguments:
  argument 2: [Fintype sig.preds]
  argument 3: [DecidableEq sig.preds]
/home/benjamin/Projects/BimodalLogic/Theories/Bimodal/Metalogic/WeakCanonical/Kamp/NfMultiAnchorBridge/NavigatedSpine.lean:271:1: error: @Bimodal.Metalogic.WeakCanonical.Kamp.kvE_nonInterior_zPastX_sound 2 unused arguments:
  argument 2: [Fintype sig.preds]
  argument 3: [DecidableEq sig.preds]
/home/benjamin/Projects/BimodalLogic/Theories/Bimodal/Metalogic/WeakCanonical/Kamp/NfMultiAnchorBridge/NavigatedSpine.lean:285:1: error: @Bimodal.Metalogic.WeakCanonical.Kamp.kvE_nonInterior_zFutT_sound 2 unused arguments:
  argument 2: [Fintype sig.preds]
  argument 3: [DecidableEq sig.preds]
/home/benjamin/Projects/BimodalLogic/Theories/Bimodal/Metalogic/WeakCanonical/Kamp/NfMultiAnchorBridge/NavigatedSpine.lean:299:1: error: @Bimodal.Metalogic.WeakCanonical.Kamp.kvE_nonInterior_zAtX_sound 2 unused arguments:
  argument 2: [Fintype sig.preds]
  argument 3: [DecidableEq sig.preds]
/home/benjamin/Projects/BimodalLogic/Theories/Bimodal/Metalogic/WeakCanonical/Kamp/NfMultiAnchorBridge/NavigatedSpine.lean:310:1: error: @Bimodal.Metalogic.WeakCanonical.Kamp.kvE_nonInterior_zAtT_sound 2 unused arguments:
  argument 2: [Fintype sig.preds]
  argument 3: [DecidableEq sig.preds]
/home/benjamin/Projects/BimodalLogic/Theories/Bimodal/Metalogic/WeakCanonical/Kamp/NfMultiAnchorBridge/NavigatedSpine.lean:321:1: error: @Bimodal.Metalogic.WeakCanonical.Kamp.kvE_nonInterior_zAtW_sound 2 unused arguments:
  argument 2: [Fintype sig.preds]
  argument 3: [DecidableEq sig.preds]
/home/benjamin/Projects/BimodalLogic/Theories/Bimodal/Metalogic/WeakCanonical/Kamp/NfMultiAnchorBridge/NavigatedSpine.lean:350:1: error: @Bimodal.Metalogic.WeakCanonical.Kamp.kvE_nonInterior_zPastX_complete 2 unused arguments:
  argument 2: [Fintype sig.preds]
  argument 3: [DecidableEq sig.preds]
/home/benjamin/Projects/BimodalLogic/Theories/Bimodal/Metalogic/WeakCanonical/Kamp/NfMultiAnchorBridge/NavigatedSpine.lean:362:1: error: @Bimodal.Metalogic.WeakCanonical.Kamp.kvE_nonInterior_zFutT_complete 2 unused arguments:
  argument 2: [Fintype sig.preds]
  argument 3: [DecidableEq sig.preds]
/home/benjamin/Projects/BimodalLogic/Theories/Bimodal/Metalogic/WeakCanonical/Kamp/NfMultiAnchorBridge/NavigatedSpine.lean:374:1: error: @Bimodal.Metalogic.WeakCanonical.Kamp.kvE_nonInterior_zAtX_complete 2 unused arguments:
  argument 2: [Fintype sig.preds]
  argument 3: [DecidableEq sig.preds]
/home/benjamin/Projects/BimodalLogic/Theories/Bimodal/Metalogic/WeakCanonical/Kamp/NfMultiAnchorBridge/NavigatedSpine.lean:384:1: error: @Bimodal.Metalogic.WeakCanonical.Kamp.kvE_nonInterior_zAtT_complete 2 unused arguments:
  argument 2: [Fintype sig.preds]
  argument 3: [DecidableEq sig.preds]
/home/benjamin/Projects/BimodalLogic/Theories/Bimodal/Metalogic/WeakCanonical/Kamp/NfMultiAnchorBridge/NavigatedSpine.lean:393:1: error: @Bimodal.Metalogic.WeakCanonical.Kamp.kvE_nonInterior_zAtW_complete 2 unused arguments:
  argument 2: [Fintype sig.preds]
  argument 3: [DecidableEq sig.preds]

-- Bimodal.Metalogic.WeakCanonical.Kamp.NfMultiAnchorBridge.OuterGate
/home/benjamin/Projects/BimodalLogic/Theories/Bimodal/Metalogic/WeakCanonical/Kamp/NfMultiAnchorBridge/OuterGate.lean:141:1: error: @Bimodal.Metalogic.WeakCanonical.Kamp.bracketEndChar_kvE2_complete_two_prior 4 unused arguments:
  argument 10: (h_xt : qnf.atom_assgn (Bimodal.Metalogic.WeakCanonical.AtomKind.order ⟨1, ⋯⟩ ⟨2, ⋯⟩ ⋯) = true)
  argument 11: (h_yx : qnf.atom_assgn (Bimodal.Metalogic.WeakCanonical.AtomKind.order ⟨0, ⋯⟩ ⟨1, ⋯⟩ ⋯) = false)
  argument 12: (h_ty : qnf.atom_assgn (Bimodal.Metalogic.WeakCanonical.AtomKind.order ⟨2, ⋯⟩ ⟨0, ⋯⟩ ⋯) = false)
  argument 13: (h_tx : qnf.atom_assgn (Bimodal.Metalogic.WeakCanonical.AtomKind.order ⟨2, ⋯⟩ ⟨1, ⋯⟩ ⋯) = false)
/home/benjamin/Projects/BimodalLogic/Theories/Bimodal/Metalogic/WeakCanonical/Kamp/NfMultiAnchorBridge/OuterGate.lean:242:1: error: @Bimodal.Metalogic.WeakCanonical.Kamp.bracketEndChar_kvE2_sound_two_prior_frag 1 unused argument:
  argument 17: (hfrag : Bimodal.Metalogic.WeakCanonical.Kamp.kvE2_sepFragment qnf)

-- Bimodal.Metalogic.WeakCanonical.Kamp.NfMultiAnchorBridge.SharedWitness
/home/benjamin/Projects/BimodalLogic/Theories/Bimodal/Metalogic/WeakCanonical/Kamp/NfMultiAnchorBridge/SharedWitness.lean:160:1: error: @Bimodal.Metalogic.WeakCanonical.Kamp.kvE2_sepProj4 2 unused arguments:
  argument 2: [Fintype sig.preds]
  argument 3: [DecidableEq sig.preds]
/home/benjamin/Projects/BimodalLogic/Theories/Bimodal/Metalogic/WeakCanonical/Kamp/NfMultiAnchorBridge/SharedWitness.lean:169:1: error: @Bimodal.Metalogic.WeakCanonical.Kamp.kvE2_sepProj3 2 unused arguments:
  argument 2: [Fintype sig.preds]
  argument 3: [DecidableEq sig.preds]
/home/benjamin/Projects/BimodalLogic/Theories/Bimodal/Metalogic/WeakCanonical/Kamp/NfMultiAnchorBridge/SharedWitness.lean:1297:1: error: Bimodal.Metalogic.WeakCanonical.Kamp.KvE2SepWeakOrder 2 unused arguments:
  argument 2: [Fintype sig.preds]
  argument 3: [DecidableEq sig.preds]
/home/benjamin/Projects/BimodalLogic/Theories/Bimodal/Metalogic/WeakCanonical/Kamp/NfMultiAnchorBridge/SharedWitness.lean:3141:1: error: @Bimodal.Metalogic.WeakCanonical.Kamp.kvE2_sepCoincidentOwner_valid_left 1 unused argument:
  argument 9: (hxw : x < w)
/home/benjamin/Projects/BimodalLogic/Theories/Bimodal/Metalogic/WeakCanonical/Kamp/NfMultiAnchorBridge/SharedWitness.lean:3211:1: error: @Bimodal.Metalogic.WeakCanonical.Kamp.kvE2_sepCoincidentOwner_valid_right 1 unused argument:
  argument 10: (hwt : w < t)
/home/benjamin/Projects/BimodalLogic/Theories/Bimodal/Metalogic/WeakCanonical/Kamp/NfMultiAnchorBridge/SharedWitness.lean:3465:1: error: @Bimodal.Metalogic.WeakCanonical.Kamp.kvE2_sepAnchorVal 2 unused arguments:
  argument 2: [Fintype sig.preds]
  argument 3: [DecidableEq sig.preds]
/home/benjamin/Projects/BimodalLogic/Theories/Bimodal/Metalogic/WeakCanonical/Kamp/NfMultiAnchorBridge/SharedWitness.lean:3559:1: error: @Bimodal.Metalogic.WeakCanonical.Kamp.kvE2_sepHonestAnchorBundleL 2 unused arguments:
  argument 9: (hxw : x < w)
  argument 10: (hwt : w < t)
/home/benjamin/Projects/BimodalLogic/Theories/Bimodal/Metalogic/WeakCanonical/Kamp/NfMultiAnchorBridge/SharedWitness.lean:3602:1: error: @Bimodal.Metalogic.WeakCanonical.Kamp.kvE2_sepHonestAnchorBundleR 2 unused arguments:
  argument 9: (hxw : x < w)
  argument 10: (hwt : w < t)
/home/benjamin/Projects/BimodalLogic/Theories/Bimodal/Metalogic/WeakCanonical/Kamp/NfMultiAnchorBridge/SharedWitness.lean:5577:1: error: @Bimodal.Metalogic.WeakCanonical.Kamp.kvE2_sepCastBracket_holds 2 unused arguments:
  argument 2: [Fintype sig.preds]
  argument 3: [DecidableEq sig.preds]
/home/benjamin/Projects/BimodalLogic/Theories/Bimodal/Metalogic/WeakCanonical/Kamp/NfMultiAnchorBridge/SharedWitness.lean:5585:1: error: @Bimodal.Metalogic.WeakCanonical.Kamp.kvE2_sepBracket_split_at 2 unused arguments:
  argument 2: [Fintype sig.preds]
  argument 3: [DecidableEq sig.preds]
/home/benjamin/Projects/BimodalLogic/Theories/Bimodal/Metalogic/WeakCanonical/Kamp/NfMultiAnchorBridge/SharedWitness.lean:9337:1: error: @Bimodal.Metalogic.WeakCanonical.Kamp.kvE2_sepSegLAt_gap_eval 1 unused argument:
  argument 5: (charK : Bimodal.Metalogic.WeakCanonical.NormalForm sig 1 1 → Bimodal.Syntax.Formula)
/home/benjamin/Projects/BimodalLogic/Theories/Bimodal/Metalogic/WeakCanonical/Kamp/NfMultiAnchorBridge/SharedWitness.lean:9380:1: error: @Bimodal.Metalogic.WeakCanonical.Kamp.kvE2_sepSegRAt_gap_eval 1 unused argument:
  argument 5: (charK : Bimodal.Metalogic.WeakCanonical.NormalForm sig 1 1 → Bimodal.Syntax.Formula)
/home/benjamin/Projects/BimodalLogic/Theories/Bimodal/Metalogic/WeakCanonical/Kamp/NfMultiAnchorBridge/SharedWitness.lean:10361:1: error: @Bimodal.Metalogic.WeakCanonical.Kamp.kvE2_sepBundleR_sound_frag 1 unused argument:
  argument 13: (hwx1 : w < x1)
/home/benjamin/Projects/BimodalLogic/Theories/Bimodal/Metalogic/WeakCanonical/Kamp/NfMultiAnchorBridge/SharedWitness.lean:10410:1: error: @Bimodal.Metalogic.WeakCanonical.Kamp.kvE2_sep_locate_witness 2 unused arguments:
  argument 2: [Fintype sig.preds]
  argument 3: [DecidableEq sig.preds]

-- Bimodal.Metalogic.WeakCanonical.Kamp.NfZoneFlattenNavigable
/home/benjamin/Projects/BimodalLogic/Theories/Bimodal/Metalogic/WeakCanonical/Kamp/NfZoneFlattenNavigable.lean:61:1: error: @Bimodal.Metalogic.WeakCanonical.Kamp.navigated_bracket_reaches_exterior_future 2 unused arguments:
  argument 2: [Fintype sig.preds]
  argument 3: [DecidableEq sig.preds]
/home/benjamin/Projects/BimodalLogic/Theories/Bimodal/Metalogic/WeakCanonical/Kamp/NfZoneFlattenNavigable.lean:83:1: error: @Bimodal.Metalogic.WeakCanonical.Kamp.navigated_bracket_reaches_exterior_past 2 unused arguments:
  argument 2: [Fintype sig.preds]
  argument 3: [DecidableEq sig.preds]
/home/benjamin/Projects/BimodalLogic/Theories/Bimodal/Metalogic/WeakCanonical/Kamp/NfZoneFlattenNavigable.lean:153:1: error: @Bimodal.Metalogic.WeakCanonical.Kamp.exterior_future_zone_eval_shape 2 unused arguments:
  argument 2: [Fintype sig.preds]
  argument 3: [DecidableEq sig.preds]
/home/benjamin/Projects/BimodalLogic/Theories/Bimodal/Metalogic/WeakCanonical/Kamp/NfZoneFlattenNavigable.lean:182:1: error: @Bimodal.Metalogic.WeakCanonical.Kamp.nf_zone_exists_trichotomy_k1 2 unused arguments:
  argument 2: [Fintype sig.preds]
  argument 3: [DecidableEq sig.preds]
/home/benjamin/Projects/BimodalLogic/Theories/Bimodal/Metalogic/WeakCanonical/Kamp/NfZoneFlattenNavigable.lean:339:1: error: @Bimodal.Metalogic.WeakCanonical.Kamp.A_past_correct 2 unused arguments:
  argument 2: [Fintype sig.preds]
  argument 3: [DecidableEq sig.preds]
/home/benjamin/Projects/BimodalLogic/Theories/Bimodal/Metalogic/WeakCanonical/Kamp/NfZoneFlattenNavigable.lean:390:1: error: @Bimodal.Metalogic.WeakCanonical.Kamp.A_future_correct 2 unused arguments:
  argument 2: [Fintype sig.preds]
  argument 3: [DecidableEq sig.preds]

-- Bimodal.Metalogic.WeakCanonical.Kamp.Prop42NegationGeneral
/home/benjamin/Projects/BimodalLogic/Theories/Bimodal/Metalogic/WeakCanonical/Kamp/Prop42NegationGeneral.lean:202:1: error: @Bimodal.Metalogic.WeakCanonical.Kamp.negLeftClauseTLFin_holds 1 unused argument:
  argument 6: (hName : ∀ (p : (Bimodal.Metalogic.WeakCanonical.sigE sig F).preds) (y : N.carrier),
   Bimodal.Metalogic.WeakCanonical.temporal_truth N atomMap y (nameOf p) ↔ N.interp p y)
/home/benjamin/Projects/BimodalLogic/Theories/Bimodal/Metalogic/WeakCanonical/Kamp/Prop42NegationGeneral.lean:234:1: error: @Bimodal.Metalogic.WeakCanonical.Kamp.negRightClauseTLFin_holds 1 unused argument:
  argument 6: (hName : ∀ (p : (Bimodal.Metalogic.WeakCanonical.sigE sig F).preds) (y : N.carrier),
   Bimodal.Metalogic.WeakCanonical.temporal_truth N atomMap y (nameOf p) ↔ N.interp p y)

-- Bimodal.Metalogic.WeakCanonical.Kamp.VVecEA2Collapse
/home/benjamin/Projects/BimodalLogic/Theories/Bimodal/Metalogic/WeakCanonical/Kamp/VVecEA2Collapse.lean:69:1: error: @Bimodal.Metalogic.WeakCanonical.Kamp.exists_piFinset_forall_iff 1 unused argument:
  argument 5: [(i : ι) → DecidableEq (α i)]

-- Bimodal.Metalogic.WeakCanonical.Kamp.VecEAClosure
/home/benjamin/Projects/BimodalLogic/Theories/Bimodal/Metalogic/WeakCanonical/Kamp/VecEAClosure.lean:65:1: error: @Bimodal.Metalogic.WeakCanonical.Kamp.BracketFormula.conj_to_bracket_exists 1 unused argument:
  argument 10: (hz : z0 < z1)

-- Bimodal.Metalogic.WeakCanonical.Kamp.VecEADecomp
/home/benjamin/Projects/BimodalLogic/Theories/Bimodal/Metalogic/WeakCanonical/Kamp/VecEADecomp.lean:32:1: error: @Bimodal.Metalogic.WeakCanonical.Kamp.nf_y_proj 2 unused arguments:
  argument 2: [Fintype sig.preds]
  argument 3: [DecidableEq sig.preds]
/home/benjamin/Projects/BimodalLogic/Theories/Bimodal/Metalogic/WeakCanonical/Kamp/VecEADecomp.lean:39:1: error: @Bimodal.Metalogic.WeakCanonical.Kamp.nf_x_proj3 2 unused arguments:
  argument 2: [Fintype sig.preds]
  argument 3: [DecidableEq sig.preds]
/home/benjamin/Projects/BimodalLogic/Theories/Bimodal/Metalogic/WeakCanonical/Kamp/VecEADecomp.lean:46:1: error: @Bimodal.Metalogic.WeakCanonical.Kamp.nf_t_proj3 2 unused arguments:
  argument 2: [Fintype sig.preds]
  argument 3: [DecidableEq sig.preds]
/home/benjamin/Projects/BimodalLogic/Theories/Bimodal/Metalogic/WeakCanonical/Kamp/VecEADecomp.lean:452:1: error: @Bimodal.Metalogic.WeakCanonical.Kamp.sinceWitnessPred 1 unused argument:
  argument 3: [DecidableEq sig.preds]
/home/benjamin/Projects/BimodalLogic/Theories/Bimodal/Metalogic/WeakCanonical/Kamp/VecEADecomp.lean:483:1: error: @Bimodal.Metalogic.WeakCanonical.Kamp.untilWitnessPred 1 unused argument:
  argument 3: [DecidableEq sig.preds]
/home/benjamin/Projects/BimodalLogic/Theories/Bimodal/Metalogic/WeakCanonical/Kamp/VecEADecomp.lean:770:1: error: @Bimodal.Metalogic.WeakCanonical.Kamp.nf_3var_eq_yt 2 unused arguments:
  argument 2: [Fintype sig.preds]
  argument 3: [DecidableEq sig.preds]
/home/benjamin/Projects/BimodalLogic/Theories/Bimodal/Metalogic/WeakCanonical/Kamp/VecEADecomp.lean:797:1: error: @Bimodal.Metalogic.WeakCanonical.Kamp.nf_3var_eq_yx 2 unused arguments:
  argument 2: [Fintype sig.preds]
  argument 3: [DecidableEq sig.preds]

-- Bimodal.Metalogic.WeakCanonical.Kamp.VecEAFormula
/home/benjamin/Projects/BimodalLogic/Theories/Bimodal/Metalogic/WeakCanonical/Kamp/VecEAFormula.lean:373:1: error: @Bimodal.Metalogic.WeakCanonical.Kamp.BracketFormula.leftPart_holds 1 unused argument:
  argument 15: (hsegn : ∀ (y : M.carrier),
   witnesses ⟨n, ⋯⟩ < y →
     y < z1 → Bimodal.Metalogic.WeakCanonical.Kamp.TemporalPred.eval_at M atomMap (bf.segmentTypes ⟨n + 1, ⋯⟩) y)
/home/benjamin/Projects/BimodalLogic/Theories/Bimodal/Metalogic/WeakCanonical/Kamp/VecEAFormula.lean:410:1: error: @Bimodal.Metalogic.WeakCanonical.Kamp.BracketFormula.rightPart_holds 1 unused argument:
  argument 13: (hseg0 : ∀ (y : M.carrier),
   z0 < y →
     y < witnesses ⟨0, ⋯⟩ →
       Bimodal.Metalogic.WeakCanonical.Kamp.TemporalPred.eval_at M atomMap (bf.segmentTypes ⟨0, ⋯⟩) y)

-- Bimodal.Metalogic.WeakCanonical.MonadicFO
/home/benjamin/Projects/BimodalLogic/Theories/Bimodal/Metalogic/WeakCanonical/MonadicFO.lean:629:1: error: @Bimodal.Metalogic.WeakCanonical.relativize_correct 1 unused argument:
  argument 6: (h_le : lo ≤ hi)

-- Bimodal.Metalogic.WeakCanonical.NormalForm
/home/benjamin/Projects/BimodalLogic/Theories/Bimodal/Metalogic/WeakCanonical/NormalForm.lean:89:1: error: Bimodal.Metalogic.WeakCanonical.atomKind_fintype 1 unused argument:
  argument 3: [DecidableEq sig.preds]

-- Bimodal.Metalogic.WeakCanonical.Transfer
/home/benjamin/Projects/BimodalLogic/Theories/Bimodal/Metalogic/WeakCanonical/Transfer.lean:310:1: error: @Bimodal.Metalogic.WeakCanonical.k_equiv_preserves_sentence 2 unused arguments:
  argument 2: [Fintype sig.preds]
  argument 3: [DecidableEq sig.preds]
/home/benjamin/Projects/BimodalLogic/Theories/Bimodal/Metalogic/WeakCanonical/Transfer.lean:389:1: error: @Bimodal.Metalogic.WeakCanonical.chronicle_temporal_truth 2 unused arguments:
  argument 4: [Fintype sig.preds]
  argument 5: [DecidableEq sig.preds]
/home/benjamin/Projects/BimodalLogic/Theories/Bimodal/Metalogic/WeakCanonical/Transfer.lean:728:1: error: @Bimodal.Metalogic.WeakCanonical.no_r_definable_gaps_of_no_gaps 2 unused arguments:
  argument 2: [Fintype sig.preds]
  argument 3: [DecidableEq sig.preds]
/home/benjamin/Projects/BimodalLogic/Theories/Bimodal/Metalogic/WeakCanonical/Transfer.lean:739:1: error: @Bimodal.Metalogic.WeakCanonical.all_points_of_no_gaps 2 unused arguments:
  argument 2: [Fintype sig.preds]
  argument 3: [DecidableEq sig.preds]
