Theories/Bimodal/ProofSystem/Derivable.lean::Theories/Bimodal/ProofSystem/Derivable.lean:35:100: warning: This line exceeds the 100 character limit, please shorten it!
Theories/Bimodal/ProofSystem/Derivable.lean::
Theories/Bimodal/ProofSystem/Derivable.lean::Note: This linter can be disabled with `set_option linter.style.longLine false`
Theories/Bimodal/FrameConditions/Compatibility.lean::Theories/Bimodal/FrameConditions/Compatibility.lean:31:100: warning: This line exceeds the 100 character limit, please shorten it!
Theories/Bimodal/FrameConditions/Compatibility.lean::
Theories/Bimodal/FrameConditions/Compatibility.lean::Note: This linter can be disabled with `set_option linter.style.longLine false`
Theories/Bimodal/FrameConditions/Compatibility.lean::Theories/Bimodal/FrameConditions/Compatibility.lean:87:100: warning: This line exceeds the 100 character limit, please shorten it!
Theories/Bimodal/FrameConditions/Compatibility.lean::
Theories/Bimodal/FrameConditions/Compatibility.lean::Note: This linter can be disabled with `set_option linter.style.longLine false`
Theories/Bimodal/FrameConditions/Soundness.lean::Theories/Bimodal/FrameConditions/Soundness.lean:46:0: warning: Definition `soundness_over` is a proposition; use `theorem` instead of `def`
Theories/Bimodal/FrameConditions/Soundness.lean::
Theories/Bimodal/FrameConditions/Soundness.lean::Note: This linter can be disabled with `set_option linter.defProp false`
Theories/Bimodal/ProofSystem/Axioms.lean::Theories/Bimodal/ProofSystem/Axioms.lean:84:0: warning: Please, write a comment here or remove this line, but do not place empty lines within commands!
Theories/Bimodal/ProofSystem/Axioms.lean::Context:
Theories/Bimodal/ProofSystem/Axioms.lean::                                                                ↓
Theories/Bimodal/ProofSystem/Axioms.lean::  ⏎      Axiom ((φ.imp (ψ.imp χ)).imp ((φ.imp ψ).imp (φ.imp χ)))⏎⏎  /-- Propositional S (weakening): `φ → (ψ → φ)` -/⏎
Theories/Bimodal/ProofSystem/Axioms.lean::
Theories/Bimodal/ProofSystem/Axioms.lean::Note: This linter can be disabled with `set_option linter.style.emptyLine false`
Theories/Bimodal/ProofSystem/Axioms.lean::Theories/Bimodal/ProofSystem/Axioms.lean:87:0: warning: Please, write a comment here or remove this line, but do not place empty lines within commands!
Theories/Bimodal/ProofSystem/Axioms.lean::Context:
Theories/Bimodal/ProofSystem/Axioms.lean::                                                       ↓
Theories/Bimodal/ProofSystem/Axioms.lean::  ⏎  | prop_s (φ ψ : Formula) : Axiom (φ.imp (ψ.imp φ))⏎⏎  /-- Ex Falso Quodlibet: `⊥ → φ` -/⏎
Theories/Bimodal/ProofSystem/Axioms.lean::
Theories/Bimodal/ProofSystem/Axioms.lean::Note: This linter can be disabled with `set_option linter.style.emptyLine false`
Theories/Bimodal/ProofSystem/Axioms.lean::Theories/Bimodal/ProofSystem/Axioms.lean:90:0: warning: Please, write a comment here or remove this line, but do not place empty lines within commands!
Theories/Bimodal/ProofSystem/Axioms.lean::Context:
Theories/Bimodal/ProofSystem/Axioms.lean::                                                         ↓
Theories/Bimodal/ProofSystem/Axioms.lean::  ⏎  | ex_falso (φ : Formula) : Axiom (Formula.bot.imp φ)⏎⏎  /-- Peirce's Law: `((φ → ψ) → φ) → φ` -/⏎
Theories/Bimodal/ProofSystem/Axioms.lean::
Theories/Bimodal/ProofSystem/Axioms.lean::Note: This linter can be disabled with `set_option linter.style.emptyLine false`
Theories/Bimodal/ProofSystem/Axioms.lean::Theories/Bimodal/ProofSystem/Axioms.lean:93:0: warning: Please, write a comment here or remove this line, but do not place empty lines within commands!
Theories/Bimodal/ProofSystem/Axioms.lean::Context:
Theories/Bimodal/ProofSystem/Axioms.lean::                                                               ↓
Theories/Bimodal/ProofSystem/Axioms.lean::  ⏎  | peirce (φ ψ : Formula) : Axiom (((φ.imp ψ).imp φ).imp φ)⏎⏎  -- Layer 2: S5 Modal (5)⏎
Theories/Bimodal/ProofSystem/Axioms.lean::
Theories/Bimodal/ProofSystem/Axioms.lean::Note: This linter can be disabled with `set_option linter.style.emptyLine false`
Theories/Bimodal/ProofSystem/Axioms.lean::Theories/Bimodal/ProofSystem/Axioms.lean:95:0: warning: Please, write a comment here or remove this line, but do not place empty lines within commands!
Theories/Bimodal/ProofSystem/Axioms.lean::Context:
Theories/Bimodal/ProofSystem/Axioms.lean::                             ↓
Theories/Bimodal/ProofSystem/Axioms.lean::  ⏎  -- Layer 2: S5 Modal (5)⏎⏎  /-- Modal T: `□φ → φ` (reflexivity) -/⏎
Theories/Bimodal/ProofSystem/Axioms.lean::
Theories/Bimodal/ProofSystem/Axioms.lean::Note: This linter can be disabled with `set_option linter.style.emptyLine false`
Theories/Bimodal/ProofSystem/Axioms.lean::Theories/Bimodal/ProofSystem/Axioms.lean:98:0: warning: Please, write a comment here or remove this line, but do not place empty lines within commands!
Theories/Bimodal/ProofSystem/Axioms.lean::Context:
Theories/Bimodal/ProofSystem/Axioms.lean::                                                             ↓
Theories/Bimodal/ProofSystem/Axioms.lean::  ⏎  | modal_t (φ : Formula) : Axiom (Formula.box φ |>.imp φ)⏎⏎  /-- Modal 4: `□φ → □□φ` (transitivity) -/⏎
Theories/Bimodal/ProofSystem/Axioms.lean::
Theories/Bimodal/ProofSystem/Axioms.lean::Note: This linter can be disabled with `set_option linter.style.emptyLine false`
Theories/Bimodal/ProofSystem/Axioms.lean::Theories/Bimodal/ProofSystem/Axioms.lean:101:0: warning: Please, write a comment here or remove this line, but do not place empty lines within commands!
Theories/Bimodal/ProofSystem/Axioms.lean::Context:
Theories/Bimodal/ProofSystem/Axioms.lean::                                                                                        ↓
Theories/Bimodal/ProofSystem/Axioms.lean::  ⏎  | modal_4 (φ : Formula) : Axiom ((Formula.box φ).imp (Formula.box (Formula.box φ)))⏎⏎  /-- Modal B: `φ → □◇φ` (symmetry) -/⏎
Theories/Bimodal/ProofSystem/Axioms.lean::
Theories/Bimodal/ProofSystem/Axioms.lean::Note: This linter can be disabled with `set_option linter.style.emptyLine false`
Theories/Bimodal/ProofSystem/Axioms.lean::Theories/Bimodal/ProofSystem/Axioms.lean:104:0: warning: Please, write a comment here or remove this line, but do not place empty lines within commands!
Theories/Bimodal/ProofSystem/Axioms.lean::Context:
Theories/Bimodal/ProofSystem/Axioms.lean::                                                                    ↓
Theories/Bimodal/ProofSystem/Axioms.lean::  ⏎  | modal_b (φ : Formula) : Axiom (φ.imp (Formula.box φ.diamond))⏎⏎  /-- Modal 5 Collapse: `◇□φ → □φ` (S5 characteristic) -/⏎
Theories/Bimodal/ProofSystem/Axioms.lean::
Theories/Bimodal/ProofSystem/Axioms.lean::Note: This linter can be disabled with `set_option linter.style.emptyLine false`
Theories/Bimodal/ProofSystem/Axioms.lean::Theories/Bimodal/ProofSystem/Axioms.lean:107:0: warning: Please, write a comment here or remove this line, but do not place empty lines within commands!
Theories/Bimodal/ProofSystem/Axioms.lean::Context:
Theories/Bimodal/ProofSystem/Axioms.lean::                                                                       ↓
Theories/Bimodal/ProofSystem/Axioms.lean::  ⏎  | modal_5_collapse (φ : Formula) : Axiom (φ.box.diamond.imp φ.box)⏎⏎  /-- Modal K Distribution: `□(φ → ψ) → (□φ → □ψ)` -/⏎
Theories/Bimodal/ProofSystem/Axioms.lean::
Theories/Bimodal/ProofSystem/Axioms.lean::Note: This linter can be disabled with `set_option linter.style.emptyLine false`
Theories/Bimodal/ProofSystem/Axioms.lean::Theories/Bimodal/ProofSystem/Axioms.lean:111:0: warning: Please, write a comment here or remove this line, but do not place empty lines within commands!
Theories/Bimodal/ProofSystem/Axioms.lean::Context:
Theories/Bimodal/ProofSystem/Axioms.lean::                                                    ↓
Theories/Bimodal/ProofSystem/Axioms.lean::  ⏎      Axiom ((φ.imp ψ).box.imp (φ.box.imp ψ.box))⏎⏎  -- Layer 3: BX Temporal (20 = 10 future + 10 past-mirrors derived via duality)⏎
Theories/Bimodal/ProofSystem/Axioms.lean::
Theories/Bimodal/ProofSystem/Axioms.lean::Note: This linter can be disabled with `set_option linter.style.emptyLine false`
Theories/Bimodal/ProofSystem/Axioms.lean::Theories/Bimodal/ProofSystem/Axioms.lean:115:0: warning: Please, write a comment here or remove this line, but do not place empty lines within commands!
Theories/Bimodal/ProofSystem/Axioms.lean::Context:
Theories/Bimodal/ProofSystem/Axioms.lean::                                                                                     ↓
Theories/Bimodal/ProofSystem/Axioms.lean::  ⏎  -- See Theorems/TemporalDerived.lean for temp_k_dist_derived and temp_4_derived.⏎⏎  /-- Serial future: `⊤ → F(⊤)` (future seriality).⏎
Theories/Bimodal/ProofSystem/Axioms.lean::
Theories/Bimodal/ProofSystem/Axioms.lean::Note: This linter can be disabled with `set_option linter.style.emptyLine false`
Theories/Bimodal/ProofSystem/Axioms.lean::Theories/Bimodal/ProofSystem/Axioms.lean:120:0: warning: Please, write a comment here or remove this line, but do not place empty lines within commands!
Theories/Bimodal/ProofSystem/Axioms.lean::Context:
Theories/Bimodal/ProofSystem/Axioms.lean::                                                                                                    ↓
Theories/Bimodal/ProofSystem/Axioms.lean::  ⏎    Axiom ((Formula.bot.imp Formula.bot).imp (Formula.some_future (Formula.bot.imp Formula.bot)))⏎⏎  /-- Serial past: `⊤ → P(⊤)` (past seriality).⏎
Theories/Bimodal/ProofSystem/Axioms.lean::
Theories/Bimodal/ProofSystem/Axioms.lean::Note: This linter can be disabled with `set_option linter.style.emptyLine false`
Theories/Bimodal/ProofSystem/Axioms.lean::Theories/Bimodal/ProofSystem/Axioms.lean:125:0: warning: Please, write a comment here or remove this line, but do not place empty lines within commands!
Theories/Bimodal/ProofSystem/Axioms.lean::Context:
Theories/Bimodal/ProofSystem/Axioms.lean::                                                                                                  ↓
Theories/Bimodal/ProofSystem/Axioms.lean::  ⏎    Axiom ((Formula.bot.imp Formula.bot).imp (Formula.some_past (Formula.bot.imp Formula.bot)))⏎⏎  /-- BX2G: Guard monotonicity of Until under G (Burgess convention: untl(event, guard)):⏎
Theories/Bimodal/ProofSystem/Axioms.lean::
Theories/Bimodal/ProofSystem/Axioms.lean::Note: This linter can be disabled with `set_option linter.style.emptyLine false`
Theories/Bimodal/ProofSystem/Axioms.lean::Theories/Bimodal/ProofSystem/Axioms.lean:132:0: warning: Please, write a comment here or remove this line, but do not place empty lines within commands!
Theories/Bimodal/ProofSystem/Axioms.lean::Context:
Theories/Bimodal/ProofSystem/Axioms.lean::                                                                                     ↓
Theories/Bimodal/ProofSystem/Axioms.lean::  ⏎      Axiom ((φ.imp χ).all_future.imp ((Formula.untl ψ φ).imp (Formula.untl ψ χ)))⏎⏎  /-- BX2H: Guard monotonicity of Since under H (Burgess convention: snce(event, guard)):⏎
Theories/Bimodal/ProofSystem/Axioms.lean::
Theories/Bimodal/ProofSystem/Axioms.lean::Note: This linter can be disabled with `set_option linter.style.emptyLine false`
Theories/Bimodal/ProofSystem/Axioms.lean::Theories/Bimodal/ProofSystem/Axioms.lean:139:0: warning: Please, write a comment here or remove this line, but do not place empty lines within commands!
Theories/Bimodal/ProofSystem/Axioms.lean::Context:
Theories/Bimodal/ProofSystem/Axioms.lean::                                                                                   ↓
Theories/Bimodal/ProofSystem/Axioms.lean::  ⏎      Axiom ((φ.imp χ).all_past.imp ((Formula.snce ψ φ).imp (Formula.snce ψ χ)))⏎⏎  /-- BX3: Event monotonicity of Until (Burgess convention: untl(event, guard)):⏎
Theories/Bimodal/ProofSystem/Axioms.lean::
Theories/Bimodal/ProofSystem/Axioms.lean::Note: This linter can be disabled with `set_option linter.style.emptyLine false`
Theories/Bimodal/ProofSystem/Axioms.lean::Theories/Bimodal/ProofSystem/Axioms.lean:145:0: warning: Please, write a comment here or remove this line, but do not place empty lines within commands!
Theories/Bimodal/ProofSystem/Axioms.lean::Context:
Theories/Bimodal/ProofSystem/Axioms.lean::                                                                                     ↓
Theories/Bimodal/ProofSystem/Axioms.lean::  ⏎      Axiom ((φ.imp ψ).all_future.imp ((Formula.untl φ χ).imp (Formula.untl ψ χ)))⏎⏎  /-- BX3': Event monotonicity of Since (Burgess convention: snce(event, guard)):⏎
Theories/Bimodal/ProofSystem/Axioms.lean::
Theories/Bimodal/ProofSystem/Axioms.lean::Note: This linter can be disabled with `set_option linter.style.emptyLine false`
Theories/Bimodal/ProofSystem/Axioms.lean::Theories/Bimodal/ProofSystem/Axioms.lean:150:0: warning: Please, write a comment here or remove this line, but do not place empty lines within commands!
Theories/Bimodal/ProofSystem/Axioms.lean::Context:
Theories/Bimodal/ProofSystem/Axioms.lean::                                                                                   ↓
Theories/Bimodal/ProofSystem/Axioms.lean::  ⏎      Axiom ((φ.imp ψ).all_past.imp ((Formula.snce φ χ).imp (Formula.snce ψ χ)))⏎⏎  /-- BX4: Temporal connectedness (future): `φ → G(P(φ))`.⏎
Theories/Bimodal/ProofSystem/Axioms.lean::
Theories/Bimodal/ProofSystem/Axioms.lean::Note: This linter can be disabled with `set_option linter.style.emptyLine false`
Theories/Bimodal/ProofSystem/Axioms.lean::Theories/Bimodal/ProofSystem/Axioms.lean:156:0: warning: Please, write a comment here or remove this line, but do not place empty lines within commands!
Theories/Bimodal/ProofSystem/Axioms.lean::Context:
Theories/Bimodal/ProofSystem/Axioms.lean::                                               ↓
Theories/Bimodal/ProofSystem/Axioms.lean::  ⏎      Axiom (φ.imp (φ.some_past.all_future))⏎⏎  /-- BX4': Temporal connectedness (past): `φ → H(F(φ))`.⏎
Theories/Bimodal/ProofSystem/Axioms.lean::
Theories/Bimodal/ProofSystem/Axioms.lean::Note: This linter can be disabled with `set_option linter.style.emptyLine false`
Theories/Bimodal/ProofSystem/Axioms.lean::Theories/Bimodal/ProofSystem/Axioms.lean:161:0: warning: Please, write a comment here or remove this line, but do not place empty lines within commands!
Theories/Bimodal/ProofSystem/Axioms.lean::Context:
Theories/Bimodal/ProofSystem/Axioms.lean::                                               ↓
Theories/Bimodal/ProofSystem/Axioms.lean::  ⏎      Axiom (φ.imp (φ.some_future.all_past))⏎⏎  /-- BX13: Until-Since enrichment (Burgess A3a, Xu axiom (3)):⏎
Theories/Bimodal/ProofSystem/Axioms.lean::
Theories/Bimodal/ProofSystem/Axioms.lean::Note: This linter can be disabled with `set_option linter.style.emptyLine false`
Theories/Bimodal/ProofSystem/Axioms.lean::Theories/Bimodal/ProofSystem/Axioms.lean:172:0: warning: Please, write a comment here or remove this line, but do not place empty lines within commands!
Theories/Bimodal/ProofSystem/Axioms.lean::Context:
Theories/Bimodal/ProofSystem/Axioms.lean::                                                               ↓
Theories/Bimodal/ProofSystem/Axioms.lean::  ⏎        (Formula.untl (Formula.and ψ (Formula.snce p φ)) φ))⏎⏎  /-- BX13': Since-Until enrichment (Burgess A3b, Xu axiom (4)):⏎
Theories/Bimodal/ProofSystem/Axioms.lean::
Theories/Bimodal/ProofSystem/Axioms.lean::Note: This linter can be disabled with `set_option linter.style.emptyLine false`
Theories/Bimodal/ProofSystem/Axioms.lean::Theories/Bimodal/ProofSystem/Axioms.lean:181:0: warning: Please, write a comment here or remove this line, but do not place empty lines within commands!
Theories/Bimodal/ProofSystem/Axioms.lean::Context:
Theories/Bimodal/ProofSystem/Axioms.lean::                                                               ↓
Theories/Bimodal/ProofSystem/Axioms.lean::  ⏎        (Formula.snce (Formula.and ψ (Formula.untl p φ)) φ))⏎⏎  -- REMOVED: BX14 (separation_until) and BX14' (separation_since) constructors.⏎
Theories/Bimodal/ProofSystem/Axioms.lean::
Theories/Bimodal/ProofSystem/Axioms.lean::Note: This linter can be disabled with `set_option linter.style.emptyLine false`
Theories/Bimodal/ProofSystem/Axioms.lean::Theories/Bimodal/ProofSystem/Axioms.lean:185:0: warning: Please, write a comment here or remove this line, but do not place empty lines within commands!
Theories/Bimodal/ProofSystem/Axioms.lean::Context:
Theories/Bimodal/ProofSystem/Axioms.lean::                                                                                        ↓
Theories/Bimodal/ProofSystem/Axioms.lean::  ⏎  -- The chronicle splitting construction now uses Xu 1988 Lemma 3.2.1/3.2.2 instead.⏎⏎  /-- BX5: Self-accumulation of Until (Burgess convention: untl(event, guard)):⏎
Theories/Bimodal/ProofSystem/Axioms.lean::
Theories/Bimodal/ProofSystem/Axioms.lean::Note: This linter can be disabled with `set_option linter.style.emptyLine false`
Theories/Bimodal/ProofSystem/Axioms.lean::Theories/Bimodal/ProofSystem/Axioms.lean:193:0: warning: Please, write a comment here or remove this line, but do not place empty lines within commands!
Theories/Bimodal/ProofSystem/Axioms.lean::Context:
Theories/Bimodal/ProofSystem/Axioms.lean::                                                               ↓
Theories/Bimodal/ProofSystem/Axioms.lean::  ⏎        (Formula.untl ψ (Formula.and φ (Formula.untl ψ φ))))⏎⏎  /-- BX5': Self-accumulation of Since (Burgess convention: snce(event, guard)):⏎
Theories/Bimodal/ProofSystem/Axioms.lean::
Theories/Bimodal/ProofSystem/Axioms.lean::Note: This linter can be disabled with `set_option linter.style.emptyLine false`
Theories/Bimodal/ProofSystem/Axioms.lean::Theories/Bimodal/ProofSystem/Axioms.lean:199:0: warning: Please, write a comment here or remove this line, but do not place empty lines within commands!
Theories/Bimodal/ProofSystem/Axioms.lean::Context:
Theories/Bimodal/ProofSystem/Axioms.lean::                                                               ↓
Theories/Bimodal/ProofSystem/Axioms.lean::  ⏎        (Formula.snce ψ (Formula.and φ (Formula.snce ψ φ))))⏎⏎  /-- BX6: Absorption of Until (Burgess convention: untl(event, guard)):⏎
Theories/Bimodal/ProofSystem/Axioms.lean::
Theories/Bimodal/ProofSystem/Axioms.lean::Note: This linter can be disabled with `set_option linter.style.emptyLine false`
Theories/Bimodal/ProofSystem/Axioms.lean::Theories/Bimodal/ProofSystem/Axioms.lean:206:0: warning: Please, write a comment here or remove this line, but do not place empty lines within commands!
Theories/Bimodal/ProofSystem/Axioms.lean::Context:
Theories/Bimodal/ProofSystem/Axioms.lean::                                                                                           ↓
Theories/Bimodal/ProofSystem/Axioms.lean::  ⏎      Axiom ((Formula.untl (Formula.and φ (Formula.untl ψ φ)) φ).imp (Formula.untl ψ φ))⏎⏎  /-- BX6': Absorption of Since (Burgess convention: snce(event, guard)):⏎
Theories/Bimodal/ProofSystem/Axioms.lean::
Theories/Bimodal/ProofSystem/Axioms.lean::Note: This linter can be disabled with `set_option linter.style.emptyLine false`
Theories/Bimodal/ProofSystem/Axioms.lean::Theories/Bimodal/ProofSystem/Axioms.lean:211:0: warning: Please, write a comment here or remove this line, but do not place empty lines within commands!
Theories/Bimodal/ProofSystem/Axioms.lean::Context:
Theories/Bimodal/ProofSystem/Axioms.lean::                                                                                           ↓
Theories/Bimodal/ProofSystem/Axioms.lean::  ⏎      Axiom ((Formula.snce (Formula.and φ (Formula.snce ψ φ)) φ).imp (Formula.snce ψ φ))⏎⏎  /-- BX7: Linearity of Until (Burgess convention: untl(event, guard)):⏎
Theories/Bimodal/ProofSystem/Axioms.lean::
Theories/Bimodal/ProofSystem/Axioms.lean::Note: This linter can be disabled with `set_option linter.style.emptyLine false`
Theories/Bimodal/ProofSystem/Axioms.lean::Theories/Bimodal/ProofSystem/Axioms.lean:223:0: warning: Please, write a comment here or remove this line, but do not place empty lines within commands!
Theories/Bimodal/ProofSystem/Axioms.lean::Context:
Theories/Bimodal/ProofSystem/Axioms.lean::                                                                 ↓
Theories/Bimodal/ProofSystem/Axioms.lean::  ⏎          (Formula.untl (Formula.and φ θ) (Formula.and φ χ))))⏎⏎  /-- BX7': Linearity of Since (Burgess convention: snce(event, guard)):⏎
Theories/Bimodal/ProofSystem/Axioms.lean::
Theories/Bimodal/ProofSystem/Axioms.lean::Note: This linter can be disabled with `set_option linter.style.emptyLine false`
Theories/Bimodal/ProofSystem/Axioms.lean::Theories/Bimodal/ProofSystem/Axioms.lean:233:0: warning: Please, write a comment here or remove this line, but do not place empty lines within commands!
Theories/Bimodal/ProofSystem/Axioms.lean::Context:
Theories/Bimodal/ProofSystem/Axioms.lean::                                                                 ↓
Theories/Bimodal/ProofSystem/Axioms.lean::  ⏎          (Formula.snce (Formula.and φ θ) (Formula.and φ χ))))⏎⏎  -- NOTE: BX7a/BX7a' (linear_until_a7a/linear_since_a7a) removed -- unsound under open guard.⏎
Theories/Bimodal/ProofSystem/Axioms.lean::
Theories/Bimodal/ProofSystem/Axioms.lean::Note: This linter can be disabled with `set_option linter.style.emptyLine false`
Theories/Bimodal/ProofSystem/Axioms.lean::Theories/Bimodal/ProofSystem/Axioms.lean:245:0: warning: Please, write a comment here or remove this line, but do not place empty lines within commands!
Theories/Bimodal/ProofSystem/Axioms.lean::Context:
Theories/Bimodal/ProofSystem/Axioms.lean::                                                                      ↓
Theories/Bimodal/ProofSystem/Axioms.lean::  ⏎  -- Archived in Boneyard/ClosedGuardLegacy/ClosedGuardAxioms.lean.⏎⏎  /-- BX10: Until implies eventuality (Burgess convention: untl(event, guard)):⏎
Theories/Bimodal/ProofSystem/Axioms.lean::
Theories/Bimodal/ProofSystem/Axioms.lean::Note: This linter can be disabled with `set_option linter.style.emptyLine false`
Theories/Bimodal/ProofSystem/Axioms.lean::Theories/Bimodal/ProofSystem/Axioms.lean:251:0: warning: Please, write a comment here or remove this line, but do not place empty lines within commands!
Theories/Bimodal/ProofSystem/Axioms.lean::Context:
Theories/Bimodal/ProofSystem/Axioms.lean::                                                               ↓
Theories/Bimodal/ProofSystem/Axioms.lean::  ⏎      Axiom ((Formula.untl ψ φ).imp (Formula.some_future ψ))⏎⏎  /-- BX10': Since implies past eventuality (Burgess convention: snce(event, guard)):⏎
Theories/Bimodal/ProofSystem/Axioms.lean::
Theories/Bimodal/ProofSystem/Axioms.lean::Note: This linter can be disabled with `set_option linter.style.emptyLine false`
Theories/Bimodal/ProofSystem/Axioms.lean::Theories/Bimodal/ProofSystem/Axioms.lean:257:0: warning: Please, write a comment here or remove this line, but do not place empty lines within commands!
Theories/Bimodal/ProofSystem/Axioms.lean::Context:
Theories/Bimodal/ProofSystem/Axioms.lean::                                                             ↓
Theories/Bimodal/ProofSystem/Axioms.lean::  ⏎      Axiom ((Formula.snce ψ φ).imp (Formula.some_past ψ))⏎⏎  -- Layer 3b: Additional BX Temporal (4 = 2 axioms x 2 directions)⏎
Theories/Bimodal/ProofSystem/Axioms.lean::
Theories/Bimodal/ProofSystem/Axioms.lean::Note: This linter can be disabled with `set_option linter.style.emptyLine false`
Theories/Bimodal/ProofSystem/Axioms.lean::Theories/Bimodal/ProofSystem/Axioms.lean:259:0: warning: Please, write a comment here or remove this line, but do not place empty lines within commands!
Theories/Bimodal/ProofSystem/Axioms.lean::Context:
Theories/Bimodal/ProofSystem/Axioms.lean::                                                                      ↓
Theories/Bimodal/ProofSystem/Axioms.lean::  ⏎  -- Layer 3b: Additional BX Temporal (4 = 2 axioms x 2 directions)⏎⏎  /-- BX11: Temporal linearity:⏎
Theories/Bimodal/ProofSystem/Axioms.lean::
Theories/Bimodal/ProofSystem/Axioms.lean::Note: This linter can be disabled with `set_option linter.style.emptyLine false`
Theories/Bimodal/ProofSystem/Axioms.lean::Theories/Bimodal/ProofSystem/Axioms.lean:269:0: warning: Please, write a comment here or remove this line, but do not place empty lines within commands!
Theories/Bimodal/ProofSystem/Axioms.lean::Context:
Theories/Bimodal/ProofSystem/Axioms.lean::                                                                               ↓
Theories/Bimodal/ProofSystem/Axioms.lean::  ⏎            (Formula.some_future (Formula.and (Formula.some_future φ) ψ)))))⏎⏎  /-- BX11': Temporal linearity (past):⏎
Theories/Bimodal/ProofSystem/Axioms.lean::
Theories/Bimodal/ProofSystem/Axioms.lean::Note: This linter can be disabled with `set_option linter.style.emptyLine false`
Theories/Bimodal/ProofSystem/Axioms.lean::Theories/Bimodal/ProofSystem/Axioms.lean:278:0: warning: Please, write a comment here or remove this line, but do not place empty lines within commands!
Theories/Bimodal/ProofSystem/Axioms.lean::Context:
Theories/Bimodal/ProofSystem/Axioms.lean::                                                                           ↓
Theories/Bimodal/ProofSystem/Axioms.lean::  ⏎            (Formula.some_past (Formula.and (Formula.some_past φ) ψ)))))⏎⏎  /-- BX12: F-Until equivalence (Burgess convention: untl(event, guard)):⏎
Theories/Bimodal/ProofSystem/Axioms.lean::
Theories/Bimodal/ProofSystem/Axioms.lean::Note: This linter can be disabled with `set_option linter.style.emptyLine false`
Theories/Bimodal/ProofSystem/Axioms.lean::Theories/Bimodal/ProofSystem/Axioms.lean:285:0: warning: Please, write a comment here or remove this line, but do not place empty lines within commands!
Theories/Bimodal/ProofSystem/Axioms.lean::Context:
Theories/Bimodal/ProofSystem/Axioms.lean::                                                                                           ↓
Theories/Bimodal/ProofSystem/Axioms.lean::  ⏎      Axiom ((Formula.some_future φ).imp (Formula.untl φ (Formula.bot.imp Formula.bot)))⏎⏎  /-- BX12': P-Since equivalence (Burgess convention: snce(event, guard)):⏎
Theories/Bimodal/ProofSystem/Axioms.lean::
Theories/Bimodal/ProofSystem/Axioms.lean::Note: This linter can be disabled with `set_option linter.style.emptyLine false`
Theories/Bimodal/ProofSystem/Axioms.lean::Theories/Bimodal/ProofSystem/Axioms.lean:291:0: warning: Please, write a comment here or remove this line, but do not place empty lines within commands!
Theories/Bimodal/ProofSystem/Axioms.lean::Context:
Theories/Bimodal/ProofSystem/Axioms.lean::                                                                                         ↓
Theories/Bimodal/ProofSystem/Axioms.lean::  ⏎      Axiom ((Formula.some_past φ).imp (Formula.snce φ (Formula.bot.imp Formula.bot)))⏎⏎  -- NOTE: Layer 3c (until_guard/since_guard) removed -- unsound under open guard (t,s).⏎
Theories/Bimodal/ProofSystem/Axioms.lean::
Theories/Bimodal/ProofSystem/Axioms.lean::Note: This linter can be disabled with `set_option linter.style.emptyLine false`
Theories/Bimodal/ProofSystem/Axioms.lean::Theories/Bimodal/ProofSystem/Axioms.lean:297:0: warning: Please, write a comment here or remove this line, but do not place empty lines within commands!
Theories/Bimodal/ProofSystem/Axioms.lean::Context:
Theories/Bimodal/ProofSystem/Axioms.lean::                                                                                              ↓
Theories/Bimodal/ProofSystem/Axioms.lean::  ⏎  -- Note: TF (□φ → G□φ) is now derived from MF + T + Modal 4 in Theorems/Combinators.lean.⏎⏎  /-- Modal-Future: `□φ → □(Gφ)`. Necessary truths remain necessary in the future. -/⏎
Theories/Bimodal/ProofSystem/Axioms.lean::
Theories/Bimodal/ProofSystem/Axioms.lean::Note: This linter can be disabled with `set_option linter.style.emptyLine false`
Theories/Bimodal/ProofSystem/Axioms.lean::Theories/Bimodal/ProofSystem/Axioms.lean:300:0: warning: Please, write a comment here or remove this line, but do not place empty lines within commands!
Theories/Bimodal/ProofSystem/Axioms.lean::Context:
Theories/Bimodal/ProofSystem/Axioms.lean::                                                                                                    ↓
Theories/Bimodal/ProofSystem/Axioms.lean::  ⏎  | modal_future (φ : Formula) : Axiom ((Formula.box φ).imp (Formula.box (Formula.all_future φ)))⏎⏎  -- Layer 5: Uniformity Axioms (5)⏎
Theories/Bimodal/ProofSystem/Axioms.lean::
Theories/Bimodal/ProofSystem/Axioms.lean::Note: This linter can be disabled with `set_option linter.style.emptyLine false`
Theories/Bimodal/ProofSystem/Axioms.lean::Theories/Bimodal/ProofSystem/Axioms.lean:305:0: warning: Please, write a comment here or remove this line, but do not place empty lines within commands!
Theories/Bimodal/ProofSystem/Axioms.lean::Context:
Theories/Bimodal/ProofSystem/Axioms.lean::                                                                                           ↓
Theories/Bimodal/ProofSystem/Axioms.lean::  ⏎  -- By translation invariance of the group, this gap is uniform across all time points.⏎⏎  /-- Discrete symmetry forward: U(⊤,⊥) → S(⊤,⊥).⏎
Theories/Bimodal/ProofSystem/Axioms.lean::
Theories/Bimodal/ProofSystem/Axioms.lean::Note: This linter can be disabled with `set_option linter.style.emptyLine false`
Theories/Bimodal/ProofSystem/Axioms.lean::Theories/Bimodal/ProofSystem/Axioms.lean:312:0: warning: Please, write a comment here or remove this line, but do not place empty lines within commands!
Theories/Bimodal/ProofSystem/Axioms.lean::Context:
Theories/Bimodal/ProofSystem/Axioms.lean::                                                                    ↓
Theories/Bimodal/ProofSystem/Axioms.lean::  ⏎        (Formula.snce (Formula.bot.imp Formula.bot) Formula.bot))⏎⏎  /-- Discrete symmetry backward: S(⊤,⊥) → U(⊤,⊥).⏎
Theories/Bimodal/ProofSystem/Axioms.lean::
Theories/Bimodal/ProofSystem/Axioms.lean::Note: This linter can be disabled with `set_option linter.style.emptyLine false`
Theories/Bimodal/ProofSystem/Axioms.lean::Theories/Bimodal/ProofSystem/Axioms.lean:318:0: warning: Please, write a comment here or remove this line, but do not place empty lines within commands!
Theories/Bimodal/ProofSystem/Axioms.lean::Context:
Theories/Bimodal/ProofSystem/Axioms.lean::                                                                    ↓
Theories/Bimodal/ProofSystem/Axioms.lean::  ⏎        (Formula.untl (Formula.bot.imp Formula.bot) Formula.bot))⏎⏎  /-- Discrete propagation forward: U(⊤,⊥) → G(U(⊤,⊥)).⏎
Theories/Bimodal/ProofSystem/Axioms.lean::
Theories/Bimodal/ProofSystem/Axioms.lean::Note: This linter can be disabled with `set_option linter.style.emptyLine false`
Theories/Bimodal/ProofSystem/Axioms.lean::Theories/Bimodal/ProofSystem/Axioms.lean:325:0: warning: Please, write a comment here or remove this line, but do not place empty lines within commands!
Theories/Bimodal/ProofSystem/Axioms.lean::Context:
Theories/Bimodal/ProofSystem/Axioms.lean::                                                                                         ↓
Theories/Bimodal/ProofSystem/Axioms.lean::  ⏎        (Formula.all_future (Formula.untl (Formula.bot.imp Formula.bot) Formula.bot)))⏎⏎  /-- Discrete propagation backward: U(⊤,⊥) → H(U(⊤,⊥)).⏎
Theories/Bimodal/ProofSystem/Axioms.lean::
Theories/Bimodal/ProofSystem/Axioms.lean::Note: This linter can be disabled with `set_option linter.style.emptyLine false`
Theories/Bimodal/ProofSystem/Axioms.lean::Theories/Bimodal/ProofSystem/Axioms.lean:332:0: warning: Please, write a comment here or remove this line, but do not place empty lines within commands!
Theories/Bimodal/ProofSystem/Axioms.lean::Context:
Theories/Bimodal/ProofSystem/Axioms.lean::                                                                                       ↓
Theories/Bimodal/ProofSystem/Axioms.lean::  ⏎        (Formula.all_past (Formula.untl (Formula.bot.imp Formula.bot) Formula.bot)))⏎⏎  /-- Discrete box necessity: U(⊤,⊥) → □(U(⊤,⊥)).⏎
Theories/Bimodal/ProofSystem/Axioms.lean::
Theories/Bimodal/ProofSystem/Axioms.lean::Note: This linter can be disabled with `set_option linter.style.emptyLine false`
Theories/Bimodal/ProofSystem/Axioms.lean::Theories/Bimodal/ProofSystem/Axioms.lean:341:0: warning: Please, write a comment here or remove this line, but do not place empty lines within commands!
Theories/Bimodal/ProofSystem/Axioms.lean::Context:
Theories/Bimodal/ProofSystem/Axioms.lean::                                                                                  ↓
Theories/Bimodal/ProofSystem/Axioms.lean::  ⏎        (Formula.box (Formula.untl (Formula.bot.imp Formula.bot) Formula.bot)))⏎⏎  -- Layer 6: Prior Axioms for Integers (2)⏎
Theories/Bimodal/ProofSystem/Axioms.lean::
Theories/Bimodal/ProofSystem/Axioms.lean::Note: This linter can be disabled with `set_option linter.style.emptyLine false`
Theories/Bimodal/ProofSystem/Axioms.lean::Theories/Bimodal/ProofSystem/Axioms.lean:348:0: warning: Please, write a comment here or remove this line, but do not place empty lines within commands!
Theories/Bimodal/ProofSystem/Axioms.lean::Context:
Theories/Bimodal/ProofSystem/Axioms.lean::                                                                   ↓
Theories/Bimodal/ProofSystem/Axioms.lean::  ⏎  -- Reference: Reynolds 1992 Section 10, Venema 1993 axiom (W).⏎⏎  /-- Prior-UZ: `F(φ) → U(φ, ¬φ)`.⏎
Theories/Bimodal/ProofSystem/Axioms.lean::
Theories/Bimodal/ProofSystem/Axioms.lean::Note: This linter can be disabled with `set_option linter.style.emptyLine false`
Theories/Bimodal/ProofSystem/Axioms.lean::Theories/Bimodal/ProofSystem/Axioms.lean:356:0: warning: Please, write a comment here or remove this line, but do not place empty lines within commands!
Theories/Bimodal/ProofSystem/Axioms.lean::Context:
Theories/Bimodal/ProofSystem/Axioms.lean::                                                         ↓
Theories/Bimodal/ProofSystem/Axioms.lean::  ⏎      Axiom (φ.some_future.imp (Formula.untl φ φ.neg))⏎⏎  /-- Prior-SZ: `P(φ) → S(φ, ¬φ)`.⏎
Theories/Bimodal/ProofSystem/Axioms.lean::
Theories/Bimodal/ProofSystem/Axioms.lean::Note: This linter can be disabled with `set_option linter.style.emptyLine false`
Theories/Bimodal/ProofSystem/Axioms.lean::Theories/Bimodal/ProofSystem/Axioms.lean:362:0: warning: Please, write a comment here or remove this line, but do not place empty lines within commands!
Theories/Bimodal/ProofSystem/Axioms.lean::Context:
Theories/Bimodal/ProofSystem/Axioms.lean::                                                       ↓
Theories/Bimodal/ProofSystem/Axioms.lean::  ⏎      Axiom (φ.some_past.imp (Formula.snce φ φ.neg))⏎⏎  -- Layer 7: Z1 Axiom (IsSuccArchimedean characteristic axiom)⏎
Theories/Bimodal/ProofSystem/Axioms.lean::
Theories/Bimodal/ProofSystem/Axioms.lean::Note: This linter can be disabled with `set_option linter.style.emptyLine false`
Theories/Bimodal/ProofSystem/Axioms.lean::Theories/Bimodal/ProofSystem/Axioms.lean:368:0: warning: Please, write a comment here or remove this line, but do not place empty lines within commands!
Theories/Bimodal/ProofSystem/Axioms.lean::Context:
Theories/Bimodal/ProofSystem/Axioms.lean::                                                                 ↓
Theories/Bimodal/ProofSystem/Axioms.lean::  ⏎  -- Reference: Doets 1987 Claim 10, Reynolds 1994 Section 10.⏎⏎  /-- Z1: `G(Gφ→φ) → (FGφ→Gφ)`.⏎
Theories/Bimodal/ProofSystem/Axioms.lean::
Theories/Bimodal/ProofSystem/Axioms.lean::Note: This linter can be disabled with `set_option linter.style.emptyLine false`
Theories/Bimodal/ProofSystem/Axioms.lean::Theories/Bimodal/ProofSystem/Axioms.lean:376:0: warning: Please, write a comment here or remove this line, but do not place empty lines within commands!
Theories/Bimodal/ProofSystem/Axioms.lean::Context:
Theories/Bimodal/ProofSystem/Axioms.lean::                                                                                                ↓
Theories/Bimodal/ProofSystem/Axioms.lean::  ⏎      Axiom ((φ.all_future.imp φ).all_future.imp (φ.all_future.some_future.imp φ.all_future))⏎⏎  -- Layer 8: Density Axiom (1)⏎
Theories/Bimodal/ProofSystem/Axioms.lean::
Theories/Bimodal/ProofSystem/Axioms.lean::Note: This linter can be disabled with `set_option linter.style.emptyLine false`
Theories/Bimodal/ProofSystem/Axioms.lean::Theories/Bimodal/ProofSystem/Axioms.lean:381:0: warning: Please, write a comment here or remove this line, but do not place empty lines within commands!
Theories/Bimodal/ProofSystem/Axioms.lean::Context:
Theories/Bimodal/ProofSystem/Axioms.lean::                                                                                ↓
Theories/Bimodal/ProofSystem/Axioms.lean::  ⏎  -- then φ holds at all strict-future times (because density fills the gap).⏎⏎  /-- Density: `GGφ → Gφ`.⏎
Theories/Bimodal/ProofSystem/Axioms.lean::
Theories/Bimodal/ProofSystem/Axioms.lean::Note: This linter can be disabled with `set_option linter.style.emptyLine false`
Theories/Bimodal/ProofSystem/Axioms.lean::Theories/Bimodal/ProofSystem/Axioms.lean:389:0: warning: Please, write a comment here or remove this line, but do not place empty lines within commands!
Theories/Bimodal/ProofSystem/Axioms.lean::Context:
Theories/Bimodal/ProofSystem/Axioms.lean::                                                         ↓
Theories/Bimodal/ProofSystem/Axioms.lean::  ⏎      Axiom (φ.all_future.all_future.imp φ.all_future)⏎⏎  /-- Dense indicator: `¬U(⊤,⊥)`.⏎
Theories/Bimodal/ProofSystem/Axioms.lean::
Theories/Bimodal/ProofSystem/Axioms.lean::Note: This linter can be disabled with `set_option linter.style.emptyLine false`
Theories/Bimodal/ProofSystem/Axioms.lean::Theories/Bimodal/ProofSystem/Axioms.lean:401:0: warning: Please, write a comment here or remove this line, but do not place empty lines within commands!
Theories/Bimodal/ProofSystem/Axioms.lean::Context:
Theories/Bimodal/ProofSystem/Axioms.lean::                                                                           ↓
Theories/Bimodal/ProofSystem/Axioms.lean::  ⏎      Axiom (Formula.untl (Formula.bot.imp Formula.bot) Formula.bot).neg⏎⏎  deriving Repr⏎
Theories/Bimodal/ProofSystem/Axioms.lean::
Theories/Bimodal/ProofSystem/Axioms.lean::Note: This linter can be disabled with `set_option linter.style.emptyLine false`
Theories/Bimodal/ProofSystem/Axioms.lean::Theories/Bimodal/ProofSystem/Axioms.lean:438:40: warning: `simp [LE.le]` is a flexible tactic modifying `⊢`. Try `simp?` and use the suggested `simp only [...]`. Alternatively, use `suffices` to explicitly state the simplified form.
Theories/Bimodal/ProofSystem/Axioms.lean::
Theories/Bimodal/ProofSystem/Axioms.lean::Note: This linter can be disabled with `set_option linter.flexible false`
Theories/Bimodal/ProofSystem/Axioms.lean::`infer_instance`
Theories/Bimodal/ProofSystem/Axioms.lean::modifies the current goal, which was modified by the flexible tactic `simp` on line 438!
Theories/Bimodal/ProofSystem/Axioms.lean::Theories/Bimodal/ProofSystem/Axioms.lean:438:40: warning: `simp [LE.le]` is a flexible tactic modifying `⊢`. Try `simp?` and use the suggested `simp only [...]`. Alternatively, use `suffices` to explicitly state the simplified form.
Theories/Bimodal/ProofSystem/Axioms.lean::
Theories/Bimodal/ProofSystem/Axioms.lean::Note: This linter can be disabled with `set_option linter.flexible false`
Theories/Bimodal/ProofSystem/Axioms.lean::`infer_instance`
Theories/Bimodal/ProofSystem/Axioms.lean::modifies the current goal, which was modified by the flexible tactic `simp` on line 438!
Theories/Bimodal/ProofSystem/Axioms.lean::Theories/Bimodal/ProofSystem/Axioms.lean:438:40: warning: `simp [LE.le]` is a flexible tactic modifying `⊢`. Try `simp?` and use the suggested `simp only [...]`. Alternatively, use `suffices` to explicitly state the simplified form.
Theories/Bimodal/ProofSystem/Axioms.lean::
Theories/Bimodal/ProofSystem/Axioms.lean::Note: This linter can be disabled with `set_option linter.flexible false`
Theories/Bimodal/ProofSystem/Axioms.lean::`infer_instance`
Theories/Bimodal/ProofSystem/Axioms.lean::modifies the current goal, which was modified by the flexible tactic `simp` on line 438!
Theories/Bimodal/ProofSystem/Axioms.lean::Theories/Bimodal/ProofSystem/Axioms.lean:438:40: warning: `simp [LE.le]` is a flexible tactic modifying `⊢`. Try `simp?` and use the suggested `simp only [...]`. Alternatively, use `suffices` to explicitly state the simplified form.
Theories/Bimodal/ProofSystem/Axioms.lean::
Theories/Bimodal/ProofSystem/Axioms.lean::Note: This linter can be disabled with `set_option linter.flexible false`
Theories/Bimodal/ProofSystem/Axioms.lean::`infer_instance`
Theories/Bimodal/ProofSystem/Axioms.lean::modifies the current goal, which was modified by the flexible tactic `simp` on line 438!
Theories/Bimodal/ProofSystem/Axioms.lean::Theories/Bimodal/ProofSystem/Axioms.lean:438:40: warning: `simp [LE.le]` is a flexible tactic modifying `⊢`. Try `simp?` and use the suggested `simp only [...]`. Alternatively, use `suffices` to explicitly state the simplified form.
Theories/Bimodal/ProofSystem/Axioms.lean::
Theories/Bimodal/ProofSystem/Axioms.lean::Note: This linter can be disabled with `set_option linter.flexible false`
Theories/Bimodal/ProofSystem/Axioms.lean::`infer_instance`
Theories/Bimodal/ProofSystem/Axioms.lean::modifies the current goal, which was modified by the flexible tactic `simp` on line 438!
Theories/Bimodal/ProofSystem/Axioms.lean::Theories/Bimodal/ProofSystem/Axioms.lean:438:40: warning: `simp [LE.le]` is a flexible tactic modifying `⊢`. Try `simp?` and use the suggested `simp only [...]`. Alternatively, use `suffices` to explicitly state the simplified form.
Theories/Bimodal/ProoTheories/Bimodal/FrameConditions/FrameClass.lean::Theories/Bimodal/FrameConditions/FrameClass.lean:143:100: warning: This line exceeds the 100 character limit, please shorten it!
Theories/Bimodal/FrameConditions/FrameClass.lean::
Theories/Bimodal/FrameConditions/FrameClass.lean::Note: This linter can be disabled with `set_option linter.style.longLine false`
Theories/Bimodal/FrameConditions/FrameClass.lean::Theories/Bimodal/FrameConditions/FrameClass.lean:204:0: warning: Definition `Bimodal.FrameConditions.DenseTemporalFrame.mk'` of class type is semireducible. Most type class instances should be instance-reducible, so consider marking this
Theories/Bimodal/FrameConditions/FrameClass.lean::definition with `@[instance_reducible]`. If it is intentionally semireducible, this warning can be disabled with `set_option warn.classDefReducibility false`.
Theories/Bimodal/FrameConditions/FrameClass.lean::Theories/Bimodal/FrameConditions/FrameClass.lean:204:0: warning: Definition `DenseTemporalFrame.mk'` is a proposition; use `theorem` instead of `def`
Theories/Bimodal/FrameConditions/FrameClass.lean::
Theories/Bimodal/FrameConditions/FrameClass.lean::Note: This linter can be disabled with `set_option linter.defProp false`
Theories/Bimodal/FrameConditions/FrameClass.lean::Theories/Bimodal/FrameConditions/FrameClass.lean:212:0: warning: Definition `Bimodal.FrameConditions.DiscreteTemporalFrame.mk'` of class type is semireducible. Most type class instances should be instance-reducible, so consider marking this
Theories/Bimodal/FrameConditions/FrameClass.lean::definition with `@[instance_reducible]`. If it is intentionally semireducible, this warning can be disabled with `set_option warn.classDefReducibility false`.
Theories/Bimodal/FrameConditions/FrameClass.lean::Theories/Bimodal/FrameConditions/FrameClass.lean:212:0: warning: Definition `DiscreteTemporalFrame.mk'` is a proposition; use `theorem` instead of `def`
Theories/Bimodal/FrameConditions/FrameClass.lean::
Theories/Bimodal/FrameConditions/FrameClass.lean::Note: This linter can be disabled with `set_option linter.defProp false`
fSystem/Axioms.lean::
Theories/Bimodal/ProofSystem/Axioms.lean::Note: This linter can be disabled with `set_option linter.flexible false`
Theories/Bimodal/ProofSystem/Axioms.lean::`infer_instance`
Theories/Bimodal/ProofSystem/Axioms.lean::modifies the current goal, which was modified by the flexible tactic `simp` on line 438!
Theories/Bimodal/ProofSystem/Axioms.lean::Theories/Bimodal/ProofSystem/Axioms.lean:438:40: warning: `simp [LE.le]` is a flexible tactic modifying `⊢`. Try `simp?` and use the suggested `simp only [...]`. Alternatively, use `suffices` to explicitly state the simplified form.
Theories/Bimodal/ProofSystem/Axioms.lean::
Theories/Bimodal/ProofSystem/Axioms.lean::Note: This linter can be disabled with `set_option linter.flexible false`
Theories/Bimodal/ProofSystem/Axioms.lean::`infer_instance`
Theories/Bimodal/ProofSystem/Axioms.lean::modifies the current goal, which was modified by the flexible tactic `simp` on line 438!
Theories/Bimodal/ProofSystem/Axioms.lean::Theories/Bimodal/ProofSystem/Axioms.lean:438:40: warning: `simp [LE.le]` is a flexible tactic modifying `⊢`. Try `simp?` and use the suggested `simp only [...]`. Alternatively, use `suffices` to explicitly state the simplified form.
Theories/Bimodal/ProofSystem/Axioms.lean::
Theories/Bimodal/ProofSystem/Axioms.lean::Note: This linter can be disabled with `set_option linter.flexible false`
Theories/Bimodal/ProofSystem/Axioms.lean::`infer_instance`
Theories/Bimodal/ProofSystem/Axioms.lean::modifies the current goal, which was modified by the flexible tactic `simp` on line 438!
Theories/Bimodal/ProofSystem/Axioms.lean::Theories/Bimodal/ProofSystem/Axioms.lean:438:40: warning: `simp [LE.le]` is a flexible tactic modifying `⊢`. Try `simp?` and use the suggested `simp only [...]`. Alternatively, use `suffices` to explicitly state the simplified form.
Theories/Bimodal/ProofSystem/Axioms.lean::
Theories/Bimodal/ProofSystem/Axioms.lean::Note: This linter can be disabled with `set_option linter.flexible false`
Theories/Bimodal/ProofSystem/Axioms.lean::`infer_instance`
Theories/Bimodal/ProofSystem/Axioms.lean::modifies the current goal, which was modified by the flexible tactic `simp` on line 438!
Theories/Bimodal/ProofSystem/Derivation.lean::Theories/Bimodal/ProofSystem/Derivation.lean:94:0: warning: Please, write a comment here or remove this line, but do not place empty lines within commands!
Theories/Bimodal/ProofSystem/Derivation.lean::Context:
Theories/Bimodal/ProofSystem/Derivation.lean::                                ↓
Theories/Bimodal/ProofSystem/Derivation.lean::  ⏎      : DerivationTree fc Γ φ⏎⏎  /--⏎
Theories/Bimodal/ProofSystem/Derivation.lean::
Theories/Bimodal/ProofSystem/Derivation.lean::Note: This linter can be disabled with `set_option linter.style.emptyLine false`
Theories/Bimodal/ProofSystem/Derivation.lean::Theories/Bimodal/ProofSystem/Derivation.lean:101:0: warning: Please, write a comment here or remove this line, but do not place empty lines within commands!
Theories/Bimodal/ProofSystem/Derivation.lean::Context:
Theories/Bimodal/ProofSystem/Derivation.lean::                                                                                 ↓
Theories/Bimodal/ProofSystem/Derivation.lean::  ⏎  | assumption (Γ : Context) (φ : Formula) (h : φ ∈ Γ) : DerivationTree fc Γ φ⏎⏎  /--⏎
Theories/Bimodal/ProofSystem/Derivation.lean::
Theories/Bimodal/ProofSystem/Derivation.lean::Note: This linter can be disabled with `set_option linter.style.emptyLine false`
Theories/Bimodal/ProofSystem/Derivation.lean::Theories/Bimodal/ProofSystem/Derivation.lean:110:0: warning: Please, write a comment here or remove this line, but do not place empty lines within commands!
Theories/Bimodal/ProofSystem/Derivation.lean::Context:
Theories/Bimodal/ProofSystem/Derivation.lean::                                                             ↓
Theories/Bimodal/ProofSystem/Derivation.lean::  ⏎      (d2 : DerivationTree fc Γ φ) : DerivationTree fc Γ ψ⏎⏎  /--⏎
Theories/Bimodal/ProofSystem/Derivation.lean::
Theories/Bimodal/ProofSystem/Derivation.lean::Note: This linter can be disabled with `set_option linter.style.emptyLine false`
Theories/Bimodal/ProofSystem/Derivation.lean::Theories/Bimodal/ProofSystem/Derivation.lean:128:0: warning: Please, write a comment here or remove this line, but do not place empty lines within commands!
Theories/Bimodal/ProofSystem/Derivation.lean::Context:
Theories/Bimodal/ProofSystem/Derivation.lean::                                                                            ↓
Theories/Bimodal/ProofSystem/Derivation.lean::  ⏎      (d : DerivationTree fc [] φ) : DerivationTree fc [] (Formula.box φ)⏎⏎  /--⏎
Theories/Bimodal/ProofSystem/Derivation.lean::
Theories/Bimodal/ProofSystem/Derivation.lean::Note: This linter can be disabled with `set_option linter.style.emptyLine false`
Theories/Bimodal/ProofSystem/Derivation.lean::Theories/Bimodal/ProofSystem/Derivation.lean:146:0: warning: Please, write a comment here or remove this line, but do not place empty lines within commands!
Theories/Bimodal/ProofSystem/Derivation.lean::Context:
Theories/Bimodal/ProofSystem/Derivation.lean::                                                                                   ↓
Theories/Bimodal/ProofSystem/Derivation.lean::  ⏎      (d : DerivationTree fc [] φ) : DerivationTree fc [] (Formula.all_future φ)⏎⏎  /--⏎
Theories/Bimodal/ProofSystem/Derivation.lean::
Theories/Bimodal/ProofSystem/Derivation.lean::Note: This linter can be disabled with `set_option linter.style.emptyLine false`
Theories/Bimodal/ProofSystem/Derivation.lean::Theories/Bimodal/ProofSystem/Derivation.lean:156:0: warning: Please, write a comment here or remove this line, but do not place empty lines within commands!
Theories/Bimodal/ProofSystem/Derivation.lean::Context:
Theories/Bimodal/ProofSystem/Derivation.lean::                                                                            ↓
Theories/Bimodal/ProofSystem/Derivation.lean::  ⏎      (d : DerivationTree fc [] φ) : DerivationTree fc [] φ.swap_temporal⏎⏎  /--⏎
Theories/Bimodal/ProofSystem/Derivation.lean::
Theories/Bimodal/ProofSystem/Derivation.lean::Note: This linter can be disabled with `set_option linter.style.emptyLine false`
Theories/Bimodal/ProofSystem/Derivation.lean::Theories/Bimodal/ProofSystem/Derivation.lean:371:100: warning: This line exceeds the 100 character limit, please shorten it!
Theories/Bimodal/ProofSystem/Derivation.lean::
Theories/Bimodal/ProofSystem/Derivation.lean::Note: This linter can be disabled with `set_option linter.style.longLine false`
Theories/Bimodal/Semantics/TaskModel.lean::Theories/Bimodal/Semantics/TaskModel.lean:43:100: warning: This line exceeds the 100 character limit, please shorten it!
Theories/Bimodal/Semantics/TaskModel.lean::
Theories/Bimodal/Semantics/TaskModel.lean::Note: This linter can be disabled with `set_option linter.style.longLine false`
Theories/Bimodal/Semantics/TaskModel.lean::Theories/Bimodal/Semantics/TaskModel.lean:86:3: warning: error: doc-strings should start with a single space or newline
Theories/Bimodal/Semantics/TaskModel.lean::
Theories/Bimodal/Semantics/TaskModel.lean::Note: This linter can be disabled with `set_option linter.style.docString false`
Theories/Bimodal/Semantics/TaskFrame.lean::Theories/Bimodal/Semantics/TaskFrame.lean:167:100: warning: This line exceeds the 100 character limit, please shorten it!
Theories/Bimodal/Semantics/TaskFrame.lean::
Theories/Bimodal/Semantics/TaskFrame.lean::Note: This linter can be disabled with `set_option linter.style.longLine false`
Theories/Bimodal/Semantics/TaskFrame.lean::Theories/Bimodal/Semantics/TaskFrame.lean:180:100: warning: This line exceeds the 100 character limit, please shorten it!
Theories/Bimodal/Semantics/TaskFrame.lean::
Theories/Bimodal/Semantics/TaskFrame.lean::Note: This linter can be disabled with `set_option linter.style.longLine false`
Theories/Bimodal/Semantics/TaskFrame.lean::Theories/Bimodal/Semantics/TaskFrame.lean:256:25: warning: `simp at hnd` is a flexible tactic modifying `hnd`. Try `simp?` and use the suggested `simp only [...]`. Alternatively, use `suffices` to explicitly state the simplified form.
Theories/Bimodal/Semantics/TaskFrame.lean::
Theories/Bimodal/Semantics/TaskFrame.lean::Note: This linter can be disabled with `set_option linter.flexible false`
Theories/Bimodal/Semantics/TaskFrame.lean::Try this:
Theories/Bimodal/Semantics/TaskFrame.lean::  [apply] simp only [ne_eq] at hnd
Theories/Bimodal/Semantics/TaskFrame.lean::`exact hnd`
Theories/Bimodal/Semantics/TaskFrame.lean::uses `hnd`, which was modified by the flexible tactic `simp` on line 256!
Theories/Bimodal/Semantics/TaskFrame.lean::Theories/Bimodal/Semantics/TaskFrame.lean:211:100: warning: This line exceeds the 100 character limit, please shorten it!
Theories/Bimodal/Semantics/TaskFrame.lean::
Theories/Bimodal/Semantics/TaskFrame.lean::Note: This linter can be disabled with `set_option linter.style.longLine false`
Theories/Bimodal/Semantics/TaskFrame.lean::Theories/Bimodal/Semantics/TaskFrame.lean:271:3: warning: error: doc-strings should start with a single space or newline
Theories/Bimodal/Semantics/TaskFrame.lean::
Theories/Bimodal/Semantics/TaskFrame.lean::Note: This linter can be disabled with `set_option linter.style.docString false`
Theories/Bimodal/Semantics/TaskFrame.lean::Theories/Bimodal/Semantics/TaskFrame.lean:284:94: warning: remove line break in the source
Theories/Bimodal/Semantics/TaskFrame.lean::
Theories/Bimodal/Semantics/TaskFrame.lean::This part of the code
Theories/Bimodal/Semantics/TaskFrame.lean::  'D] 
Theories/Bimodal/Semantics/TaskFrame.lean::   '
Theories/Bimodal/Semantics/TaskFrame.lean::should be written as
Theories/Bimodal/Semantics/TaskFrame.lean::  'D] extends'
Theories/Bimodal/Semantics/TaskFrame.lean::
Theories/Bimodal/Semantics/TaskFrame.lean::
Theories/Bimodal/Semantics/TaskFrame.lean::Note: This linter can be disabled with `set_option linter.style.whitespace false`
Theories/Bimodal/Semantics/TaskFrame.lean::Theories/Bimodal/Semantics/TaskFrame.lean:293:3: warning: error: doc-strings should start with a single space or newline
Theories/Bimodal/Semantics/TaskFrame.lean::
Theories/Bimodal/Semantics/TaskFrame.lean::Note: This linter can be disabled with `set_option linter.style.docString false`
Theories/Bimodal/Syntax/Atom.lean::Theories/Bimodal/Syntax/Atom.lean:86:4: warning: The `show` tactic should only be used to indicate intermediate goal states for readability.
Theories/Bimodal/Syntax/Atom.lean::However, this tactic invocation changed the goal. Please use `change` instead for these purposes.
Theories/Bimodal/Syntax/Atom.lean::
Theories/Bimodal/Syntax/Atom.lean::Note: This linter can be disabled with `set_option linter.style.show false`
Theories/Bimodal/Semantics/Validity.lean::Theories/Bimodal/Semantics/Validity.lean:123:100: warning: This line exceeds the 100 character limit, please shorten it!
Theories/Bimodal/Semantics/Validity.lean::
Theories/Bimodal/Semantics/Validity.lean::Note: This linter can be disabled with `set_option linter.style.longLine false`
Theories/Bimodal/Semantics/Validity.lean::Theories/Bimodal/Semantics/Validity.lean:248:100: warning: This line exceeds the 100 character limit, please shorten it!
Theories/Bimodal/Semantics/Validity.lean::
Theories/Bimodal/Semantics/Validity.lean::Note: This linter can be disabled with `set_option linter.style.longLine false`
Theories/Bimodal/Semantics/Validity.lean::Theories/Bimodal/Semantics/Validity.lean:256:100: warning: This line exceeds the 100 character limit, please shorten it!
Theories/Bimodal/Semantics/Validity.lean::
Theories/Bimodal/Semantics/Validity.lean::Note: This linter can be disabled with `set_option linter.style.longLine false`
Theories/Bimodal/Semantics/WorldHistory.lean::Theories/Bimodal/Semantics/WorldHistory.lean:69:100: warning: This line exceeds the 100 character limit, please shorten it!
Theories/Bimodal/Semantics/WorldHistory.lean::
Theories/Bimodal/Semantics/WorldHistory.lean::Note: This linter can be disabled with `set_option linter.style.longLine false`
Theories/Bimodal/Semantics/WorldHistory.lean::Theories/Bimodal/Semantics/WorldHistory.lean:193:100: warning: This line exceeds the 100 character limit, please shorten it!
Theories/Bimodal/Semantics/WorldHistory.lean::
Theories/Bimodal/Semantics/WorldHistory.lean::Note: This linter can be disabled with `set_option linter.style.longLine false`
Theories/Bimodal/Semantics/WorldHistory.lean::Theories/Bimodal/Semantics/WorldHistory.lean:411:4: warning: `simp at this` is a flexible tactic modifying `this`. Try `simp?` and use the suggested `simp only [...]`. Alternatively, use `suffices` to explicitly state the simplified form.
Theories/Bimodal/Semantics/WorldHistory.lean::
Theories/Bimodal/Semantics/WorldHistory.lean::Note: This linter can be disabled with `set_option linter.flexible false`
Theories/Bimodal/Semantics/WorldHistory.lean::`exact this`
Theories/Bimodal/Semantics/WorldHistory.lean::uses `this`, which was modified by the flexible tactic `simp` on line 411!
Theories/Bimodal/Semantics/Truth.lean::Theories/Bimodal/Semantics/Truth.lean:462:0: warning: Please, write a comment here or remove this line, but do not place empty lines within commands!
Theories/Bimodal/Semantics/Truth.lean::Context:
Theories/Bimodal/Semantics/Truth.lean::                                              ↓
Theories/Bimodal/Semantics/Truth.lean::  ⏎      exact ⟨hx, by rw [h_states]; exact h⟩⏎⏎  | bot =>⏎
Theories/Bimodal/Semantics/Truth.lean::
Theories/Bimodal/Semantics/Truth.lean::Note: This linter can be disabled with `set_option linter.style.emptyLine false`
Theories/Bimodal/Semantics/Truth.lean::Theories/Bimodal/Semantics/Truth.lean:466:0: warning: Please, write a comment here or remove this line, but do not place empty lines within commands!
Theories/Bimodal/Semantics/Truth.lean::Context:
Theories/Bimodal/Semantics/Truth.lean::                           ↓
Theories/Bimodal/Semantics/Truth.lean::  ⏎    simp only [truth_at]⏎⏎  | imp ψ χ ih_ψ ih_χ =>⏎
Theories/Bimodal/Semantics/Truth.lean::
Theories/Bimodal/Semantics/Truth.lean::Note: This linter can be disabled with `set_option linter.style.emptyLine false`
Theories/Bimodal/Semantics/Truth.lean::Theories/Bimodal/Semantics/Truth.lean:477:0: warning: Please, write a comment here or remove this line, but do not place empty lines within commands!
Theories/Bimodal/Semantics/Truth.lean::Context:
Theories/Bimodal/Semantics/Truth.lean::                                         ↓
Theories/Bimodal/Semantics/Truth.lean::  ⏎      exact (ih_χ σ x y).mpr (h h_psi)⏎⏎  | box ψ ih =>⏎
Theories/Bimodal/Semantics/Truth.lean::
Theories/Bimodal/Semantics/Truth.lean::Note: This linter can be disabled with `set_option linter.style.emptyLine false`
Theories/Bimodal/Semantics/Truth.lean::Theories/Bimodal/Semantics/Truth.lean:509:0: warning: Please, write a comment here or remove this line, but do not place empty lines within commands!
Theories/Bimodal/Semantics/Truth.lean::Context:
Theories/Bimodal/Semantics/Truth.lean::                                                                       ↓
Theories/Bimodal/Semantics/Truth.lean::  ⏎      exact (truth_double_shift_cancel M Omega ρ (x - y) x ψ).mp h2'⏎⏎  | untl φ ψ ih_φ ih_ψ =>⏎
Theories/Bimodal/Semantics/Truth.lean::
Theories/Bimodal/Semantics/Truth.lean::Note: This linter can be disabled with `set_option linter.style.emptyLine false`
Theories/Bimodal/Semantics/Truth.lean::Theories/Bimodal/Semantics/Truth.lean:597:0: warning: Please, write a comment here or remove this line, but do not place empty lines within commands!
Theories/Bimodal/Semantics/Truth.lean::Context:
Theories/Bimodal/Semantics/Truth.lean::                                                                        ↓
Theories/Bimodal/Semantics/Truth.lean::  ⏎        exact (truth_history_eq M Omega _ _ r' h_hist_eq ψ).mp h_conv⏎⏎  | snce φ ψ ih_φ ih_ψ =>⏎
Theories/Bimodal/Semantics/Truth.lean::
Theories/Bimodal/Semantics/Truth.lean::Note: This linter can be disabled with `set_option linter.style.emptyLine false`
Theories/Bimodal/Syntax/SubformulaClosure/Closure.lean::Theories/Bimodal/Syntax/SubformulaClosure/Closure.lean:327:100: warning: This line exceeds the 100 character limit, please shorten it!
Theories/Bimodal/Syntax/SubformulaClosure/Closure.lean::
Theories/Bimodal/Syntax/SubformulaClosure/Closure.lean::Note: This linter can be disabled with `set_option linter.style.longLine false`
Theories/Bimodal/Syntax/SubformulaClosure/NestingDepth.lean::Theories/Bimodal/Syntax/SubformulaClosure/NestingDepth.lean:69:100: warning: This line exceeds the 100 character limit, please shorten it!
Theories/Bimodal/Syntax/SubformulaClosure/NestingDepth.lean::
Theories/Bimodal/Syntax/SubformulaClosure/NestingDepth.lean::Note: This linter can be disabled with `set_option linter.style.longLine false`
Theories/Bimodal/Syntax/SubformulaClosure/NestingDepth.lean::Theories/Bimodal/Syntax/SubformulaClosure/NestingDepth.lean:147:100: warning: This line exceeds the 100 character limit, please shorten it!
Theories/Bimodal/Syntax/SubformulaClosure/NestingDepth.lean::
Theories/Bimodal/Syntax/SubformulaClosure/NestingDepth.lean::Note: This linter can be disabled with `set_option linter.style.longLine false`
Theories/Bimodal/Syntax/SubformulaClosure/TemporalFormulas.lean::Theories/Bimodal/Syntax/SubformulaClosure/TemporalFormulas.lean:172:100: warning: This line exceeds the 100 character limit, please shorten it!
Theories/Bimodal/Syntax/SubformulaClosure/TemporalFormulas.lean::
Theories/Bimodal/Syntax/SubformulaClosure/TemporalFormulas.lean::Note: This linter can be disabled with `set_option linter.style.longLine false`
Theories/Bimodal/Syntax/SubformulaClosure/TemporalFormulas.lean::Theories/Bimodal/Syntax/SubformulaClosure/TemporalFormulas.lean:290:100: warning: This line exceeds the 100 character limit, please shorten it!
Theories/Bimodal/Syntax/SubformulaClosure/TemporalFormulas.lean::
Theories/Bimodal/Syntax/SubformulaClosure/TemporalFormulas.lean::Note: This linter can be disabled with `set_option linter.style.longLine false`
Theories/Bimodal/Syntax/SubformulaClosure/TemporalFormulas.lean::Theories/Bimodal/Syntax/SubformulaClosure/TemporalFormulas.lean:586:100: warning: This line exceeds the 100 character limit, please shorten it!
Theories/Bimodal/Syntax/SubformulaClosure/TemporalFormulas.lean::
Theories/Bimodal/Syntax/SubformulaClosure/TemporalFormulas.lean::Note: This linter can be disabled with `set_option linter.style.longLine false`
Theories/Bimodal/Syntax/SubformulaClosure/TemporalFormulas.lean::Theories/Bimodal/Syntax/SubformulaClosure/TemporalFormulas.lean:673:100: warning: This line exceeds the 100 character limit, please shorten it!
Theories/Bimodal/Syntax/SubformulaClosure/TemporalFormulas.lean::
Theories/Bimodal/Syntax/SubformulaClosure/TemporalFormulas.lean::Note: This linter can be disabled with `set_option linter.style.longLine false`
Theories/Bimodal/Syntax/SubformulaClosure/TemporalFormulas.lean::Theories/Bimodal/Syntax/SubformulaClosure/TemporalFormulas.lean:698:100: warning: This line exceeds the 100 character limit, please shorten it!
Theories/Bimodal/Syntax/SubformulaClosure/TemporalFormulas.lean::
Theories/Bimodal/Syntax/SubformulaClosure/TemporalFormulas.lean::Note: This linter can be disabled with `set_option linter.style.longLine false`
Theories/Bimodal/Syntax/SubformulaClosure/TemporalFormulas.lean::Theories/Bimodal/Syntax/SubformulaClosure/TemporalFormulas.lean:699:100: warning: This line exceeds the 100 character limit, please shorten it!
Theories/Bimodal/Syntax/SubformulaClosure/TemporalFormulas.lean::
Theories/Bimodal/Syntax/SubformulaClosure/TemporalFormulas.lean::Note: This linter can be disabled with `set_option linter.style.longLine false`
Theories/Bimodal/Syntax/SubformulaClosure/TemporalFormulas.lean::Theories/Bimodal/Syntax/SubformulaClosure/TemporalFormulas.lean:701:100: warning: This line exceeds the 100 character limit, please shorten it!
Theories/Bimodal/Syntax/SubformulaClosure/TemporalFormulas.lean::
Theories/Bimodal/Syntax/SubformulaClosure/TemporalFormulas.lean::Note: This linter can be disabled with `set_option linter.style.longLine false`
Theories/Bimodal/Syntax/SubformulaClosure/TemporalFormulas.lean::Theories/Bimodal/Syntax/SubformulaClosure/TemporalFormulas.lean:702:100: warning: This line exceeds the 100 character limit, please shorten it!
Theories/Bimodal/Syntax/SubformulaClosure/TemporalFormulas.lean::
Theories/Bimodal/Syntax/SubformulaClosure/TemporalFormulas.lean::Note: This linter can be disabled with `set_option linter.style.longLine false`
Theories/Bimodal/Syntax/SubformulaClosure/TemporalFormulas.lean::Theories/Bimodal/Syntax/SubformulaClosure/TemporalFormulas.lean:952:100: warning: This line exceeds the 100 character limit, please shorten it!
Theories/Bimodal/Syntax/SubformulaClosure/TemporalFormulas.lean::
Theories/Bimodal/Syntax/SubformulaClosure/TemporalFormulas.lean::Note: This linter can be disabled with `set_option linter.style.longLine false`
Theories/Bimodal/Syntax/SubformulaClosure/TemporalFormulas.lean::Theories/Bimodal/Syntax/SubformulaClosure/TemporalFormulas.lean:976:100: warning: This line exceeds the 100 character limit, please shorten it!
Theories/Bimodal/Syntax/SubformulaClosure/TemporalFormulas.lean::
Theories/Bimodal/Syntax/SubformulaClosureTheories/Bimodal/Theorems/Combinators.lean::Theories/Bimodal/Theorems/Combinators.lean:96:100: warning: This line exceeds the 100 character limit, please shorten it!
Theories/Bimodal/Theorems/Combinators.lean::
Theories/Bimodal/Theorems/Combinators.lean::Note: This linter can be disabled with `set_option linter.style.longLine false`
Theories/Bimodal/Theorems/Combinators.lean::Theories/Bimodal/Theorems/Combinators.lean:106:100: warning: This line exceeds the 100 character limit, please shorten it!
Theories/Bimodal/Theorems/Combinators.lean::
Theories/Bimodal/Theorems/Combinators.lean::Note: This linter can be disabled with `set_option linter.style.longLine false`
Theories/Bimodal/Theorems/Combinators.lean::Theories/Bimodal/Theorems/Combinators.lean:119:100: warning: This line exceeds the 100 character limit, please shorten it!
Theories/Bimodal/Theorems/Combinators.lean::
Theories/Bimodal/Theorems/Combinators.lean::Note: This linter can be disabled with `set_option linter.style.longLine false`
Theories/Bimodal/Theorems/Combinators.lean::Theories/Bimodal/Theorems/Combinators.lean:120:100: warning: This line exceeds the 100 character limit, please shorten it!
Theories/Bimodal/Theorems/Combinators.lean::
Theories/Bimodal/Theorems/Combinators.lean::Note: This linter can be disabled with `set_option linter.style.longLine false`
Theories/Bimodal/Theorems/Combinators.lean::Theories/Bimodal/Theorems/Combinators.lean:142:0: warning: Please, write a comment here or remove this line, but do not place empty lines within commands!
Theories/Bimodal/Theorems/Combinators.lean::Context:
Theories/Bimodal/Theorems/Combinators.lean::                                                                                   ↓
Theories/Bimodal/Theorems/Combinators.lean::  ⏎    DerivationTree.axiom [] _ (Axiom.prop_s (B.imp C) A) (FrameClass.base_le fc)⏎⏎  -- Step 2: K axiom gives us (A → (B → C)) → ((A → B) → (A → C))⏎
Theories/Bimodal/Theorems/Combinators.lean::
Theories/Bimodal/Theorems/Combinators.lean::Note: This linter can be disabled with `set_option linter.style.emptyLine false`
Theories/Bimodal/Theorems/Combinators.lean::Theories/Bimodal/Theorems/Combinators.lean:146:0: warning: Please, write a comment here or remove this line, but do not place empty lines within commands!
Theories/Bimodal/Theorems/Combinators.lean::Context:
Theories/Bimodal/Theorems/Combinators.lean::                                                                             ↓
Theories/Bimodal/Theorems/Combinators.lean::  ⏎    DerivationTree.axiom [] _ (Axiom.prop_k A B C) (FrameClass.base_le fc)⏎⏎  -- Step 3: Compose with imp_trans⏎
Theories/Bimodal/Theorems/Combinators.lean::
Theories/Bimodal/Theorems/Combinators.lean::Note: This linter can be disabled with `set_option linter.style.emptyLine false`
Theories/Bimodal/Theorems/Combinators.lean::Theories/Bimodal/Theorems/Combinators.lean:138:100: warning: This line exceeds the 100 character limit, please shorten it!
Theories/Bimodal/Theorems/Combinators.lean::
Theories/Bimodal/Theorems/Combinators.lean::Note: This linter can be disabled with `set_option linter.style.longLine false`
Theories/Bimodal/Theorems/Combinators.lean::Theories/Bimodal/Theorems/Combinators.lean:168:0: warning: Please, write a comment here or remove this line, but do not place empty lines within commands!
Theories/Bimodal/Theorems/Combinators.lean::Context:
Theories/Bimodal/Theorems/Combinators.lean::                                                                                           ↓
Theories/Bimodal/Theorems/Combinators.lean::  ⏎    DerivationTree.axiom [] _ (Axiom.prop_s (A.imp (B.imp C)) B) (FrameClass.base_le fc)⏎⏎  -- Step 2: K axiom gives us (A → (B → C)) → ((A → B) → (A → C))⏎
Theories/Bimodal/Theorems/Combinators.lean::
Theories/Bimodal/Theorems/Combinators.lean::Note: This linter can be disabled with `set_option linter.style.emptyLine false`
Theories/Bimodal/Theorems/Combinators.lean::Theories/Bimodal/Theorems/Combinators.lean:194:0: warning: Please, write a comment here or remove this line, but do not place empty lines within commands!
Theories/Bimodal/Theorems/Combinators.lean::Context:
Theories/Bimodal/Theorems/Combinators.lean::                                     ↓
Theories/Bimodal/Theorems/Combinators.lean::  ⏎  -- This is exactly prop_k A B C!⏎⏎  have k_abc : ⊢[fc] (A.imp (B.imp C)).imp ((A.imp B).imp (A.imp C)) :=⏎
Theories/Bimodal/Theorems/Combinators.lean::
Theories/Bimodal/Theorems/Combinators.lean::Note: This linter can be disabled with `set_option linter.style.emptyLine false`
Theories/Bimodal/Theorems/Combinators.lean::Theories/Bimodal/Theorems/Combinators.lean:197:0: warning: Please, write a comment here or remove this line, but do not place empty lines within commands!
Theories/Bimodal/Theorems/Combinators.lean::Context:
Theories/Bimodal/Theorems/Combinators.lean::                                                                             ↓
Theories/Bimodal/Theorems/Combinators.lean::  ⏎    DerivationTree.axiom [] _ (Axiom.prop_k A B C) (FrameClass.base_le fc)⏎⏎  -- Weaken k_abc: ((A → B → C) → ...) → (B → ((A → B → C) → ...))⏎
Theories/Bimodal/Theorems/Combinators.lean::
Theories/Bimodal/Theorems/Combinators.lean::Note: This linter can be disabled with `set_option linter.style.emptyLine false`
Theories/Bimodal/Theorems/Combinators.lean::Theories/Bimodal/Theorems/Combinators.lean:202:0: warning: Please, write a comment here or remove this line, but do not place empty lines within commands!
Theories/Bimodal/Theorems/Combinators.lean::Context:
Theories/Bimodal/Theorems/Combinators.lean::                                                                                                                           ↓
Theories/Bimodal/Theorems/Combinators.lean::  ⏎    DerivationTree.axiom [] _ (Axiom.prop_s ((A.imp (B.imp C)).imp ((A.imp B).imp (A.imp C))) B) (FrameClass.base_le fc)⏎⏎  have step2 : ⊢[fc] B.imp ((A.imp (B.imp C)).imp ((A.imp B).imp (A.imp C))) :=⏎
Theories/Bimodal/Theorems/Combinators.lean::
Theories/Bimodal/Theorems/Combinators.lean::Note: This linter can be disabled with `set_option linter.style.emptyLine false`
Theories/Bimodal/Theorems/Combinators.lean::Theories/Bimodal/Theorems/Combinators.lean:205:0: warning: Please, write a comment here or remove this line, but do not place empty lines within commands!
Theories/Bimodal/Theorems/Combinators.lean::Context:
Theories/Bimodal/Theorems/Combinators.lean::                                                      ↓
Theories/Bimodal/Theorems/Combinators.lean::  ⏎    DerivationTree.modus_ponens [] _ _ weak_k k_abc⏎⏎  -- Now use prop_k to distribute B through:⏎
Theories/Bimodal/Theorems/Combinators.lean::
Theories/Bimodal/Theorems/Combinators.lean::Note: This linter can be disabled with `set_option linter.style.emptyLine false`
Theories/Bimodal/Theorems/Combinators.lean::Theories/Bimodal/Theorems/Combinators.lean:211:0: warning: Please, write a comment here or remove this line, but do not place empty lines within commands!
Theories/Bimodal/Theorems/Combinators.lean::Context:
Theories/Bimodal/Theorems/Combinators.lean::                                                                                                                     ↓
Theories/Bimodal/Theorems/Combinators.lean::  ⏎    DerivationTree.axiom [] _ (Axiom.prop_k B (A.imp (B.imp C)) ((A.imp B).imp (A.imp C))) (FrameClass.base_le fc)⏎⏎  have step3 : ⊢[fc] (B.imp (A.imp (B.imp C))).imp (B.imp ((A.imp B).imp (A.imp C))) :=⏎
Theories/Bimodal/Theorems/Combinators.lean::
Theories/Bimodal/Theorems/Combinators.lean::Note: This linter can be disabled with `set_option linter.style.emptyLine false`
Theories/Bimodal/Theorems/Combinators.lean::Theories/Bimodal/Theorems/Combinators.lean:214:0: warning: Please, write a comment here or remove this line, but do not place empty lines within commands!
Theories/Bimodal/Theorems/Combinators.lean::Context:
Theories/Bimodal/Theorems/Combinators.lean::                                                      ↓
Theories/Bimodal/Theorems/Combinators.lean::  ⏎    DerivationTree.modus_ponens [] _ _ k_step step2⏎⏎  -- Compose step1 with step3 to get (A → B → C) → (B → ((A → B) → (A → C)))⏎
Theories/Bimodal/Theorems/Combinators.lean::
Theories/Bimodal/Theorems/Combinators.lean::Note: This linter can be disabled with `set_option linter.style.emptyLine false`
Theories/Bimodal/Theorems/Combinators.lean::Theories/Bimodal/Theorems/Combinators.lean:218:0: warning: Please, write a comment here or remove this line, but do not place empty lines within commands!
Theories/Bimodal/Theorems/Combinators.lean::Context:
Theories/Bimodal/Theorems/Combinators.lean::                            ↓
Theories/Bimodal/Theorems/Combinators.lean::  ⏎    imp_trans step1 step3⏎⏎  -- Now we need to get from (B → ((A → B) → (A → C))) to ((A → B → C) → (B → (A → C)))⏎
Theories/Bimodal/Theorems/Combinators.lean::
Theories/Bimodal/Theorems/Combinators.lean::Note: This linter can be disabled with `set_option linter.style.emptyLine false`
Theories/Bimodal/Theorems/Combinators.lean::Theories/Bimodal/Theorems/Combinators.lean:224:0: warning: Please, write a comment here or remove this line, but do not place empty lines within commands!
Theories/Bimodal/Theorems/Combinators.lean::Context:
Theories/Bimodal/Theorems/Combinators.lean::                                                                                                              ↓
Theories/Bimodal/Theorems/Combinators.lean::  ⏎  have s_ab : ⊢[fc] B.imp (A.imp B) := DerivationTree.axiom [] _ (Axiom.prop_s B A) (FrameClass.base_le fc)⏎⏎  -- We need: (B → (A → B)) → ((B → ((A → B) → (A → C))) → (B → (A → C)))⏎
Theories/Bimodal/Theorems/Combinators.lean::
Theories/Bimodal/Theorems/Combinators.lean::Note: This linter can be disabled with `set_option linter.style.emptyLine false`
Theories/Bimodal/Theorems/Combinators.lean::Theories/Bimodal/Theorems/Combinators.lean:237:0: warning: Please, write a comment here or remove this line, but do not place empty lines within commands!
Theories/Bimodal/Theorems/Combinators.lean::Context:
Theories/Bimodal/Theorems/Combinators.lean::                                                                                             ↓
Theories/Bimodal/Theorems/Combinators.lean::  ⏎    DerivationTree.axiom [] _ (Axiom.prop_k B (A.imp B) (A.imp C)) (FrameClass.base_le fc)⏎⏎  -- Apply step4 via imp_trans pattern⏎
Theories/Bimodal/Theorems/Combinators.lean::
Theories/Bimodal/Theorems/Combinators.lean::Note: This linter can be disabled with `set_option linter.style.emptyLine false`
Theories/Bimodal/Theorems/Combinators.lean::Theories/Bimodal/Theorems/Combinators.lean:244:0: warning: Please, write a comment here or remove this line, but do not place empty lines within commands!
Theories/Bimodal/Theorems/Combinators.lean::Context:
Theories/Bimodal/Theorems/Combinators.lean::                              ↓
Theories/Bimodal/Theorems/Combinators.lean::  ⏎    imp_trans step4 k_final⏎⏎  -- Now apply s_ab⏎
Theories/Bimodal/Theorems/Combinators.lean::
Theories/Bimodal/Theorems/Combinators.lean::Note: This linter can be disabled with `set_option linter.style.emptyLine false`
Theories/Bimodal/Theorems/Combinators.lean::Theories/Bimodal/Theorems/Combinators.lean:260:0: warning: Please, write a comment here or remove this line, but do not place empty lines within commands!
Theories/Bimodal/Theorems/Combinators.lean::Context:
Theories/Bimodal/Theorems/Combinators.lean::                                                                                                           ↓
Theories/Bimodal/Theorems/Combinators.lean::  ⏎    DerivationTree.axiom [] _ (Axiom.prop_s (B.imp (A.imp B)) (A.imp (B.imp C))) (FrameClass.base_le fc)⏎⏎  have step6 : ⊢[fc] (A.imp (B.imp C)).imp (B.imp (A.imp B)) :=⏎
Theories/Bimodal/Theorems/Combinators.lean::
Theories/Bimodal/Theorems/Combinators.lean::Note: This linter can be disabled with `set_option linter.style.emptyLine false`
Theories/Bimodal/Theorems/Combinators.lean::Theories/Bimodal/Theorems/Combinators.lean:263:0: warning: Please, wr/TemporalFormulas.lean::Note: This linter can be disabled with `set_option linter.style.longLine false`
Theories/Bimodal/Syntax/SubformulaClosure/TemporalFormulas.lean::Theories/Bimodal/Syntax/SubformulaClosure/TemporalFormulas.lean:1128:100: warning: This line exceeds the 100 character limit, please shorten it!
Theories/Bimodal/Syntax/SubformulaClosure/TemporalFormulas.lean::
Theories/Bimodal/Syntax/SubformulaClosure/TemporalFormulas.lean::Note: This linter can be disabled with `set_option linter.style.longLine false`
ite a comment here or remove this line, but do not place empty lines within commands!
Theories/Bimodal/Theorems/Combinators.lean::Context:
Theories/Bimodal/Theorems/Combinators.lean::                                                        ↓
Theories/Bimodal/Theorems/Combinators.lean::  ⏎    DerivationTree.modus_ponens [] _ _ weak_s_ab s_ab⏎⏎  -- Now combine step5 and step6 using prop_k⏎
Theories/Bimodal/Theorems/Combinators.lean::
Theories/Bimodal/Theorems/Combinators.lean::Note: This linter can be disabled with `set_option linter.style.emptyLine false`
Theories/Bimodal/Theorems/Combinators.lean::Theories/Bimodal/Theorems/Combinators.lean:275:0: warning: Please, write a comment here or remove this line, but do not place empty lines within commands!
Theories/Bimodal/Theorems/Combinators.lean::Context:
Theories/Bimodal/Theorems/Combinators.lean::                                                                                                     ↓
Theories/Bimodal/Theorems/Combinators.lean::  ⏎      (Axiom.prop_k (A.imp (B.imp C)) (B.imp (A.imp B)) (B.imp (A.imp C))) (FrameClass.base_le fc)⏎⏎  have step7 :⏎
Theories/Bimodal/Theorems/Combinators.lean::
Theories/Bimodal/Theorems/Combinators.lean::Note: This linter can be disabled with `set_option linter.style.emptyLine false`
Theories/Bimodal/Theorems/Combinators.lean::Theories/Bimodal/Theorems/Combinators.lean:280:0: warning: Please, write a comment here or remove this line, but do not place empty lines within commands!
Theories/Bimodal/Theorems/Combinators.lean::Context:
Theories/Bimodal/Theorems/Combinators.lean::                                                         ↓
Theories/Bimodal/Theorems/Combinators.lean::  ⏎    DerivationTree.modus_ponens [] _ _ k_combine step5⏎⏎  exact DerivationTree.modus_ponens [] _ _ step7 step6⏎
Theories/Bimodal/Theorems/Combinators.lean::
Theories/Bimodal/Theorems/Combinators.lean::Note: This linter can be disabled with `set_option linter.style.emptyLine false`
Theories/Bimodal/Theorems/Combinators.lean::Theories/Bimodal/Theorems/Combinators.lean:160:100: warning: This line exceeds the 100 character limit, please shorten it!
Theories/Bimodal/Theorems/Combinators.lean::
Theories/Bimodal/Theorems/Combinators.lean::Note: This linter can be disabled with `set_option linter.style.longLine false`
Theories/Bimodal/Theorems/Combinators.lean::Theories/Bimodal/Theorems/Combinators.lean:201:100: warning: This line exceeds the 100 character limit, please shorten it!
Theories/Bimodal/Theorems/Combinators.lean::
Theories/Bimodal/Theorems/Combinators.lean::Note: This linter can be disabled with `set_option linter.style.longLine false`
Theories/Bimodal/Theorems/Combinators.lean::Theories/Bimodal/Theorems/Combinators.lean:210:100: warning: This line exceeds the 100 character limit, please shorten it!
Theories/Bimodal/Theorems/Combinators.lean::
Theories/Bimodal/Theorems/Combinators.lean::Note: This linter can be disabled with `set_option linter.style.longLine false`
Theories/Bimodal/Theorems/Combinators.lean::Theories/Bimodal/Theorems/Combinators.lean:223:100: warning: This line exceeds the 100 character limit, please shorten it!
Theories/Bimodal/Theorems/Combinators.lean::
Theories/Bimodal/Theorems/Combinators.lean::Note: This linter can be disabled with `set_option linter.style.longLine false`
Theories/Bimodal/Theorems/Combinators.lean::Theories/Bimodal/Theorems/Combinators.lean:259:100: warning: This line exceeds the 100 character limit, please shorten it!
Theories/Bimodal/Theorems/Combinators.lean::
Theories/Bimodal/Theorems/Combinators.lean::Note: This linter can be disabled with `set_option linter.style.longLine false`
Theories/Bimodal/Theorems/Combinators.lean::Theories/Bimodal/Theorems/Combinators.lean:299:0: warning: Please, write a comment here or remove this line, but do not place empty lines within commands!
Theories/Bimodal/Theorems/Combinators.lean::Context:
Theories/Bimodal/Theorems/Combinators.lean::                                                                     ↓
Theories/Bimodal/Theorems/Combinators.lean::  ⏎  have id_ab : ⊢[fc] (A.imp B).imp (A.imp B) := identity (A.imp B)⏎⏎  -- Apply flip to this identity:⏎
Theories/Bimodal/Theorems/Combinators.lean::
Theories/Bimodal/Theorems/Combinators.lean::Note: This linter can be disabled with `set_option linter.style.emptyLine false`
Theories/Bimodal/Theorems/Combinators.lean::Theories/Bimodal/Theorems/Combinators.lean:309:0: warning: Please, write a comment here or remove this line, but do not place empty lines within commands!
Theories/Bimodal/Theorems/Combinators.lean::Context:
Theories/Bimodal/Theorems/Combinators.lean::                                     ↓
Theories/Bimodal/Theorems/Combinators.lean::  ⏎    @theorem_flip fc (A.imp B) A B⏎⏎  exact DerivationTree.modus_ponens [] _ _ flip_inst id_ab⏎
Theories/Bimodal/Theorems/Combinators.lean::
Theories/Bimodal/Theorems/Combinators.lean::Note: This linter can be disabled with `set_option linter.style.emptyLine false`
Theories/Bimodal/Theorems/Combinators.lean::Theories/Bimodal/Theorems/Combinators.lean:327:0: warning: Please, write a comment here or remove this line, but do not place empty lines within commands!
Theories/Bimodal/Theorems/Combinators.lean::Context:
Theories/Bimodal/Theorems/Combinators.lean::                                                                                ↓
Theories/Bimodal/Theorems/Combinators.lean::  ⏎  have step_a : ⊢[fc] A.imp ((A.imp (B.imp C)).imp (B.imp C)) := theorem_app1⏎⏎  -- Step 2: Use app1 at B to get: B → (B → C) → C⏎
Theories/Bimodal/Theorems/Combinators.lean::
Theories/Bimodal/Theorems/Combinators.lean::Note: This linter can be disabled with `set_option linter.style.emptyLine false`
Theories/Bimodal/Theorems/Combinators.lean::Theories/Bimodal/Theorems/Combinators.lean:330:0: warning: Please, write a comment here or remove this line, but do not place empty lines within commands!
Theories/Bimodal/Theorems/Combinators.lean::Context:
Theories/Bimodal/Theorems/Combinators.lean::                                                                ↓
Theories/Bimodal/Theorems/Combinators.lean::  ⏎  have step_b : ⊢[fc] B.imp ((B.imp C).imp C) := theorem_app1⏎⏎  -- Step 3: Weaken step_b with A: (B → (B → C) → C) → (A → (B → (B → C) → C))⏎
Theories/Bimodal/Theorems/Combinators.lean::
Theories/Bimodal/Theorems/Combinators.lean::Note: This linter can be disabled with `set_option linter.style.emptyLine false`
Theories/Bimodal/Theorems/Combinators.lean::Theories/Bimodal/Theorems/Combinators.lean:334:0: warning: Please, write a comment here or remove this line, but do not place empty lines within commands!
Theories/Bimodal/Theorems/Combinators.lean::Context:
Theories/Bimodal/Theorems/Combinators.lean::                                                                                                   ↓
Theories/Bimodal/Theorems/Combinators.lean::  ⏎    DerivationTree.axiom [] _ (Axiom.prop_s (B.imp ((B.imp C).imp C)) A) (FrameClass.base_le fc)⏎⏎  have a_b_bc_c : ⊢[fc] A.imp (B.imp ((B.imp C).imp C)) :=⏎
Theories/Bimodal/Theorems/Combinators.lean::
Theories/Bimodal/Theorems/Combinators.lean::Note: This linter can be disabled with `set_option linter.style.emptyLine false`
Theories/Bimodal/Theorems/Combinators.lean::Theories/Bimodal/Theorems/Combinators.lean:337:0: warning: Please, write a comment here or remove this line, but do not place empty lines within commands!
Theories/Bimodal/Theorems/Combinators.lean::Context:
Theories/Bimodal/Theorems/Combinators.lean::                                                            ↓
Theories/Bimodal/Theorems/Combinators.lean::  ⏎    DerivationTree.modus_ponens [] _ _ weak_step_b step_b⏎⏎  -- Step 4: Weaken step_a with B: (A → X → Y) → (B → (A → X → Y))⏎
Theories/Bimodal/Theorems/Combinators.lean::
Theories/Bimodal/Theorems/Combinators.lean::Note: This linter can be disabled with `set_option linter.style.emptyLine false`
Theories/Bimodal/Theorems/Combinators.lean::Theories/Bimodal/Theorems/Combinators.lean:342:0: warning: Please, write a comment here or remove this line, but do not place empty lines within commands!
Theories/Bimodal/Theorems/Combinators.lean::Context:
Theories/Bimodal/Theorems/Combinators.lean::                                                                                                                   ↓
Theories/Bimodal/Theorems/Combinators.lean::  ⏎    DerivationTree.axiom [] _ (Axiom.prop_s (A.imp ((A.imp (B.imp C)).imp (B.imp C))) B) (FrameClass.base_le fc)⏎⏎  have b_a_abc_bc : ⊢[fc] B.imp (A.imp ((A.imp (B.imp C)).imp (B.imp C))) :=⏎
Theories/Bimodal/Theorems/Combinators.lean::
Theories/Bimodal/Theorems/Combinators.lean::Note: This linter can be disabled with `set_option linter.style.emptyLine false`
Theories/Bimodal/Theorems/Combinators.lean::Theories/Bimodal/Theorems/Combinators.lean:345:0: warning: Please, write a comment here or remove this line, but do not place empty lines within commands!
Theories/Bimodal/Theorems/Combinators.lean::Context:
Theories/Bimodal/Theorems/Combinators.lean::                                                            ↓
Theories/Bimodal/Theorems/Combinators.lean::  ⏎    DerivationTree.modus_ponens [] _ _ weak_step_a step_a⏎⏎  -- Step 5: Flip to get A → B → (A → B → C) → (B → C)⏎
Theories/Bimodal/Theorems/Combinators.lean::
Theories/Bimodal/Theorems/Combinators.lean::Note: This linter can be disabled with `set_option linter.style.emptyLine false`
Theories/Bimodal/Theorems/Combinators.lean::Theories/Bimodal/Theorems/Combinators.lean:349:0: warning: Please, write a comment here or remove this line, but do not place empty lines within commands!
Theories/Bimodal/Theorems/Combinators.lean::Context:
Theories/Bimodal/Theorems/Combinators.lean::                                                                 ↓
Theories/Bimodal/Theorems/Combinators.lean::  ⏎    DerivationTree.modus_ponens [] _ _ theorem_flip b_a_abc_bc⏎⏎  -- Step 6: Now we have:⏎
Theories/Bimodal/Theorems/Combinators.lean::
Theories/Bimodal/Theorems/Combinators.lean::Note: This linter can be disabled with `set_option linter.style.emptyLine false`
Theories/Bimodal/Theorems/Combinators.lean::Theories/Bimodal/Theorems/Combinators.lean:362:0: warning: Please, write a comment here or remove this line, but do not place empty lines within commands!
Theories/Bimodal/Theorems/Combinators.lean::Context:
Theories/Bimodal/Theorems/Combinators.lean::                   ↓
Theories/Bimodal/Theorems/Combinators.lean::  ⏎    b_combinator⏎⏎  -- Weaken with B⏎
Theories/Bimodal/Theorems/Combinators.lean::
Theories/Bimodal/Theorems/Combinators.lean::Note: This linter can be disabled with `set_option linter.style.emptyLine false`
Theories/Bimodal/Theorems/Combinators.lean::Theories/Bimodal/Theorems/Combinators.lean:374:0: warning: Please, write a comment here or remove this line, but do not place empty lines within commands!
Theories/Bimodal/Theorems/Combinators.lean::Context:
Theories/Bimodal/Theorems/Combinators.lean::                                     ↓
Theories/Bimodal/Theorems/Combinators.lean::  ⏎        B) (FrameClass.base_le fc)⏎⏎  have b_b_comp :⏎
Theories/Bimodal/Theorems/Combinators.lean::
Theories/Bimodal/Theorems/Combinators.lean::Note: This linter can be disabled with `set_option linter.style.emptyLine false`
Theories/Bimodal/Theorems/Combinators.lean::Theories/Bimodal/Theorems/Combinators.lean:379:0: warning: Please, write a comment here or remove this line, but do not place empty lines within commands!
Theories/Bimodal/Theorems/Combinators.lean::Context:
Theories/Bimodal/Theorems/Combinators.lean::                                                            ↓
Theories/Bimodal/Theorems/Combinators.lean::  ⏎    DerivationTree.modus_ponens [] _ _ weak_b_comp b_comp⏎⏎  -- Weaken with A⏎
Theories/Bimodal/Theorems/Combinators.lean::
Theories/Bimodal/Theorems/Combinators.lean::Note: This linter can be disabled with `set_option linter.style.emptyLine false`
Theories/Bimodal/Theorems/Combinators.lean::Theories/Bimodal/Theorems/Combinators.lean:391:0: warning: Please, write a comment here or remove this line, but do not place empty lines within commands!
Theories/Bimodal/Theorems/Combinators.lean::Context:
Theories/Bimodal/Theorems/Combinators.lean::                                     ↓
Theories/Bimodal/Theorems/Combinators.lean::  ⏎        A) (FrameClass.base_le fc)⏎⏎  have a_b_b_comp :⏎
Theories/Bimodal/Theorems/Combinators.lean::
Theories/Bimodal/Theorems/Combinators.lean::Note: This linter can be disabled with `set_option linter.style.emptyLine false`
Theories/Bimodal/Theorems/Combinators.lean::Theories/Bimodal/Theorems/Combinators.lean:396:0: warning: Please, write a comment here or remove this line, but do not place empty lines within commands!
Theories/Bimodal/Theorems/Combinators.lean::Context:
Theories/Bimodal/Theorems/Combinators.lean::                                                                ↓
Theories/Bimodal/Theorems/Combinators.lean::  ⏎    DerivationTree.modus_ponens [] _ _ weak_a_b_comp b_b_comp⏎⏎  -- Step 7: Use prop_k at the (A → B) level to distribute⏎
Theories/Bimodal/Theorems/Combinators.lean::
Theories/Bimodal/Theorems/Combinators.lean::Note: This linter can be disabled with `set_option linter.style.emptyLine false`
Theories/Bimodal/Theorems/Combinators.lean::Theories/Bimodal/Theorems/Combinators.lean:410:0: warning: Please, write a comment here or remove this line, but do not place empty lines within commands!
Theories/Bimodal/Theorems/Combinators.lean::Context:
Theories/Bimodal/Theorems/Combinators.lean::                                                                                                     ↓
Theories/Bimodal/Theorems/Combinators.lean::  ⏎        (((A.imp (B.imp C)).imp (B.imp C)).imp ((A.imp (B.imp C)).imp C))) (FrameClass.base_le fc)⏎⏎  have step7_b :⏎
Theories/Bimodal/Theorems/Combinators.lean::
Theories/Bimodal/Theorems/Combinators.lean::Note: This linter can be disabled with `set_option linter.style.emptyLine false`
Theories/Bimodal/Theorems/Combinators.lean::Theories/Bimodal/Theorems/Combinators.lean:415:0: warning: Please, write a comment here or remove this line, but do not place empty lines within commands!
Theories/Bimodal/Theorems/Combinators.lean::Context:
Theories/Bimodal/Theorems/Combinators.lean::                                                      ↓
Theories/Bimodal/Theorems/Combinators.lean::  ⏎    DerivationTree.modus_ponens [] _ _ k_b b_b_comp⏎⏎  -- Now k at A level⏎
Theories/Bimodal/Theorems/Combinators.lean::
Theories/Bimodal/Theorems/Combinators.lean::Note: This linter can be disabled with `set_option linter.style.emptyLine false`
Theories/Bimodal/Theorems/Combinators.lean::Theories/Bimodal/Theorems/Combinators.lean:426:0: warning: Please, write a comment here or remove this line, but do not place empty lines within commands!
Theories/Bimodal/Theorems/Combinators.lean::Context:
Theories/Bimodal/Theorems/Combinators.lean::                                                                                                             ↓
Theories/Bimodal/Theorems/Combinators.lean::  ⏎        (B.imp (((A.imp (B.imp C)).imp (B.imp C)).imp ((A.imp (B.imp C)).imp C)))) (FrameClass.base_le fc)⏎⏎  -- Weaken step7_b with A⏎
Theories/Bimodal/Theorems/Combinators.lean::
Theories/Bimodal/Theorems/Combinators.lean::Note: This linter can be disabled with `set_option linter.style.emptyLine false`
Theories/Bimodal/Theorems/Combinators.lean::Theories/Bimodal/Theorems/Combinators.lean:438:0: warning: Please, write a comment here or remove this line, but do not place empty lines within commands!
Theories/Bimodal/Theorems/Combinators.lean::Context:
Theories/Bimodal/Theorems/Combinators.lean::                                     ↓
Theories/Bimodal/Theorems/Combinators.lean::  ⏎        A) (FrameClass.base_le fc)⏎⏎  have a_step7 :⏎
Theories/Bimodal/Theorems/Combinators.lean::
Theories/Bimodal/Theorems/Combinators.lean::Note: This linter can be disabled with `set_option linter.style.emptyLine false`
Theories/Bimodal/Theorems/Combinators.lean::Theories/Bimodal/Theorems/Combinators.lean:443:0: warning: Please, write a comment here or remove this line, but do not place empty lines within commands!
Theories/Bimodal/Theorems/Combinators.lean::Context:
Theories/Bimodal/Theorems/Combinators.lean::                                                            ↓
Theories/Bimodal/Theorems/Combinators.lean::  ⏎    DerivationTree.modus_ponens [] _ _ weak_step7 step7_b⏎⏎  have step8 :⏎
Theories/Bimodal/Theorems/Combinators.lean::
Theories/Bimodal/Theorems/Combinators.lean::Note: This linter can be disabled with `set_option linter.style.emptyLine false`
Theories/Bimodal/Theorems/Combinators.lean::Theories/Bimodal/Theorems/Combinators.lean:449:0: warning: Please, write a comment here or remove this line, but do not place empty lines within commands!
Theories/Bimodal/Theorems/Combinators.lean::Context:
Theories/Bimodal/Theorems/Combinators.lean::                                                     ↓
Theories/Bimodal/Theorems/Combinators.lean::  ⏎    DerivationTree.modus_ponens [] _ _ k_a a_step7⏎⏎  -- Apply step8 to a_b_bc_c⏎
Theories/Bimodal/Theorems/Combinators.lean::
Theories/Bimodal/Theorems/Combinators.lean::Note: This linter can be disabled with `set_option linter.style.emptyLine false`
Theories/Bimodal/Theorems/Combinators.lean::Theories/Bimodal/Theorems/Combinators.lean:455:0: warning: Please, write a comment here or remove this line, but do not place empty lines within commands!
Theories/Bimodal/Theorems/Combinators.lean::Context:
Theories/Bimodal/Theorems/Combinators.lean::                                                        ↓
Theories/Bimodal/Theorems/Combinators.lean::  ⏎    DerivationTree.modus_ponens [] _ _ step8 a_b_bc_c⏎⏎  -- Step 10: Now compose with a_b_abc_bc using prop_k at nested levels⏎
Theories/Bimodal/Theorems/Combinators.lean::
Theories/Bimodal/Theorems/Combinators.lean::Note: This linter can be disabled with `set_option linter.style.emptyLine false`
Theories/Bimodal/Theorems/Combinators.lean::Theories/Bimodal/Theorems/Combinators.lean:470:0: warning: Please, write a comment here or remove this line, but do not place empty lines within commands!
Theories/Bimodal/Theorems/Combinators.lean::Context:
Theories/Bimodal/Theorems/Combinators.lean::                                                                                                             ↓
Theories/Bimodal/Theorems/Combinators.lean::  ⏎      (Axiom.prop_k B ((A.imp (B.imp C)).imp (B.imp C)) ((A.imp (B.imp C)).imp C)) (FrameClass.base_le fc)⏎⏎  -- Weaken k_b_final with A⏎
Theories/Bimodal/Theorems/Combinators.lean::
Theories/Bimodal/Theorems/Combinators.lean::Note: This linter can be disabled with `set_option linter.style.emptyLine false`
Theories/Bimodal/Theorems/Combinators.lean::Theories/Bimodal/Theorems/Combinators.lean:485:0: warning: Please, write a comment here or remove this line, but do not place empty lines within commands!
Theories/Bimodal/Theorems/Combinators.lean::Context:
Theories/Bimodal/Theorems/Combinators.lean::                                     ↓
Theories/Bimodal/Theorems/Combinators.lean::  ⏎        A) (FrameClass.base_le fc)⏎⏎  have a_k_b :⏎
Theories/Bimodal/Theorems/Combinators.lean::
Theories/Bimodal/Theorems/Combinators.lean::Note: This linter can be disabled with `set_option linter.style.emptyLine false`
Theories/Bimodal/Theorems/Combinators.lean::Theories/Bimodal/Theorems/Combinators.lean:492:0: warning: Please, write a comment here or remove this line, but do not place empty lines within commands!
Theories/Bimodal/Theorems/Combinators.lean::Context:
Theories/Bimodal/Theorems/Combinators.lean::                                                            ↓
Theories/Bimodal/Theorems/Combinators.lean::  ⏎    DerivationTree.modus_ponens [] _ _ weak_k_b k_b_final⏎⏎  -- Now use prop_k at A level to distribute⏎
Theories/Bimodal/Theorems/Combinators.lean::
Theories/Bimodal/Theorems/Combinators.lean::Note: This linter can be disabled with `set_option linter.style.emptyLine false`
Theories/Bimodal/Theorems/Combinators.lean::Theories/Bimodal/Theorems/Combinators.lean:511:0: warning: Please, write a comment here or remove this line, but do not place empty lines within commands!
Theories/Bimodal/Theorems/Combinators.lean::Context:
Theories/Bimodal/Theorems/Combinators.lean::                                                                       ↓
Theories/Bimodal/Theorems/Combinators.lean::  ⏎         (B.imp ((A.imp (B.imp C)).imp C)))) (FrameClass.base_le fc)⏎⏎  have step10_a :⏎
Theories/Bimodal/Theorems/Combinators.lean::
Theories/Bimodal/Theorems/Combinators.lean::Note: This linter can be disabled with `set_option linter.style.emptyLine false`
Theories/Bimodal/Theorems/Combinators.lean::Theories/Bimodal/Theorems/Combinators.lean:518:0: warning: Please, write a comment here or remove this line, but do not place empty lines within commands!
Theories/Bimodal/Theorems/Combinators.lean::Context:
Theories/Bimodal/Theorems/Combinators.lean::                                                         ↓
Theories/Bimodal/Theorems/Combinators.lean::  ⏎    DerivationTree.modus_ponens [] _ _ k_a_outer a_k_b⏎⏎  have step10 :⏎
Theories/Bimodal/Theorems/Combinators.lean::
Theories/Bimodal/Theorems/Combinators.lean::Note: This linter can be disabled with `set_option linter.style.emptyLine false`
Theories/Bimodal/Theorems/Combinators.lean::Theories/Bimodal/Theorems/Combinators.lean:523:0: warning: Please, write a comment here or remove this line, but do not place empty lines within commands!
Theories/Bimodal/Theorems/Combinators.lean::Context:
Theories/Bimodal/Theorems/Combinators.lean::                                                        ↓
Theories/Bimodal/Theorems/Combinators.lean::  ⏎    DerivationTree.modus_ponens [] _ _ step10_a step9⏎⏎  -- Now use prop_k at A level again to combine with a_b_abc_bc⏎
Theories/Bimodal/Theorems/Combinators.lean::
Theories/Bimodal/Theorems/Combinators.lean::Note: This linter can be disabled with `set_option linter.style.emptyLine false`
Theories/Bimodal/Theorems/Combinators.lean::Theories/Bimodal/Theorems/Combinators.lean:528:0: warning: Please, write a comment here or remove this line, but do not place empty lines within commands!
Theories/Bimodal/Theorems/Combinators.lean::Context:
Theories/Bimodal/Theorems/Combinators.lean::                                         ↓
Theories/Bimodal/Theorems/Combinators.lean::  ⏎  -- Goal: A → (B → ((A → B → C) → C))⏎⏎  have k_a_final :⏎
Theories/Bimodal/Theorems/Combinators.lean::
Theories/Bimodal/Theorems/Combinators.lean::Note: This linter can be disabled with `set_option linter.style.emptyLine false`
Theories/Bimodal/Theorems/Combinators.lean::Theories/Bimodal/Theorems/Combinators.lean:537:0: warning: Please, write a comment here or remove this line, but do not place empty lines within commands!
Theories/Bimodal/Theorems/Combinators.lean::Context:
Theories/Bimodal/Theorems/Combinators.lean::                                                                     ↓
Theories/Bimodal/Theorems/Combinators.lean::  ⏎        (B.imp ((A.imp (B.imp C)).imp C))) (FrameClass.base_le fc)⏎⏎  have step11 :⏎
Theories/Bimodal/Theorems/Combinators.lean::
Theories/Bimodal/Theorems/Combinators.lean::Note: This linter can be disabled with `set_option linter.style.emptyLine false`
Theories/Bimodal/Theorems/Combinators.lean::Theories/Bimodal/Theorems/Combinators.lean:542:0: warning: Please, write a comment here or remove this line, but do not place empty lines within commands!
Theories/Bimodal/Theorems/Combinators.lean::Context:
Theories/Bimodal/Theorems/Combinators.lean::                                                          ↓
Theories/Bimodal/Theorems/Combinators.lean::  ⏎    DerivationTree.modus_ponens [] _ _ k_a_final step10⏎⏎  exact DerivationTree.modus_ponens [] _ _ step11 a_b_abc_bc⏎
Theories/Bimodal/Theorems/Combinators.lean::
Theories/Bimodal/Theorems/Combinators.lean::Note: This linter can be disabled with `set_option linter.style.emptyLine false`
Theories/Bimodal/Theorems/Combinators.lean::Theories/Bimodal/Theorems/Combinators.lean:321:100: warning: This line exceeds the 100 character limit, please shorten it!
Theories/Bimodal/Theorems/Combinators.lean::
Theories/Bimodal/Theorems/Combinators.lean::Note: This linter can be disabled with `set_option linter.style.longLine false`
Theories/Bimodal/Theorems/Combinators.lean::Theories/Bimodal/Theorems/Combinators.lean:341:100: warning: This line exceeds the 100 character limit, please shorten it!
Theories/Bimodal/Theorems/Combinators.lean::
Theories/Bimodal/Theorems/Combinators.lean::Note: This linter can be disabled with `set_option linter.style.longLine false`
Theories/Bimodal/Theorems/Combinators.lean::Theories/Bimodal/Theorems/Combinators.lean:425:100: warning: This line exceeds the 100 character limit, please shorten it!
Theories/Bimodal/Theorems/Combinators.lean::
Theories/Bimodal/Theorems/Combinators.lean::Note: This linter can be disabled with `set_option linter.style.longLine false`
Theories/Bimodal/Theorems/Combinators.lean::Theories/Bimodal/Theorems/Combinators.lean:469:100: warning: This line exceeds the 100 character limit, please shorten it!
Theories/Bimodal/Theorems/Combinators.lean::
Theories/Bimodal/Theorems/Combinators.lean::Note: This linter can be disabled with `set_option linter.style.longLine false`
Theories/Bimodal/Theorems/Combinators.lean::Theories/Bimodal/Theorems/Combinators.lean:636:100: warning: This line exceeds the 100 character limit, please shorten it!
Theories/Bimodal/Theorems/Combinators.lean::
Theories/Bimodal/Theorems/Combinators.lean::Note: This linter can be disabled with `set_option linter.style.longLine false`
Theories/Bimodal/Theorems/Combinators.lean::Theories/Bimodal/Theorems/Combinators.lean:637:100: warning: This line exceeds the 100 character limit, please shorten it!
Theories/Bimodal/Theorems/Combinators.lean::
Theories/Bimodal/Theorems/Combinators.lean::Note: This linter can be disabled with `set_option linter.style.longLine false`
Theories/Bimodal/Theorems/Combinators.lean::Theories/Bimodal/Theorems/Combinators.lean:683:0: warning: Please, write a comment here or remove this line, but do not place empty lines within commands!
Theories/Bimodal/Theorems/Combinators.lean::Context:
Theories/Bimodal/Theorems/Combinators.lean::                                                                                                                          ↓
Theories/Bimodal/Theorems/Combinators.lean::  ⏎  let t_G_box := DerivationTree.axiom [] _ (Axiom.modal_t (Formula.all_future (Formula.box φ))) (FrameClass.base_le fc)⏎⏎    -- □(G(□φ)) → G(□φ)⏎
Theories/Bimodal/Theorems/Combinators.lean::
Theories/Bimodal/Theorems/Combinators.lean::Note: This linter can be disabled with `set_option linter.style.emptyLine false`
Theories/Bimodal/Theorems/Combinators.lean::Theories/Bimodal/Theorems/Combinators.lean:680:100: warning: This line exceeds the 100 character limit, please shorten it!
Theories/Bimodal/Theorems/Combinators.lean::
Theories/Bimodal/Theorems/Combinators.lean::Note: This linter can be disabled with `set_option linter.style.longLine false`
Theories/Bimodal/Theorems/Combinators.lean::Theories/Bimodal/Theorems/Combinators.lean:682:100: warning: This line exceeds the 100 character limit, please shorten it!
Theories/Bimodal/Theorems/Combinators.lean::
Theories/Bimodal/Theorems/Combinators.lean::Note: This linter can be disabled with `set_option linter.style.longLine false`
Theories/Bimodal/Theorems/GeneralizedNecessitation.lean::Theories/Bimodal/Theorems/GeneralizedNecessitation.lean:74:22: warning: `simp` is a flexible tactic modifying `⊢`. Try `simp?` and use the suggested `simp only [...]`. Alternatively, use `suffices` to explicitly state the simplified form.
Theories/Bimodal/Theorems/GeneralizedNecessitation.lean::
Theories/Bimodal/Theorems/GeneralizedNecessitation.lean::Note: This linter can be disabled with `set_option linter.flexible false`
Theories/Bimodal/Theorems/GeneralizedNecessitation.lean::Try this:
Theories/Bimodal/Theorems/GeneralizedNecessitation.lean::  [apply] simp only [List.mem_cons]
Theories/Bimodal/Theorems/GeneralizedNecessitation.lean::`right`
Theories/Bimodal/Theorems/GeneralizedNecessitation.lean::modifies the current goal, which was modified by the flexible tactic `simp` on line 74!
Theories/Bimodal/Theorems/GeneralizedNecessitation.lean::Theories/Bimodal/Theorems/GeneralizedNecessitation.lean:74:22: warning: `simp` is a flexible tactic modifying `⊢`. Try `simp?` and use the suggested `simp only [...]`. Alternatively, use `suffices` to explicitly state the simplified form.
Theories/Bimodal/Theorems/GeneralizedNecessitation.lean::
Theories/Bimodal/Theorems/GeneralizedNecessitation.lean::Note: This linter can be disabled with `set_option linter.flexible false`
Theories/Bimodal/Theorems/GeneralizedNecessitation.lean::Try this:
Theories/Bimodal/Theorems/GeneralizedNecessitation.lean::  [apply] simp only [List.mem_cons]
Theories/Bimodal/Theorems/GeneralizedNecessitation.lean::`exact hx`
Theories/Bimodal/Theorems/GeneralizedNecessitation.lean::modifies the current goal, which was modified by the flexible tactic `simp` on line 74!
Theories/Bimodal/Theorems/GeneralizedNecessitation.lean::Theories/Bimodal/Theorems/GeneralizedNecessitation.lean:96:47: warning: This simp argument is unused:
Theories/Bimodal/Theorems/GeneralizedNecessitation.lean::  Formula.swap_temporal
Theories/Bimodal/Theorems/GeneralizedNecessitation.lean::
Theories/Bimodal/Theorems/GeneralizedNecessitation.lean::Hint: Omit it from the simp argument list.
Theories/Bimodal/Theorems/GeneralizedNecessitation.lean::  [apply] simp only [Formula.swap_temporal_all_future, Formula.swap_temporal_involution] at final
Theories/Bimodal/Theorems/GeneralizedNecessitation.lean::
Theories/Bimodal/Theorems/GeneralizedNecessitation.lean::Note: This linter can be disabled with `set_option linter.unusedSimpArgs false`
Theories/Bimodal/Theorems/ContextualProofs.lean::Theories/Bimodal/Theorems/ContextualProofs.lean:144:100: warning: This line exceeds the 100 character limit, please shorten it!
Theories/Bimodal/Theorems/ContextualProofs.lean::
Theories/Bimodal/Theorems/ContextualProofs.lean::Note: This linter can be disabled with `set_option linter.style.longLine false`
Theories/Bimodal/Theorems/ContextualProofs.lean::Theories/Bimodal/Theorems/ContextualProofs.lean:200:100: warning: This line exceeds the 100 character limit, please shorten it!
Theories/Bimodal/Theorems/ContextualProofs.lean::
Theories/Bimodal/Theorems/ContextualProofs.lean::Note: This linter can be disabled with `set_option linter.style.longLine false`
Theories/Bimodal/Theorems/ContextualProofs.lean::Theories/Bimodal/Theorems/ContextualProofs.lean:265:100: warning: This line exceeds the 100 character limit, please shorten it!
Theories/Bimodal/Theorems/ContextualProofs.lean::
Theories/Bimodal/Theorems/ContextualProofs.lean::Note: This linter can be disabled with `set_option linter.style.longLine false`
Theories/Bimodal/Theorems/ContextualProofs.lean::Theories/Bimodal/Theorems/ContextualProofs.lean:271:100: warning: This line exceeds the 100 character limit, please shorten it!
Theories/Bimodal/Theorems/ContextualProofs.lean::
Theories/Bimodal/Theorems/ContextualProofs.lean::Note: This linter can be disabled with `set_option linter.style.longLine false`
Theories/Bimodal/Theorems/ContextualProofs.lean::Theories/Bimodal/Theorems/ContextualProofs.lean:349:100: warning: This line exceeds the 100 character limit, please shorten it!
Theories/Bimodal/Theorems/ContextualProofs.lean::
Theories/Bimodal/Theorems/ContextualProofs.lean::Note: This linter can be disabled with `set_option linter.style.longLine false`
Theories/Bimodal/Theorems/ContextualProofs.lean::Theories/Bimodal/Theorems/ContextualProofs.lean:376:100: warning: This line exceeds the 100 character limit, please shorten it!
Theories/Bimodal/Theorems/ContextualProofs.lean::
Theories/Bimodal/Theorems/ContextualProofs.lean::Note: This linter can be disabled with `set_option linter.style.longLine false`
Theories/Bimodal/Theorems/ContextualProofs.lean::Theories/Bimodal/Theorems/ContextualProofs.lean:392:100: warning: This line exceeds the 100 character limit, please shorten it!
Theories/Bimodal/Theorems/ContextualProofs.lean::
Theories/Bimodal/Theorems/ContextualProofs.lean::Note: This linter can be disabled with `set_option linter.style.longLine false`
Theories/Bimodal/Theorems/ContextualProofs.lean::Theories/Bimodal/Theorems/ContextualProofs.lean:404:100: warning: This line exceeds the 100 character limit, please shorten it!
Theories/Bimodal/Theorems/ContextualProofs.lean::
Theories/Bimodal/Theorems/ContextualProofs.lean::Note: This linter can be disabled with `set_option linter.style.longLine false`
Theories/Bimodal/Theorems/ContextualProofs.lean::Theories/Bimodal/Theorems/ContextualProofs.lean:412:100: warning: This line exceeds the 100 character limit, please shorten it!
Theories/Bimodal/Theorems/ContextualProofs.lean::
Theories/Bimodal/Theorems/ContextualProofs.lean::Note: This linter can be disabled with `set_option linter.style.longLine false`
Theories/Bimodal/Theorems/ContextualProofs.lean::Theories/Bimodal/Theorems/ContextualProofs.lean:420:100: warning: This line exceeds the 100 character limit, please shorten it!
Theories/Bimodal/Theorems/ContextualProofs.lean::
Theories/Bimodal/Theorems/ContextualProofs.lean::Note: This linter can be disabled with `set_option linter.style.longLine false`
Theories/Bimodal/Theorems/ContextualProofs.lean::Theories/Bimodal/Theorems/ContextualProofs.lean:444:100: warning: This line exceeds the 100 character limit, please shorten it!
Theories/Bimodal/Theorems/ContextualProofs.lean::
Theories/Bimodal/Theorems/ContextualProofs.lean::Note: This linter can be disabled with `set_option linter.style.longLine false`
Theories/Bimodal/Theorems/ModalS4.lean::Theories/Bimodal/Theorems/ModalS4.lean:80:0: warning: Please, write a comment here or remove this line, but do not place empty lines within commands!
Theories/Bimodal/Theorems/ModalS4.lean::Context:
Theories/Bimodal/Theorems/ModalS4.lean::                      ↓
Theories/Bimodal/Theorems/ModalS4.lean::  ⏎    pairing A B.box⏎⏎  -- Step 2: Flip to get □B → (A → (A ∧ □B))⏎
Theories/Bimodal/Theorems/ModalS4.lean::
Theories/Bimodal/Theorems/ModalS4.lean::Note: This linter can be disabled with `set_option linter.style.emptyLine false`
Theories/Bimodal/Theorems/ModalS4.lean::Theories/Bimodal/Theorems/ModalS4.lean:84:0: warning: Please, write a comment here or remove this line, but do not place empty lines within commands!
Theories/Bimodal/Theorems/ModalS4.lean::Context:
Theories/Bimodal/Theorems/ModalS4.lean::                                                                                                    ↓
Theories/Bimodal/Theorems/ModalS4.lean::  ⏎    DerivationTree.modus_ponens [] _ _ (@theorem_flip FrameClass.Base A B.box (A.and B.box)) pair⏎⏎  -- Step 3: Apply modal_4 to get □B → □□B⏎
Theories/Bimodal/Theorems/ModalS4.lean::
Theories/Bimodal/Theorems/ModalS4.lean::Note: This linter can be disabled with `set_option linter.style.emptyLine false`
Theories/Bimodal/Theorems/ModalS4.lean::Theories/Bimodal/Theorems/ModalS4.lean:88:0: warning: Please, write a comment here or remove this line, but do not place empty lines within commands!
Theories/Bimodal/Theorems/ModalS4.lean::Context:
Theories/Bimodal/Theorems/ModalS4.lean::                                                          ↓
Theories/Bimodal/Theorems/ModalS4.lean::  ⏎    DerivationTree.axiom [] _ (Axiom.modal_4 B) trivial⏎⏎  -- Step 4: Apply box_mono to flipped to get □□B → □(A → (A ∧ □B))⏎
Theories/Bimodal/Theorems/ModalS4.lean::
Theories/Bimodal/Theorems/ModalS4.lean::Note: This linter can be disabled with `set_option linter.style.emptyLine false`
Theories/Bimodal/Theorems/ModalS4.lean::Theories/Bimodal/Theorems/ModalS4.lean:92:0: warning: Please, write a comment here or remove this line, but do not place empty lines within commands!
Theories/Bimodal/Theorems/ModalS4.lean::Context:
Theories/Bimodal/Theorems/ModalS4.lean::                       ↓
Theories/Bimodal/Theorems/ModalS4.lean::  ⏎    box_mono flipped⏎⏎  -- Step 5: Compose: □B → □□B → □(A → (A ∧ □B))⏎
Theories/Bimodal/Theorems/ModalS4.lean::
Theories/Bimodal/Theorems/ModalS4.lean::Note: This linter can be disabled with `set_option linter.style.emptyLine false`
Theories/Bimodal/Theorems/ModalS4.lean::Theories/Bimodal/Theorems/ModalS4.lean:96:0: warning: Please, write a comment here or remove this line, but do not place empty lines within commands!
Theories/Bimodal/Theorems/ModalS4.lean::Context:
Theories/Bimodal/Theorems/ModalS4.lean::                                      ↓
Theories/Bimodal/Theorems/ModalS4.lean::  ⏎    imp_trans modal_4_b box_flipped⏎⏎  -- Step 6: Apply k_dist_diamond: □(A → (A ∧ □B)) → (◇A → ◇(A ∧ □B))⏎
Theories/Bimodal/Theorems/ModalS4.lean::
Theories/Bimodal/Theorems/ModalS4.lean::Note: This linter can be disabled with `set_option linter.style.emptyLine false`
Theories/Bimodal/Theorems/ModalS4.lean::Theories/Bimodal/Theorems/ModalS4.lean:100:0: warning: Please, write a comment here or remove this line, but do not place empty lines within commands!
Theories/Bimodal/Theorems/ModalS4.lean::Context:
Theories/Bimodal/Theorems/ModalS4.lean::                                     ↓
Theories/Bimodal/Theorems/ModalS4.lean::  ⏎    k_dist_diamond A (A.and B.box)⏎⏎  -- Step 7: Compose: □B → (◇A → ◇(A ∧ □B))⏎
Theories/Bimodal/Theorems/ModalS4.lean::
Theories/Bimodal/Theorems/ModalS4.lean::Note: This linter can be disabled with `set_option linter.style.emptyLine false`
Theories/Bimodal/Theorems/ModalS4.lean::Theories/Bimodal/Theorems/ModalS4.lean:104:0: warning: Please, write a comment here or remove this line, but do not place empty lines within commands!
Theories/Bimodal/Theorems/ModalS4.lean::Context:
Theories/Bimodal/Theorems/ModalS4.lean::                                        ↓
Theories/Bimodal/Theorems/ModalS4.lean::  ⏎    imp_trans box_b_to_box_imp k_dist⏎⏎  -- Step 8: Build (◇A ∧ □B) → ◇(A ∧ □B)⏎
Theories/Bimodal/Theorems/ModalS4.lean::
Theories/Bimodal/Theorems/ModalS4.lean::Note: This linter can be disabled with `set_option linter.style.emptyLine false`
Theories/Bimodal/Theorems/ModalS4.lean::Theories/Bimodal/Theorems/ModalS4.lean:111:0: warning: Please, write a comment here or remove this line, but do not place empty lines within commands!
Theories/Bimodal/Theorems/ModalS4.lean::Context:
Theories/Bimodal/Theorems/ModalS4.lean::                                            ↓
Theories/Bimodal/Theorems/ModalS4.lean::  ⏎    Propositional.rce_imp A.diamond B.box⏎⏎  -- Compose to get: (◇A ∧ □B) → (◇A → ◇(A ∧ □B))⏎
Theories/Bimodal/Theorems/ModalS4.lean::
Theories/Bimodal/Theorems/ModalS4.lean::Note: This linter can be disabled with `set_option linter.style.emptyLine false`
Theories/Bimodal/Theorems/ModalS4.lean::Theories/Bimodal/Theorems/ModalS4.lean:118:0: warning: Please, write a comment here or remove this line, but do not place empty lines within commands!
Theories/Bimodal/Theorems/ModalS4.lean::Context:
Theories/Bimodal/Theorems/ModalS4.lean::                   ↓
Theories/Bimodal/Theorems/ModalS4.lean::  ⏎    b_combinator⏎⏎  have step1 : ⊢ ((A.diamond.and B.box).imp B.box).imp⏎
Theories/Bimodal/Theorems/ModalS4.lean::
Theories/Bimodal/Theorems/ModalS4.lean::Note: This linter can be disabled with `set_option linter.style.emptyLine false`
Theories/Bimodal/Theorems/ModalS4.lean::Theories/Bimodal/Theorems/ModalS4.lean:122:0: warning: Please, write a comment here or remove this line, but do not place empty lines within commands!
Theories/Bimodal/Theorems/ModalS4.lean::Context:
Theories/Bimodal/Theorems/ModalS4.lean::                                                                     ↓
Theories/Bimodal/Theorems/ModalS4.lean::  ⏎    DerivationTree.modus_ponens [] _ _ b_comp box_b_to_diamond_imp⏎⏎  have conj_to_imp : ⊢ (A.diamond.and B.box).imp (A.diamond.imp (A.and B.box).diamond) :=⏎
Theories/Bimodal/Theorems/ModalS4.lean::
Theories/Bimodal/Theorems/ModalS4.lean::Note: This linter can be disabled with `set_option linter.style.emptyLine false`
Theories/Bimodal/Theorems/ModalS4.lean::Theories/Bimodal/Theorems/ModalS4.lean:125:0: warning: Please, write a comment here or remove this line, but do not place empty lines within commands!
Theories/Bimodal/Theorems/ModalS4.lean::Context:
Theories/Bimodal/Theorems/ModalS4.lean::                                                        ↓
Theories/Bimodal/Theorems/ModalS4.lean::  ⏎    DerivationTree.modus_ponens [] _ _ step1 rce_conj⏎⏎  -- Extract ◇A from conjunction: (◇A ∧ □B) → ◇A⏎
Theories/Bimodal/Theorems/ModalS4.lean::
Theories/Bimodal/Theorems/ModalS4.lean::Note: This linter can be disabled with `set_option linter.style.emptyLine false`
Theories/Bimodal/Theorems/ModalS4.lean::Theories/Bimodal/Theorems/ModalS4.lean:129:0: warning: Please, write a comment here or remove this line, but do not place empty lines within commands!
Theories/Bimodal/Theorems/ModalS4.lean::Context:
Theories/Bimodal/Theorems/ModalS4.lean::                                            ↓
Theories/Bimodal/Theorems/ModalS4.lean::  ⏎    Propositional.lce_imp A.diamond B.box⏎⏎  -- Now apply S axiom to combine: (X → Y → Z) → ((X → Y) → (X → Z))⏎
Theories/Bimodal/Theorems/ModalS4.lean::
Theories/Bimodal/Theorems/ModalS4.lean::Note: This linter can be disabled with `set_option linter.style.emptyLine false`
Theories/Bimodal/Theorems/ModalS4.lean::Theories/Bimodal/Theorems/ModalS4.lean:136:0: warning: Please, write a comment here or remove this line, but do not place empty lines within commands!
Theories/Bimodal/Theorems/ModalS4.lean::Context:
Theories/Bimodal/Theorems/ModalS4.lean::                                                                                                             ↓
Theories/Bimodal/Theorems/ModalS4.lean::  ⏎    DerivationTree.axiom [] _ (Axiom.prop_k (A.diamond.and B.box) A.diamond (A.and B.box).diamond) trivial⏎⏎  have step2 : ⊢ ((A.diamond.and B.box).imp A.diamond).imp⏎
Theories/Bimodal/Theorems/ModalS4.lean::
Theories/Bimodal/Theorems/ModalS4.lean::Note: This linter can be disabled with `set_option linter.style.emptyLine false`
Theories/Bimodal/Theorems/ModalS4.lean::Theories/Bimodal/Theorems/ModalS4.lean:140:0: warning: Please, write a comment here or remove this line, but do not place empty lines within commands!
Theories/Bimodal/Theorems/ModalS4.lean::Context:
Theories/Bimodal/Theorems/ModalS4.lean::                                                             ↓
Theories/Bimodal/Theorems/ModalS4.lean::  ⏎    DerivationTree.modus_ponens [] _ _ s_axiom conj_to_imp⏎⏎  exact DerivationTree.modus_ponens [] _ _ step2 lce_conj⏎
Theories/Bimodal/Theorems/ModalS4.lean::
Theories/Bimodal/Theorems/ModalS4.lean::Note: This linter can be disabled with `set_option linter.style.emptyLine false`
Theories/Bimodal/Theorems/ModalS4.lean::Theories/Bimodal/Theorems/ModalS4.lean:135:100: warning: This line exceeds the 100 character limit, please shorten it!
Theories/Bimodal/Theorems/ModalS4.lean::
Theories/Bimodal/Theorems/ModalS4.lean::Note: This linter can be disabled with `set_option linter.style.longLine false`
Theories/Bimodal/Theorems/ModalS4.lean::Theories/Bimodal/Theorems/ModalS4.lean:160:0: warning: Please, write a comment here or remove this line, but do not place empty lines within commands!
Theories/Bimodal/Theorems/ModalS4.lean::Context:
Theories/Bimodal/Theorems/ModalS4.lean::                              ↓
Theories/Bimodal/Theorems/ModalS4.lean::  ⏎  -- Apply to □A: □A → □◇□A⏎⏎  have modal_b_inst : ⊢ A.box.imp (A.box.diamond).box :=⏎
Theories/Bimodal/Theorems/ModalS4.lean::
Theories/Bimodal/Theorems/ModalS4.lean::Note: This linter can be disabled with `set_option linter.style.emptyLine false`
Theories/Bimodal/Theorems/ModalS4.lean::Theories/Bimodal/Theorems/ModalS4.lean:163:0: warning: Please, write a comment here or remove this line, but do not place empty lines within commands!
Theories/Bimodal/Theorems/ModalS4.lean::Context:
Theories/Bimodal/Theorems/ModalS4.lean::                                                              ↓
Theories/Bimodal/Theorems/ModalS4.lean::  ⏎    DerivationTree.axiom [] _ (Axiom.modal_b A.box) trivial⏎⏎  exact modal_b_inst⏎
Theories/Bimodal/Theorems/ModalS4.lean::
Theories/Bimodal/Theorems/ModalS4.lean::Note: This linter can be disabled with `set_option linter.style.emptyLine false`
Theories/Bimodal/Theorems/ModalS4.lean::Theories/Bimodal/Theorems/ModalS4.lean:194:0: warning: Please, write a comment here or remove this line, but do not place empty lines within commands!
Theories/Bimodal/Theorems/ModalS4.lean::Context:
Theories/Bimodal/Theorems/ModalS4.lean::                  ↓
Theories/Bimodal/Theorems/ModalS4.lean::  ⏎      modal_5 A⏎⏎    -- Now we need: □◇A → ◇□◇A⏎
Theories/Bimodal/Theorems/ModalS4.lean::
Theories/Bimodal/Theorems/ModalS4.lean::Note: This linter can be disabled with `set_option linter.style.emptyLine false`
Theories/Bimodal/Theorems/ModalS4.lean::Theories/Bimodal/Theorems/ModalS4.lean:206:0: warning: Please, write a comment here or remove this line, but do not place empty lines within commands!
Theories/Bimodal/Theorems/ModalS4.lean::Context:
Theories/Bimodal/Theorems/ModalS4.lean::                                                                    ↓
Theories/Bimodal/Theorems/ModalS4.lean::  ⏎      DerivationTree.axiom [] _ (Axiom.modal_4 A.diamond) trivial⏎⏎    -- Then t_box_to_diamond on □◇A: □□◇A → ◇□◇A⏎
Theories/Bimodal/Theorems/ModalS4.lean::
Theories/Bimodal/Theorems/ModalS4.lean::Note: This linter can be disabled with `set_option linter.style.emptyLine false`
Theories/Bimodal/Theorems/ModalS4.lean::Theories/Bimodal/Theorems/ModalS4.lean:211:0: warning: Please, write a comment here or remove this line, but do not place empty lines within commands!
Theories/Bimodal/Theorems/ModalS4.lean::Context:
Theories/Bimodal/Theorems/ModalS4.lean::                                       ↓
Theories/Bimodal/Theorems/ModalS4.lean::  ⏎      t_box_to_diamond A.diamond.box⏎⏎    have box_diamond_to_diamond_box_diamond : ⊢ A.diamond.box.imp A.diamond.box.diamond :=⏎
Theories/Bimodal/Theorems/ModalS4.lean::
Theories/Bimodal/Theorems/ModalS4.lean::Note: This linter can be disabled with `set_option linter.style.emptyLine false`
Theories/Bimodal/Theorems/ModalS4.lean::Theories/Bimodal/Theorems/ModalS4.lean:214:0: warning: Please, write a comment here or remove this line, but do not place empty lines within commands!
Theories/Bimodal/Theorems/ModalS4.lean::Context:
Theories/Bimodal/Theorems/ModalS4.lean::                                                                         ↓
Theories/Bimodal/Theorems/ModalS4.lean::  ⏎      imp_trans modal_4_diamond box_box_diamond_to_diamond_box_diamond⏎⏎    -- Compose: ◇A → □◇A → ◇□◇A⏎
Theories/Bimodal/Theorems/ModalS4.lean::
Theories/Bimodal/Theorems/ModalS4.lean::Note: This linter can be disabled with `set_option linter.style.emptyLine false`
Theories/Bimodal/Theorems/ModalS4.lean::Theories/Bimodal/Theorems/ModalS4.lean:217:0: warning: Please, write a comment here or remove this line, but do not place empty lines within commands!
Theories/Bimodal/Theorems/ModalS4.lean::Context:
Theories/Bimodal/Theorems/ModalS4.lean::                                                                      ↓
Theories/Bimodal/Theorems/ModalS4.lean::  ⏎    exact imp_trans modal_5_inst box_diamond_to_diamond_box_diamond⏎⏎  -- Forward direction: ◇□◇A → ◇A⏎
Theories/Bimodal/Theorems/ModalS4.lean::
Theories/Bimodal/Theorems/ModalS4.lean::Note: This linter can be disabled with `set_option linter.style.emptyLine false`
Theories/Bimodal/Theorems/ModalS4.lean::Theories/Bimodal/Theorems/ModalS4.lean:229:0: warning: Please, write a comment here or remove this line, but do not place empty lines within commands!
Theories/Bimodal/Theorems/ModalS4.lean::Context:
Theories/Bimodal/Theorems/ModalS4.lean::                                                                    ↓
Theories/Bimodal/Theorems/ModalS4.lean::  ⏎      DerivationTree.axiom [] _ (Axiom.modal_t A.diamond) trivial⏎⏎    -- diamond_mono: (A → B) → (◇A → ◇B)⏎
Theories/Bimodal/Theorems/ModalS4.lean::
Theories/Bimodal/Theorems/ModalS4.lean::Note: This linter can be disabled with `set_option linter.style.emptyLine false`
Theories/Bimodal/Theorems/ModalS4.lean::Theories/Bimodal/Theorems/ModalS4.lean:277:0: warning: Please, write a comment here or remove this line, but do not place empty lines within commands!
Theories/Bimodal/Theorems/ModalS4.lean::Context:
Theories/Bimodal/Theorems/ModalS4.lean::                                                                             ↓
Theories/Bimodal/Theorems/ModalS4.lean::  ⏎      DerivationTree.axiom [] _ (Axiom.modal_5_collapse A.diamond) trivial⏎⏎    -- Step 2: modal_t on ◇A: □(◇A) → ◇A⏎
Theories/Bimodal/Theorems/ModalS4.lean::
Theories/Bimodal/Theorems/ModalS4.lean::Note: This linter can be disabled with `set_option linter.style.emptyLine false`
Theories/Bimodal/Theorems/ModalS4.lean::Theories/Bimodal/Theorems/ModalS4.lean:283:0: warning: Please, write a comment here or remove this line, but do not place empty lines within commands!
Theories/Bimodal/Theorems/ModalS4.lean::Context:
Theories/Bimodal/Theorems/ModalS4.lean::                                          ↓
Theories/Bimodal/Theorems/ModalS4.lean::  ⏎    exact imp_trans m5c modal_t_diamond⏎⏎  -- Combine using pairing to build biconditional⏎
Theories/Bimodal/Theorems/ModalS4.lean::
Theories/Bimodal/Theorems/ModalS4.lean::Note: This linter can be disabled with `set_option linter.style.emptyLine false`
Theories/Bimodal/Theorems/ModalS4.lean::Theories/Bimodal/Theorems/ModalS4.lean:289:0: warning: Please, write a comment here or remove this line, but do not place empty lines within commands!
Theories/Bimodal/Theorems/ModalS4.lean::Context:
Theories/Bimodal/Theorems/ModalS4.lean::                                                                                          ↓
Theories/Bimodal/Theorems/ModalS4.lean::  ⏎    pairing (A.diamond.box.diamond.imp A.diamond) (A.diamond.imp A.diamond.box.diamond)⏎⏎  have step1 : ⊢ (A.diamond.imp A.diamond.box.diamond).imp⏎
Theories/Bimodal/Theorems/ModalS4.lean::
Theories/Bimodal/Theorems/ModalS4.lean::Note: This linter can be disabled with `set_option linter.style.emptyLine false`
Theories/Bimodal/Theorems/ModalS4.lean::Theories/Bimodal/Theorems/ModalS4.lean:293:0: warning: Please, write a comment here or remove this line, but do not place empty lines within commands!
Theories/Bimodal/Theorems/ModalS4.lean::Context:
Theories/Bimodal/Theorems/ModalS4.lean::                                                                       ↓
Theories/Bimodal/Theorems/ModalS4.lean::  ⏎    DerivationTree.modus_ponens [] _ _ pair_forward_backward forward⏎⏎  have result : ⊢ (A.diamond.box.diamond.imp A.diamond).and (A.diamond.imp A.diamond.box.diamond) :=⏎
Theories/Bimodal/Theorems/ModalS4.lean::
Theories/Bimodal/Theorems/ModalS4.lean::Note: This linter can be disabled with `set_option linter.style.emptyLine false`
Theories/Bimodal/Theorems/ModalS4.lean::Theories/Bimodal/Theorems/ModalS4.lean:296:0: warning: Please, write a comment here or remove this line, but do not place empty lines within commands!
Theories/Bimodal/Theorems/ModalS4.lean::Context:
Theories/Bimodal/Theorems/ModalS4.lean::                                                        ↓
Theories/Bimodal/Theorems/ModalS4.lean::  ⏎    DerivationTree.modus_ponens [] _ _ step1 backward⏎⏎  exact result⏎
Theories/Bimodal/Theorems/ModalS4.lean::
Theories/Bimodal/Theorems/ModalS4.lean::Note: This linter can be disabled with `set_option linter.style.emptyLine false`
Theories/Bimodal/Theorems/ModalS4.lean::Theories/Bimodal/Theorems/ModalS4.lean:327:0: warning: Please, write a comment here or remove this line, but do not place empty lines within commands!
Theories/Bimodal/Theorems/ModalS4.lean::Context:
Theories/Bimodal/Theorems/ModalS4.lean::                                                                                   ↓
Theories/Bimodal/Theorems/ModalS4.lean::  ⏎    have dia_lce : ⊢ (A.and B.diamond).diamond.imp A.diamond := diamond_mono lce⏎⏎    -- Step 2: Get ◇(A ∧ ◇B) → ◇◇B⏎
Theories/Bimodal/Theorems/ModalS4.lean::
Theories/Bimodal/Theorems/ModalS4.lean::Note: This linter can be disabled with `set_option linter.style.emptyLine false`
Theories/Bimodal/Theorems/ModalS4.lean::Theories/Bimodal/Theorems/ModalS4.lean:333:0: warning: Please, write a comment here or remove this line, but do not place empty lines within commands!
Theories/Bimodal/Theorems/ModalS4.lean::Context:
Theories/Bimodal/Theorems/ModalS4.lean::                                                                                           ↓
Theories/Bimodal/Theorems/ModalS4.lean::  ⏎    have dia_rce : ⊢ (A.and B.diamond).diamond.imp B.diamond.diamond := diamond_mono rce⏎⏎    -- Step 3: Get ◇◇B → ◇B using S5⏎
Theories/Bimodal/Theorems/ModalS4.lean::
Theories/Bimodal/Theorems/ModalS4.lean::Note: This linter can be disabled with `set_option linter.style.emptyLine false`
Theories/Bimodal/Theorems/ModalS4.lean::Theories/Bimodal/Theorems/ModalS4.lean:359:0: warning: Please, write a comment here or remove this line, but do not place empty lines within commands!
Theories/Bimodal/Theorems/ModalS4.lean::Context:
Theories/Bimodal/Theorems/ModalS4.lean::                                                                    ↓
Theories/Bimodal/Theorems/ModalS4.lean::  ⏎      DerivationTree.axiom [] _ (Axiom.modal_t B.diamond) trivial⏎⏎    -- Step 3b: Get ◇□◇B → □◇B (modal_5_collapse on ◇B)⏎
Theories/Bimodal/Theorems/ModalS4.lean::
Theories/Bimodal/Theorems/ModalS4.lean::Note: This linter can be disabled with `set_option linter.style.emptyLine false`
Theories/Bimodal/Theorems/ModalS4.lean::Theories/Bimodal/Theorems/ModalS4.lean:363:0: warning: Please, write a comment here or remove this line, but do not place empty lines within commands!
Theories/Bimodal/Theorems/ModalS4.lean::Context:
Theories/Bimodal/Theorems/ModalS4.lean::                                                                             ↓
Theories/Bimodal/Theorems/ModalS4.lean::  ⏎      DerivationTree.axiom [] _ (Axiom.modal_5_collapse B.diamond) trivial⏎⏎    -- Step 3c: Compose to get ◇□◇B → ◇B⏎
Theories/Bimodal/Theorems/ModalS4.lean::
Theories/Bimodal/Theorems/ModalS4.lean::Note: This linter can be disabled with `set_option linter.style.emptyLine false`
Theories/Bimodal/Theorems/ModalS4.lean::Theories/Bimodal/Theorems/ModalS4.lean:367:0: warning: Please, write a comment here or remove this line, but do not place empty lines within commands!
Theories/Bimodal/Theorems/ModalS4.lean::Context:
Theories/Bimodal/Theorems/ModalS4.lean::                                                        ↓
Theories/Bimodal/Theorems/ModalS4.lean::  ⏎      imp_trans dia_box_dia_to_box_dia box_dia_to_dia⏎⏎    -- Step 3d: Now I need to show ◇◇B = ◇□◇B⏎
Theories/Bimodal/Theorems/ModalS4.lean::
Theories/Bimodal/Theorems/ModalS4.lean::Note: This linter can be disabled with `set_option linter.style.emptyLine false`
Theories/Bimodal/Theorems/ModalS4.lean::Theories/Bimodal/Theorems/ModalS4.lean:382:0: warning: Please, write a comment here or remove this line, but do not place empty lines within commands!
Theories/Bimodal/Theorems/ModalS4.lean::Context:
Theories/Bimodal/Theorems/ModalS4.lean::                    ↓
Theories/Bimodal/Theorems/ModalS4.lean::  ⏎      diamond_4 B⏎⏎    -- Step 4: Compose dia_rce with dia_dia_to_dia to get ◇(A ∧ ◇B) → ◇B⏎
Theories/Bimodal/Theorems/ModalS4.lean::
Theories/Bimodal/Theorems/ModalS4.lean::Note: This linter can be disabled with `set_option linter.style.emptyLine false`
Theories/Bimodal/Theorems/ModalS4.lean::Theories/Bimodal/Theorems/ModalS4.lean:386:0: warning: Please, write a comment here or remove this line, but do not place empty lines within commands!
Theories/Bimodal/Theorems/ModalS4.lean::Context:
Theories/Bimodal/Theorems/ModalS4.lean::                                         ↓
Theories/Bimodal/Theorems/ModalS4.lean::  ⏎      imp_trans dia_rce dia_dia_to_dia⏎⏎    -- Step 5: Combine ◇(A ∧ ◇B) → ◇A and ◇(A ∧ ◇B) → ◇B into ◇(A ∧ ◇B) → (◇A ∧ ◇B)⏎
Theories/Bimodal/Theorems/ModalS4.lean::
Theories/Bimodal/Theorems/ModalS4.lean::Note: This linter can be disabled with `set_option linter.style.emptyLine false`
Theories/Bimodal/Theorems/ModalS4.lean::Theories/Bimodal/Theorems/ModalS4.lean:389:0: warning: Please, write a comment here or remove this line, but do not place empty lines within commands!
Theories/Bimodal/Theorems/ModalS4.lean::Context:
Theories/Bimodal/Theorems/ModalS4.lean::                                                       ↓
Theories/Bimodal/Theorems/ModalS4.lean::  ⏎    exact combine_imp_conj dia_lce dia_conj_to_dia_b⏎⏎  -- Backward direction: (◇A ∧ ◇B) → ◇(A ∧ ◇B)⏎
Theories/Bimodal/Theorems/ModalS4.lean::
Theories/Bimodal/Theorems/ModalS4.lean::Note: This linter can be disabled with `set_option linter.style.emptyLine false`
Theories/Bimodal/Theorems/ModalS4.lean::Theories/Bimodal/Theorems/ModalS4.lean:404:0: warning: Please, write a comment here or remove this line, but do not place empty lines within commands!
Theories/Bimodal/Theorems/ModalS4.lean::Context:
Theories/Bimodal/Theorems/ModalS4.lean::                  ↓
Theories/Bimodal/Theorems/ModalS4.lean::  ⏎      modal_5 B⏎⏎    -- Step 2: Build pairing A → ◇B → (A ∧ ◇B)⏎
Theories/Bimodal/Theorems/ModalS4.lean::
Theories/Bimodal/Theorems/ModalS4.lean::Note: This linter can be disabled with `set_option linter.style.emptyLine false`
Theories/Bimodal/Theorems/ModalS4.lean::Theories/Bimodal/Theorems/ModalS4.lean:408:0: warning: Please, write a comment here or remove this line, but do not place empty lines within commands!
Theories/Bimodal/Theorems/ModalS4.lean::Context:
Theories/Bimodal/Theorems/ModalS4.lean::                            ↓
Theories/Bimodal/Theorems/ModalS4.lean::  ⏎      pairing A B.diamond⏎⏎    -- Step 3: Flip to get ◇B → (A → (A ∧ ◇B))⏎
Theories/Bimodal/Theorems/ModalS4.lean::
Theories/Bimodal/Theorems/ModalS4.lean::Note: This linter can be disabled with `set_option linter.style.emptyLine false`
Theories/Bimodal/Theorems/ModalS4.lean::Theories/Bimodal/Theorems/ModalS4.lean:412:0: warning: Please, write a comment here or remove this line, but do not place empty lines within commands!
Theories/Bimodal/Theorems/ModalS4.lean::Context:
Theories/Bimodal/Theorems/ModalS4.lean::                                                                                                              ↓
Theories/Bimodal/Theorems/ModalS4.lean::  ⏎      DerivationTree.modus_ponens [] _ _ (@theorem_flip FrameClass.Base A B.diamond (A.and B.diamond)) pair⏎⏎    -- Step 4: Apply box_mono to get □◇B → □(A → (A ∧ ◇B))⏎
Theories/Bimodal/Theorems/ModalS4.lean::
Theories/Bimodal/Theorems/ModalS4.lean::Note: This linter can be disabled with `set_option linter.style.emptyLine false`
Theories/Bimodal/Theorems/ModalS4.lean::Theories/Bimodal/Theorems/ModalS4.lean:416:0: warning: Please, write a comment here or remove this line, but do not place empty lines within commands!
Theories/Bimodal/Theorems/ModalS4.lean::Context:
Theories/Bimodal/Theorems/ModalS4.lean::                         ↓
Theories/Bimodal/Theorems/ModalS4.lean::  ⏎      box_mono flipped⏎⏎    -- Step 5: Compose: ◇B → □◇B → □(A → (A ∧ ◇B))⏎
Theories/Bimodal/Theorems/ModalS4.lean::
Theories/Bimodal/Theorems/ModalS4.lean::Note: This linter can be disabled with `set_option linter.style.emptyLine false`
Theories/Bimodal/Theorems/ModalS4.lean::Theories/Bimodal/Theorems/ModalS4.lean:420:0: warning: Please, write a comment here or remove this line, but do not place empty lines within commands!
Theories/Bimodal/Theorems/ModalS4.lean::Context:
Theories/Bimodal/Theorems/ModalS4.lean::                                        ↓
Theories/Bimodal/Theorems/ModalS4.lean::  ⏎      imp_trans modal_5_b box_flipped⏎⏎    -- Step 6: Apply k_dist_diamond: □(A → (A ∧ ◇B)) → (◇A → ◇(A ∧ ◇B))⏎
Theories/Bimodal/Theorems/ModalS4.lean::
Theories/Bimodal/Theorems/ModalS4.lean::Note: This linter can be disabled with `set_option linter.style.emptyLine false`
Theories/Bimodal/Theorems/ModalS4.lean::Theories/Bimodal/Theorems/ModalS4.lean:424:0: warning: Please, write a comment here or remove this line, but do not place empty lines within commands!
Theories/Bimodal/Theorems/ModalS4.lean::Context:
Theories/Bimodal/Theorems/ModalS4.lean::                                           ↓
Theories/Bimodal/Theorems/ModalS4.lean::  ⏎      k_dist_diamond A (A.and B.diamond)⏎⏎    -- Step 7: Compose: ◇B → (◇A → ◇(A ∧ ◇B))⏎
Theories/Bimodal/Theorems/ModalS4.lean::
Theories/Bimodal/Theorems/ModalS4.lean::Note: This linter can be disabled with `set_option linter.style.emptyLine false`
Theories/Bimodal/Theorems/ModalS4.lean::Theories/Bimodal/Theorems/ModalS4.lean:428:0: warning: Please, write a comment here or remove this line, but do not place empty lines within commands!
Theories/Bimodal/Theorems/ModalS4.lean::Context:
Theories/Bimodal/Theorems/ModalS4.lean::                                          ↓
Theories/Bimodal/Theorems/ModalS4.lean::  ⏎      imp_trans dia_b_to_box_imp k_dist⏎⏎    -- Step 8: Build (◇A ∧ ◇B) → ◇(A ∧ ◇B)⏎
Theories/Bimodal/Theorems/ModalS4.lean::
Theories/Bimodal/Theorems/ModalS4.lean::Note: This linter can be disabled with `set_option linter.style.emptyLine false`
Theories/Bimodal/Theorems/ModalS4.lean::Theories/Bimodal/Theorems/ModalS4.lean:433:0: warning: Please, write a comment here or remove this line, but do not place empty lines within commands!
Theories/Bimodal/Theorems/ModalS4.lean::Context:
Theories/Bimodal/Theorems/ModalS4.lean::                                                  ↓
Theories/Bimodal/Theorems/ModalS4.lean::  ⏎      Propositional.rce_imp A.diamond B.diamond⏎⏎    -- Compose to get: (◇A ∧ ◇B) → (◇A → ◇(A ∧ ◇B))⏎
Theories/Bimodal/Theorems/ModalS4.lean::
Theories/Bimodal/Theorems/ModalS4.lean::Note: This linter can be disabled with `set_option linter.style.emptyLine false`
Theories/Bimodal/Theorems/ModalS4.lean::Theories/Bimodal/Theorems/ModalS4.lean:439:0: warning: Please, write a comment here or remove this line, but do not place empty lines within commands!
Theories/Bimodal/Theorems/ModalS4.lean::Context:
Theories/Bimodal/Theorems/ModalS4.lean::                     ↓
Theories/Bimodal/Theorems/ModalS4.lean::  ⏎      b_combinator⏎⏎    have step1 : ⊢ ((A.diamond.and B.diamond).imp B.diamond).imp⏎
Theories/Bimodal/Theorems/ModalS4.lean::
Theories/Bimodal/Theorems/ModalS4.lean::Note: This linter can be disabled with `set_option linter.style.emptyLine false`
Theories/Bimodal/Theorems/ModalS4.lean::Theories/Bimodal/Theorems/ModalS4.lean:443:0: warning: Please, write a comment here or remove this line, but do not place empty lines within commands!
Theories/Bimodal/Theorems/ModalS4.lean::Context:
Theories/Bimodal/Theorems/ModalS4.lean::                                                               ↓
Theories/Bimodal/Theorems/ModalS4.lean::  ⏎      DerivationTree.modus_ponens [] _ _ b_comp dia_b_to_imp⏎⏎    have conj_to_imp : ⊢ (A.diamond.and B.diamond).imp (A.diamond.imp (A.and B.diamond).diamond) :=⏎
Theories/Bimodal/Theorems/ModalS4.lean::
Theories/Bimodal/Theorems/ModalS4.lean::Note: This linter can be disabled with `set_option linter.style.emptyLine false`
Theories/Bimodal/Theorems/ModalS4.lean::Theories/Bimodal/Theorems/ModalS4.lean:446:0: warning: Please, write a comment here or remove this line, but do not place empty lines within commands!
Theories/Bimodal/Theorems/ModalS4.lean::Context:
Theories/Bimodal/Theorems/ModalS4.lean::                                                          ↓
Theories/Bimodal/Theorems/ModalS4.lean::  ⏎      DerivationTree.modus_ponens [] _ _ step1 rce_conj⏎⏎    -- Extract ◇A from conjunction: (◇A ∧ ◇B) → ◇A⏎
Theories/Bimodal/Theorems/ModalS4.lean::
Theories/Bimodal/Theorems/ModalS4.lean::Note: This linter can be disabled with `set_option linter.style.emptyLine false`
Theories/Bimodal/Theorems/ModalS4.lean::Theories/Bimodal/Theorems/ModalS4.lean:450:0: warning: Please, write a comment here or remove this line, but do not place empty lines within commands!
Theories/Bimodal/Theorems/ModalS4.lean::Context:
Theories/Bimodal/Theorems/ModalS4.lean::                                                  ↓
Theories/Bimodal/Theorems/ModalS4.lean::  ⏎      Propositional.lce_imp A.diamond B.diamond⏎⏎    -- Apply S axiom to combine⏎
Theories/Bimodal/Theorems/ModalS4.lean::
Theories/Bimodal/Theorems/ModalS4.lean::Note: This linter can be disabled with `set_option linter.style.emptyLine false`
Theories/Bimodal/Theorems/ModalS4.lean::Theories/Bimodal/Theorems/ModalS4.lean:458:0: warning: Please, write a comment here or remove this line, but do not place empty lines within commands!
Theories/Bimodal/Theorems/ModalS4.lean::Context:
Theories/Bimodal/Theorems/ModalS4.lean::                                                                                               ↓
Theories/Bimodal/Theorems/ModalS4.lean::  ⏎        (Axiom.prop_k (A.diamond.and B.diamond) A.diamond (A.and B.diamond).diamond) trivial⏎⏎    have step2 : ⊢ ((A.diamond.and B.diamond).imp A.diamond).imp⏎
Theories/Bimodal/Theorems/ModalS4.lean::
Theories/Bimodal/Theorems/ModalS4.lean::Note: This linter can be disabled with `set_option linter.style.emptyLine false`
Theories/Bimodal/Theorems/ModalS4.lean::Theories/Bimodal/Theorems/ModalS4.lean:462:0: warning: Please, write a comment here or remove this line, but do not place empty lines within commands!
Theories/Bimodal/Theorems/ModalS4.lean::Context:
Theories/Bimodal/Theorems/ModalS4.lean::                          Theories/Bimodal/Theorems/ModalS5.lean::Theories/Bimodal/Theorems/ModalS5.lean:64:100: warning: This line exceeds the 100 character limit, please shorten it!
Theories/Bimodal/Theorems/ModalS5.lean::
Theories/Bimodal/Theorems/ModalS5.lean::Note: This linter can be disabled with `set_option linter.style.longLine false`
Theories/Bimodal/Theorems/ModalS5.lean::Theories/Bimodal/Theorems/ModalS5.lean:110:0: warning: Please, write a comment here or remove this line, but do not place empty lines within commands!
Theories/Bimodal/Theorems/ModalS5.lean::Context:
Theories/Bimodal/Theorems/ModalS5.lean::                                       ↓
Theories/Bimodal/Theorems/ModalS5.lean::  ⏎  unfold Formula.diamond Formula.neg⏎⏎  -- Strategy: Show □A → ¬□¬A which is □A → (□¬A → ⊥)⏎
Theories/Bimodal/Theorems/ModalS5.lean::
Theories/Bimodal/Theorems/ModalS5.lean::Note: This linter can be disabled with `set_option linter.style.emptyLine false`
Theories/Bimodal/Theorems/ModalS5.lean::Theories/Bimodal/Theorems/ModalS5.lean:116:0: warning: Please, write a comment here or remove this line, but do not place empty lines within commands!
Theories/Bimodal/Theorems/ModalS5.lean::Context:
Theories/Bimodal/Theorems/ModalS5.lean::                                                          ↓
Theories/Bimodal/Theorems/ModalS5.lean::  ⏎    DerivationTree.axiom [] _ (Axiom.modal_t A) trivial⏎⏎  -- Step 2: modal_t for ¬A gives us □¬A → ¬A⏎
Theories/Bimodal/Theorems/ModalS5.lean::
Theories/Bimodal/Theorems/ModalS5.lean::Note: This linter can be disabled with `set_option linter.style.emptyLine false`
Theories/Bimodal/Theorems/ModalS5.lean::Theories/Bimodal/Theorems/ModalS5.lean:120:0: warning: Please, write a comment here or remove this line, but do not place empty lines within commands!
Theories/Bimodal/Theorems/ModalS5.lean::Context:
Theories/Bimodal/Theorems/ModalS5.lean::                                                                            ↓
Theories/Bimodal/Theorems/ModalS5.lean::  ⏎    DerivationTree.axiom [] _ (Axiom.modal_t (A.imp Formula.bot)) trivial⏎⏎  -- Step 3: RAA gives us A → (¬A → ⊥)⏎
Theories/Bimodal/Theorems/ModalS5.lean::
Theories/Bimodal/Theorems/ModalS5.lean::Note: This linter can be disabled with `set_option linter.style.emptyLine false`
Theories/Bimodal/Theorems/ModalS5.lean::Theories/Bimodal/Theorems/ModalS5.lean:124:0: warning: Please, write a comment here or remove this line, but do not place empty lines within commands!
Theories/Bimodal/Theorems/ModalS5.lean::Context:
Theories/Bimodal/Theorems/ModalS5.lean::                        ↓
Theories/Bimodal/Theorems/ModalS5.lean::  ⏎    raa A Formula.bot⏎⏎  -- Step 4: Compose □A → A → (¬A → ⊥)⏎
Theories/Bimodal/Theorems/ModalS5.lean::
Theories/Bimodal/Theorems/ModalS5.lean::Note: This linter can be disabled with `set_option linter.style.emptyLine false`
Theories/Bimodal/Theorems/ModalS5.lean::Theories/Bimodal/Theorems/ModalS5.lean:128:0: warning: Please, write a comment here or remove this line, but do not place empty lines within commands!
Theories/Bimodal/Theorems/ModalS5.lean::Context:
Theories/Bimodal/Theorems/ModalS5.lean::                              ↓
Theories/Bimodal/Theorems/ModalS5.lean::  ⏎    imp_trans mt_a raa_inst⏎⏎  -- Step 5: Build (¬A → ⊥) → (□¬A → ⊥) via composition with □¬A → ¬A⏎
Theories/Bimodal/Theorems/ModalS5.lean::
Theories/Bimodal/Theorems/ModalS5.lean::Note: This linter can be disabled with `set_option linter.style.emptyLine false`
Theories/Bimodal/Theorems/ModalS5.lean::Theories/Bimodal/Theorems/ModalS5.lean:136:0: warning: Please, write a comment here or remove this line, but do not place empty lines within commands!
Theories/Bimodal/Theorems/ModalS5.lean::Context:
Theories/Bimodal/Theorems/ModalS5.lean::                                                                                            ↓
Theories/Bimodal/Theorems/ModalS5.lean::  ⏎    @b_combinator FrameClass.Base (A.imp Formula.bot).box (A.imp Formula.bot) Formula.bot⏎⏎  -- We need to flip the order to apply mt_neg_a⏎
Theories/Bimodal/Theorems/ModalS5.lean::
Theories/Bimodal/Theorems/ModalS5.lean::Note: This linter can be disabled with `set_option linter.style.emptyLine false`
Theories/Bimodal/Theorems/ModalS5.lean::Theories/Bimodal/Theorems/ModalS5.lean:148:0: warning: Please, write a comment here or remove this line, but do not place empty lines within commands!
Theories/Bimodal/Theorems/ModalS5.lean::Context:
Theories/Bimodal/Theorems/ModalS5.lean::                                                              ↓
Theories/Bimodal/Theorems/ModalS5.lean::  ⏎                  ((A.imp Formula.bot).box.imp Formula.bot)⏎⏎  have b_flipped : ⊢ ((A.imp Formula.bot).box.imp (A.imp Formula.bot)).imp⏎
Theories/Bimodal/Theorems/ModalS5.lean::
Theories/Bimodal/Theorems/ModalS5.lean::Note: This linter can be disabled with `set_option linter.style.emptyLine false`
Theories/Bimodal/Theorems/ModalS5.lean::Theories/Bimodal/Theorems/ModalS5.lean:153:0: warning: Please, write a comment here or remove this line, but do not place empty lines within commands!
Theories/Bimodal/Theorems/ModalS5.lean::Context:
Theories/Bimodal/Theorems/ModalS5.lean::                                                       ↓
Theories/Bimodal/Theorems/ModalS5.lean::  ⏎    DerivationTree.modus_ponens [] _ _ flip_b b_inst⏎⏎  -- Apply MP with mt_neg_a to get ((¬A → ⊥) → (□¬A → ⊥))⏎
Theories/Bimodal/Theorems/ModalS5.lean::
Theories/Bimodal/Theorems/ModalS5.lean::Note: This linter can be disabled with `set_option linter.style.emptyLine false`
Theories/Bimodal/Theorems/ModalS5.lean::Theories/Bimodal/Theorems/ModalS5.lean:158:0: warning: Please, write a comment here or remove this line, but do not place empty lines within commands!
Theories/Bimodal/Theorems/ModalS5.lean::Context:
Theories/Bimodal/Theorems/ModalS5.lean::                                                            ↓
Theories/Bimodal/Theorems/ModalS5.lean::  ⏎    DerivationTree.modus_ponens [] _ _ b_flipped mt_neg_a⏎⏎  -- Step 6: Compose to get □A → (□¬A → ⊥)⏎
Theories/Bimodal/Theorems/ModalS5.lean::
Theories/Bimodal/Theorems/ModalS5.lean::Note: This linter can be disabled with `set_option linter.style.emptyLine false`
Theories/Bimodal/Theorems/ModalS5.lean::Theories/Bimodal/Theorems/ModalS5.lean:167:0: warning: Please, write a comment here or remove this line, but do not place empty lines within commands!
Theories/Bimodal/Theorems/ModalS5.lean::Context:
Theories/Bimodal/Theorems/ModalS5.lean::                                                  ↓
Theories/Bimodal/Theorems/ModalS5.lean::  ⏎      ((A.imp Formula.bot).box.imp Formula.bot)⏎⏎  have step2 :⏎
Theories/Bimodal/Theorems/ModalS5.lean::
Theories/Bimodal/Theorems/ModalS5.lean::Note: This linter can be disabled with `set_option linter.style.emptyLine false`
Theories/Bimodal/Theorems/ModalS5.lean::Theories/Bimodal/Theorems/ModalS5.lean:172:0: warning: Please, write a comment here or remove this line, but do not place empty lines within commands!
Theories/Bimodal/Theorems/ModalS5.lean::Context:
Theories/Bimodal/Theorems/ModalS5.lean::                                                       ↓
Theories/Bimodal/Theorems/ModalS5.lean::  ⏎    DerivationTree.modus_ponens [] _ _ b_outer step1⏎⏎  exact DerivationTree.modus_ponens [] _ _ step2 comp1⏎
Theories/Bimodal/Theorems/ModalS5.lean::
Theories/Bimodal/Theorems/ModalS5.lean::Note: This linter can be disabled with `set_option linter.style.emptyLine false`
Theories/Bimodal/Theorems/ModalS5.lean::Theories/Bimodal/Theorems/ModalS5.lean:191:0: warning: Please, write a comment here or remove this line, but do not place empty lines within commands!
Theories/Bimodal/Theorems/ModalS5.lean::Context:
Theories/Bimodal/Theorems/ModalS5.lean::                      ↓
Theories/Bimodal/Theorems/ModalS5.lean::  ⏎  unfold Formula.or⏎⏎  -- Goal: ⊢ (¬□A → □B) → □(¬A → B)⏎
Theories/Bimodal/Theorems/ModalS5.lean::
Theories/Bimodal/Theorems/ModalS5.lean::Note: This linter can be disabled with `set_option linter.style.emptyLine false`
Theories/Bimodal/Theorems/ModalS5.lean::Theories/Bimodal/Theorems/ModalS5.lean:197:0: warning: Please, write a comment here or remove this line, but do not place empty lines within commands!
Theories/Bimodal/Theorems/ModalS5.lean::Context:
Theories/Bimodal/Theorems/ModalS5.lean::              ↓
Theories/Bimodal/Theorems/ModalS5.lean::  ⏎    raa A B⏎⏎  have box_a_case : ⊢ A.box.imp ((A.imp Formula.bot).imp B).box :=⏎
Theories/Bimodal/Theorems/ModalS5.lean::
Theories/Bimodal/Theorems/ModalS5.lean::Note: This linter can be disabled with `set_option linter.style.emptyLine false`
Theories/Bimodal/Theorems/ModalS5.lean::Theories/Bimodal/Theorems/ModalS5.lean:200:0: warning: Please, write a comment here or remove this line, but do not place empty lines within commands!
Theories/Bimodal/Theorems/ModalS5.lean::Context:
Theories/Bimodal/Theorems/ModalS5.lean::                        ↓
Theories/Bimodal/Theorems/ModalS5.lean::  ⏎    box_mono raa_inst⏎⏎  -- Step 2: □B → □(¬A → B) using weakening (prop_s)⏎
Theories/Bimodal/Theorems/ModalS5.lean::
Theories/Bimodal/Theorems/ModalS5.lean::Note: This linter can be disabled with `set_option linter.style.emptyLine false`
Theories/Bimodal/Theorems/ModalS5.lean::Theories/Bimodal/Theorems/ModalS5.lean:204:0: warning: Please, write a comment here or remove this line, but do not place empty lines within commands!
Theories/Bimodal/Theorems/ModalS5.lean::Context:
Theories/Bimodal/Theorems/ModalS5.lean::                                                                             ↓
Theories/Bimodal/Theorems/ModalS5.lean::  ⏎    DerivationTree.axiom [] _ (Axiom.prop_s B (A.imp Formula.bot)) trivial⏎⏎  have box_b_case : ⊢ B.box.imp ((A.imp Formula.bot).imp B).box :=⏎
Theories/Bimodal/Theorems/ModalS5.lean::
Theories/Bimodal/Theorems/ModalS5.lean::Note: This linter can be disabled with `set_option linter.style.emptyLine false`
Theories/Bimodal/Theorems/ModalS5.lean::Theories/Bimodal/Theorems/ModalS5.lean:207:0: warning: Please, write a comment here or remove this line, but do not place empty lines within commands!
Theories/Bimodal/Theorems/ModalS5.lean::Context:
Theories/Bimodal/Theorems/ModalS5.lean::                      ↓
Theories/Bimodal/Theorems/ModalS5.lean::  ⏎    box_mono weak_b⏎⏎  -- Step 3: Use classical_merge to combine the two cases⏎
Theories/Bimodal/Theorems/ModalS5.lean::
Theories/Bimodal/Theorems/ModalS5.lean::Note: This linter can be disabled with `set_option linter.style.emptyLine false`
Theories/Bimodal/Theorems/ModalS5.lean::Theories/Bimodal/Theorems/ModalS5.lean:219:0: warning: Please, write a comment here or remove this line, but do not place empty lines within commands!
Theories/Bimodal/Theorems/ModalS5.lean::Context:
Theories/Bimodal/Theorems/ModalS5.lean::                   ↓
Theories/Bimodal/Theorems/ModalS5.lean::  ⏎    b_combinator⏎⏎  have neg_box_case :⏎
Theories/Bimodal/Theorems/ModalS5.lean::
Theories/Bimodal/Theorems/ModalS5.lean::Note: This linter can be disabled with `set_option linter.style.emptyLine false`
Theories/Bimodal/Theorems/ModalS5.lean::Theories/Bimodal/Theorems/ModalS5.lean:224:0: warning: Please, write a comment here or remove this line, but do not place empty lines within commands!
Theories/Bimodal/Theorems/ModalS5.lean::Context:
Theories/Bimodal/Theorems/ModalS5.lean::                                                           ↓
Theories/Bimodal/Theorems/ModalS5.lean::  ⏎    DerivationTree.modus_ponens [] _ _ b_inst box_b_case⏎⏎  -- Now apply classical_merge:⏎
Theories/Bimodal/Theorems/ModalS5.lean::
Theories/Bimodal/Theorems/ModalS5.lean::Note: This linter can be disabled with `set_option linter.style.emptyLine false`
Theories/Bimodal/Theorems/ModalS5.lean::Theories/Bimodal/Theorems/ModalS5.lean:232:0: warning: Please, write a comment here or remove this line, but do not place empty lines within commands!
Theories/Bimodal/Theorems/ModalS5.lean::Context:
Theories/Bimodal/Theorems/ModalS5.lean::                                                                          ↓
Theories/Bimodal/Theorems/ModalS5.lean::  ⏎    Propositional.classical_merge A.box ((A.imp Formula.bot).imp B).box⏎⏎  -- First apply: get ((¬□A → □(¬A → B)) → □(¬A → B))⏎
Theories/Bimodal/Theorems/ModalS5.lean::
Theories/Bimodal/Theorems/ModalS5.lean::Note: This linter can be disabled with `set_option linter.style.emptyLine false`
Theories/Bimodal/Theorems/ModalS5.lean::Theories/Bimodal/Theorems/ModalS5.lean:238:0: warning: Please, write a comment here or remove this line, but do not place empty lines within commands!
Theories/Bimodal/Theorems/ModalS5.lean::Context:
Theories/Bimodal/Theorems/ModalS5.lean::                                                       ↓
Theories/Bimodal/Theorems/ModalS5.lean::  ⏎    DerivationTree.modus_ponens [] _ _ cm box_a_case⏎⏎  -- Now compose with neg_box_case: (¬□A → □B) → □(¬A → B)⏎
Theories/Bimodal/Theorems/ModalS5.lean::
Theories/Bimodal/Theorems/ModalS5.lean::Note: This linter can be disabled with `set_option linter.style.emptyLine false`
Theories/Bimodal/Theorems/ModalS5.lean::Theories/Bimodal/Theorems/ModalS5.lean:261:0: warning: Please, write a comment here or remove this line, but do not place empty lines within commands!
Theories/Bimodal/Theorems/ModalS5.lean::Context:
Theories/Bimodal/Theorems/ModalS5.lean::                                                                ↓
Theories/Bimodal/Theorems/ModalS5.lean::  ⏎  -- Using: (B → ⊥) → (A → B) → (A → ⊥) which is b_combinator⏎⏎  have contra_thm : ⊢ (A.imp B).imp ((B.imp Formula.bot).imp (A.imp Formula.bot)) := by⏎
Theories/Bimodal/Theorems/ModalS5.lean::
Theories/Bimodal/Theorems/ModalS5.lean::Note: This linter can be disabled with `set_option linter.style.emptyLine false`
Theories/Bimodal/Theorems/ModalS5.lean::Theories/Bimodal/Theorems/ModalS5.lean:267:0: warning: Please, write a comment here or remove this line, but do not place empty lines within commands!
Theories/Bimodal/Theorems/ModalS5.lean::Context:
Theories/Bimodal/Theorems/ModalS5.lean::                                                      ↓
Theories/Bimodal/Theorems/ModalS5.lean::  ⏎      @b_combinator FrameClass.Base A B Formula.bot⏎⏎    -- We need to flip the order: (A → B) → (B → ⊥) → (A → ⊥)⏎
Theories/Bimodal/Theorems/ModalS5.lean::
Theories/Bimodal/Theorems/ModalS5.lean::Note: This linter can be disabled with `set_option linter.style.emptyLine false`
Theories/Bimodal/Theorems/ModalS5.lean::Theories/Bimodal/Theorems/ModalS5.lean:273:0: warning: Please, write a comment here or remove this line, but do not place empty lines within commands!
Theories/Bimodal/Theorems/ModalS5.lean::Context:
Theories/Bimodal/Theorems/ModalS5.lean::                                                                                        ↓
Theories/Bimodal/Theorems/ModalS5.lean::  ⏎      @theorem_flip FrameClass.Base (B.imp Formula.bot) (A.imp B) (A.imp Formula.bot)⏎⏎    exact DerivationTree.modus_ponens [] _ _ flip bc⏎
Theories/Bimodal/Theorems/ModalS5.lean::
Theories/Bimodal/Theorems/ModalS5.lean::Note: This linter can be disabled with `set_option linter.style.emptyLine false`
Theories/Bimodal/Theorems/ModalS5.lean::Theories/Bimodal/Theorems/ModalS5.lean:275:0: warning: Please, write a comment here or remove this line, but do not place empty lines within commands!
Theories/Bimodal/Theorems/ModalS5.lean::Context:
Theories/Bimodal/Theorems/ModalS5.lean::                                                       ↓
Theories/Bimodal/Theorems/ModalS5.lean::  ⏎    exact DerivationTree.modus_ponens [] _ _ flip bc⏎⏎  -- Now apply box_mono to contraposition theorem⏎
Theories/Bimodal/Theorems/ModalS5.lean::
Theories/Bimodal/Theorems/ModalS5.lean::Note: This linter can be disabled with `set_option linter.style.emptyLine false`
Theories/Bimodal/Theorems/ModalS5.lean::Theories/Bimodal/Theorems/ModalS5.lean:307:0: warning: Please, write a comment here or remove this line, but do not place empty lines within commands!
Theories/Bimodal/Theorems/ModalS5.lean::Context:
Theories/Bimodal/Theorems/ModalS5.lean::                                       ↓
Theories/Bimodal/Theorems/ModalS5.lean::  ⏎  unfold Formula.diamond Formula.neg⏎⏎  -- Goal becomes: □(A → B) → ((□¬A → ⊥) → (□¬B → ⊥))⏎
Theories/Bimodal/Theorems/ModalS5.lean::
Theories/Bimodal/Theorems/ModalS5.lean::Note: This linter can be disabled with `set_option linter.style.emptyLine false`
Theories/Bimodal/Theorems/ModalS5.lean::Theories/Bimodal/Theorems/ModalS5.lean:314:0: warning: Please, write a comment here or remove this line, but do not place empty lines within commands!
Theories/Bimodal/Theorems/ModalS5.lean::Context:
Theories/Bimodal/Theorems/ModalS5.lean::                         ↓
Theories/Bimodal/Theorems/ModalS5.lean::  ⏎    box_contrapose A B⏎⏎  -- Step 2: Use K axiom to distribute: □(¬B → ¬A) → (□¬B → □¬A)⏎
Theories/Bimodal/Theorems/ModalS5.lean::
Theories/Bimodal/Theorems/ModalS5.lean::Note: This linter can be disabled with `set_option linter.style.emptyLine false`
Theories/Bimodal/Theorems/ModalS5.lean::Theories/Bimodal/Theorems/ModalS5.lean:319:0: warning: Please, write a comment here or remove this line, but do not place empty lines within commands!
Theories/Bimodal/Theorems/ModalS5.lean::Context:
Theories/Bimodal/Theorems/ModalS5.lean::                                                                                                     ↓
Theories/Bimodal/Theorems/ModalS5.lean::  ⏎    DerivationTree.axiom [] _ (Axiom.modal_k_dist (B.imp Formula.bot) (A.imp Formula.bot)) trivial⏎⏎  -- Step 3: Compose to get □(A → B) → (□¬B → □¬A)⏎
Theories/Bimodal/Theorems/ModalS5.lean::
Theories/Bimodal/Theorems/ModalS5.lean::Note: This linter can be disabled with `set_option linter.style.emptyLine false`
Theories/Bimodal/Theorems/ModalS5.lean::Theories/Bimodal/Theorems/ModalS5.lean:323:0: warning: Please, write a comment here or remove this line, but do not place empty lines within commands!
Theories/Bimodal/Theorems/ModalS5.lean::Context:
Theories/Bimodal/Theorems/ModalS5.lean::                                  ↓
Theories/Bimodal/Theorems/ModalS5.lean::  ⏎    imp_trans box_contra k_inst⏎⏎  -- Step 4: Contrapose the consequent (□¬B → □¬A) to get (¬□¬A → ¬□¬B)⏎
Theories/Bimodal/Theorems/ModalS5.lean::
Theories/Bimodal/Theorems/ModalS5.lean::Note: This linter can be disabled with `set_option linter.style.emptyLine false`
Theories/Bimodal/Theorems/ModalS5.lean::Theories/Bimodal/Theorems/ModalS5.lean:331:0: warning: Please, write a comment here or remove this line, but do not place empty lines within commands!
Theories/Bimodal/Theorems/ModalS5.lean::Context:
Theories/Bimodal/Theorems/ModalS5.lean::                                                                         ↓
Theories/Bimodal/Theorems/ModalS5.lean::  ⏎    contrapose_imp ((B.imp Formula.bot).box) ((A.imp Formula.bot).box)⏎⏎  -- Step 5: Compose everything⏎
Theories/Bimodal/Theorems/ModalS5.lean::
Theories/Bimodal/Theorems/ModalS5.lean::Note: This linter can be disabled with `set_option linter.style.emptyLine false`
Theories/Bimodal/Theorems/ModalS5.lean::Theories/Bimodal/Theorems/ModalS5.lean:346:0: warning: Please, write a comment here or remove this line, but do not place empty lines within commands!
Theories/Bimodal/Theorems/ModalS5.lean::Context:
Theories/Bimodal/Theorems/ModalS5.lean::                                                    ↓
Theories/Bimodal/Theorems/ModalS5.lean::  ⏎       ((B.imp Formula.bot).box.imp Formula.bot))⏎⏎  have step2 : ⊢ ((A.imp B).box.imp ((B.imp Formula.bot).box.imp (A.imp Formula.bot).box)).imp⏎
Theories/Bimodal/Theorems/ModalS5.lean::
Theories/Bimodal/Theorems/ModalS5.lean::Note: This linter can be disabled with `set_option linter.style.emptyLine false`
Theories/Bimodal/Theorems/ModalS5.lean::Theories/Bimodal/Theorems/ModalS5.lean:351:0: warning: Please, write a comment here or remove this line, but do not place empty lines within commands!
Theories/Bimodal/Theorems/ModalS5.lean::Context:
Theories/Bimodal/Theorems/ModalS5.lean::                                                            ↓
Theories/Bimodal/Theorems/ModalS5.lean::  ⏎    DerivationTree.modus_ponens [] _ _ b_comp contra_cons⏎⏎  exact DerivationTree.modus_ponens [] _ _ step2 step1⏎
Theories/Bimodal/Theorems/ModalS5.lean::
Theories/Bimodal/Theorems/ModalS5.lean::Note: This linter can be disabled with `set_option linter.style.emptyLine false`
Theories/Bimodal/Theorems/ModalS5.lean::Theories/Bimodal/Theorems/ModalS5.lean:376:0: warning: Please, write a comment here or remove this line, but do not place empty lines within commands!
Theories/Bimodal/Theorems/ModalS5.lean::Context:
Theories/Bimodal/Theorems/ModalS5.lean::                                                     ↓
Theories/Bimodal/Theorems/ModalS5.lean::  ⏎    exact DerivationTree.modus_ponens [] _ _ lce h⏎⏎  -- Extract B → A from biconditional⏎
Theories/Bimodal/Theorems/ModalS5.lean::
Theories/Bimodal/Theorems/ModalS5.lean::Note: This linter can be disabled with `set_option linter.style.emptyLine false`
Theories/Bimodal/Theorems/ModalS5.lean::Theories/Bimodal/Theorems/ModalS5.lean:382:0: warning: Please, write a comment here or remove this line, but do not place empty lines within commands!
Theories/Bimodal/Theorems/ModalS5.lean::Context:
Theories/Bimodal/Theorems/ModalS5.lean::                                                     ↓
Theories/Bimodal/Theorems/ModalS5.lean::  ⏎    exact DerivationTree.modus_ponens [] _ _ rce h⏎⏎  -- Apply box_mono to A → B to get □A → □B⏎
Theories/Bimodal/Theorems/ModalS5.lean::
Theories/Bimodal/Theorems/ModalS5.lean::Note: This linter can be disabled with `set_option linter.style.emptyLine false`
Theories/Bimodal/Theorems/ModalS5.lean::Theories/Bimodal/Theorems/ModalS5.lean:385:0: warning: Please, write a comment here or remove this line, but do not place empty lines within commands!
Theories/Bimodal/Theorems/ModalS5.lean::Context:
Theories/Bimodal/Theorems/ModalS5.lean::                                                   ↓
Theories/Bimodal/Theorems/ModalS5.lean::  ⏎  have box_ab : ⊢ A.box.imp B.box := box_mono ab⏎⏎  -- Apply box_mono to B → A to get □B → □A⏎
Theories/Bimodal/Theorems/ModalS5.lean::
Theories/Bimodal/Theorems/ModalS5.lean::Note: This linter can be disabled with `set_option linter.style.emptyLine false`
Theories/Bimodal/Theorems/ModalS5.lean::Theories/Bimodal/Theorems/ModalS5.lean:388:0: warning: Please, write a comment here or remove this line, but do not place empty lines within commands!
Theories/Bimodal/Theorems/ModalS5.lean::Context:
Theories/Bimodal/Theorems/ModalS5.lean::                                                   ↓
Theories/Bimodal/Theorems/ModalS5.lean::  ⏎  have box_ba : ⊢ B.box.imp A.box := box_mono ba⏎⏎  -- Combine into biconditional (□A → □B) ∧ (□B → □A)⏎
Theories/Bimodal/Theorems/ModalS5.lean::
Theories/Bimodal/Theorems/ModalS5.lean::Note: This linter can be disabled with `set_option linter.style.emptyLine false`
Theories/Bimodal/Theorems/ModalS5.lean::Theories/Bimodal/Theorems/ModalS5.lean:410:0: warning: Please, write a comment here or remove this line, but do not place empty lines within commands!
Theories/Bimodal/Theorems/ModalS5.lean::Context:
Theories/Bimodal/Theorems/ModalS5.lean::                                                                                    ↓
Theories/Bimodal/Theorems/ModalS5.lean::  ⏎    DerivationTree.axiom [] _ (Axiom.modal_t (A.and (A.imp Formula.bot))) trivial⏎⏎  -- From conjunction, extract A and ¬A, then apply RAA⏎
Theories/Bimodal/Theorems/ModalS5.lean::
Theories/Bimodal/Theorems/ModalS5.lean::Note: This linter can be disabled with `set_option linter.style.emptyLine false`
Theories/Bimodal/Theorems/ModalS5.lean::Theories/Bimodal/Theorems/ModalS5.lean:419:0: warning: Please, write a comment here or remove this line, but do not place empty lines within commands!
Theories/Bimodal/Theorems/ModalS5.lean::Context:
Theories/Bimodal/Theorems/ModalS5.lean::                                                  ↓
Theories/Bimodal/Theorems/Mod                                     ↓
Theories/Bimodal/Theorems/ModalS4.lean::  ⏎      DerivationTree.modus_ponens [] _ _ s_axiom conj_to_imp⏎⏎    exact DerivationTree.modus_ponens [] _ _ step2 lce_conj⏎
Theories/Bimodal/Theorems/ModalS4.lean::
Theories/Bimodal/Theorems/ModalS4.lean::Note: This linter can be disabled with `set_option linter.style.emptyLine false`
Theories/Bimodal/Theorems/ModalS4.lean::Theories/Bimodal/Theorems/ModalS4.lean:464:0: warning: Please, write a comment here or remove this line, but do not place empty lines within commands!
Theories/Bimodal/Theorems/ModalS4.lean::Context:
Theories/Bimodal/Theorems/ModalS4.lean::                                                              ↓
Theories/Bimodal/Theorems/ModalS4.lean::  ⏎    exact DerivationTree.modus_ponens [] _ _ step2 lce_conj⏎⏎  -- Combine into biconditional⏎
Theories/Bimodal/Theorems/ModalS4.lean::
Theories/Bimodal/Theorems/ModalS4.lean::Note: This linter can be disabled with `set_option linter.style.emptyLine false`
Theories/Bimodal/Theorems/ModalS4.lean::Theories/Bimodal/Theorems/ModalS4.lean:411:100: warning: This line exceeds the 100 character limit, please shorten it!
Theories/Bimodal/Theorems/ModalS4.lean::
Theories/Bimodal/Theorems/ModalS4.lean::Note: This linter can be disabled with `set_option linter.style.longLine false`
alS5.lean::  ⏎    @theorem_app1 FrameClass.Base A Formula.bot⏎⏎  -- Now we need: (A ∧ ¬A) → ⊥⏎
Theories/Bimodal/Theorems/ModalS5.lean::
Theories/Bimodal/Theorems/ModalS5.lean::Note: This linter can be disabled with `set_option linter.style.emptyLine false`
Theories/Bimodal/Theorems/ModalS5.lean::Theories/Bimodal/Theorems/ModalS5.lean:459:0: warning: Please, write a comment here or remove this line, but do not place empty lines within commands!
Theories/Bimodal/Theorems/ModalS5.lean::Context:
Theories/Bimodal/Theorems/ModalS5.lean::                                     ↓
Theories/Bimodal/Theorems/ModalS5.lean::  ⏎    unfold Formula.and Formula.neg⏎⏎    -- Now goal is:⏎
Theories/Bimodal/Theorems/ModalS5.lean::
Theories/Bimodal/Theorems/ModalS5.lean::Note: This linter can be disabled with `set_option linter.style.emptyLine false`
Theories/Bimodal/Theorems/ModalS5.lean::Theories/Bimodal/Theorems/ModalS5.lean:468:0: warning: Please, write a comment here or remove this line, but do not place empty lines within commands!
Theories/Bimodal/Theorems/ModalS5.lean::Context:
Theories/Bimodal/Theorems/ModalS5.lean::                                                    ↓
Theories/Bimodal/Theorems/ModalS5.lean::  ⏎      @theorem_app1 FrameClass.Base A Formula.bot⏎⏎    -- Now derive ¬¬(A → ¬¬A) from (A → ¬¬A)⏎
Theories/Bimodal/Theorems/ModalS5.lean::
Theories/Bimodal/Theorems/ModalS5.lean::Note: This linter can be disabled with `set_option linter.style.emptyLine false`
Theories/Bimodal/Theorems/ModalS5.lean::Theories/Bimodal/Theorems/ModalS5.lean:475:0: warning: Please, write a comment here or remove this line, but do not place empty lines within commands!
Theories/Bimodal/Theorems/ModalS5.lean::Context:
Theories/Bimodal/Theorems/ModalS5.lean::                                                                                                ↓
Theories/Bimodal/Theorems/ModalS5.lean::  ⏎      @theorem_app1 FrameClass.Base (A.imp ((A.imp Formula.bot).imp Formula.bot)) Formula.bot⏎⏎    exact DerivationTree.modus_ponens [] _ _ dni_impl dni_A⏎
Theories/Bimodal/Theorems/ModalS5.lean::
Theories/Bimodal/Theorems/ModalS5.lean::Note: This linter can be disabled with `set_option linter.style.emptyLine false`
Theories/Bimodal/Theorems/ModalS5.lean::Theories/Bimodal/Theorems/ModalS5.lean:477:0: warning: Please, write a comment here or remove this line, but do not place empty lines within commands!
Theories/Bimodal/Theorems/ModalS5.lean::Context:
Theories/Bimodal/Theorems/ModalS5.lean::                                                              ↓
Theories/Bimodal/Theorems/ModalS5.lean::  ⏎    exact DerivationTree.modus_ponens [] _ _ dni_impl dni_A⏎⏎  -- Compose: □(A ∧ ¬A) → (A ∧ ¬A) → ⊥⏎
Theories/Bimodal/Theorems/ModalS5.lean::
Theories/Bimodal/Theorems/ModalS5.lean::Note: This linter can be disabled with `set_option linter.style.emptyLine false`
Theories/Bimodal/Theorems/ModalS5.lean::Theories/Bimodal/Theorems/ModalS5.lean:507:0: warning: Please, write a comment here or remove this line, but do not place empty lines within commands!
Theories/Bimodal/Theorems/ModalS5.lean::Context:
Theories/Bimodal/Theorems/ModalS5.lean::               ↓
Theories/Bimodal/Theorems/ModalS5.lean::  ⏎  unfold iff⏎⏎  -- We need to prove both directions:⏎
Theories/Bimodal/Theorems/ModalS5.lean::
Theories/Bimodal/Theorems/ModalS5.lean::Note: This linter can be disabled with `set_option linter.style.emptyLine false`
Theories/Bimodal/Theorems/ModalS5.lean::Theories/Bimodal/Theorems/ModalS5.lean:525:0: warning: Please, write a comment here or remove this line, but do not place empty lines within commands!
Theories/Bimodal/Theorems/ModalS5.lean::Context:
Theories/Bimodal/Theorems/ModalS5.lean::                    ↓
Theories/Bimodal/Theorems/ModalS5.lean::  ⏎      pairing A B⏎⏎    -- Apply box_mono to get: □A → □(B → (A ∧ B))⏎
Theories/Bimodal/Theorems/ModalS5.lean::
Theories/Bimodal/Theorems/ModalS5.lean::Note: This linter can be disabled with `set_option linter.style.emptyLine false`
Theories/Bimodal/Theorems/ModalS5.lean::Theories/Bimodal/Theorems/ModalS5.lean:529:0: warning: Please, write a comment here or remove this line, but do not place empty lines within commands!
Theories/Bimodal/Theorems/ModalS5.lean::Context:
Theories/Bimodal/Theorems/ModalS5.lean::                      ↓
Theories/Bimodal/Theorems/ModalS5.lean::  ⏎      box_mono pair⏎⏎    -- We need □A → □B → □(A ∧ B)⏎
Theories/Bimodal/Theorems/ModalS5.lean::
Theories/Bimodal/Theorems/ModalS5.lean::Note: This linter can be disabled with `set_option linter.style.emptyLine false`
Theories/Bimodal/Theorems/ModalS5.lean::Theories/Bimodal/Theorems/ModalS5.lean:534:0: warning: Please, write a comment here or remove this line, but do not place empty lines within commands!
Theories/Bimodal/Theorems/ModalS5.lean::Context:
Theories/Bimodal/Theorems/ModalS5.lean::                                                                           ↓
Theories/Bimodal/Theorems/ModalS5.lean::  ⏎      DerivationTree.axiom [] _ (Axiom.modal_k_dist B (A.and B)) trivial⏎⏎    -- Compose: □A → □(B → (A ∧ B)) → (□B → □(A ∧ B))⏎
Theories/Bimodal/Theorems/ModalS5.lean::
Theories/Bimodal/Theorems/ModalS5.lean::Note: This linter can be disabled with `set_option linter.style.emptyLine false`
Theories/Bimodal/Theorems/ModalS5.lean::Theories/Bimodal/Theorems/ModalS5.lean:538:0: warning: Please, write a comment here or remove this line, but do not place empty lines within commands!
Theories/Bimodal/Theorems/ModalS5.lean::Context:
Theories/Bimodal/Theorems/ModalS5.lean::                                ↓
Theories/Bimodal/Theorems/ModalS5.lean::  ⏎      imp_trans step1 modal_k⏎⏎    -- Now build (□A ∧ □B) → □(A ∧ B)⏎
Theories/Bimodal/Theorems/ModalS5.lean::
Theories/Bimodal/Theorems/ModalS5.lean::Note: This linter can be disabled with `set_option linter.style.emptyLine false`
Theories/Bimodal/Theorems/ModalS5.lean::Theories/Bimodal/Theorems/ModalS5.lean:547:0: warning: Please, write a comment here or remove this line, but do not place empty lines within commands!
Theories/Bimodal/Theorems/ModalS5.lean::Context:
Theories/Bimodal/Theorems/ModalS5.lean::                                          ↓
Theories/Bimodal/Theorems/ModalS5.lean::  ⏎      Propositional.lce_imp A.box B.box⏎⏎    -- Step: (□A ∧ □B) → □B by rce_imp⏎
Theories/Bimodal/Theorems/ModalS5.lean::
Theories/Bimodal/Theorems/ModalS5.lean::Note: This linter can be disabled with `set_option linter.style.emptyLine false`
Theories/Bimodal/Theorems/ModalS5.lean::Theories/Bimodal/Theorems/ModalS5.lean:551:0: warning: Please, write a comment here or remove this line, but do not place empty lines within commands!
Theories/Bimodal/Theorems/ModalS5.lean::Context:
Theories/Bimodal/Theorems/ModalS5.lean::                                          ↓
Theories/Bimodal/Theorems/ModalS5.lean::  ⏎      Propositional.rce_imp A.box B.box⏎⏎    -- Build (□A ∧ □B) → □(A ∧ B)⏎
Theories/Bimodal/Theorems/ModalS5.lean::
Theories/Bimodal/Theorems/ModalS5.lean::Note: This linter can be disabled with `set_option linter.style.emptyLine false`
Theories/Bimodal/Theorems/ModalS5.lean::Theories/Bimodal/Theorems/ModalS5.lean:556:0: warning: Please, write a comment here or remove this line, but do not place empty lines within commands!
Theories/Bimodal/Theorems/ModalS5.lean::Context:
Theories/Bimodal/Theorems/ModalS5.lean::                                                          ↓
Theories/Bimodal/Theorems/ModalS5.lean::  ⏎    -- ((□A ∧ □B) → □A) → ((□A ∧ □B) → (□B → □(A ∧ B)))⏎⏎    have b1 :⏎
Theories/Bimodal/Theorems/ModalS5.lean::
Theories/Bimodal/Theorems/ModalS5.lean::Note: This linter can be disabled with `set_option linter.style.emptyLine false`
Theories/Bimodal/Theorems/ModalS5.lean::Theories/Bimodal/Theorems/ModalS5.lean:568:0: warning: Please, write a comment here or remove this line, but do not place empty lines within commands!
Theories/Bimodal/Theorems/ModalS5.lean::Context:
Theories/Bimodal/Theorems/ModalS5.lean::                                                         ↓
Theories/Bimodal/Theorems/ModalS5.lean::  ⏎      DerivationTree.modus_ponens [] _ _ step2 lce_box⏎⏎    -- Now combine: (□A ∧ □B) → □B and (□A ∧ □B) → (□B → □(A ∧ B)) give (□A ∧ □B) → □(A ∧ B)⏎
Theories/Bimodal/Theorems/ModalS5.lean::
Theories/Bimodal/Theorems/ModalS5.lean::Note: This linter can be disabled with `set_option linter.style.emptyLine false`
Theories/Bimodal/Theorems/ModalS5.lean::Theories/Bimodal/Theorems/ModalS5.lean:578:0: warning: Please, write a comment here or remove this line, but do not place empty lines within commands!
Theories/Bimodal/Theorems/ModalS5.lean::Context:
Theories/Bimodal/Theorems/ModalS5.lean::                                                             ↓
Theories/Bimodal/Theorems/ModalS5.lean::  ⏎    exact DerivationTree.modus_ponens [] _ _ step4 rce_box⏎⏎  -- Direction 1 (forward): □(A ∧ B) → (□A ∧ □B)⏎
Theories/Bimodal/Theorems/ModalS5.lean::
Theories/Bimodal/Theorems/ModalS5.lean::Note: This linter can be disabled with `set_option linter.style.emptyLine false`
Theories/Bimodal/Theorems/ModalS5.lean::Theories/Bimodal/Theorems/ModalS5.lean:585:0: warning: Please, write a comment here or remove this line, but do not place empty lines within commands!
Theories/Bimodal/Theorems/ModalS5.lean::Context:
Theories/Bimodal/Theorems/ModalS5.lean::                                                               ↓
Theories/Bimodal/Theorems/ModalS5.lean::  ⏎    have box_a : ⊢ (A.and B).box.imp A.box := box_mono lce_a⏎⏎    -- Use rce_imp: (A ∧ B) → B⏎
Theories/Bimodal/Theorems/ModalS5.lean::
Theories/Bimodal/Theorems/ModalS5.lean::Note: This linter can be disabled with `set_option linter.style.emptyLine false`
Theories/Bimodal/Theorems/ModalS5.lean::Theories/Bimodal/Theorems/ModalS5.lean:590:0: warning: Please, write a comment here or remove this line, but do not place empty lines within commands!
Theories/Bimodal/Theorems/ModalS5.lean::Context:
Theories/Bimodal/Theorems/ModalS5.lean::                                                               ↓
Theories/Bimodal/Theorems/ModalS5.lean::  ⏎    have box_b : ⊢ (A.and B).box.imp B.box := box_mono rce_b⏎⏎    -- Combine into □(A ∧ B) → (□A ∧ □B) using combine_imp_conj⏎
Theories/Bimodal/Theorems/ModalS5.lean::
Theories/Bimodal/Theorems/ModalS5.lean::Note: This linter can be disabled with `set_option linter.style.emptyLine false`
Theories/Bimodal/Theorems/ModalS5.lean::Theories/Bimodal/Theorems/ModalS5.lean:593:0: warning: Please, write a comment here or remove this line, but do not place empty lines within commands!
Theories/Bimodal/Theorems/ModalS5.lean::Context:
Theories/Bimodal/Theorems/ModalS5.lean::                                         ↓
Theories/Bimodal/Theorems/ModalS5.lean::  ⏎    exact combine_imp_conj box_a box_b⏎⏎  -- Combine using iff_intro (builds (A ↔ B) = (A → B) ∧ (B → A))⏎
Theories/Bimodal/Theorems/ModalS5.lean::
Theories/Bimodal/Theorems/ModalS5.lean::Note: This linter can be disabled with `set_option linter.style.emptyLine false`
Theories/Bimodal/Theorems/ModalS5.lean::Theories/Bimodal/Theorems/ModalS5.lean:641:0: warning: Please, write a comment here or remove this line, but do not place empty lines within commands!
Theories/Bimodal/Theorems/ModalS5.lean::Context:
Theories/Bimodal/Theorems/ModalS5.lean::                                            ↓
Theories/Bimodal/Theorems/ModalS5.lean::  ⏎      Propositional.demorgan_disj_neg A B⏎⏎    -- Step 2: Apply box_iff_intro to get □¬(A ∨ B) ↔ □(¬A ∧ ¬B)⏎
Theories/Bimodal/Theorems/ModalS5.lean::
Theories/Bimodal/Theorems/ModalS5.lean::Note: This linter can be disabled with `set_option linter.style.emptyLine false`
Theories/Bimodal/Theorems/ModalS5.lean::Theories/Bimodal/Theorems/ModalS5.lean:646:0: warning: Please, write a comment here or remove this line, but do not place empty lines within commands!
Theories/Bimodal/Theorems/ModalS5.lean::Context:
Theories/Bimodal/Theorems/ModalS5.lean::                                                                   ↓
Theories/Bimodal/Theorems/ModalS5.lean::  ⏎      box_iff_intro (A.or B).neg (A.neg.and B.neg) demorgan_disj⏎⏎    -- Step 3: Extract backward direction: □(¬A ∧ ¬B) → □¬(A ∨ B)⏎
Theories/Bimodal/Theorems/ModalS5.lean::
Theories/Bimodal/Theorems/ModalS5.lean::Note: This linter can be disabled with `set_option linter.style.emptyLine false`
Theories/Bimodal/Theorems/ModalS5.lean::Theories/Bimodal/Theorems/ModalS5.lean:655:0: warning: Please, write a comment here or remove this line, but do not place empty lines within commands!
Theories/Bimodal/Theorems/ModalS5.lean::Context:
Theories/Bimodal/Theorems/ModalS5.lean::                                                                  ↓
Theories/Bimodal/Theorems/ModalS5.lean::  ⏎      exact DerivationTree.modus_ponens [] _ _ rce box_demorgan⏎⏎    -- Step 4: Get box_conj_iff for (¬A ∧ ¬B)⏎
Theories/Bimodal/Theorems/ModalS5.lean::
Theories/Bimodal/Theorems/ModalS5.lean::Note: This linter can be disabled with `set_option linter.style.emptyLine false`
Theories/Bimodal/Theorems/ModalS5.lean::Theories/Bimodal/Theorems/ModalS5.lean:660:0: warning: Please, write a comment here or remove this line, but do not place empty lines within commands!
Theories/Bimodal/Theorems/ModalS5.lean::Context:
Theories/Bimodal/Theorems/ModalS5.lean::                                 ↓
Theories/Bimodal/Theorems/ModalS5.lean::  ⏎      box_conj_iff A.neg B.neg⏎⏎    -- Step 5: Extract backward direction: (□¬A ∧ □¬B) → □(¬A ∧ ¬B)⏎
Theories/Bimodal/Theorems/ModalS5.lean::
Theories/Bimodal/Theorems/ModalS5.lean::Note: This linter can be disabled with `set_option linter.style.emptyLine false`
Theories/Bimodal/Theorems/ModalS5.lean::Theories/Bimodal/Theorems/ModalS5.lean:669:0: warning: Please, write a comment here or remove this line, but do not place empty lines within commands!
Theories/Bimodal/Theorems/ModalS5.lean::Context:
Theories/Bimodal/Theorems/ModalS5.lean::                                                                  ↓
Theories/Bimodal/Theorems/ModalS5.lean::  ⏎      exact DerivationTree.modus_ponens [] _ _ rce box_conj_neg⏎⏎    -- Step 6: Compose: (□¬A ∧ □¬B) → □(¬A ∧ ¬B) → □¬(A ∨ B)⏎
Theories/Bimodal/Theorems/ModalS5.lean::
Theories/Bimodal/Theorems/ModalS5.lean::Note: This linter can be disabled with `set_option linter.style.emptyLine false`
Theories/Bimodal/Theorems/ModalS5.lean::Theories/Bimodal/Theorems/ModalS5.lean:673:0: warning: Please, write a comment here or remove this line, but do not place empty lines within commands!
Theories/Bimodal/Theorems/ModalS5.lean::Context:
Theories/Bimodal/Theorems/ModalS5.lean::                                                      ↓
Theories/Bimodal/Theorems/ModalS5.lean::  ⏎      imp_trans conj_box_to_box_conj box_conj_to_or⏎⏎    -- Step 7: Contrapose: ¬□¬(A ∨ B) → ¬(□¬A ∧ □¬B)⏎
Theories/Bimodal/Theorems/ModalS5.lean::
Theories/Bimodal/Theorems/ModalS5.lean::Note: This linter can be disabled with `set_option linter.style.emptyLine false`
Theories/Bimodal/Theorems/ModalS5.lean::Theories/Bimodal/Theorems/ModalS5.lean:677:0: warning: Please, write a comment here or remove this line, but do not place empty lines within commands!
Theories/Bimodal/Theorems/ModalS5.lean::Context:
Theories/Bimodal/Theorems/ModalS5.lean::                                                        ↓
Theories/Bimodal/Theorems/ModalS5.lean::  ⏎      Propositional.contraposition conj_box_to_or_box⏎⏎    -- Step 8: Apply demorgan_conj_neg forward: ¬(□¬A ∧ □¬B) → (¬□¬A ∨ ¬□¬B)⏎
Theories/Bimodal/Theorems/ModalS5.lean::
Theories/Bimodal/Theorems/ModalS5.lean::Note: This linter can be disabled with `set_option linter.style.emptyLine false`
Theories/Bimodal/Theorems/ModalS5.lean::Theories/Bimodal/Theorems/ModalS5.lean:681:0: warning: Please, write a comment here or remove this line, but do not place empty lines within commands!
Theories/Bimodal/Theorems/ModalS5.lean::Context:
Theories/Bimodal/Theorems/ModalS5.lean::                                                                    ↓
Theories/Bimodal/Theorems/ModalS5.lean::  ⏎      Propositional.demorgan_conj_neg_forward A.neg.box B.neg.box⏎⏎    -- Step 9: Compose: ¬□¬(A ∨ B) → ¬(□¬A ∧ □¬B) → (¬□¬A ∨ ¬□¬B)⏎
Theories/Bimodal/Theorems/ModalS5.lean::
Theories/Bimodal/Theorems/ModalS5.lean::Note: This linter can be disabled with `set_option linter.style.emptyLine false`
Theories/Bimodal/Theorems/ModalS5.lean::Theories/Bimodal/Theorems/ModalS5.lean:685:0: warning: Please, write a comment here or remove this line, but do not place empty lines within commands!
Theories/Bimodal/Theorems/ModalS5.lean::Context:
Theories/Bimodal/Theorems/ModalS5.lean::                                                       ↓
Theories/Bimodal/Theorems/ModalS5.lean::  ⏎      imp_trans neg_box_or_to_neg_conj demorgan_conj⏎⏎    -- Note: (A.or B).diamond = (A.or B).neg.box.neg⏎
Theories/Bimodal/Theorems/ModalS5.lean::
Theories/Bimodal/Theorems/ModalS5.lean::Note: This linter can be disabled with `set_option linter.style.emptyLine false`
Theories/Bimodal/Theorems/ModalS5.lean::Theories/Bimodal/Theorems/ModalS5.lean:690:0: warning: Please, write a comment here or remove this line, but do not place empty lines within commands!
Theories/Bimodal/Theorems/ModalS5.lean::Context:
Theories/Bimodal/Theorems/ModalS5.lean::                   ↓
Theories/Bimodal/Theorems/ModalS5.lean::  ⏎    exact result⏎⏎  -- Backward direction: (◇A ∨ ◇B) → ◇(A ∨ B)⏎
Theories/Bimodal/Theorems/ModalS5.lean::
Theories/Bimodal/Theorems/ModalS5.lean::Note: This linter can be disabled with `set_option linter.style.emptyLine false`
Theories/Bimodal/Theorems/ModalS5.lean::Theories/Bimodal/Theorems/ModalS5.lean:703:0: warning: Please, write a comment here or remove this line, but do not place empty lines within commands!
Theories/Bimodal/Theorems/ModalS5.lean::Context:
Theories/Bimodal/Theorems/ModalS5.lean::                                                                     ↓
Theories/Bimodal/Theorems/ModalS5.lean::  ⏎      Propositional.demorgan_conj_neg_backward A.neg.box B.neg.box⏎⏎    -- Step 2: Get box_conj_iff for (¬A ∧ ¬B)⏎
Theories/Bimodal/Theorems/ModalS5.lean::
Theories/Bimodal/Theorems/ModalS5.lean::Note: This linter can be disabled with `set_option linter.style.emptyLine false`
Theories/Bimodal/Theorems/ModalS5.lean::Theories/Bimodal/Theorems/ModalS5.lean:708:0: warning: Please, write a comment here or remove this line, but do not place empty lines within commands!
Theories/Bimodal/Theorems/ModalS5.lean::Context:
Theories/Bimodal/Theorems/ModalS5.lean::                                 ↓
Theories/Bimodal/Theorems/ModalS5.lean::  ⏎      box_conj_iff A.neg B.neg⏎⏎    -- Step 3: Extract backward direction: (□¬A ∧ □¬B) → □(¬A ∧ ¬B)⏎
Theories/Bimodal/Theorems/ModalS5.lean::
Theories/Bimodal/Theorems/ModalS5.lean::Note: This linter can be disabled with `set_option linter.style.emptyLine false`
Theories/Bimodal/Theorems/ModalS5.lean::Theories/Bimodal/Theorems/ModalS5.lean:717:0: warning: Please, write a comment here or remove this line, but do not place empty lines within commands!
Theories/Bimodal/Theorems/ModalS5.lean::Context:
Theories/Bimodal/Theorems/ModalS5.lean::                                                                  ↓
Theories/Bimodal/Theorems/ModalS5.lean::  ⏎      exact DerivationTree.modus_ponens [] _ _ rce box_conj_neg⏎⏎    -- Step 4: Contrapose: ¬□(¬A ∧ ¬B) → ¬(□¬A ∧ □¬B)⏎
Theories/Bimodal/Theorems/ModalS5.lean::
Theories/Bimodal/Theorems/ModalS5.lean::Note: This linter can be disabled with `set_option linter.style.emptyLine false`
Theories/Bimodal/Theorems/ModalS5.lean::Theories/Bimodal/Theorems/ModalS5.lean:721:0: warning: Please, write a comment here or remove this line, but do not place empty lines within commands!
Theories/Bimodal/Theorems/ModalS5.lean::Context:
Theories/Bimodal/Theorems/ModalS5.lean::                                                          ↓
Theories/Bimodal/Theorems/ModalS5.lean::  ⏎      Propositional.contraposition conj_box_to_box_conj⏎⏎    -- Step 5: Get demorgan biconditional and apply box_iff_intro⏎
Theories/Bimodal/Theorems/ModalS5.lean::
Theories/Bimodal/Theorems/ModalS5.lean::Note: This linter can be disabled with `set_option linter.style.emptyLine false`
Theories/Bimodal/Theorems/ModalS5.lean::Theories/Bimodal/Theorems/ModalS5.lean:727:0: warning: Please, write a comment here or remove this line, but do not place empty lines within commands!
Theories/Bimodal/Theorems/ModalS5.lean::Context:
Theories/Bimodal/Theorems/ModalS5.lean::                                            ↓
Theories/Bimodal/Theorems/ModalS5.lean::  ⏎      Propositional.demorgan_disj_neg A B⏎⏎    have box_demorgan : ⊢ ((A.or B).neg.box.imp (A.neg.and B.neg).box).and⏎
Theories/Bimodal/Theorems/ModalS5.lean::
Theories/Bimodal/Theorems/ModalS5.lean::Note: This linter can be disabled with `set_option linter.style.emptyLine false`
Theories/Bimodal/Theorems/ModalS5.lean::Theories/Bimodal/Theorems/ModalS5.lean:731:0: warning: Please, write a comment here or remove this line, but do not place empty lines within commands!
Theories/Bimodal/Theorems/ModalS5.lean::Context:
Theories/Bimodal/Theorems/ModalS5.lean::                                                                   ↓
Theories/Bimodal/Theorems/ModalS5.lean::  ⏎      box_iff_intro (A.or B).neg (A.neg.and B.neg) demorgan_disj⏎⏎    -- Step 6: Extract forward direction: □¬(A ∨ B) → □(¬A ∧ ¬B)⏎
Theories/Bimodal/Theorems/ModalS5.lean::
Theories/Bimodal/Theorems/ModalS5.lean::Note: This linter can be disabled with `set_option linter.style.emptyLine false`
Theories/Bimodal/Theorems/ModalS5.lean::Theories/Bimodal/Theorems/ModalS5.lean:740:0: warning: Please, write a comment here or remove this line, but do not place empty lines within commands!
Theories/Bimodal/Theorems/ModalS5.lean::Context:
Theories/Bimodal/Theorems/ModalS5.lean::                                                                  ↓
Theories/Bimodal/Theorems/ModalS5.lean::  ⏎      exact DerivationTree.modus_ponens [] _ _ lce box_demorgan⏎⏎    -- Step 7: Contrapose: ¬□(¬A ∧ ¬B) → ¬□¬(A ∨ B)⏎
Theories/Bimodal/Theorems/ModalS5.lean::
Theories/Bimodal/Theorems/ModalS5.lean::Note: This linter can be disabled with `set_option linter.style.emptyLine false`
Theories/Bimodal/Theorems/ModalS5.lean::Theories/Bimodal/Theorems/ModalS5.lean:744:0: warning: Please, write a comment here or remove this line, but do not place empty lines within commands!
Theories/Bimodal/Theorems/ModalS5.lean::Context:
Theories/Bimodal/Theorems/ModalS5.lean::                                                    ↓
Theories/Bimodal/Theorems/ModalS5.lean::  ⏎      Propositional.contraposition box_or_to_conj⏎⏎    -- Step 8: Compose the chain⏎
Theories/Bimodal/Theorems/ModalS5.lean::
Theories/Bimodal/Theorems/ModalS5.lean::Note: This linter can be disabled with `set_option linter.style.emptyLine false`
Theories/Bimodal/Theorems/ModalS5.lean::Theories/Bimodal/Theorems/ModalS5.lean:749:0: warning: Please, write a comment here or remove this line, but do not place empty lines within commands!
Theories/Bimodal/Theorems/ModalS5.lean::Context:
Theories/Bimodal/Theorems/ModalS5.lean::                           ↓
Theories/Bimodal/Theorems/ModalS5.lean::  ⏎      demorgan_conj_back⏎⏎    -- ¬(□¬A ∧ □¬B) → ¬□(¬A ∧ ¬B)⏎
Theories/Bimodal/Theorems/ModalS5.lean::
Theories/Bimodal/Theorems/ModalS5.lean::Note: This linter can be disabled with `set_option linter.style.emptyLine false`
Theories/Bimodal/Theorems/ModalS5.lean::Theories/Bimodal/Theorems/ModalS5.lean:753:0: warning: Please, write a comment here or remove this line, but do not place empty lines within commands!
Theories/Bimodal/Theorems/ModalS5.lean::Context:
Theories/Bimodal/Theorems/ModalS5.lean::                                                     ↓
Theories/Bimodal/Theorems/ModalS5.lean::  ⏎    -- Then contrapose: ¬(□¬A ∧ □¬B) → ¬□(¬A ∧ ¬B)⏎⏎    have box_conj_to_conj_box : ⊢ (A.neg.and B.neg).box.imp (A.neg.box.and B.neg.box) := by⏎
Theories/Bimodal/Theorems/ModalS5.lean::
Theories/Bimodal/Theorems/ModalS5.lean::Note: This linter can be disabled with `set_option linter.style.emptyLine false`
Theories/Bimodal/Theorems/ModalS5.lean::Theories/Bimodal/Theorems/ModalS5.lean:761:0: warning: Please, write a comment here or remove this line, but do not place empty lines within commands!
Theories/Bimodal/Theorems/ModalS5.lean::Context:
Theories/Bimodal/Theorems/ModalS5.lean::                                                                  ↓
Theories/Bimodal/Theorems/ModalS5.lean::  ⏎      exact DerivationTree.modus_ponens [] _ _ lce box_conj_neg⏎⏎    have neg_conj_to_neg_box : ⊢ (A.neg.box.and B.neg.box).neg.imp (A.neg.and B.neg).box.neg :=⏎
Theories/Bimodal/Theorems/ModalS5.lean::
Theories/Bimodal/Theorems/ModalS5.lean::Note: This linter can be disabled with `set_option linter.style.emptyLine false`
Theories/Bimodal/Theorems/ModalS5.lean::Theories/Bimodal/Theorems/ModalS5.lean:764:0: warning: Please, write a comment here or remove this line, but do not place empty lines within commands!
Theories/Bimodal/Theorems/ModalS5.lean::Context:
Theories/Bimodal/Theorems/ModalS5.lean::                                                          ↓
Theories/Bimodal/Theorems/ModalS5.lean::  ⏎      Propositional.contraposition box_conj_to_conj_box⏎⏎    -- Step 9: Compose step1 and neg_conj_to_neg_box⏎
Theories/Bimodal/Theorems/ModalS5.lean::
Theories/Bimodal/Theorems/ModalS5.lean::Note: This linter can be disabled with `set_option linter.style.emptyLine false`
Theories/Bimodal/Theorems/ModalS5.lean::Theories/Bimodal/Theorems/ModalS5.lean:769:0: warning: Please, write a comment here or remove this line, but do not place empty lines within commands!
Theories/Bimodal/Theorems/ModalS5.lean::Context:
Theories/Bimodal/Theorems/ModalS5.lean::                                            ↓
Theories/Bimodal/Theorems/ModalS5.lean::  ⏎      imp_trans step1 neg_conj_to_neg_box⏎⏎    -- Step 10: Compose with neg_box_conj_to_neg_box_or to get (◇A ∨ ◇B) → ◇(A ∨ B)⏎
Theories/Bimodal/Theorems/ModalS5.lean::
Theories/Bimodal/Theorems/ModalS5.lean::Note: This linter can be disabled with `set_option linter.style.emptyLine false`
Theories/Bimodal/Theorems/ModalS5.lean::Theories/Bimodal/Theorems/ModalS5.lean:774:0: warning: Please, write a comment here or remove this line, but do not place empty lines within commands!
Theories/Bimodal/Theorems/ModalS5.lean::Context:
Theories/Bimodal/Theorems/ModalS5.lean::                                                   ↓
Theories/Bimodal/Theorems/ModalS5.lean::  ⏎      imp_trans step2 neg_box_conj_to_neg_box_or⏎⏎    exact result⏎
Theories/Bimodal/Theorems/ModalS5.lean::
Theories/Bimodal/Theorems/ModalS5.lean::Note: This linter can be disabled with `set_option linter.style.emptyLine false`
Theories/Bimodal/Theorems/ModalS5.lean::Theories/Bimodal/Theorems/ModalS5.lean:776:0: warning: Please, write a comment here or remove this line, but do not place empty lines within commands!
Theories/Bimodal/Theorems/ModalS5.lean::Context:
Theories/Bimodal/Theorems/ModalS5.lean::                   ↓
Theories/Bimodal/Theorems/ModalS5.lean::  ⏎    exact result⏎⏎  -- Combine into biconditional⏎
Theories/Bimodal/Theorems/ModalS5.lean::
Theories/Bimodal/Theorems/ModalS5.lean::Note: This linter can be disabled with `set_option linter.style.emptyLine false`
Theories/Bimodal/Theorems/ModalS5.lean::Theories/Bimodal/Theorems/ModalS5.lean:612:100: warning: This line exceeds the 100 character limit, please shorten it!
Theories/Bimodal/Theorems/ModalS5.lean::
Theories/Bimodal/Theorems/ModalS5.lean::Note: This linter can be disabled with `set_option linter.style.longLine false`
Theories/Bimodal/Theorems/ModalS5.lean::Theories/Bimodal/Theorems/ModalS5.lean:807:0: warning: Please, write a comment here or remove this line, but do not place empty lines within commands!
Theories/Bimodal/Theorems/ModalS5.lean::Context:
Theories/Bimodal/Theorems/ModalS5.lean::                                                            ↓
Theories/Bimodal/Theorems/ModalS5.lean::  ⏎      DerivationTree.axiom [] _ (Axiom.modal_4 A) trivial⏎⏎    -- t_box_to_diamond: □B → ◇B, so with B = □A: □□A → ◇□A⏎
Theories/Bimodal/Theorems/ModalS5.lean::
Theories/Bimodal/Theorems/ModalS5.lean::Note: This linter can be disabled with `set_option linter.style.emptyLine false`
Theories/Bimodal/Theorems/ModalS5.lean::Theories/Bimodal/Theorems/ModalS5.lean:811:0: warning: Please, write a comment here or remove this line, but do not place empty lines within commands!
Theories/Bimodal/Theorems/ModalS5.lean::Context:
Theories/Bimodal/Theorems/ModalS5.lean::                               ↓
Theories/Bimodal/Theorems/ModalS5.lean::  ⏎      t_box_to_diamond A.box⏎⏎    -- Compose: □A → □□A → ◇□A⏎
Theories/Bimodal/Theorems/ModalS5.lean::
Theories/Bimodal/Theorems/ModalS5.lean::Note: This linter can be disabled with `set_option linter.style.emptyLine false`
Theories/Bimodal/Theorems/ModalS5.lean::Theories/Bimodal/Theorems/ModalS5.lean:814:0: warning: Please, write a comment here or remove this line, but do not place empty lines within commands!
Theories/Bimodal/Theorems/ModalS5.lean::Context:
Theories/Bimodal/Theorems/ModalS5.lean::                                                   ↓
Theories/Bimodal/Theorems/ModalS5.lean::  ⏎    exact imp_trans modal_4_a box_box_to_diamond⏎⏎  -- Forward direction: ◇□A → □A⏎
Theories/Bimodal/Theorems/ModalS5.lean::
Theories/Bimodal/Theorems/ModalS5.lean::Note: This linter can be disabled with `set_option linter.style.emptyLine false`
Theories/Bimodal/Theorems/ModalS5.lean::Theories/Bimodal/Theorems/ModalS5.lean:820:0: warning: Please, write a comment here or remove this line, but do not place empty lines within commands!
Theories/Bimodal/Theorems/ModalS5.lean::Context:
Theories/Bimodal/Theorems/ModalS5.lean::                                                                         ↓
Theories/Bimodal/Theorems/ModalS5.lean::  ⏎    exact DerivationTree.axiom [] _ (Axiom.modal_5_collapse A) trivial⏎⏎  -- Combine using pairing to build biconditional⏎
Theories/Bimodal/Theorems/ModalS5.lean::
Theories/Bimodal/Theorems/ModalS5.lean::Note: This linter can be disabled with `set_option linter.style.emptyLine false`
Theories/Bimodal/Theorems/ModalS5.lean::Theories/Bimodal/Theorems/ModalS5.lean:826:0: warning: Please, write a comment here or remove this line, but do not place empty lines within commands!
Theories/Bimodal/Theorems/ModalS5.lean::Context:
Theories/Bimodal/Theorems/ModalS5.lean::                                                 ↓
Theories/Bimodal/Theorems/ModalS5.lean::  ⏎  -- So iff (◇□A) □A = (◇□A → □A) ∧ (□A → ◇□A)⏎⏎  have pair_forward_backward :⏎
Theories/Bimodal/Theorems/ModalS5.lean::
Theories/Bimodal/Theorems/ModalS5.lean::Note: This linter can be disabled with `set_option linter.style.emptyLine false`
Theories/Bimodal/Theorems/ModalS5.lean::Theories/Bimodal/Theorems/ModalS5.lean:832:0: warning: Please, write a comment here or remove this line, but do not place empty lines within commands!
Theories/Bimodal/Theorems/ModalS5.lean::Context:
Theories/Bimodal/Theorems/ModalS5.lean::                                                                  ↓
Theories/Bimodal/Theorems/ModalS5.lean::  ⏎    pairing (A.box.diamond.imp A.box) (A.box.imp A.box.diamond)⏎⏎  have step1 :⏎
Theories/Bimodal/Theorems/ModalS5.lean::
Theories/Bimodal/Theorems/ModalS5.lean::Note: This linter can be disabled with `set_option linter.style.emptyLine false`
Theories/Bimodal/Theorems/ModalS5.lean::Theories/Bimodal/Theorems/ModalS5.lean:837:0: warning: Please, write a comment here or remove this line, but do not place empty lines within commands!
Theories/Bimodal/Theorems/ModalS5.lean::Context:
Theories/Bimodal/Theorems/ModalS5.lean::                                                                       ↓
Theories/Bimodal/Theorems/ModalS5.lean::  ⏎    DerivationTree.modus_ponens [] _ _ pair_forward_backward forward⏎⏎  have result : ⊢ (A.box.diamond.imp A.box).and (A.box.imp A.box.diamond) :=⏎
Theories/Bimodal/Theorems/ModalS5.lean::
Theories/Bimodal/Theorems/ModalS5.lean::Note: This linter can be disabled with `set_option linter.style.emptyLine false`
Theories/Bimodal/Theorems/ModalS5.lean::Theories/Bimodal/Theorems/ModalS5.lean:840:0: warning: Please, write a comment here or remove this line, but do not place empty lines within commands!
Theories/Bimodal/Theorems/ModalS5.lean::Context:
Theories/Bimodal/Theorems/ModalS5.lean::                                                        ↓
Theories/Bimodal/Theorems/ModalS5.lean::  ⏎    DerivationTree.modus_ponens [] _ _ step1 backward⏎⏎  -- result has type (◇□A → □A) ∧ (□A → ◇□A)⏎
Theories/Bimodal/Theorems/ModalS5.lean::
Theories/Bimodal/Theorems/ModalS5.lean::Note: This linter can be disabled with `set_option linter.style.emptyLine false`
Theories/Bimodal/Theorems/Perpetuity/Helpers.lean::Theories/Bimodal/Theorems/Perpetuity/Helpers.lean:57:100: warning: This line exceeds the 100 character limit, please shorten it!
Theories/Bimodal/Theorems/Perpetuity/Helpers.lean::
Theories/Bimodal/Theorems/Perpetuity/Helpers.lean::Note: This linter can be disabled with `set_option linter.style.longLine false`
Theories/Bimodal/Theorems/Perpetuity/Helpers.lean::Theories/Bimodal/Theorems/Perpetuity/Helpers.lean:58:100: warning: This line exceeds the 100 character limit, please shorten it!
Theories/Bimodal/Theorems/Perpetuity/Helpers.lean::
Theories/Bimodal/Theorems/Perpetuity/Helpers.lean::Note: This linter can be disabled with `set_option linter.style.longLine false`
Theories/Bimodal/Theorems/Perpetuity/Helpers.lean::Theories/Bimodal/Theorems/Perpetuity/Helpers.lean:85:100: warning: This line exceeds the 100 character limit, please shorten it!
Theories/Bimodal/Theorems/Perpetuity/Helpers.lean::
Theories/Bimodal/Theorems/Perpetuity/Helpers.lean::Note: This linter can be disabled with `set_option linter.style.longLine false`
Theories/Bimodal/Theorems/Perpetuity/Bridge.lean::Theories/Bimodal/Theorems/Perpetuity/Bridge.lean:89:0: warning: Please, write a comment here or remove this line, but do not place empty lines within commands!
Theories/Bimodal/Theorems/Perpetuity/Bridge.lean::Context:
Theories/Bimodal/Theorems/Perpetuity/Bridge.lean::            ↓
Theories/Bimodal/Theorems/Perpetuity/Bridge.lean::  ⏎    dni φ⏎⏎  -- Step 2: Necessitate using modal_k⏎
Theories/Bimodal/Theorems/Perpetuity/Bridge.lean::
Theories/Bimodal/Theorems/Perpetuity/Bridge.lean::Note: This linter can be disabled with `set_option linter.style.emptyLine false`
Theories/Bimodal/Theorems/Perpetuity/Bridge.lean::Theories/Bimodal/Theorems/Perpetuity/Bridge.lean:93:0: warning: Please, write a comment here or remove this line, but do not place empty lines within commands!
Theories/Bimodal/Theorems/Perpetuity/Bridge.lean::Context:
Theories/Bimodal/Theorems/Perpetuity/Bridge.lean::                                             ↓
Theories/Bimodal/Theorems/Perpetuity/Bridge.lean::  ⏎    DerivationTree.necessitation _ dni_phi⏎⏎  -- Step 3: Modal K distribution: □(φ → ¬¬φ) → (□φ → □¬¬φ)⏎
Theories/Bimodal/Theorems/Perpetuity/Bridge.lean::
Theories/Bimodal/Theorems/Perpetuity/Bridge.lean::Note: This linter can be disabled with `set_option linter.style.emptyLine false`
Theories/Bimodal/Theorems/Perpetuity/Bridge.lean::Theories/Bimodal/Theorems/Perpetuity/Bridge.lean:97:0: warning: Please, write a comment here or remove this line, but do not place empty lines within commands!
Theories/Bimodal/Theorems/Perpetuity/Bridge.lean::Context:
Theories/Bimodal/Theorems/Perpetuity/Bridge.lean::                                                                         ↓
Theories/Bimodal/Theorems/Perpetuity/Bridge.lean::  ⏎    DerivationTree.axiom [] _ (Axiom.modal_k_dist φ φ.neg.neg) trivial⏎⏎  -- Step 4: Apply to get □φ → □¬¬φ⏎
Theories/Bimodal/Theorems/Perpetuity/Bridge.lean::
Theories/Bimodal/Theorems/Perpetuity/Bridge.lean::Note: This linter can be disabled with `set_option linter.style.emptyLine false`
Theories/Bimodal/Theorems/Perpetuity/Bridge.lean::Theories/Bimodal/Theorems/Perpetuity/Bridge.lean:101:0: warning: Please, write a comment here or remove this line, but do not place empty lines within commands!
Theories/Bimodal/Theorems/Perpetuity/Bridge.lean::Context:
Theories/Bimodal/Theorems/Perpetuity/Bridge.lean::                                                    ↓
Theories/Bimodal/Theorems/Perpetuity/Bridge.lean::  ⏎    DerivationTree.modus_ponens [] _ _ mk box_dni⏎⏎  -- Step 5: Contrapose to get ¬□¬¬φ → ¬□φ⏎
Theories/Bimodal/Theorems/Perpetuity/Bridge.lean::
Theories/Bimodal/Theorems/Perpetuity/Bridge.lean::Note: This linter can be disabled with `set_option linter.style.emptyLine false`
Theories/Bimodal/Theorems/Perpetuity/Bridge.lean::Theories/Bimodal/Theorems/Perpetuity/Bridge.lean:123:0: warning: Please, write a comment here or remove this line, but do not place empty lines within commands!
Theories/Bimodal/Theorems/Perpetuity/Bridge.lean::Context:
Theories/Bimodal/Theorems/Perpetuity/Bridge.lean::            ↓
Theories/Bimodal/Theorems/Perpetuity/Bridge.lean::  ⏎    dne φ⏎⏎  -- Step 2: Necessitate using modal_k⏎
Theories/Bimodal/Theorems/Perpetuity/Bridge.lean::
Theories/Bimodal/Theorems/Perpetuity/Bridge.lean::Note: This linter can be disabled with `set_option linter.style.emptyLine false`
Theories/Bimodal/Theorems/Perpetuity/Bridge.lean::Theories/Bimodal/Theorems/Perpetuity/Bridge.lean:127:0: warning: Please, write a comment here or remove this line, but do not place empty lines within commands!
Theories/Bimodal/Theorems/Perpetuity/Bridge.lean::Context:
Theories/Bimodal/Theorems/Perpetuity/Bridge.lean::                                             ↓
Theories/Bimodal/Theorems/Perpetuity/Bridge.lean::  ⏎    DerivationTree.necessitation _ dne_phi⏎⏎  -- Step 3: Modal K distribution: □(¬¬φ → φ) → (□¬¬φ → □φ)⏎
Theories/Bimodal/Theorems/Perpetuity/Bridge.lean::
Theories/Bimodal/Theorems/Perpetuity/Bridge.lean::Note: This linter can be disabled with `set_option linter.style.emptyLine false`
Theories/Bimodal/Theorems/Perpetuity/Bridge.lean::Theories/Bimodal/Theorems/Perpetuity/Bridge.lean:131:0: warning: Please, write a comment here or remove this line, but do not place empty lines within commands!
Theories/Bimodal/Theorems/Perpetuity/Bridge.lean::Context:
Theories/Bimodal/Theorems/Perpetuity/Bridge.lean::                                                                         ↓
Theories/Bimodal/Theorems/Perpetuity/Bridge.lean::  ⏎    DerivationTree.axiom [] _ (Axiom.modal_k_dist φ.neg.neg φ) trivial⏎⏎  -- Step 4: Apply to get □¬¬φ → □φ⏎
Theories/Bimodal/Theorems/Perpetuity/Bridge.lean::
Theories/Bimodal/Theorems/Perpetuity/Bridge.lean::Note: This linter can be disabled with `set_option linter.style.emptyLine false`
Theories/Bimodal/Theorems/Perpetuity/Bridge.lean::Theories/Bimodal/Theorems/Perpetuity/Bridge.lean:135:0: warning: Please, write a comment here or remove this line, but do not place empty lines within commands!
Theories/Bimodal/Theorems/Perpetuity/Bridge.lean::Context:
Theories/Bimodal/Theorems/Perpetuity/Bridge.lean::                                                    ↓
Theories/Bimodal/Theorems/Perpetuity/Bridge.lean::  ⏎    DerivationTree.modus_ponens [] _ _ mk box_dne⏎⏎  -- Step 5: Contrapose to get ¬□φ → ¬□¬¬φ⏎
Theories/Bimodal/Theorems/Perpetuity/Bridge.lean::
Theories/Bimodal/Theorems/Perpetuity/Bridge.lean::Note: This linter can be disabled with `set_option linter.style.emptyLine false`
Theories/Bimodal/Theorems/Perpetuity/Bridge.lean::Theories/Bimodal/Theorems/Perpetuity/Bridge.lean:153:100: warning: This line exceeds the 100 character limit, please shorten it!
Theories/Bimodal/Theorems/Perpetuity/Bridge.lean::
Theories/Bimodal/Theorems/Perpetuity/Bridge.lean::Note: This linter can be disabled with `set_option linter.style.longLine false`
Theories/Bimodal/Theorems/Perpetuity/Bridge.lean::Theories/Bimodal/Theorems/Perpetuity/Bridge.lean:191:6: warning: This simp argument is unused:
Theories/Bimodal/Theorems/Perpetuity/Bridge.lean::  Formula.swap_temporal_all_past
Theories/Bimodal/Theorems/Perpetuity/Bridge.lean::
Theories/Bimodal/Theorems/Perpetuity/Bridge.lean::Hint: Omit it from the simp argument list.
Theories/Bimodal/Theorems/Perpetuity/Bridge.lean::  [apply] simp only [Formula.swap_temporal, Formula.swap_temporal_all_future,
Theories/Bimodal/Theorems/Perpetuity/Bridge.lean::    Formula.swap_temporal_involution] at past_raw
Theories/Bimodal/Theorems/Perpetuity/Bridge.lean::
Theories/Bimodal/Theorems/Perpetuity/Bridge.lean::Note: This linter can be disabled with `set_option linter.unusedSimpArgs false`
Theories/Bimodal/Theorems/Perpetuity/Bridge.lean::Theories/Bimodal/Theorems/Perpetuity/Bridge.lean:216:0: warning: Please, write a comment here or remove this line, but do not place empty lines within commands!
Theories/Bimodal/Theorems/Perpetuity/Bridge.lean::Context:
Theories/Bimodal/Theorems/Perpetuity/Bridge.lean::                                                                         ↓
Theories/Bimodal/Theorems/Perpetuity/Bridge.lean::  ⏎    DerivationTree.axiom [] _ (Axiom.prop_s Formula.bot B.neg) trivial⏎⏎  have dne_b : ⊢ B.neg.neg.imp B :=⏎
Theories/Bimodal/Theorems/Perpetuity/Bridge.lean::
Theories/Bimodal/Theorems/Perpetuity/Bridge.lean::Note: This linter can be disabled with `set_option linter.style.emptyLine false`
Theories/Bimodal/Theorems/Perpetuity/Bridge.lean::Theories/Bimodal/Theorems/Perpetuity/Bridge.lean:219:0: warning: Please, write a comment here or remove this line, but do not place empty lines within commands!
Theories/Bimodal/Theorems/Perpetuity/Bridge.lean::Context:
Theories/Bimodal/Theorems/Perpetuity/Bridge.lean::                                      ↓
Theories/Bimodal/Theorems/Perpetuity/Bridge.lean::  ⏎    Propositional.double_negation B⏎⏎  have b_comp : ⊢ (B.neg.neg.imp B).imp⏎
Theories/Bimodal/Theorems/Perpetuity/Bridge.lean::
Theories/Bimodal/Theorems/Perpetuity/Bridge.lean::Note: This linter can be disabled with `set_option linter.style.emptyLine false`
Theories/Bimodal/Theorems/Perpetuity/Bridge.lean::Theories/Bimodal/Theorems/Perpetuity/Bridge.lean:223:0: warning: Please, write a comment here or remove this line, but do not place empty lines within commands!
Theories/Bimodal/Theorems/Perpetuity/Bridge.lean::Context:
Theories/Bimodal/Theorems/Perpetuity/Bridge.lean::                   ↓
Theories/Bimodal/Theorems/Perpetuity/Bridge.lean::  ⏎    b_combinator⏎⏎  have bot_implies_b_step : ⊢ (Formula.bot.imp B.neg.neg).imp (Formula.bot.imp B) :=⏎
Theories/Bimodal/Theorems/Perpetuity/Bridge.lean::
Theories/Bimodal/Theorems/Perpetuity/Bridge.lean::Note: This linter can be disabled with `set_option linter.style.emptyLine false`
Theories/Bimodal/Theorems/Perpetuity/Bridge.lean::Theories/Bimodal/Theorems/Perpetuity/Bridge.lean:226:0: warning: Please, write a comment here or remove this line, but do not place empty lines within commands!
Theories/Bimodal/Theorems/Perpetuity/Bridge.lean::Context:
Theories/Bimodal/Theorems/Perpetuity/Bridge.lean::                                                      ↓
Theories/Bimodal/Theorems/Perpetuity/Bridge.lean::  ⏎    DerivationTree.modus_ponens [] _ _ b_comp dne_b⏎⏎  have bot_implies_b : ⊢ Formula.bot.imp B :=⏎
Theories/Bimodal/Theorems/Perpetuity/Bridge.lean::
Theories/Bimodal/Theorems/Perpetuity/Bridge.lean::Note: This linter can be disabled with `set_option linter.style.emptyLine false`
Theories/Bimodal/Theorems/Perpetuity/Bridge.lean::Theories/Bimodal/Theorems/Perpetuity/Bridge.lean:229:0: warning: Please, write a comment here or remove this line, but do not place empty lines within commands!
Theories/Bimodal/Theorems/Perpetuity/Bridge.lean::Context:
Theories/Bimodal/Theorems/Perpetuity/Bridge.lean::                                                                                  ↓
Theories/Bimodal/Theorems/Perpetuity/Bridge.lean::  ⏎    DerivationTree.modus_ponens [] _ _ bot_implies_b_step bot_implies_neg_neg_b⏎⏎  -- Now use: A → (¬A → ⊥) [by definition of ¬A]⏎
Theories/Bimodal/Theorems/Perpetuity/Bridge.lean::
Theories/Bimodal/Theorems/Perpetuity/Bridge.lean::Note: This linter can be disabled with `set_option linter.style.emptyLine false`
Theories/Bimodal/Theorems/Perpetuity/Bridge.lean::Theories/Bimodal/Theorems/Perpetuity/Bridge.lean:249:0: warning: Please, write a comment here or remove this line, but do not place empty lines within commands!
Theories/Bimodal/Theorems/Perpetuity/Bridge.lean::Context:
Theories/Bimodal/Theorems/Perpetuity/Bridge.lean::                                      ↓
Theories/Bimodal/Theorems/Perpetuity/Bridge.lean::  ⏎    imp_trans lift_bot_b k_step_raw⏎⏎  have a_neg_implies_b : ⊢ (A.neg.imp Formula.bot).imp (A.neg.imp B) :=⏎
Theories/Bimodal/Theorems/Perpetuity/Bridge.lean::
Theories/Bimodal/Theorems/Perpetuity/Bridge.lean::Note: This linter can be disabled with `set_option linter.style.emptyLine false`
Theories/Bimodal/Theorems/Perpetuity/Bridge.lean::Theories/Bimodal/Theorems/Perpetuity/Bridge.lean:252:0: warning: Please, write a comment here or remove this line, but do not place empty lines within commands!
Theories/Bimodal/Theorems/Perpetuity/Bridge.lean::Context:
Theories/Bimodal/Theorems/Perpetuity/Bridge.lean::                                                              ↓
Theories/Bimodal/Theorems/Perpetuity/Bridge.lean::  ⏎    DerivationTree.modus_ponens [] _ _ k_step bot_implies_b⏎⏎  -- Chain: (A.neg → ⊥) → (A.neg → B) and (A.neg → B) → (A → (A.neg → B))⏎
Theories/Bimodal/Theorems/Perpetuity/Bridge.lean::
Theories/Bimodal/Theorems/Perpetuity/Bridge.lean::Note: This linter can be disabled with `set_option linter.style.emptyLine false`
Theories/Bimodal/Theorems/Perpetuity/Bridge.lean::Theories/Bimodal/Theorems/Perpetuity/Bridge.lean:258:0: warning: Please, write a comment here or remove this line, but do not place empty lines within commands!
Theories/Bimodal/Theorems/Perpetuity/Bridge.lean::Context:
Theories/Bimodal/Theorems/Perpetuity/Bridge.lean::                                                                       ↓
Theories/Bimodal/Theorems/Perpetuity/Bridge.lean::  ⏎    DerivationTree.axiom [] _ (Axiom.prop_s (A.neg.imp B) A) trivial⏎⏎  -- Apply transitivity: (A.neg → ⊥) → (A.neg → B) → (A → (A.neg → B))⏎
Theories/Bimodal/Theorems/Perpetuity/Bridge.lean::
Theories/Bimodal/Theorems/Perpetuity/Bridge.lean::Note: This linter can be disabled with `set_option linter.style.emptyLine false`
Theories/Bimodal/Theorems/Perpetuity/Bridge.lean::Theories/Bimodal/Theorems/Perpetuity/Bridge.lean:262:0: warning: Please, write a comment here or remove this line, but do not place empty lines within commands!
Theories/Bimodal/Theorems/Perpetuity/Bridge.lean::Context:
Theories/Bimodal/Theorems/Perpetuity/Bridge.lean::                                       ↓
Theories/Bimodal/Theorems/Perpetuity/Bridge.lean::  ⏎    imp_trans a_neg_implies_b s_form⏎⏎  -- A = A.neg → ⊥ by definition⏎
Theories/Bimodal/Theorems/Perpetuity/Bridge.lean::
Theories/Bimodal/Theorems/Perpetuity/Bridge.lean::Note: This linter can be disabled with `set_option linter.style.emptyLine false`
Theories/Bimodal/Theorems/Perpetuity/Bridge.lean::Theories/Bimodal/Theorems/Perpetuity/Bridge.lean:265:0: warning: Please, write a comment here or remove this line, but do not place empty lines within commands!
Theories/Bimodal/Theorems/Perpetuity/Bridge.lean::Context:
Theories/Bimodal/Theorems/Perpetuity/Bridge.lean::                                                             ↓
Theories/Bimodal/Theorems/Perpetuity/Bridge.lean::  ⏎  have a_is_neg : ⊢ A.imp (A.neg.imp Formula.bot) := dni A⏎⏎  -- Apply modus ponens pattern to complete⏎
Theories/Bimodal/Theorems/Perpetuity/Bridge.lean::
Theories/Bimodal/Theorems/Perpetuity/Bridge.lean::Note: This linter can be disabled with `set_option linter.style.emptyLine false`
Theories/Bimodal/Theorems/Perpetuity/Bridge.lean::Theories/Bimodal/Theorems/Perpetuity/Bridge.lean:269:0: warning: Please, write a comment here or remove this line, but do not place empty lines within commands!
Theories/Bimodal/Theorems/Perpetuity/Bridge.lean::Context:
Theories/Bimodal/Theorems/Perpetuity/Bridge.lean::                               ↓
Theories/Bimodal/Theorems/Perpetuity/Bridge.lean::  ⏎    imp_trans a_is_neg step1⏎⏎  -- Now flip to get A.neg → (A → B)⏎
Theories/Bimodal/Theorems/Perpetuity/Bridge.lean::
Theories/Bimodal/Theorems/Perpetuity/Bridge.lean::Note: This linter can be disabled with `set_option linter.style.emptyLine false`
Theories/Bimodal/Theorems/Perpetuity/Bridge.lean::Theories/Bimodal/Theorems/Perpetuity/Bridge.lean:273:0: warning: Please, write a comment here or remove this line, but do not place empty lines within commands!
Theories/Bimodal/Theorems/Perpetuity/Bridge.lean::Context:
Theories/Bimodal/Theorems/Perpetuity/Bridge.lean::                   ↓
Theories/Bimodal/Theorems/Perpetuity/Bridge.lean::  ⏎    theorem_flip⏎⏎  -- Apply flip to result_step composed with A identity⏎
Theories/Bimodal/Theorems/Perpetuity/Bridge.lean::
Theories/Bimodal/Theorems/Perpetuity/Bridge.lean::Note: This linter can be disabled with `set_option linter.style.emptyLine false`
Theories/Bimodal/Theorems/Perpetuity/Bridge.lean::Theories/Bimodal/Theorems/Perpetuity/Bridge.lean:285:0: warning: Please, write a comment here or remove this line, but do not place empty lines within commands!
Theories/Bimodal/Theorems/Perpetuity/Bridge.lean::Context:
Theories/Bimodal/Theorems/Perpetuity/Bridge.lean::                                                               ↓
Theories/Bimodal/Theorems/Perpetuity/Bridge.lean::  ⏎    DerivationTree.axiom [] _ (Axiom.prop_s A.neg A) trivial⏎⏎  -- From A and ¬A we get ⊥⏎
Theories/Bimodal/Theorems/Perpetuity/Bridge.lean::
Theories/Bimodal/Theorems/Perpetuity/Bridge.lean::Note: This linter can be disabled with `set_option linter.style.emptyLine false`
Theories/Bimodal/Theorems/Perpetuity/Bridge.lean::Theories/Bimodal/Theorems/Perpetuity/Bridge.lean:296:0: warning: Please, write a comment here or remove this line, but do not place empty lines within commands!
Theories/Bimodal/Theorems/Perpetuity/Bridge.lean::Context:
Theories/Bimodal/Theorems/Perpetuity/Bridge.lean::                                                                           ↓
Theories/Bimodal/Theorems/Perpetuity/Bridge.lean::  ⏎    DerivationTree.axiom [] _ (Axiom.prop_k A A.neg Formula.bot) trivial⏎⏎  -- A → (¬A → ⊥) is identity (by definition of ¬A)⏎
Theories/Bimodal/Theorems/Perpetuity/Bridge.lean::
Theories/Bimodal/Theorems/Perpetuity/Bridge.lean::Note: This linter can be disabled with `set_option linter.style.emptyLine false`
Theories/Bimodal/Theorems/Perpetuity/Bridge.lean::Theories/Bimodal/Theorems/Perpetuity/Bridge.lean:299:0: warning: Please, write a comment here or remove this line, but do not place empty lines within commands!
Theories/Bimodal/Theorems/Perpetuity/Bridge.lean::Context:
Theories/Bimodal/Theorems/Perpetuity/Bridge.lean::                                                              ↓
Theories/Bimodal/Theorems/Perpetuity/Bridge.lean::  ⏎  have a_neg_def : ⊢ A.imp (A.neg.imp Formula.bot) := dni A⏎⏎  have step_k1 : ⊢ (A.imp A.neg).imp (A.imp Formula.bot) :=⏎
Theories/Bimodal/Theorems/Perpetuity/Bridge.lean::
Theories/Bimodal/Theorems/Perpetuity/Bridge.lean::Note: This linter can be disabled with `set_option linter.style.emptyLine false`
Theories/Bimodal/Theorems/Perpetuity/Bridge.lean::Theories/Bimodal/Theorems/Perpetuity/Bridge.lean:302:0: warning: Please, write a comment here or remove this line, but do not place empty lines within commands!
Theories/Bimodal/Theorems/Perpetuity/Bridge.lean::Context:
Theories/Bimodal/Theorems/Perpetuity/Bridge.lean::                                                           ↓
Theories/Bimodal/Theorems/Perpetuity/Bridge.lean::  ⏎    DerivationTree.modus_ponens [] _ _ k_form1 a_neg_def⏎⏎  -- Now (A → ⊥) → (A → B) using ⊥ → B⏎
Theories/Bimodal/Theorems/Perpetuity/Bridge.lean::
Theories/Bimodal/Theorems/Perpetuity/Bridge.lean::Note: This linter can be disabled with `set_option linter.style.emptyLine false`
Theories/Bimodal/Theorems/Perpetuity/Bridge.lean::Theories/Bimodal/Theorems/Perpetuity/Bridge.lean:317:0: warning: Please, write a comment here or remove this line, but do not place empty lines within commands!
Theories/Bimodal/Theorems/Perpetuity/Bridge.lean::Context:
Theories/Bimodal/Theorems/Perpetuity/Bridge.lean::                                        ↓
Theories/Bimodal/Theorems/Perpetuity/Bridge.lean::  ⏎    imp_trans lift_bot_b2 k_form2_raw⏎⏎  have step_k2 : ⊢ (A.imp Formula.bot).imp (A.imp B) :=⏎
Theories/Bimodal/Theorems/Perpetuity/Bridge.lean::
Theories/Bimodal/Theorems/Perpetuity/Bridge.lean::Note: This linter can be disabled with `set_option linter.style.emptyLine false`
Theories/Bimodal/Theorems/Perpetuity/Bridge.lean::Theories/Bimodal/Theorems/Perpetuity/Bridge.lean:320:0: warning: Please, write a comment here or remove this line, but do not place empty lines within commands!
Theories/Bimodal/Theorems/Perpetuity/Bridge.lean::Context:
Theories/Bimodal/Theorems/Perpetuity/Bridge.lean::                                                               ↓
Theories/Bimodal/Theorems/Perpetuity/Bridge.lean::  ⏎    DerivationTree.modus_ponens [] _ _ k_form2 bot_implies_b⏎⏎  -- Chain: (A → ¬A) → (A → ⊥) → (A → B)⏎
Theories/Bimodal/Theorems/Perpetuity/Bridge.lean::
Theories/Bimodal/Theorems/Perpetuity/Bridge.lean::Note: This linter can be disabled with `set_option linter.style.emptyLine false`
Theories/Bimodal/Theorems/Perpetuity/Bridge.lean::Theories/Bimodal/Theorems/Perpetuity/Bridge.lean:324:0: warning: Please, write a comment here or remove this line, but do not place empty lines within commands!
Theories/Bimodal/Theorems/Perpetuity/Bridge.lean::Context:
Theories/Bimodal/Theorems/Perpetuity/Bridge.lean::                                ↓
Theories/Bimodal/Theorems/Perpetuity/Bridge.lean::  ⏎    imp_trans step_k1 step_k2⏎⏎  -- Now lift to get A → (¬A → B)⏎
Theories/Bimodal/Theorems/Perpetuity/Bridge.lean::
Theories/Bimodal/Theorems/Perpetuity/Bridge.lean::Note: This linter can be disabled with `set_option linter.style.emptyLine false`
Theories/Bimodal/Theorems/Perpetuity/Bridge.lean::Theories/Bimodal/Theorems/Perpetuity/Bridge.lean:329:0: warning: Please, write a comment here or remove this line, but do not place empty lines within commands!
Theories/Bimodal/Theorems/Perpetuity/Bridge.lean::Context:
Theories/Bimodal/Theorems/Perpetuity/Bridge.lean::                                                                                       ↓
Theories/Bimodal/Theorems/Perpetuity/Bridge.lean::  ⏎    DerivationTree.axiom [] _ (Axiom.prop_s ((A.imp A.neg).imp (A.imp B)) A) trivial⏎⏎  have lifted1 : ⊢ A.imp ((A.imp A.neg).imp (A.imp B)) :=⏎
Theories/Bimodal/Theorems/Perpetuity/Bridge.lean::
Theories/Bimodal/Theorems/Perpetuity/Bridge.lean::Note: This linter can be disabled with `set_option linter.style.emptyLine false`
Theories/Bimodal/Theorems/Perpetuity/Bridge.lean::Theories/Bimodal/Theorems/Perpetuity/Bridge.lean:332:0: warning: Please, write a comment here or remove this line, but do not place empty lines within commands!
Theories/Bimodal/Theorems/Perpetuity/Bridge.lean::Context:
Theories/Bimodal/Theorems/Perpetuity/Bridge.lean::                                                          ↓
Theories/Bimodal/Theorems/Perpetuity/Bridge.lean::  ⏎    DerivationTree.modus_ponens [] _ _ s_final raa_form⏎⏎  -- Now we need to turn (A → ¬A) into just ¬A⏎
Theories/Bimodal/Theorems/Perpetuity/Bridge.lean::
Theories/Bimodal/Theorems/Perpetuity/Bridge.lean::Note: This linter can be disabled with `set_option linter.style.emptyLine false`
Theories/Bimodal/Theorems/Perpetuity/Bridge.lean::Theories/Bimodal/Theorems/Perpetuity/Bridge.lean:344:0: warning: Please, write a comment here or remove this line, but do not place empty lines within commands!
Theories/Bimodal/Theorems/Perpetuity/Bridge.lean::Context:
Theories/Bimodal/Theorems/Perpetuity/Bridge.lean::                                                          ↓
Theories/Bimodal/Theorems/Perpetuity/Bridge.lean::  ⏎  have app1 : ⊢ A.imp ((A.imp B).imp B) := theorem_app1⏎⏎  -- This approach is too complex. Let me use a direct combinator approach.⏎
Theories/Bimodal/Theorems/Perpetuity/Bridge.lean::
Theories/Bimodal/Theorems/Perpetuity/Bridge.lean::Note: This linter can be disabled with `set_option linter.style.emptyLine false`
Theories/Bimodal/Theorems/Perpetuity/Bridge.lean::Theories/Bimodal/Theorems/Perpetuity/Bridge.lean:360:0: warning: Please, write a comment here or remove this line, but do not place empty lines within commands!
Theories/Bimodal/Theorems/Perpetuity/Bridge.lean::Context:
Theories/Bimodal/Theorems/Perpetuity/Bridge.lean::                                          ↓
Theories/Bimodal/Theorems/Perpetuity/Bridge.lean::  ⏎  -- So: A → (¬A → A) and ¬A → (A → ¬A)⏎⏎  have s_rev : ⊢ A.neg.imp (A.imp A.neg) :=⏎
Theories/Bimodal/Theorems/Perpetuity/Bridge.lean::
Theories/Bimodal/Theorems/Perpetuity/Bridge.lean::Note: This linter can be disabled with `set_option linter.style.emptyLine false`
Theories/Bimodal/Theorems/Perpetuity/Bridge.lean::Theories/Bimodal/Theorems/Perpetuity/Bridge.lean:363:0: warning: Please, write a comment here or remove this line, but do not place empty lines within commands!
Theories/Bimodal/Theorems/Perpetuity/Bridge.lean::Context:
Theories/Bimodal/Theorems/Perpetuity/Bridge.lean::                                                               ↓
Theories/Bimodal/Theorems/Perpetuity/Bridge.lean::  ⏎    DerivationTree.axiom [] _ (Axiom.prop_s A.neg A) trivial⏎⏎  -- Now from A → ¬A we need A → ⊥ (which is ¬A)⏎
Theories/Bimodal/Theorems/Perpetuity/Bridge.lean::
Theories/Bimodal/Theorems/Perpetuity/Bridge.lean::Note: This linter can be disabled with `set_option linter.style.emptyLine false`
Theories/Bimodal/Theorems/Perpetuity/Bridge.lean::Theories/Bimodal/Theorems/Perpetuity/Bridge.lean:385:0: warning: Please, write a comment here or remove this line, but do not place empty lines within commands!
Theories/Bimodal/Theorems/Perpetuity/Bridge.lean::Context:
Theories/Bimodal/Theorems/Perpetuity/Bridge.lean::                                       ↓
Theories/Bimodal/Theorems/Perpetuity/Bridge.lean::  ⏎    imp_trans lift_bot_b3 k_dist_raw⏎⏎  have a_to_b_from_bot : ⊢ (A.imp Formula.bot).imp (A.imp B) :=⏎
Theories/Bimodal/Theorems/Perpetuity/Bridge.lean::
Theories/Bimodal/Theorems/Perpetuity/Bridge.lean::Note: This linter can be disabled with `set_option linter.style.emptyLine false`
Theories/Bimodal/Theorems/Perpetuity/Bridge.lean::Theories/Bimodal/Theorems/Perpetuity/Bridge.lean:388:0: warning: Please, write a comment here or remove this line, but do not place empty lines within commands!
Theories/Bimodal/Theorems/Perpetuity/Bridge.lean::Context:
Theories/Bimodal/Theorems/Perpetuity/Bridge.lean::                                                              ↓
Theories/Bimodal/Theorems/Perpetuity/Bridge.lean::  ⏎    DerivationTree.modus_ponens [] _ _ k_dist bot_implies_b⏎⏎  -- ¬A = A → ⊥, so:⏎
Theories/Bimodal/Theorems/Perpetuity/Bridge.lean::
Theories/Bimodal/Theorems/Perpetuity/Bridge.lean::Note: This linter can be disabled with `set_option linter.style.emptyLine false`
Theories/Bimodal/Theorems/Perpetuity/Bridge.lean::Theories/Bimodal/Theorems/Perpetuity/Bridge.lean:392:0: warning: Please, write a comment here or remove this line, but do not place empty lines within commands!
Theories/Bimodal/Theorems/Perpetuity/Bridge.lean::Context:
Theories/Bimodal/Theorems/Perpetuity/Bridge.lean::                      ↓
Theories/Bimodal/Theorems/Perpetuity/Bridge.lean::  ⏎    a_to_b_from_bot⏎⏎  exact neg_a_to_a_b⏎
Theories/Bimodal/Theorems/Perpetuity/Bridge.lean::
Theories/Bimodal/Theorems/Perpetuity/Bridge.lean::Note: This linter can be disabled with `set_option linter.style.emptyLine false`
Theories/Bimodal/Theorems/Perpetuity/Bridge.lean::Theories/Bimodal/Theorems/Perpetuity/Bridge.lean:240:100: warning: This line exceeds the 100 character limit, please shorten it!
Theories/Bimodal/Theorems/Perpetuity/Bridge.lean::
Theories/Bimodal/Theorems/Perpetuity/Bridge.lean::Note: This linter can be disabled with `set_option linter.style.longLine false`
Theories/Bimodal/Theorems/Perpetuity/Bridge.lean::Theories/Bimodal/Theorems/Perpetuity/Bridge.lean:402:0: warning: Please, write a comment here or remove this line, but do not place empty lines within commands!
Theories/Bimodal/Theorems/Perpetuity/Bridge.lean::Context:
Theories/Bimodal/Theorems/Perpetuity/Bridge.lean::           ↓
Theories/Bimodal/Theorems/Perpetuity/Bridge.lean::  ⏎    simp⏎⏎  have h_conj_unf : [A.and B] ⊢ (A.imp B.neg).neg := by⏎
Theories/Bimodal/Theorems/Perpetuity/Bridge.lean::
Theories/Bimodal/Theorems/Perpetuity/Bridge.lean::Note: This linter can be disabled with `set_option linter.style.emptyLine false`
Theories/Bimodal/Theorems/Perpetuity/Bridge.lean::Theories/Bimodal/Theorems/Perpetuity/Bridge.lean:406:0: warning: Please, write a comment here or remove this line, but do not place empty lines within commands!
Theories/Bimodal/Theorems/Perpetuity/Bridge.lean::Context:
Theories/Bimodal/Theorems/Perpetuity/Bridge.lean::                   ↓
Theories/Bimodal/Theorems/Perpetuity/Bridge.lean::  ⏎    exact h_conj⏎⏎  have efq_helper : ⊢ A.neg.imp (A.imp B.neg) :=⏎
Theories/Bimodal/Theorems/Perpetuity/Bridge.lean::
Theories/Bimodal/Theorems/Perpetuity/Bridge.lean::Note: This linter can be disabled with `set_option linter.style.emptyLine false`
Theories/Bimodal/Theorems/Perpetuity/Bridge.lean::Theories/Bimodal/Theorems/Perpetuity/Bridge.lean:409:0: warning: Please, write a comment here or remove this line, but do not place empty lines within commands!
Theories/Bimodal/Theorems/Perpetuity/Bridge.lean::Context:
Theories/Bimodal/Theorems/Perpetuity/Bridge.lean::                        ↓
Theories/Bimodal/Theorems/Perpetuity/Bridge.lean::  ⏎    local_efq A B.neg⏎⏎  have efq_ctx : [A.and B] ⊢ A.neg.imp (A.imp B.neg) :=⏎
Theories/Bimodal/Theorems/Perpetuity/Bridge.lean::
Theories/Bimodal/Theorems/Perpetuity/Bridge.lean::Note: This linter can be disabled with `set_option linter.style.emptyLine false`
Theories/Bimodal/Theorems/Perpetuity/Bridge.lean::Theories/Bimodal/Theorems/Perpetuity/Bridge.lean:412:0: warning: Please, write a comment here or remove this line, but do not place empty lines within commands!
Theories/Bimodal/Theorems/Perpetuity/Bridge.lean::Context:
Theories/Bimodal/Theorems/Perpetuity/Bridge.lean::                                                                          ↓
Theories/Bimodal/Theorems/Perpetuity/Bridge.lean::  ⏎    DerivationTree.weakening [] [A.and B] _ efq_helper (by intro; simp)⏎⏎  have contra_step :⏎
Theories/Bimodal/Theorems/Perpetuity/Bridge.lean::
Theories/Bimodal/Theorems/Perpetuity/Bridge.lean::Note: This linter can be disabled with `set_option linter.style.emptyLine false`
Theories/Bimodal/Theorems/Perpetuity/Bridge.lean::Theories/Bimodal/Theorems/Perpetuity/Bridge.lean:432:0: warning: Please, write a comment here or remove this line, but do not place empty lines within commands!
Theories/Bimodal/Theorems/Perpetuity/Bridge.lean::Context:
Theories/Bimodal/Theorems/Perpetuity/Bridge.lean::                                                       ↓
Theories/Bimodal/Theorems/Perpetuity/Bridge.lean::  ⏎    exact DerivationTree.modus_ponens [] _ _ flip bc⏎⏎  have contra_step_ctx :⏎
Theories/Bimodal/Theorems/Perpetuity/Bridge.lean::
Theories/Bimodal/Theorems/Perpetuity/Bridge.lean::Note: This linter can be disabled with `set_option linter.style.emptyLine false`
Theories/Bimodal/Theorems/Perpetuity/Bridge.lean::Theories/Bimodal/Theorems/Perpetuity/Bridge.lean:436:0: warning: Please, write a comment here or remove this line, but do not place empty lines within commands!
Theories/Bimodal/Theorems/Perpetuity/Bridge.lean::Context:
Theories/Bimodal/Theorems/Perpetuity/Bridge.lean::                                                                           ↓
Theories/Bimodal/Theorems/Perpetuity/Bridge.lean::  ⏎    DerivationTree.weakening [] [A.and B] _ contra_step (by intro; simp)⏎⏎  have step1 : [A.and B] ⊢ (A.imp B.neg).neg.imp A.neg.neg :=⏎
Theories/Bimodal/Theorems/Perpetuity/Bridge.lean::
Theories/Bimodal/Theorems/Perpetuity/Bridge.lean::Note: This linter can be disabled with `set_option linter.style.emptyLine false`
Theories/Bimodal/Theorems/Perpetuity/Bridge.lean::Theories/Bimodal/Theorems/Perpetuity/Bridge.lean:439:0: warning: Please, write a comment here or remove this line, but do not place empty lines within commands!
Theories/Bimodal/Theorems/Perpetuity/Bridge.lean::Context:
Theories/Bimodal/Theorems/Perpetuity/Bridge.lean::                                                                        ↓
Theories/Bimodal/Theorems/Perpetuity/Bridge.lean::  ⏎    DerivationTree.modus_ponens [A.and B] _ _ contra_step_ctx efq_ctx⏎⏎  have neg_neg_a : [A.and B] ⊢ A.neg.neg :=⏎
Theories/Bimodal/Theorems/Perpetuity/Bridge.lean::
Theories/Bimodal/Theorems/Perpetuity/Bridge.lean::Note: This linter can be disabled with `set_option linter.style.emptyLine false`
Theories/Bimodal/Theorems/Perpetuity/Bridge.lean::Theories/Bimodal/Theorems/Perpetuity/Bridge.lean:442:0: warning: Please, write a comment here or remove this line, but do not place empty lines within commands!
Theories/Bimodal/Theorems/Perpetuity/Bridge.lean::Context:
Theories/Bimodal/Theorems/Perpetuity/Bridge.lean::                                                                 ↓
Theories/Bimodal/Theorems/Perpetuity/Bridge.lean::  ⏎    DerivationTree.modus_ponens [A.and B] _ _ step1 h_conj_unf⏎⏎  have dne_a : ⊢ A.neg.neg.imp A :=⏎
Theories/Bimodal/Theorems/Perpetuity/Bridge.lean::
Theories/Bimodal/Theorems/Perpetuity/Bridge.lean::Note: This linter can be disabled with `set_option linter.style.emptyLine false`
Theories/Bimodal/Theorems/Perpetuity/Bridge.lean::Theories/Bimodal/Theorems/Perpetuity/Bridge.lean:445:0: warning: Please, write a comment here or remove this line, but do not place empty lines within commands!
Theories/Bimodal/Theorems/Perpetuity/Bridge.lean::Context:
Theories/Bimodal/Theorems/Perpetuity/Bridge.lean::                                      ↓
Theories/Bimodal/Theorems/Perpetuity/Bridge.lean::  ⏎    Propositional.double_negation A⏎⏎  have dne_a_ctx : [A.and B] ⊢ A.neg.neg.imp A :=⏎
Theories/Bimodal/Theorems/Perpetuity/Bridge.lean::
Theories/Bimodal/Theorems/Perpetuity/Bridge.lean::Note: This linter can be disabled with `set_option linter.style.emptyLine false`
Theories/Bimodal/Theorems/Perpetuity/Bridge.lean::Theories/Bimodal/Theorems/Perpetuity/Bridge.lean:448:0: warning: Please, write a comment here or remove this line, but do not place empty lines within commands!
Theories/Bimodal/Theorems/Perpetuity/Bridge.lean::Context:
Theories/Bimodal/Theorems/Perpetuity/Bridge.lean::                                                                     ↓
Theories/Bimodal/Theorems/Perpetuity/Bridge.lean::  ⏎    DerivationTree.weakening [] [A.and B] _ dne_a (by intro; simp)⏎⏎  exact DerivationTree.modus_ponens [A.and B] _ _ dne_a_ctx neg_neg_a⏎
Theories/Bimodal/Theorems/Perpetuity/Bridge.lean::
Theories/Bimodal/Theorems/Perpetuity/Bridge.lean::Note: This linter can be disabled with `set_option linter.style.emptyLine false`
Theories/Bimodal/Theorems/Perpetuity/Bridge.lean::Theories/Bimodal/Theorems/Perpetuity/Bridge.lean:458:0: warning: Please, write a comment here or remove this line, but do not place empty lines within commands!
Theories/Bimodal/Theorems/Perpetuity/Bridge.lean::Context:
Theories/Bimodal/Theorems/Perpetuity/Bridge.lean::           ↓
Theories/Bimodal/Theorems/Perpetuity/Bridge.lean::  ⏎    simp⏎⏎  have h_conj_unf : [A.and B] ⊢ (A.imp B.neg).neg := by⏎
Theories/Bimodal/Theorems/Perpetuity/Bridge.lean::
Theories/Bimodal/Theorems/Perpetuity/Bridge.lean::Note: This linter can be disabled with `set_option linter.style.emptyLine false`
Theories/Bimodal/Theorems/Perpetuity/Bridge.lean::Theories/Bimodal/Theorems/Perpetuity/Bridge.lean:462:0: warning: Please, write a comment here or remove this line, but do not place empty lines within commands!
Theories/Bimodal/Theorems/Perpetuity/Bridge.lean::Context:
Theories/Bimodal/Theorems/Perpetuity/Bridge.lean::                   ↓
Theories/Bimodal/Theorems/Perpetuity/Bridge.lean::  ⏎    exact h_conj⏎⏎  have s_helper : ⊢ B.neg.imp (A.imp B.neg) :=⏎
Theories/Bimodal/Theorems/Perpetuity/Bridge.lean::
Theories/Bimodal/Theorems/Perpetuity/Bridge.lean::Note: This linter can be disabled with `set_option linter.style.emptyLine false`
Theories/Bimodal/Theorems/Perpetuity/Bridge.lean::Theories/Bimodal/Theorems/Perpetuity/Bridge.lean:465:0: warning: Please, write a comment here or remove this line, but do not place empty lines within commands!
Theories/Bimodal/Theorems/Perpetuity/Bridge.lean::Context:
Theories/Bimodal/Theorems/Perpetuity/Bridge.lean::                                                               ↓
Theories/Bimodal/Theorems/Perpetuity/Bridge.lean::  ⏎    DerivationTree.axiom [] _ (Axiom.prop_s B.neg A) trivial⏎⏎  have s_ctx : [A.and B] ⊢ B.neg.imp (A.imp B.neg) :=⏎
Theories/Bimodal/Theorems/Perpetuity/Bridge.lean::
Theories/Bimodal/Theorems/Perpetuity/Bridge.lean::Note: This linter can be disabled with `set_option linter.style.emptyLine false`
Theories/Bimodal/Theorems/Perpetuity/Bridge.lean::Theories/Bimodal/Theorems/Perpetuity/Bridge.lean:468:0: warning: Please, write a comment here or remove this line, but do not place empty lines within commands!
Theories/Bimodal/Theorems/Perpetuity/Bridge.lean::Context:
Theories/Bimodal/Theorems/Perpetuity/Bridge.lean::                                                                        ↓
Theories/Bimodal/Theorems/Perpetuity/Bridge.lean::  ⏎    DerivationTree.weakening [] [A.and B] _ s_helper (by intro; simp)⏎⏎  have contra_step :⏎
Theories/Bimodal/Theorems/Perpetuity/Bridge.lean::
Theories/Bimodal/Theorems/Perpetuity/Bridge.lean::Note: This linter can be disabled with `set_option linter.style.emptyLine false`
Theories/Bimodal/Theorems/Perpetuity/Bridge.lean::Theories/Bimodal/Theorems/Perpetuity/Bridge.lean:488:0: warning: Please, write a comment here or remove this line, but do not place empty lines within commands!
Theories/Bimodal/Theorems/Perpetuity/Bridge.lean::Context:
Theories/Bimodal/Theorems/Perpetuity/Bridge.lean::                                                       ↓
Theories/Bimodal/Theorems/Perpetuity/Bridge.lean::  ⏎    exact DerivationTree.modus_ponens [] _ _ flip bc⏎⏎  have contra_step_ctx :⏎
Theories/Bimodal/Theorems/Perpetuity/Bridge.lean::
Theories/Bimodal/Theorems/Perpetuity/Bridge.lean::Note: This linter can be disabled with `set_option linter.style.emptyLine false`
Theories/Bimodal/Theorems/Perpetuity/Bridge.lean::Theories/Bimodal/Theorems/Perpetuity/Bridge.lean:492:0: warning: Please, write a comment here or remove this line, but do not place empty lines within commands!
Theories/Bimodal/Theorems/Perpetuity/Bridge.lean::Context:
Theories/Bimodal/Theorems/Perpetuity/Bridge.lean::                                                                           ↓
Theories/Bimodal/Theorems/Perpetuity/Bridge.lean::  ⏎    DerivationTree.weakening [] [A.and B] _ contra_step (by intro; simp)⏎⏎  have step1 : [A.and B] ⊢ (A.imp B.neg).neg.imp B.neg.neg :=⏎
Theories/Bimodal/Theorems/Perpetuity/Bridge.lean::
Theories/Bimodal/Theorems/Perpetuity/Bridge.lean::Note: This linter can be disabled with `set_option linter.style.emptyLine false`
Theories/Bimodal/Theorems/Perpetuity/Bridge.lean::Theories/Bimodal/Theorems/Perpetuity/Bridge.lean:495:0: warning: Please, write a comment here or remove this line, but do not place empty lines within commands!
Theories/Bimodal/Theorems/Perpetuity/Bridge.lean::Context:
Theories/Bimodal/Theorems/Perpetuity/Bridge.lean::                                                                      ↓
Theories/Bimodal/Theorems/Perpetuity/Bridge.lean::  ⏎    DerivationTree.modus_ponens [A.and B] _ _ contra_step_ctx s_ctx⏎⏎  have neg_neg_b : [A.and B] ⊢ B.neg.neg :=⏎
Theories/Bimodal/Theorems/Perpetuity/Bridge.lean::
Theories/Bimodal/Theorems/Perpetuity/Bridge.lean::Note: This linter can be disabled with `set_option linter.style.emptyLine false`
Theories/Bimodal/Theorems/Perpetuity/Bridge.lean::Theories/Bimodal/Theorems/Perpetuity/Bridge.lean:498:0: warning: Please, write a comment here or remove this line, but do not place empty lines within commands!
Theories/Bimodal/Theorems/Perpetuity/Bridge.lean::Context:
Theories/Bimodal/Theorems/Perpetuity/Bridge.lean::                                                                 ↓
Theories/Bimodal/Theorems/Perpetuity/Bridge.lean::  ⏎    DerivationTree.modus_ponens [A.and B] _ _ step1 h_conj_unf⏎⏎  have dne_b : ⊢ B.neg.neg.imp B :=⏎
Theories/Bimodal/Theorems/Perpetuity/Bridge.lean::
Theories/Bimodal/Theorems/Perpetuity/Bridge.lean::Note: This linter can be disabled with `set_option linter.style.emptyLine false`
Theories/Bimodal/Theorems/Perpetuity/Bridge.lean::Theories/Bimodal/Theorems/Perpetuity/Bridge.lean:501:0: warning: Please, write a comment here or remove this line, but do not place empty lines within commands!
Theories/Bimodal/Theorems/Perpetuity/Bridge.lean::Context:
Theories/Bimodal/Theorems/Perpetuity/Bridge.lean::                                      ↓
Theories/Bimodal/Theorems/Perpetuity/Bridge.lean::  ⏎    Propositional.double_negation B⏎⏎  have dne_b_ctx : [A.and B] ⊢ B.neg.neg.imp B :=⏎
Theories/Bimodal/Theorems/Perpetuity/Bridge.lean::
Theories/Bimodal/Theorems/Perpetuity/Bridge.lean::Note: This linter can be disabled with `set_option linter.style.emptyLine false`
Theories/Bimodal/Theorems/Perpetuity/Bridge.lean::Theories/Bimodal/Theorems/Perpetuity/Bridge.lean:504:0: warning: Please, write a comment here or remove this line, but do not place empty lines within commands!
Theories/Bimodal/Theorems/Perpetuity/Bridge.lean::Context:
Theories/Bimodal/Theorems/Perpetuity/Bridge.lean::                                                                     ↓
Theories/Bimodal/Theorems/Perpetuity/Bridge.lean::  ⏎    DerivationTree.weakening [] [A.and B] _ dne_b (by intro; simp)⏎⏎  exact DerivationTree.modus_ponens [A.and B] _ _ dne_b_ctx neg_neg_b⏎
Theories/Bimodal/Theorems/Perpetuity/Bridge.lean::
Theories/Bimodal/Theorems/Perpetuity/Bridge.lean::Note: This linter can be disabled with `set_option linter.style.emptyLine false`
Theories/Bimodal/Theorems/Perpetuity/Bridge.lean::Theories/Bimodal/Theorems/Perpetuity/Bridge.lean:604:6: warning: This simp argument is unused:
Theories/Bimodal/Theorems/Perpetuity/Bridge.lean::  Formula.swap_temporal_all_past
Theories/Bimodal/Theorems/Perpetuity/Bridge.lean::
Theories/Bimodal/Theorems/Perpetuity/Bridge.lean::Hint: Omit it from the simp argument list.
Theories/Bimodal/Theorems/Perpetuity/Bridge.lean::  [apply] simp only [Formula.swap_temporal, Formula.swap_temporal_all_future,
Theories/Bimodal/Theorems/Perpetuity/Bridge.lean::    Formula.swap_temporal_involution] at past_raw
Theories/Bimodal/Theorems/Perpetuity/Bridge.lean::
Theories/Bimodal/Theorems/Perpetuity/Bridge.lean::Note: This linter can be disabled with `set_option linter.unusedSimpArgs false`
Theories/Bimodal/Theorems/Perpetuity/Bridge.lean::Theories/Bimodal/Theorems/Perpetuity/Bridge.lean:601:100: warning: This line exceeds the 100 character limit, please shorten it!
Theories/Bimodal/Theorems/Perpetuity/Bridge.lean::
Theories/Bimodal/Theorems/Perpetuity/Bridge.lean::Note: This linter can be disabled with `set_option linter.style.longLine false`
Theories/Bimodal/Theorems/Perpetuity/Bridge.lean::Theories/Bimodal/Theorems/Perpetuity/Bridge.lean:602:100: warning: This line exceeds the 100 character limit, please shorten it!
Theories/Bimodal/Theorems/Perpetuity/Bridge.lean::
Theories/Bimodal/Theorems/Perpetuity/Bridge.lean::Note: This linter can be disabled with `set_option linter.style.longLine false`
Theories/Bimodal/Theorems/Perpetuity/Bridge.lean::Theories/Bimodal/Theorems/Perpetuity/Bridge.lean:682:0: warning: Please, write a comment here or remove this line, but do not place empty lines within commands!
Theories/Bimodal/Theorems/Perpetuity/Bridge.lean::Context:
Theories/Bimodal/Theorems/Perpetuity/Bridge.lean::                   ↓
Theories/Bimodal/Theorems/Perpetuity/Bridge.lean::  ⏎    always_dni φ⏎⏎  -- Step 2: Contrapose to get φ.neg.neg.always.neg → φ.always.neg⏎
Theories/Bimodal/Theorems/Perpetuity/Bridge.lean::
Theories/Bimodal/Theorems/Perpetuity/Bridge.lean::Note: This linter can be disabled with `set_option linter.style.emptyLine false`
Theories/Bimodal/Theorems/Perpetuity/Bridge.lean::Theories/Bimodal/Theorems/Perpetuity/Bridge.lean:706:6: warning: This simp argument is unused:
Theories/Bimodal/Theorems/Perpetuity/Bridge.lean::  Formula.swap_temporal_all_past
Theories/Bimodal/Theorems/Perpetuity/Bridge.lean::
Theories/Bimodal/Theorems/Perpetuity/Bridge.lean::Hint: Omit it from the simp argument list.
Theories/Bimodal/Theorems/Perpetuity/Bridge.lean::  [apply] simp only [Formula.swap_temporal, Formula.swap_temporal_all_future,
Theories/Bimodal/Theorems/Perpetuity/Bridge.lean::    Formula.swap_temporal_involution] at past_raw
Theories/Bimodal/Theorems/Perpetuity/Bridge.lean::
Theories/Bimodal/Theorems/Perpetuity/Bridge.lean::Note: This linter can be disabled with `set_option linter.unusedSimpArgs false`
Theories/Bimodal/Theorems/Perpetuity/Bridge.lean::Theories/Bimodal/Theorems/Perpetuity/Bridge.lean:703:100: warning: This line exceeds the 100 character limit, please shorten it!
Theories/Bimodal/Theorems/Perpetuity/Bridge.lean::
Theories/Bimodal/Theorems/Perpetuity/Bridge.lean::Note: This linter can be disabled with `set_option linter.style.longLine false`
Theories/Bimodal/Theorems/Perpetuity/Bridge.lean::Theories/Bimodal/Theorems/Perpetuity/Bridge.lean:704:100: warning: This line exceeds the 100 character limit, please shorten it!
Theories/Bimodal/Theorems/Perpetuity/Bridge.lean::
Theories/Bimodal/Theorems/Perpetuity/Bridge.lean::Note: This linter can be disabled with `set_option linter.style.longLine false`
Theories/Bimodal/Theorems/Perpetuity/Bridge.lean::Theories/Bimodal/Theorems/Perpetuity/Bridge.lean:761:0: warning: Please, write a comment here or remove this line, but do not place empty lines within commands!
Theories/Bimodal/Theorems/Perpetuity/Bridge.lean::Context:
Theories/Bimodal/Theorems/Perpetuity/Bridge.lean::                   ↓
Theories/Bimodal/Theorems/Perpetuity/Bridge.lean::  ⏎    always_dne φ⏎⏎  -- Step 2: Contrapose to get φ.always.neg → φ.neg.neg.always.neg⏎
Theories/Bimodal/Theorems/Perpetuity/Bridge.lean::
Theories/Bimodal/Theorems/Perpetuity/Bridge.lean::Note: This linter can be disabled with `set_option linter.style.emptyLine false`
Theories/Bimodal/Theorems/Perpetuity/Principles.lean::Theories/Bimodal/Theorems/Perpetuity/Principles.lean:126:0: warning: Please, write a comment here or remove this line, but do not place empty lines within commands!
Theories/Bimodal/Theorems/Perpetuity/Principles.lean::Context:
Theories/Bimodal/Theorems/Perpetuity/Principles.lean::                   ↓
Theories/Bimodal/Theorems/Perpetuity/Principles.lean::  ⏎    b_combinator⏎⏎  -- Apply first modus ponens to get: (A → B) → (A → ⊥)⏎
Theories/Bimodal/Theorems/Perpetuity/Principles.lean::
Theories/Bimodal/Theorems/Perpetuity/Principles.lean::Note: This linter can be disabled with `set_option linter.style.emptyLine false`
Theories/Bimodal/Theorems/Perpetuity/Principles.lean::Theories/Bimodal/Theorems/Perpetuity/Principles.lean:172:0: warning: Please, write a comment here or remove this line, but do not place empty lines within commands!
Theories/Bimodal/Theorems/Perpetuity/Principles.lean::Context:
Theories/Bimodal/Theorems/Perpetuity/Principles.lean::                                                                       ↓
Theories/Bimodal/Theorems/Perpetuity/Principles.lean::  ⏎    DerivationTree.axiom [] _ (Axiom.prop_k A B Formula.bot) trivial⏎⏎  -- Now we need: A → (B → ⊥) from h : A → B⏎
Theories/Bimodal/Theorems/Perpetuity/Principles.lean::
Theories/Bimodal/Theorems/Perpetuity/Principles.lean::Note: This linter can be disabled with `set_option linter.style.emptyLine false`
Theories/Bimodal/Theorems/Perpetuity/Principles.lean::Theories/Bimodal/Theorems/Perpetuity/Principles.lean:177:0: warning: Please, write a comment here or remove this line, but do not place empty lines within commands!
Theories/Bimodal/Theorems/Perpetuity/Principles.lean::Context:
Theories/Bimodal/Theorems/Perpetuity/Principles.lean::                                                                             ↓
Theories/Bimodal/Theorems/Perpetuity/Principles.lean::  ⏎    DerivationTree.axiom [] _ (Axiom.prop_s (B.imp Formula.bot) A) trivial⏎⏎  -- Now compose: (B → ⊥) → (A → (B → ⊥)) [s_b]⏎
Theories/Bimodal/Theorems/Perpetuity/Principles.lean::
Theories/Bimodal/Theorems/Perpetuity/Principles.lean::Note: This linter can be disabled with `set_option linter.style.emptyLine false`
Theories/Bimodal/Theorems/Perpetuity/Principles.lean::Theories/Bimodal/Theorems/Perpetuity/Principles.lean:183:0: warning: Please, write a comment here or remove this line, but do not place empty lines within commands!
Theories/Bimodal/Theorems/Perpetuity/Principles.lean::Context:
Theories/Bimodal/Theorems/Perpetuity/Principles.lean::                           ↓
Theories/Bimodal/Theorems/Perpetuity/Principles.lean::  ⏎    imp_trans s_b s_inst⏎⏎  -- Now apply with h : A → B⏎
Theories/Bimodal/Theorems/Perpetuity/Principles.lean::
Theories/Bimodal/Theorems/Perpetuity/Principles.lean::Note: This linter can be disabled with `set_option linter.style.emptyLine false`
Theories/Bimodal/Theorems/Perpetuity/Principles.lean::Theories/Bimodal/Theorems/Perpetuity/Principles.lean:206:0: warning: Please, write a comment here or remove this line, but do not place empty lines within commands!
Theories/Bimodal/Theorems/Perpetuity/Principles.lean::Context:
Theories/Bimodal/Theorems/Perpetuity/Principles.lean::                                                                                                         ↓
Theories/Bimodal/Theorems/Perpetuity/Principles.lean::  ⏎    DerivationTree.axiom [] _ (Axiom.prop_k (B.imp Formula.bot) (A.imp B) (A.imp Formula.bot)) trivial⏎⏎  -- Apply s_final to comm_bc⏎
Theories/Bimodal/Theorems/Perpetuity/Principles.lean::
Theories/Bimodal/Theorems/Perpetuity/Principles.lean::Note: This linter can be disabled with `set_option linter.style.emptyLine false`
Theories/Bimodal/Theorems/Perpetuity/Principles.lean::Theories/Bimodal/Theorems/Perpetuity/Principles.lean:211:0: warning: Please, write a comment here or remove this line, but do not place empty lines within commands!
Theories/Bimodal/Theorems/Perpetuity/Principles.lean::Context:
Theories/Bimodal/Theorems/Perpetuity/Principles.lean::                                                         ↓
Theories/Bimodal/Theorems/Perpetuity/Principles.lean::  ⏎    DerivationTree.modus_ponens [] _ _ s_final comm_bc⏎⏎  -- Now we need: ⊢ (B → ⊥) → (A → B)⏎
Theories/Bimodal/Theorems/Perpetuity/Principles.lean::
Theories/Bimodal/Theorems/Perpetuity/Principles.lean::Note: This linter can be disabled with `set_option linter.style.emptyLine false`
Theories/Bimodal/Theorems/Perpetuity/Principles.lean::Theories/Bimodal/Theorems/Perpetuity/Principles.lean:217:0: warning: Please, write a comment here or remove this line, but do not place empty lines within commands!
Theories/Bimodal/Theorems/Perpetuity/Principles.lean::Context:
Theories/Bimodal/Theorems/Perpetuity/Principles.lean::                                                                                     ↓
Theories/Bimodal/Theorems/Perpetuity/Principles.lean::  ⏎    DerivationTree.axiom [] _ (Axiom.prop_s (A.imp B) (B.imp Formula.bot)) trivial⏎⏎  have step2 : ⊢ (B.imp Formula.bot).imp (A.imp B) :=⏎
Theories/Bimodal/Theorems/Perpetuity/Principles.lean::
Theories/Bimodal/Theorems/Perpetuity/Principles.lean::Note: This linter can be disabled with `set_option linter.style.emptyLine false`
Theories/Bimodal/Theorems/Perpetuity/Principles.lean::Theories/Bimodal/Theorems/Perpetuity/Principles.lean:220:0: warning: Please, write a comment here or remove this line, but do not place empty lines within commands!
Theories/Bimodal/Theorems/Perpetuity/Principles.lean::Context:
Theories/Bimodal/Theorems/Perpetuity/Principles.lean::                                                   ↓
Theories/Bimodal/Theorems/Perpetuity/Principles.lean::  ⏎    DerivationTree.modus_ponens [] _ _ const_h h⏎⏎  -- Finally apply step1 to step2⏎
Theories/Bimodal/Theorems/Perpetuity/Principles.lean::
Theories/Bimodal/Theorems/Perpetuity/Principles.lean::Note: This linter can be disabled with `set_option linter.style.emptyLine false`
Theories/Bimodal/Theorems/Perpetuity/Principles.lean::Theories/Bimodal/Theorems/Perpetuity/Principles.lean:205:100: warning: This line exceeds the 100 character limit, please shorten it!
Theories/Bimodal/Theorems/Perpetuity/Principles.lean::
Theories/Bimodal/Theorems/Perpetuity/Principles.lean::Note: This linter can be disabled with `set_option linter.style.longLine false`
Theories/Bimodal/Theorems/Perpetuity/Principles.lean::Theories/Bimodal/Theorems/Perpetuity/Principles.lean:253:0: warning: Please, write a comment here or remove this line, but do not place empty lines within commands!
Theories/Bimodal/Theorems/Perpetuity/Principles.lean::Context:
Theories/Bimodal/Theorems/Perpetuity/Principles.lean::                                                              ↓
Theories/Bimodal/Theorems/Perpetuity/Principles.lean::  ⏎    DerivationTree.axiom [] _ (Axiom.modal_4 φ.neg) trivial⏎⏎  -- Step 2: Contrapose M4: ¬□□¬φ → ¬□¬φ⏎
Theories/Bimodal/Theorems/Perpetuity/Principles.lean::
Theories/Bimodal/Theorems/Perpetuity/Principles.lean::Note: This linter can be disabled with `set_option linter.style.emptyLine false`
Theories/Bimodal/Theorems/Perpetuity/Principles.lean::Theories/Bimodal/Theorems/Perpetuity/Principles.lean:258:0: warning: Please, write a comment here or remove this line, but do not place empty lines within commands!
Theories/Bimodal/Theorems/Perpetuity/Principles.lean::Context:
Theories/Bimodal/Theorems/Perpetuity/Principles.lean::                            ↓
Theories/Bimodal/Theorems/Perpetuity/Principles.lean::  ⏎    contraposition m4_neg⏎⏎  -- Step 3: We need to relate φ.neg.box.neg.neg.box.neg to φ.neg.box.box.neg⏎
Theories/Bimodal/Theorems/Perpetuity/Principles.lean::
Theories/Bimodal/Theorems/Perpetuity/Principles.lean::Note: This linter can be disabled with `set_option linter.style.emptyLine false`
Theories/Bimodal/Theorems/Perpetuity/Principles.lean::Theories/Bimodal/Theorems/Perpetuity/Principles.lean:263:0: warning: Please, write a comment here or remove this line, but do not place empty lines within commands!
Theories/Bimodal/Theorems/Perpetuity/Principles.lean::Context:
Theories/Bimodal/Theorems/Perpetuity/Principles.lean::                                ↓
Theories/Bimodal/Theorems/Perpetuity/Principles.lean::  ⏎    double_negation φ.neg.box⏎⏎  -- Step 4: Apply M4 after DNE: ¬¬□¬φ → □¬φ → □□¬φ⏎
Theories/Bimodal/Theorems/Perpetuity/Principles.lean::
Theories/Bimodal/Theorems/Perpetuity/Principles.lean::Note: This linter can be disabled with `set_option linter.style.emptyLine false`
Theories/Bimodal/Theorems/Perpetuity/Principles.lean::Theories/Bimodal/Theorems/Perpetuity/Principles.lean:267:0: warning: Please, write a comment here or remove this line, but do not place empty lines within commands!
Theories/Bimodal/Theorems/Perpetuity/Principles.lean::Context:
Theories/Bimodal/Theorems/Perpetuity/Principles.lean::                               ↓
Theories/Bimodal/Theorems/Perpetuity/Principles.lean::  ⏎    imp_trans dne_box m4_neg⏎⏎  -- Step 5: Necessitate and distribute⏎
Theories/Bimodal/Theorems/Perpetuity/Principles.lean::
Theories/Bimodal/Theorems/Perpetuity/Principles.lean::Note: This linter can be disabled with `set_option linter.style.emptyLine false`
Theories/Bimodal/Theorems/Perpetuity/Principles.lean::Theories/Bimodal/Theorems/Perpetuity/Principles.lean:271:0: warning: Please, write a comment here or remove this line, but do not place empty lines within commands!
Theories/Bimodal/Theorems/Perpetuity/Principles.lean::Context:
Theories/Bimodal/Theorems/Perpetuity/Principles.lean::                                              ↓
Theories/Bimodal/Theorems/Perpetuity/Principles.lean::  ⏎    DerivationTree.necessitation _ combined⏎⏎  have mk_dist : ⊢ (φ.neg.box.neg.neg.imp φ.neg.box.box).box.imp⏎
Theories/Bimodal/Theorems/Perpetuity/Principles.lean::
Theories/Bimodal/Theorems/Perpetuity/Principles.lean::Note: This linter can be disabled with `set_option linter.style.emptyLine false`
Theories/Bimodal/Theorems/Perpetuity/Principles.lean::Theories/Bimodal/Theorems/Perpetuity/Principles.lean:275:0: warning: Please, write a comment here or remove this line, but do not place empty lines within commands!
Theories/Bimodal/Theorems/Perpetuity/Principles.lean::Context:
Theories/Bimodal/Theorems/Perpetuity/Principles.lean::                                                                                             ↓
Theories/Bimodal/Theorems/Perpetuity/Principles.lean::  ⏎    DerivationTree.axiom [] _ (Axiom.modal_k_dist φ.neg.box.neg.neg φ.neg.box.box) trivial⏎⏎  have distributed : ⊢ φ.neg.box.neg.neg.box.imp φ.neg.box.box.box :=⏎
Theories/Bimodal/Theorems/Perpetuity/Principles.lean::
Theories/Bimodal/Theorems/Perpetuity/Principles.lean::Note: This linter can be disabled with `set_option linter.style.emptyLine false`
Theories/Bimodal/Theorems/Perpetuity/Principles.lean::Theories/Bimodal/Theorems/Perpetuity/Principles.lean:278:0: warning: Please, write a comment here or remove this line, but do not place empty lines within commands!
Theories/Bimodal/Theorems/Perpetuity/Principles.lean::Context:
Theories/Bimodal/Theorems/Perpetuity/Principles.lean::                                                              ↓
Theories/Bimodal/Theorems/Perpetuity/Principles.lean::  ⏎    DerivationTree.modus_ponens [] _ _ mk_dist box_combined⏎⏎  -- Step 6: Negate both sides: ¬□□□¬φ → ¬□¬¬□¬φ⏎
Theories/Bimodal/Theorems/Perpetuity/Principles.lean::
Theories/Bimodal/Theorems/Perpetuity/Principles.lean::Note: This linter can be disabled with `set_option linter.style.emptyLine false`
Theories/Bimodal/Theorems/Perpetuity/Principles.lean::Theories/Bimodal/Theorems/Perpetuity/Principles.lean:282:0: warning: Please, write a comment here or remove this line, but do not place empty lines within commands!
Theories/Bimodal/Theorems/Perpetuity/Principles.lean::Context:
Theories/Bimodal/Theorems/Perpetuity/Principles.lean::                                 ↓
Theories/Bimodal/Theorems/Perpetuity/Principles.lean::  ⏎    contraposition distributed⏎⏎  -- Step 7: Use M4 on □¬φ: □□¬φ → □□□¬φ⏎
Theories/Bimodal/Theorems/Perpetuity/Principles.lean::
Theories/Bimodal/Theorems/Perpetuity/Principles.lean::Note: This linter can be disabled with `set_option linter.style.emptyLine false`
Theories/Bimodal/Theorems/Perpetuity/Principles.lean::Theories/Bimodal/Theorems/Perpetuity/Principles.lean:286:0: warning: Please, write a comment here or remove this line, but do not place empty lines within commands!
Theories/Bimodal/Theorems/Perpetuity/Principles.lean::Context:
Theories/Bimodal/Theorems/Perpetuity/Principles.lean::                                                                  ↓
Theories/Bimodal/Theorems/Perpetuity/Principles.lean::  ⏎    DerivationTree.axiom [] _ (Axiom.modal_4 φ.neg.box) trivial⏎⏎  -- Step 8: Contrapose: ¬□□□¬φ → ¬□□¬φ⏎
Theories/Bimodal/Theorems/Perpetuity/Principles.lean::
Theories/Bimodal/Theorems/Perpetuity/Principles.lean::Note: This linter can be disabled with `set_option linter.style.emptyLine false`
Theories/Bimodal/Theorems/Perpetuity/Principles.lean::Theories/Bimodal/Theorems/Perpetuity/Principles.lean:290:0: warning: Please, write a comment here or remove this line, but do not place empty lines within commands!
Theories/Bimodal/Theorems/Perpetuity/Principles.lean::Context:
Theories/Bimodal/Theorems/Perpetuity/Principles.lean::                              ↓
Theories/Bimodal/Theorems/Perpetuity/Principles.lean::  ⏎    contraposition m4_twice⏎⏎  -- Step 9: Chain them: ¬□¬¬□¬φ → ¬□□□¬φ → ¬□□¬φ → ¬□¬φ⏎
Theories/Bimodal/Theorems/Perpetuity/Principles.lean::
Theories/Bimodal/Theorems/Perpetuity/Principles.lean::Note: This linter can be disabled with `set_option linter.style.emptyLine false`
Theories/Bimodal/Theorems/Perpetuity/Principles.lean::Theories/Bimodal/Theorems/Perpetuity/Principles.lean:303:0: warning: Please, write a comment here or remove this line, but do not place empty lines within commands!
Theories/Bimodal/Theorems/Perpetuity/Principles.lean::Context:
Theories/Bimodal/Theorems/Perpetuity/Principles.lean::                    ↓
Theories/Bimodal/Theorems/Perpetuity/Principles.lean::  ⏎    dni φ.neg.box⏎⏎  -- Necessitate⏎
Theories/Bimodal/Theorems/Perpetuity/Principles.lean::
Theories/Bimodal/Theorems/Perpetuity/Principles.lean::Note: This linter can be disabled with `set_option linter.style.emptyLine false`
Theories/Bimodal/Theorems/Perpetuity/Principles.lean::Theories/Bimodal/Theorems/Perpetuity/Principles.lean:307:0: warning: Please, write a comment here or remove this line, but do not place empty lines within commands!
Theories/Bimodal/Theorems/Perpetuity/Principles.lean::Context:
Theories/Bimodal/Theorems/Perpetuity/Principles.lean::                                             ↓
Theories/Bimodal/Theorems/Perpetuity/Principles.lean::  ⏎    DerivationTree.necessitation _ dni_box⏎⏎  -- Distribute⏎
Theories/Bimodal/Theorems/Perpetuity/Principles.lean::
Theories/Bimodal/Theorems/Perpetuity/Principles.lean::Note: This linter can be disabled with `set_option linter.style.emptyLine false`
Theories/Bimodal/Theorems/Perpetuity/Principles.lean::Theories/Bimodal/Theorems/Perpetuity/Principles.lean:312:0: warning: Please, write a comment here or remove this line, but do not place empty lines within commands!
Theories/Bimodal/Theorems/Perpetuity/Principles.lean::Context:
Theories/Bimodal/Theorems/Perpetuity/Principles.lean::                                                                                         ↓
Theories/Bimodal/Theorems/Perpetuity/Principles.lean::  ⏎    DerivationTree.axiom [] _ (Axiom.modal_k_dist φ.neg.box φ.neg.box.neg.neg) trivial⏎⏎  have bridge : ⊢ φ.neg.box.box.imp φ.neg.box.neg.neg.box :=⏎
Theories/Bimodal/Theorems/Perpetuity/Principles.lean::
Theories/Bimodal/Theorems/Perpetuity/Principles.lean::Note: This linter can be disabled with `set_option linter.style.emptyLine false`
Theories/Bimodal/Theorems/Perpetuity/Principles.lean::Theories/Bimodal/Theorems/Perpetuity/Principles.lean:315:0: warning: Please, write a comment here or remove this line, but do not place empty lines within commands!
Theories/Bimodal/Theorems/Perpetuity/Principles.lean::Context:
Theories/Bimodal/Theorems/Perpetuity/Principles.lean::                                                        ↓
Theories/Bimodal/Theorems/Perpetuity/Principles.lean::  ⏎    DerivationTree.modus_ponens [] _ _ mk_dni box_dni⏎⏎  -- Contrapose: ¬□¬¬□¬φ → ¬□□¬φ⏎
Theories/Bimodal/Theorems/Perpetuity/Principles.lean::
Theories/Bimodal/Theorems/Perpetuity/Principles.lean::Note: This linter can be disabled with `set_option linter.style.emptyLine false`
Theories/Bimodal/Theorems/Perpetuity/Principles.lean::Theories/Bimodal/Theorems/Perpetuity/Principles.lean:319:0: warning: Please, write a comment here or remove this line, but do not place empty lines within commands!
Theories/Bimodal/Theorems/Perpetuity/Principles.lean::Context:
Theories/Bimodal/Theorems/Perpetuity/Principles.lean::                            ↓
Theories/Bimodal/Theorems/Perpetuity/Principles.lean::  ⏎    contraposition bridge⏎⏎  -- Finally compose: ¬□¬¬□¬φ → ¬□□¬φ → ¬□¬φ⏎
Theories/Bimodal/Theorems/Perpetuity/Principles.lean::
Theories/Bimodal/Theorems/Perpetuity/Principles.lean::Note: This linter can be disabled with `set_option linter.style.emptyLine false`
Theories/Bimodal/Theorems/Perpetuity/Principles.lean::Theories/Bimodal/Theorems/Perpetuity/Principles.lean:340:0: warning: Please, write a comment here or remove this line, but do not place empty lines within commands!
Theories/Bimodal/Theorems/Perpetuity/Principles.lean::Context:
Theories/Bimodal/Theorems/Perpetuity/Principles.lean::                                                                  ↓
Theories/Bimodal/Theorems/Perpetuity/Principles.lean::  ⏎    DerivationTree.axiom [] _ (Axiom.modal_b φ.diamond) trivial⏎⏎  -- Step 2: diamond_4 for φ⏎
Theories/Bimodal/Theorems/Perpetuity/Principles.lean::
Theories/Bimodal/Theorems/Perpetuity/Principles.lean::Note: This linter can be disabled with `set_option linter.style.emptyLine false`
Theories/Bimodal/Theorems/Perpetuity/Principles.lean::Theories/Bimodal/Theorems/Perpetuity/Principles.lean:343:0: warning: Please, write a comment here or remove this line, but do not place empty lines within commands!
Theories/Bimodal/Theorems/Perpetuity/Principles.lean::Context:
Theories/Bimodal/Theorems/Perpetuity/Principles.lean::                                                               ↓
Theories/Bimodal/Theorems/Perpetuity/Principles.lean::  ⏎  have d4 : ⊢ φ.diamond.diamond.imp φ.diamond := diamond_4 φ⏎⏎  -- Step 3: Necessitate d4 using modal_k with empty context⏎
Theories/Bimodal/Theorems/Perpetuity/Principles.lean::
Theories/Bimodal/Theorems/Perpetuity/Principles.lean::Note: This linter can be disabled with `set_option linter.style.emptyLine false`
Theories/Bimodal/Theorems/Perpetuity/Principles.lean::Theories/Bimodal/Theorems/Perpetuity/Principles.lean:347:0: warning: Please, write a comment here or remove this line, but do not place empty lines within commands!
Theories/Bimodal/Theorems/Perpetuity/Principles.lean::Context:
Theories/Bimodal/Theorems/Perpetuity/Principles.lean::                                        ↓
Theories/Bimodal/Theorems/Perpetuity/Principles.lean::  ⏎    DerivationTree.necessitation _ d4⏎⏎  -- Step 4: MK distribution⏎
Theories/Bimodal/Theorems/Perpetuity/Principles.lean::
Theories/Bimodal/Theorems/Perpetuity/Principles.lean::Note: This linter can be disabled with `set_option linter.style.emptyLine false`
Theories/Bimodal/Theorems/Perpetuity/Principles.lean::Theories/Bimodal/Theorems/Perpetuity/Principles.lean:352:0: warning: Please, write a comment here or remove this line, but do not place empty lines within commands!
Theories/Bimodal/Theorems/Perpetuity/Principles.lean::Context:
Theories/Bimodal/Theorems/Perpetuity/Principles.lean::                                                                                         ↓
Theories/Bimodal/Theorems/Perpetuity/Principles.lean::  ⏎    DerivationTree.axiom [] _ (Axiom.modal_k_dist φ.diamond.diamond φ.diamond) trivial⏎⏎  have d4_box : ⊢ φ.diamond.diamond.box.imp φ.diamond.box :=⏎
Theories/Bimodal/Theorems/Perpetuity/Principles.lean::
Theories/Bimodal/Theorems/Perpetuity/Principles.lean::Note: This linter can be disabled with `set_option linter.style.emptyLine false`
Theories/Bimodal/Theorems/Perpetuity/Principles.lean::Theories/Bimodal/Theorems/Perpetuity/Principles.lean:355:0: warning: Please, write a comment here or remove this line, but do not place empty lines within commands!
Theories/Bimodal/Theorems/Perpetuity/Principles.lean::Context:
Theories/Bimodal/Theorems/Perpetuity/Principles.lean::                                                   ↓
Theories/Bimodal/Theorems/Perpetuity/Principles.lean::  ⏎    DerivationTree.modus_ponens [] _ _ mk box_d4⏎⏎  -- Step 5: Compose⏎
Theories/Bimodal/Theorems/Perpetuity/Principles.lean::
Theories/Bimodal/Theorems/Perpetuity/Principles.lean::Note: This linter can be disabled with `set_option linter.style.emptyLine false`
Theories/Bimodal/Theorems/Perpetuity/Principles.lean::Theories/Bimodal/Theorems/Perpetuity/Principles.lean:402:4: warning: This simp argument is unused:
Theories/Bimodal/Theorems/Perpetuity/Principles.lean::  Formula.swap_temporal_all_past
Theories/Bimodal/Theorems/Perpetuity/Principles.lean::
Theories/Bimodal/Theorems/Perpetuity/Principles.lean::Hint: Omit it from the simp argument list.
Theories/Bimodal/Theorems/Perpetuity/Principles.lean::  [apply] simp only [Formula.swap_temporal, Formula.swap_temporal_all_future,
Theories/Bimodal/Theorems/Perpetuity/Principles.lean::    Formula.swap_temporal_involution] at mf_swap
Theories/Bimodal/Theorems/Perpetuity/Principles.lean::
Theories/Bimodal/Theorems/Perpetuity/Principles.lean::Note: This linter can be disabled with `set_option linter.unusedSimpArgs false`
Theories/Bimodal/Theorems/Perpetuity/Principles.lean::Theories/Bimodal/Theorems/Perpetuity/Principles.lean:469:0: warning: Please, write a comment here or remove this line, but do not place empty lines within commands!
Theories/Bimodal/Theorems/Perpetuity/Principles.lean::Context:
Theories/Bimodal/Theorems/Perpetuity/Principles.lean::                                                                                ↓
Theories/Bimodal/Theorems/Perpetuity/Principles.lean::  ⏎  have box_to_box : ⊢ A.box.imp (B.box.imp (A.and B).box) := imp_trans h1 mk2⏎⏎  -- Now compose: P → □A and □A → □B → □(A ∧ B) gives P → □B → □(A ∧ B)⏎
Theories/Bimodal/Theorems/Perpetuity/Principles.lean::
Theories/Bimodal/Theorems/Perpetuity/Principles.lean::Note: This linter can be disabled with `set_option linter.style.emptyLine false`
Theories/Bimodal/Theorems/Perpetuity/Principles.lean::Theories/Bimodal/Theorems/Perpetuity/Principles.lean:472:0: warning: Please, write a comment here or remove this line, but do not place empty lines within commands!
Theories/Bimodal/Theorems/Perpetuity/Principles.lean::Context:
Theories/Bimodal/Theorems/Perpetuity/Principles.lean::                                                                           ↓
Theories/Bimodal/Theorems/Perpetuity/Principles.lean::  ⏎  have h2 : ⊢ P.imp (B.box.imp (A.and B).box) := imp_trans hA box_to_box⏎⏎  -- Compose: P → □B → □(A ∧ B) and P → □B gives P → □(A ∧ B)⏎
Theories/Bimodal/Theorems/Perpetuity/Principles.lean::
Theories/Bimodal/Theorems/Perpetuity/Principles.lean::Note: This linter can be disabled with `set_option linter.style.emptyLine false`
Theories/Bimodal/Theorems/Perpetuity/Principles.lean::Theories/Bimodal/Theorems/Perpetuity/Principles.lean:514:0: warning: Please, write a comment here or remove this line, but do not place empty lines within commands!
Theories/Bimodal/Theorems/Perpetuity/Principles.lean::Context:
Theories/Bimodal/Theorems/Perpetuity/Principles.lean::                                                               ↓
Theories/Bimodal/Theorems/Perpetuity/Principles.lean::  ⏎    DerivationTree.axiom [] _ (Axiom.modal_future φ) trivial⏎⏎  -- Combine using box_conj_intro_imp_3⏎
Theories/Bimodal/Theorems/Perpetuity/Principles.lean::
Theories/Bimodal/Theorems/Perpetuity/Principles.lean::Note: This linter can be disabled with `set_option linter.style.emptyLine false`
Theories/Bimodal/Theorems/Perpetuity/Principles.lean::Theories/Bimodal/Theorems/Perpetuity/Principles.lean:542:0: warning: Please, write a comment here or remove this line, but do not place empty lines within commands!
Theories/Bimodal/Theorems/Perpetuity/Principles.lean::Context:
Theories/Bimodal/Theorems/Perpetuity/Principles.lean::                        ↓
Theories/Bimodal/Theorems/Perpetuity/Principles.lean::  ⏎    double_negation A⏎⏎  -- Step 2: Necessitate using modal_k with empty context⏎
Theories/Bimodal/Theorems/Perpetuity/Principles.lean::
Theories/Bimodal/Theorems/Perpetuity/Principles.lean::Note: This linter can be disabled with `set_option linter.style.emptyLine false`
Theories/Bimodal/Theorems/Perpetuity/Principles.lean::Theories/Bimodal/Theorems/Perpetuity/Principles.lean:546:0: warning: Please, write a comment here or remove this line, but do not place empty lines within commands!
Theories/Bimodal/Theorems/Perpetuity/Principles.lean::Context:
Theories/Bimodal/Theorems/Perpetuity/Principles.lean::                                         ↓
Theories/Bimodal/Theorems/Perpetuity/Principles.lean::  ⏎    DerivationTree.necessitation _ dne⏎⏎  -- Step 3: Modal K distribution⏎
Theories/Bimodal/Theorems/Perpetuity/Principles.lean::
Theories/Bimodal/Theorems/Perpetuity/Principles.lean::Note: This linter can be disabled with `set_option linter.style.emptyLine false`
Theories/Bimodal/Theorems/Perpetuity/Principles.lean::Theories/Bimodal/Theorems/Perpetuity/Principles.lean:550:0: warning: Please, write a comment here or remove this line, but do not place empty lines within commands!
Theories/Bimodal/Theorems/Perpetuity/Principles.lean::Context:
Theories/Bimodal/Theorems/Perpetuity/Principles.lean::                                                                         ↓
Theories/Bimodal/Theorems/Perpetuity/Principles.lean::  ⏎    DerivationTree.axiom [] _ (Axiom.modal_k_dist A.neg.neg A) trivial⏎⏎  -- Step 4: Apply modus ponens twice⏎
Theories/Bimodal/Theorems/Perpetuity/Principles.lean::
Theories/Bimodal/Theorems/Perpetuity/Principles.lean::Note: This linter can be disabled with `set_option linter.style.emptyLine false`
Theories/Bimodal/Theorems/Perpetuity/Principles.lean::Theories/Bimodal/Theorems/Perpetuity/Principles.lean:590:0: warning: Please, write a comment here or remove this line, but do not place empty lines within commands!
Theories/Bimodal/Theorems/Perpetuity/Principles.lean::Context:
Theories/Bimodal/Theorems/Perpetuity/Principles.lean::                                                                         ↓
Theories/Bimodal/Theorems/Perpetuity/Principles.lean::  ⏎  have p3_neg : ⊢ φ.neg.box.imp φ.neg.always.box := perpetuity_3 φ.neg⏎⏎  -- Step 2: Contrapose to get: φ.neg.always.box.neg → φ.neg.box.neg⏎
Theories/Bimodal/Theorems/Perpetuity/Principles.lean::
Theories/Bimodal/Theorems/Perpetuity/Principles.lean::Note: This linter can be disabled with `set_option linter.style.emptyLine false`
Theories/Bimodal/Theorems/Perpetuity/Principles.lean::Theories/Bimodal/Theorems/Perpetuity/Principles.lean:593:0: warning: Please, write a comment here or remove this line, but do not place empty lines within commands!
Theories/Bimodal/Theorems/Perpetuity/Principles.lean::Context:
Theories/Bimodal/Theorems/Perpetuity/Principles.lean::                                                                                         ↓
Theories/Bimodal/Theorems/Perpetuity/Principles.lean::  ⏎  have contraposed : ⊢ φ.neg.always.box.neg.imp φ.neg.box.neg := contraposition p3_neg⏎⏎  -- Step 3: Build bridge using DNI⏎
Theories/Bimodal/Theorems/Perpetuity/Principles.lean::
Theories/Bimodal/Theorems/Perpetuity/Principles.lean::Note: This linter can be disabled with `set_option linter.style.emptyLine false`
Theories/Bimodal/Theorems/Perpetuity/Principles.lean::Theories/Bimodal/Theorems/Perpetuity/Principles.lean:600:0: warning: Please, write a comment here or remove this line, but do not place empty lines within commands!
Theories/Bimodal/Theorems/Perpetuity/Principles.lean::Context:
Theories/Bimodal/Theorems/Perpetuity/Principles.lean::                       ↓
Theories/Bimodal/Theorems/Perpetuity/Principles.lean::  ⏎    dni φ.neg.always⏎⏎  -- Necessitate: □(△¬φ → ¬¬△¬φ) using modal_k with empty context⏎
Theories/Bimodal/Theorems/Perpetuity/Principles.lean::
Theories/Bimodal/Theorems/Perpetuity/Principles.lean::Note: This linter can be disabled with `set_option linter.style.emptyLine false`
Theories/Bimodal/Theorems/Perpetuity/Principles.lean::Theories/Bimodal/Theorems/Perpetuity/Principles.lean:604:0: warning: Please, write a comment here or remove this line, but do not place empty lines within commands!
Theories/Bimodal/Theorems/Perpetuity/Principles.lean::Context:
Theories/Bimodal/Theorems/Perpetuity/Principles.lean::                                                ↓
Theories/Bimodal/Theorems/Perpetuity/Principles.lean::  ⏎    DerivationTree.necessitation _ dni_always⏎⏎  -- Modal K: □(△¬φ → ¬¬△¬φ) → (□△¬φ → □¬¬△¬φ)⏎
Theories/Bimodal/Theorems/Perpetuity/Principles.lean::
Theories/Bimodal/Theorems/Perpetuity/Principles.lean::Note: This linter can be disabled with `set_option linter.style.emptyLine false`
Theories/Bimodal/Theorems/Perpetuity/Principles.lean::Theories/Bimodal/Theorems/Perpetuity/Principles.lean:609:0: warning: Please, write a comment here or remove this line, but do not place empty lines within commands!
Theories/Bimodal/Theorems/Perpetuity/Principles.lean::Context:
Theories/Bimodal/Theorems/Perpetuity/Principles.lean::                                                                                               ↓
Theories/Bimodal/Theorems/Perpetuity/Principles.lean::  ⏎    DerivationTree.axiom [] _ (Axiom.modal_k_dist φ.neg.always φ.neg.always.neg.neg) trivial⏎⏎  -- Apply: □△¬φ → □¬¬△¬φ⏎
Theories/Bimodal/Theorems/Perpetuity/Principles.lean::
Theories/Bimodal/Theorems/Perpetuity/Principles.lean::Note: This linter can be disabled with `set_option linter.style.emptyLine false`
Theories/Bimodal/Theorems/Perpetuity/Principles.lean::Theories/Bimodal/Theorems/Perpetuity/Principles.lean:613:0: warning: Please, write a comment here or remove this line, but do not place empty lines within commands!
Theories/Bimodal/Theorems/Perpetuity/Principles.lean::Context:
Theories/Bimodal/Theorems/Perpetuity/Principles.lean::                                                               ↓
Theories/Bimodal/Theorems/Perpetuity/Principles.lean::  ⏎    DerivationTree.modus_ponens [] _ _ mk_dni box_dni_always⏎⏎  -- Contrapose: ¬□¬¬△¬φ → ¬□△¬φ⏎
Theories/Bimodal/Theorems/Perpetuity/Principles.lean::
Theories/Bimodal/Theorems/Perpetuity/Principles.lean::Note: This linter can be disabled with `set_option linter.style.emptyLine false`
Theories/Bimodal/Theorems/Perpetuity/Principles.lean::Theories/Bimodal/Theorems/Perpetuity/Principles.lean:618:0: warning: Please, write a comment here or remove this line, but do not place empty lines within commands!
Theories/Bimodal/Theorems/Perpetuity/Principles.lean::Context:
Theories/Bimodal/Theorems/Perpetuity/Principles.lean::                                 ↓
Theories/Bimodal/Theorems/Perpetuity/Principles.lean::  ⏎    contraposition box_dni_imp⏎⏎  -- Step 4: Compose bridge with contraposed⏎
Theories/Bimodal/Theorems/Perpetuity/Principles.lean::
Theories/Bimodal/Theorems/Perpetuity/Principles.lean::Note: This linter can be disabled with `set_option linter.style.emptyLine false`
Theories/Bimodal/Theorems/Perpetuity/Principles.lean::Theories/Bimodal/Theorems/Perpetuity/Principles.lean:669:4: warning: This simp argument is unused:
Theories/Bimodal/Theorems/Perpetuity/Principles.lean::  Formula.swap_temporal_all_past
Theories/Bimodal/Theorems/Perpetuity/Principles.lean::
Theories/Bimodal/Theorems/Perpetuity/Principles.lean::Hint: Omit it from the simp argument list.
Theories/Bimodal/Theorems/Perpetuity/Principles.lean::  [apply] simp only [Formula.swap_temporal, Formula.swap_temporal_all_future, Formula.swap_temporal_involution] at td
Theories/Bimodal/Theorems/Perpetuity/Principles.lean::
Theories/Bimodal/Theorems/Perpetuity/Principles.lean::Note: This linter can be disabled with `set_option linter.unusedSimpArgs false`
Theories/Bimodal/Theorems/Perpetuity/Principles.lean::Theories/Bimodal/Theorems/Perpetuity/Principles.lean:711:4: warning: `simp at hx ⊢` is a flexible tactic modifying `⊢`. Try `simp?` and use the suggested `simp only [...]`. Alternatively, use `suffices` to explicitly state the simplified form.
Theories/Bimodal/Theorems/Perpetuity/Principles.lean::
Theories/Bimodal/Theorems/Perpetuity/Principles.lean::Note: This linter can be disabled with `set_option linter.flexible false`
Theories/Bimodal/Theorems/Perpetuity/Principles.lean::Try this:
Theories/Bimodal/Theorems/Perpetuity/Principles.lean::  [apply] simp only [List.mem_cons, List.not_mem_nil, or_false] at hx ⊢
Theories/Bimodal/Theorems/Perpetuity/Principles.lean::`exact hx.symm`
Theories/Bimodal/Theorems/Perpetuity/Principles.lean::modifies the current goal, which was modified by the flexible tactic `simp` on line 711!
Theories/Bimodal/Theorems/Perpetuity/Principles.lean::Theories/Bimodal/Theorems/Perpetuity/Principles.lean:709:100: warning: This line exceeds the 100 character limit, please shorten it!
Theories/Bimodal/Theorems/Perpetuity/Principles.lean::
Theories/Bimodal/Theorems/Perpetuity/Principles.lean::Note: This linter can be disabled with `set_option linter.style.longLine false`
Theories/Bimodal/Theorems/Perpetuity/Principles.lean::Theories/Bimodal/Theorems/Perpetuity/Principles.lean:716:100: warning: This line exceeds the 100 character limit, please shorten it!
Theories/Bimodal/Theorems/Perpetuity/Principles.lean::
Theories/Bimodal/Theorems/Perpetuity/Principles.lean::Note: This linter can be disabled with `set_option linter.style.longLine false`
Theories/Bimodal/Theorems/Perpetuity/Principles.lean::Theories/Bimodal/Theorems/Perpetuity/Principles.lean:720:100: warning: This line exceeds the 100 character limit, please shorten it!
Theories/Bimodal/Theorems/Perpetuity/Principles.lean::
Theories/Bimodal/Theorems/Perpetuity/Principles.lean::Note: This linter can be disabled with `set_option linter.style.longLine false`
Theories/Bimodal/Theorems/Perpetuity/Principles.lean::Theories/Bimodal/Theorems/Perpetuity/Principles.lean:746:4: warning: This simp argument is unused:
Theories/Bimodal/Theorems/Perpetuity/Principles.lean::  Formula.swap_temporal_all_past
Theories/Bimodal/Theorems/Perpetuity/Principles.lean::
Theories/Bimodal/Theorems/Perpetuity/Principles.lean::Hint: Omit it from the simp argument list.
Theories/Bimodal/Theorems/Perpetuity/Principles.lean::  [apply] simp only [Formula.swap_temporal, Formula.swap_temporal_all_future, Formula.swap_temporal_involution] at td
Theories/Bimodal/Theorems/Perpetuity/Principles.lean::
Theories/Bimodal/Theorems/Perpetuity/Principles.lean::Note: This linter can be disabled with `set_option linter.unusedSimpArgs false`
Theories/Bimodal/Theorems/Perpetuity/Principles.lean::Theories/Bimodal/Theorems/Perpetuity/Principles.lean:812:4: warning: This simp argument is unused:
Theories/Bimodal/Theorems/Perpetuity/Principles.lean::  Formula.swap_temporal_all_past
Theories/Bimodal/Theorems/Perpetuity/Principles.lean::
Theories/Bimodal/Theorems/Perpetuity/Principles.lean::Hint: Omit it from the simp argument list.
Theories/Bimodal/Theorems/Perpetuity/Principles.lean::  [apply] simp only [Formula.swap_temporal, Formula.swap_temporal_all_future,
Theories/Bimodal/Theorems/Perpetuity/Principles.lean::    Formula.swap_temporal_involution] at td_result
Theories/Bimodal/Theorems/Perpetuity/Principles.lean::
Theories/Bimodal/Theorems/Perpetuity/Principles.lean::Note: This linter can be disabled with `set_option linter.unusedSimpArgs false`
Theories/Bimodal/Theorems/Perpetuity/Principles.lean::Theories/Bimodal/Theorems/Perpetuity/Principles.lean:848:4: warning: This simp argument is unused:
Theories/Bimodal/Theorems/Perpetuity/Principles.lean::  Formula.swap_temporal_all_past
Theories/Bimodal/Theorems/Perpetuity/Principles.lean::
Theories/Bimodal/Theorems/Perpetuity/Principles.lean::Hint: Omit it from the simp argument list.
Theories/Bimodal/Theorems/Perpetuity/Principles.lean::  [apply] simp only [Formula.swap_temporal, Formula.swap_temporal_all_future, Formula.swap_temporal_involution]
Theories/Bimodal/Theorems/Perpetuity/Principles.lean::
Theories/Bimodal/Theorems/Perpetuity/Principles.lean::Note: This linter can be disabled with `set_option linter.unusedSimpArgs false`
Theories/Bimodal/Theorems/Propositional/Connectives.lean::Theories/Bimodal/Theorems/Propositional/Connectives.lean:105:0: warning: Please, write a comment here or remove this line, but do not place empty lines within commands!
Theories/Bimodal/Theorems/Propositional/Connectives.lean::Context:
Theories/Bimodal/Theorems/Propositional/Connectives.lean::                                                                      ↓
Theories/Bimodal/Theorems/Propositional/Connectives.lean::  ⏎      exact DerivationTree.modus_ponens _ B Formula.bot h_neg_b h_b⏎⏎    -- Apply deduction theorem: [A → ¬B, A → B] ⊢ A → ⊥ = ¬A⏎
Theories/Bimodal/Theorems/Propositional/Connectives.lean::
Theories/Bimodal/Theorems/Propositional/Connectives.lean::Note: This linter can be disabled with `set_option linter.style.emptyLine false`
Theories/Bimodal/Theorems/Propositional/Connectives.lean::Theories/Bimodal/Theorems/Propositional/Connectives.lean:110:0: warning: Please, write a comment here or remove this line, but do not place empty lines within commands!
Theories/Bimodal/Theorems/Propositional/Connectives.lean::Context:
Theories/Bimodal/Theorems/Propositional/Connectives.lean::                                                            ↓
Theories/Bimodal/Theorems/Propositional/Connectives.lean::  ⏎        [(A.imp B.neg), (A.imp B)] A Formula.bot h_in_ctx⏎⏎    -- Apply deduction theorem: [A → B] ⊢ (A → ¬B) → ¬A⏎
Theories/Bimodal/Theorems/Propositional/Connectives.lean::
Theories/Bimodal/Theorems/Propositional/Connectives.lean::Note: This linter can be disabled with `set_option linter.style.emptyLine false`
Theories/Bimodal/Theorems/Propositional/Connectives.lean::Theories/Bimodal/Theorems/Propositional/Connectives.lean:115:0: warning: Please, write a comment here or remove this line, but do not place empty lines within commands!
Theories/Bimodal/Theorems/Propositional/Connectives.lean::Context:
Theories/Bimodal/Theorems/Propositional/Connectives.lean::                                                ↓
Theories/Bimodal/Theorems/Propositional/Connectives.lean::  ⏎        [(A.imp B)] (A.imp B.neg) A.neg step1⏎⏎    -- Apply deduction theorem: [] ⊢ (A → B) → ((A → ¬B) → ¬A)⏎
Theories/Bimodal/Theorems/Propositional/Connectives.lean::
Theories/Bimodal/Theorems/Propositional/Connectives.lean::Note: This linter can be disabled with `set_option linter.style.emptyLine false`
Theories/Bimodal/Theorems/Propositional/Connectives.lean::Theories/Bimodal/Theorems/Propositional/Connectives.lean:119:0: warning: Please, write a comment here or remove this line, but do not place empty lines within commands!
Theories/Bimodal/Theorems/Propositional/Connectives.lean::Context:
Theories/Bimodal/Theorems/Propositional/Connectives.lean::                                                     ↓
Theories/Bimodal/Theorems/Propositional/Connectives.lean::  ⏎      [] (A.imp B) ((A.imp B.neg).imp A.neg) step2⏎⏎  -- Now use this with A = ¬Q, B = ¬P⏎
Theories/Bimodal/Theorems/Propositional/Connectives.lean::
Theories/Bimodal/Theorems/Propositional/Connectives.lean::Note: This linter can be disabled with `set_option linter.style.emptyLine false`
Theories/Bimodal/Theorems/Propositional/Connectives.lean::Theories/Bimodal/Theorems/Propositional/Connectives.lean:123:0: warning: Please, write a comment here or remove this line, but do not place empty lines within commands!
Theories/Bimodal/Theorems/Propositional/Connectives.lean::Context:
Theories/Bimodal/Theorems/Propositional/Connectives.lean::                                      ↓
Theories/Bimodal/Theorems/Propositional/Connectives.lean::  ⏎    contradiction_intro Q.neg P.neg⏎⏎  -- We need to compose:⏎
Theories/Bimodal/Theorems/Propositional/Connectives.lean::
Theories/Bimodal/Theorems/Propositional/Connectives.lean::Note: This linter can be disabled with `set_option linter.style.emptyLine false`
Theories/Bimodal/Theorems/Propositional/Connectives.lean::Theories/Bimodal/Theorems/Propositional/Connectives.lean:152:0: warning: Please, write a comment here or remove this line, but do not place empty lines within commands!
Theories/Bimodal/Theorems/Propositional/Connectives.lean::Context:
Theories/Bimodal/Theorems/Propositional/Connectives.lean::                                                           ↓
Theories/Bimodal/Theorems/Propositional/Connectives.lean::  ⏎    exact DerivationTree.modus_ponens [] _ _ flip_inst b⏎⏎  -- Now compose everything⏎
Theories/Bimodal/Theorems/Propositional/Connectives.lean::
Theories/Bimodal/Theorems/Propositional/Connectives.lean::Note: This linter can be disabled with `set_option linter.style.emptyLine false`
Theories/Bimodal/Theorems/Propositional/Connectives.lean::Theories/Bimodal/Theorems/Propositional/Connectives.lean:158:0: warning: Please, write a comment here or remove this line, but do not place empty lines within commands!
Theories/Bimodal/Theorems/Propositional/Connectives.lean::Context:
Theories/Bimodal/Theorems/Propositional/Connectives.lean::                                           ↓
Theories/Bimodal/Theorems/Propositional/Connectives.lean::  ⏎  --   Get (¬Q → ¬¬P) via contrapose_thm⏎⏎  have contra1 : ⊢ (P.imp Q).imp (Q.neg.imp P.neg) := contrapose_thm P Q⏎
Theories/Bimodal/Theorems/Propositional/Connectives.lean::
Theories/Bimodal/Theorems/Propositional/Connectives.lean::Note: This linter can be disabled with `set_option linter.style.emptyLine false`
Theories/Bimodal/Theorems/Propositional/Connectives.lean::Theories/Bimodal/Theorems/Propositional/Connectives.lean:161:0: warning: Please, write a comment here or remove this line, but do not place empty lines within commands!
Theories/Bimodal/Theorems/Propositional/Connectives.lean::Context:
Theories/Bimodal/Theorems/Propositional/Connectives.lean::                                                                                       ↓
Theories/Bimodal/Theorems/Propositional/Connectives.lean::  ⏎  have contra2 : ⊢ (P.neg.imp Q).imp (Q.neg.imp P.neg.neg) := contrapose_thm P.neg Q⏎⏎  -- DNE for Q⏎
Theories/Bimodal/Theorems/Propositional/Connectives.lean::
Theories/Bimodal/Theorems/Propositional/Connectives.lean::Note: This linter can be disabled with `set_option linter.style.emptyLine false`
Theories/Bimodal/Theorems/Propositional/Connectives.lean::Theories/Bimodal/Theorems/Propositional/Connectives.lean:164:0: warning: Please, write a comment here or remove this line, but do not place empty lines within commands!
Theories/Bimodal/Theorems/Propositional/Connectives.lean::Context:
Theories/Bimodal/Theorems/Propositional/Connectives.lean::                                                        ↓
Theories/Bimodal/Theorems/Propositional/Connectives.lean::  ⏎  have dne_q : ⊢ Q.neg.neg.imp Q := double_negation Q⏎⏎  -- Use deduction theorem to combine⏎
Theories/Bimodal/Theorems/Propositional/Connectives.lean::
Theories/Bimodal/Theorems/Propositional/Connectives.lean::Note: This linter can be disabled with `set_option linter.style.emptyLine false`
Theories/Bimodal/Theorems/Propositional/Connectives.lean::Theories/Bimodal/Theorems/Propositional/Connectives.lean:183:0: warning: Please, write a comment here or remove this line, but do not place empty lines within commands!
Theories/Bimodal/Theorems/Propositional/Connectives.lean::Context:
Theories/Bimodal/Theorems/Propositional/Connectives.lean::             ↓
Theories/Bimodal/Theorems/Propositional/Connectives.lean::  ⏎      simp⏎⏎    -- Weaken the pure theorems to context⏎
Theories/Bimodal/Theorems/Propositional/Connectives.lean::
Theories/Bimodal/Theorems/Propositional/Connectives.lean::Note: This linter can be disabled with `set_option linter.style.emptyLine false`
Theories/Bimodal/Theorems/Propositional/Connectives.lean::Theories/Bimodal/Theorems/Propositional/Connectives.lean:194:0: warning: Please, write a comment here or remove this line, but do not place empty lines within commands!
Theories/Bimodal/Theorems/Propositional/Connectives.lean::Context:
Theories/Bimodal/Theorems/Propositional/Connectives.lean::                                                                  ↓
Theories/Bimodal/Theorems/Propositional/Connectives.lean::  ⏎      DerivationTree.weakening [] _ _ dne_q (List.nil_subset _)⏎⏎    -- Apply modus ponens to get (¬Q → ¬P)⏎
Theories/Bimodal/Theorems/Propositional/Connectives.lean::
Theories/Bimodal/Theorems/Propositional/Connectives.lean::Note: This linter can be disabled with `set_option linter.style.emptyLine false`
Theories/Bimodal/Theorems/Propositional/Connectives.lean::Theories/Bimodal/Theorems/Propositional/Connectives.lean:198:0: warning: Please, write a comment here or remove this line, but do not place empty lines within commands!
Theories/Bimodal/Theorems/Propositional/Connectives.lean::Context:
Theories/Bimodal/Theorems/Propositional/Connectives.lean::                                                           ↓
Theories/Bimodal/Theorems/Propositional/Connectives.lean::  ⏎      DerivationTree.modus_ponens _ _ _ contra1_ctx h_pq⏎⏎    -- Apply modus ponens to get (¬Q → ¬¬P)⏎
Theories/Bimodal/Theorems/Propositional/Connectives.lean::
Theories/Bimodal/Theorems/Propositional/Connectives.lean::Note: This linter can be disabled with `set_option linter.style.emptyLine false`
Theories/Bimodal/Theorems/Propositional/Connectives.lean::Theories/Bimodal/Theorems/Propositional/Connectives.lean:202:0: warning: Please, write a comment here or remove this line, but do not place empty lines within commands!
Theories/Bimodal/Theorems/Propositional/Connectives.lean::Context:
Theories/Bimodal/Theorems/Propositional/Connectives.lean::                                                            ↓
Theories/Bimodal/Theorems/Propositional/Connectives.lean::  ⏎      DerivationTree.modus_ponens _ _ _ contra2_ctx h_npq⏎⏎    -- Apply ci_ctx: (¬Q → ¬P) → ((¬Q → ¬¬P) → ¬¬Q)⏎
Theories/Bimodal/Theorems/Propositional/Connectives.lean::
Theories/Bimodal/Theorems/Propositional/Connectives.lean::Note: This linter can be disabled with `set_option linter.style.emptyLine false`
Theories/Bimodal/Theorems/Propositional/Connectives.lean::Theories/Bimodal/Theorems/Propositional/Connectives.lean:206:0: warning: Please, write a comment here or remove this line, but do not place empty lines within commands!
Theories/Bimodal/Theorems/Propositional/Connectives.lean::Context:
Theories/Bimodal/Theorems/Propositional/Connectives.lean::                                                         ↓
Theories/Bimodal/Theorems/Propositional/Connectives.lean::  ⏎      DerivationTree.modus_ponens _ _ _ ci_ctx h_nq_np⏎⏎    -- Apply step1 with h_nq_nnp⏎
Theories/Bimodal/Theorems/Propositional/Connectives.lean::
Theories/Bimodal/Theorems/Propositional/Connectives.lean::Note: This linter can be disabled with `set_option linter.style.emptyLine false`
Theories/Bimodal/Theorems/Propositional/Connectives.lean::Theories/Bimodal/Theorems/Propositional/Connectives.lean:210:0: warning: Please, write a comment here or remove this line, but do not place empty lines within commands!
Theories/Bimodal/Theorems/Propositional/Connectives.lean::Context:
Theories/Bimodal/Theorems/Propositional/Connectives.lean::                                                         ↓
Theories/Bimodal/Theorems/Propositional/Connectives.lean::  ⏎      DerivationTree.modus_ponens _ _ _ step1 h_nq_nnp⏎⏎    -- Apply DNE⏎
Theories/Bimodal/Theorems/Propositional/Connectives.lean::
Theories/Bimodal/Theorems/Propositional/Connectives.lean::Note: This linter can be disabled with `set_option linter.style.emptyLine false`
Theories/Bimodal/Theorems/Propositional/Connectives.lean::Theories/Bimodal/Theorems/Propositional/Connectives.lean:213:0: warning: Please, write a comment here or remove this line, but do not place empty lines within commands!
Theories/Bimodal/Theorems/Propositional/Connectives.lean::Context:
Theories/Bimodal/Theorems/Propositional/Connectives.lean::                                                            ↓
Theories/Bimodal/Theorems/Propositional/Connectives.lean::  ⏎    exact DerivationTree.modus_ponens _ _ _ dne_ctx step2⏎⏎  -- Apply deduction theorem twice⏎
Theories/Bimodal/Theorems/Propositional/Connectives.lean::
Theories/Bimodal/Theorems/Propositional/Connectives.lean::Note: This linter can be disabled with `set_option linter.style.emptyLine false`
Theories/Bimodal/Theorems/Propositional/Connectives.lean::Theories/Bimodal/Theorems/Propositional/Connectives.lean:219:0: warning: Please, write a comment here or remove this line, but do not place empty lines within commands!
Theories/Bimodal/Theorems/Propositional/Connectives.lean::Context:
Theories/Bimodal/Theorems/Propositional/Connectives.lean::                                                                                      ↓
Theories/Bimodal/Theorems/Propositional/Connectives.lean::  ⏎    Bimodal.Metalogic.Core.deduction_theorem [(P.imp Q)] (P.neg.imp Q) Q h_combined⏎⏎  exact Bimodal.Metalogic.Core.deduction_theorem [] (P.imp Q) ((P.neg.imp Q).imp Q) step1⏎
Theories/Bimodal/Theorems/Propositional/Connectives.lean::
Theories/Bimodal/Theorems/Propositional/Connectives.lean::Note: This linter can be disabled with `set_option linter.style.emptyLine false`
Theories/Bimodal/Theorems/Propositional/Connectives.lean::Theories/Bimodal/Theorems/Propositional/Connectives.lean:236:0: warning: Please, write a comment here or remove this line, but do not place empty lines within commands!
Theories/Bimodal/Theorems/Propositional/Connectives.lean::Context:
Theories/Bimodal/Theorems/Propositional/Connectives.lean::                                  ↓
Theories/Bimodal/Theorems/Propositional/Connectives.lean::  ⏎    pairing (A.imp B) (B.imp A)⏎⏎  -- Apply MP twice⏎
Theories/Bimodal/Theorems/Propositional/Connectives.lean::
Theories/Bimodal/Theorems/Propositional/Connectives.lean::Note: This linter can be disabled with `set_option linter.style.emptyLine false`
Theories/Bimodal/Theorems/Propositional/Connectives.lean::Theories/Bimodal/Theorems/Propositional/Connectives.lean:240:0: warning: Please, write a comment here or remove this line, but do not place empty lines within commands!
Theories/Bimodal/Theorems/Propositional/Connectives.lean::Context:
Theories/Bimodal/Theorems/Propositional/Connectives.lean::                                                      ↓
Theories/Bimodal/Theorems/Propositional/Connectives.lean::  ⏎    DerivationTree.modus_ponens [] _ _ pair_inst h1⏎⏎  exact DerivationTree.modus_ponens [] _ _ step1 h2⏎
Theories/Bimodal/Theorems/Propositional/Connectives.lean::
Theories/Bimodal/Theorems/Propositional/Connectives.lean::Note: This linter can be disabled with `set_option linter.style.emptyLine false`
Theories/Bimodal/Theorems/Propositional/Connectives.lean::Theories/Bimodal/Theorems/Propositional/Connectives.lean:253:0: warning: Please, write a comment here or remove this line, but do not place empty lines within commands!
Theories/Bimodal/Theorems/Propositional/Connectives.lean::Context:
Theories/Bimodal/Theorems/Propositional/Connectives.lean::           ↓
Theories/Bimodal/Theorems/Propositional/Connectives.lean::  ⏎    simp⏎⏎  -- Get biconditional from context and extract (A → B) using lce⏎
Theories/Bimodal/Theorems/Propositional/Connectives.lean::
Theories/Bimodal/Theorems/Propositional/Connectives.lean::Note: This linter can be disabled with `set_option linter.style.emptyLine false`
Theories/Bimodal/Theorems/Propositional/Connectives.lean::Theories/Bimodal/Theorems/Propositional/Connectives.lean:258:0: warning: Please, write a comment here or remove this line, but do not place empty lines within commands!
Theories/Bimodal/Theorems/Propositional/Connectives.lean::Context:
Theories/Bimodal/Theorems/Propositional/Connectives.lean::           ↓
Theories/Bimodal/Theorems/Propositional/Connectives.lean::  ⏎    simp⏎⏎  -- Extract (A → B) using lce⏎
Theories/Bimodal/Theorems/Propositional/Connectives.lean::
Theories/Bimodal/Theorems/Propositional/Connectives.lean::Note: This linter can be disabled with `set_option linter.style.emptyLine false`
Theories/Bimodal/Theorems/Propositional/Connectives.lean::Theories/Bimodal/Theorems/Propositional/Connectives.lean:269:0: warning: Please, write a comment here or remove this line, but do not place empty lines within commands!
Theories/Bimodal/Theorems/Propositional/Connectives.lean::Context:
Theories/Bimodal/Theorems/Propositional/Connectives.lean::                                                   ↓
Theories/Bimodal/Theorems/Propositional/Connectives.lean::  ⏎      (by intro x; simp; intro h; left; exact h)⏎⏎  -- Apply modus ponens⏎
Theories/Bimodal/Theorems/Propositional/Connectives.lean::
Theories/Bimodal/Theorems/Propositional/Connectives.lean::Note: This linter can be disabled with `set_option linter.style.emptyLine false`
Theories/Bimodal/Theorems/Propositional/Connectives.lean::Theories/Bimodal/Theorems/Propositional/Connectives.lean:268:19: warning: `simp` is a flexible tactic modifying `⊢`. Try `simp?` and use the suggested `simp only [...]`. Alternatively, use `suffices` to explicitly state the simplified form.
Theories/Bimodal/Theorems/Propositional/Connectives.lean::
Theories/Bimodal/Theorems/Propositional/Connectives.lean::Note: This linter can be disabled with `set_option linter.flexible false`
Theories/Bimodal/Theorems/Propositional/Connectives.lean::Try this:
Theories/Bimodal/Theorems/Propositional/Connectives.lean::  [apply] simp only [List.mem_cons, List.not_mem_nil, or_false]
Theories/Bimodal/Theorems/Propositional/Connectives.lean::`intro h`
Theories/Bimodal/Theorems/Propositional/Connectives.lean::modifies the current goal, which was modified by the flexible tactic `simp` on line 268!
Theories/Bimodal/Theorems/Propositional/Connectives.lean::Theories/Bimodal/Theorems/Propositional/Connectives.lean:268:19: warning: `simp` is a flexible tactic modifying `⊢`. Try `simp?` and use the suggested `simp only [...]`. Alternatively, use `suffices` to explicitly state the simplified form.
Theories/Bimodal/Theorems/Propositional/Connectives.lean::
Theories/Bimodal/Theorems/Propositional/Connectives.lean::Note: This linter can be disabled with `set_option linter.flexible false`
Theories/Bimodal/Theorems/Propositional/Connectives.lean::Try this:
Theories/Bimodal/Theorems/Propositional/Connectives.lean::  [apply] simp only [List.mem_cons, List.not_mem_nil, or_false]
Theories/Bimodal/Theorems/Propositional/Connectives.lean::`left`
Theories/Bimodal/Theorems/Propositional/Connectives.lean::modifies the current goal, which was modified by the flexible tactic `simp` on line 268!
Theories/Bimodal/Theorems/Propositional/Connectives.lean::Theories/Bimodal/Theorems/Propositional/Connectives.lean:268:19: warning: `simp` is a flexible tactic modifying `⊢`. Try `simp?` and use the suggested `simp only [...]`. Alternatively, use `suffices` to explicitly state the simplified form.
Theories/Bimodal/Theorems/Propositional/Connectives.lean::
Theories/Bimodal/Theorems/Propositional/Connectives.lean::Note: This linter can be disabled with `set_option linter.flexible false`
Theories/Bimodal/Theorems/Propositional/Connectives.lean::Try this:
Theories/Bimodal/Theorems/Propositional/Connectives.lean::  [apply] simp only [List.mem_cons, List.not_mem_nil, or_false]
Theories/Bimodal/Theorems/Propositional/Connectives.lean::`exact h`
Theories/Bimodal/Theorems/Propositional/Connectives.lean::modifies the current goal, which was modified by the flexible tactic `simp` on line 268!
Theories/Bimodal/Theorems/Propositional/Connectives.lean::Theories/Bimodal/Theorems/Propositional/Connectives.lean:283:0: warning: Please, write a comment here or remove this line, but do not place empty lines within commands!
Theories/Bimodal/Theorems/Propositional/Connectives.lean::Context:
Theories/Bimodal/Theorems/Propositional/Connectives.lean::           ↓
Theories/Bimodal/Theorems/Propositional/Connectives.lean::  ⏎    simp⏎⏎  -- Get biconditional from context and extract (B → A) using rce⏎
Theories/Bimodal/Theorems/Propositional/Connectives.lean::
Theories/Bimodal/Theorems/Propositional/Connectives.lean::Note: This linter can be disabled with `set_option linter.style.emptyLine false`
Theories/Bimodal/Theorems/Propositional/Connectives.lean::Theories/Bimodal/Theorems/Propositional/Connectives.lean:291:0: warning: Please, write a comment here or remove this line, but do not place empty lines within commands!
Theories/Bimodal/Theorems/Propositional/Connectives.lean::Context:
Theories/Bimodal/Theorems/Propositional/Connectives.lean::                                                   ↓
Theories/Bimodal/Theorems/Propositional/Connectives.lean::  ⏎      (by intro x; simp; intro h; left; exact h)⏎⏎  -- Apply modus ponens⏎
Theories/Bimodal/Theorems/Propositional/Connectives.lean::
Theories/Bimodal/Theorems/Propositional/Connectives.lean::Note: This linter can be disabled with `set_option linter.style.emptyLine false`
Theories/Bimodal/Theorems/Propositional/Connectives.lean::Theories/Bimodal/Theorems/Propositional/Connectives.lean:290:19: warning: `simp` is a flexible tactic modifying `⊢`. Try `simp?` and use the suggested `simp only [...]`. Alternatively, use `suffices` to explicitly state the simplified form.
Theories/Bimodal/Theorems/Propositional/Connectives.lean::
Theories/Bimodal/Theorems/Propositional/Connectives.lean::Note: This linter can be disabled with `set_option linter.flexible false`
Theories/Bimodal/Theorems/Propositional/Connectives.lean::Try this:
Theories/Bimodal/Theorems/Propositional/Connectives.lean::  [apply] simp only [List.mem_cons, List.not_mem_nil, or_false]
Theories/Bimodal/Theorems/Propositional/Connectives.lean::`intro h`
Theories/Bimodal/Theorems/Propositional/Connectives.lean::modifies the current goal, which was modified by the flexible tactic `simp` on line 290!
Theories/Bimodal/Theorems/Propositional/Connectives.lean::Theories/Bimodal/Theorems/Propositional/Connectives.lean:290:19: warning: `simp` is a flexible tactic modifying `⊢`. Try `simp?` and use the suggested `simp only [...]`. Alternatively, use `suffices` to explicitly state the simplified form.
Theories/Bimodal/Theorems/Propositional/Connectives.lean::
Theories/Bimodal/Theorems/Propositional/Connectives.lean::Note: This linter can be disabled with `set_option linter.flexible false`
Theories/Bimodal/Theorems/Propositional/Connectives.lean::Try this:
Theories/Bimodal/Theorems/Propositional/Connectives.lean::  [apply] simp only [List.mem_cons, List.not_mem_nil, or_false]
Theories/Bimodal/Theorems/Propositional/Connectives.lean::`left`
Theories/Bimodal/Theorems/Propositional/Connectives.lean::modifies the current goal, which was modified by the flexible tactic `simp` on line 290!
Theories/Bimodal/Theorems/Propositional/Connectives.lean::Theories/Bimodal/Theorems/Propositional/Connectives.lean:290:19: warning: `simp` is a flexible tactic modifying `⊢`. Try `simp?` and use the suggested `simp only [...]`. Alternatively, use `suffices` to explicitly state the simplified form.
Theories/Bimodal/Theorems/Propositional/Connectives.lean::
Theories/Bimodal/Theorems/Propositional/Connectives.lean::Note: This linter can be disabled with `set_option linter.flexible false`
Theories/Bimodal/Theorems/Propositional/Connectives.lean::Try this:
Theories/Bimodal/Theorems/Propositional/Connectives.lean::  [apply] simp only [List.mem_cons, List.not_mem_nil, or_false]
Theories/Bimodal/Theorems/Propositional/Connectives.lean::`exact h`
Theories/Bimodal/Theorems/Propositional/Connectives.lean::modifies the current goal, which was modified by the flexible tactic `simp` on line 290!
Theories/Bimodal/Theorems/Propositional/Connectives.lean::Theories/Bimodal/Theorems/Propositional/Connectives.lean:361:0: warning: Please, write a comment here or remove this line, but do not place empty lines within commands!
Theories/Bimodal/Theorems/Propositional/Connectives.lean::Context:
Theories/Bimodal/Theorems/Propositional/Connectives.lean::                                                     ↓
Theories/Bimodal/Theorems/Propositional/Connectives.lean::  ⏎    exact DerivationTree.modus_ponens [] _ _ lce h⏎⏎  -- Extract B → A from biconditional⏎
Theories/Bimodal/Theorems/Propositional/Connectives.lean::
Theories/Bimodal/Theorems/Propositional/Connectives.lean::Note: This linter can be disabled with `set_option linter.style.emptyLine false`
Theories/Bimodal/Theorems/Propositional/Connectives.lean::Theories/Bimodal/Theorems/Propositional/Connectives.lean:366:0: warning: Please, write a comment here or remove this line, but do not place empty lines within commands!
Theories/Bimodal/Theorems/Propositional/Connectives.lean::Context:
Theories/Bimodal/Theorems/Propositional/Connectives.lean::                                                     ↓
Theories/Bimodal/Theorems/Propositional/Connectives.lean::  ⏎    exact DerivationTree.modus_ponens [] _ _ rce h⏎⏎  -- Contrapose A → B to get ¬B → ¬A⏎
Theories/Bimodal/Theorems/Propositional/Connectives.lean::
Theories/Bimodal/Theorems/Propositional/Connectives.lean::Note: This linter can be disabled with `set_option linter.style.emptyLine false`
Theories/Bimodal/Theorems/Propositional/Connectives.lean::Theories/Bimodal/Theorems/Propositional/Connectives.lean:371:0: warning: Please, write a comment here or remove this line, but do not place empty lines within commands!
Theories/Bimodal/Theorems/Propositional/Connectives.lean::Context:
Theories/Bimodal/Theorems/Propositional/Connectives.lean::                                                     ↓
Theories/Bimodal/Theorems/Propositional/Connectives.lean::  ⏎    exact DerivationTree.modus_ponens [] _ _ cp ab⏎⏎  -- Contrapose B → A to get ¬A → ¬B⏎
Theories/Bimodal/Theorems/Propositional/Connectives.lean::
Theories/Bimodal/Theorems/Propositional/Connectives.lean::Note: This linter can be disabled with `set_option linter.style.emptyLine false`
Theories/Bimodal/Theorems/Propositional/Connectives.lean::Theories/Bimodal/Theorems/Propositional/Connectives.lean:376:0: warning: Please, write a comment here or remove this line, but do not place empty lines within commands!
Theories/Bimodal/Theorems/Propositional/Connectives.lean::Context:
Theories/Bimodal/Theorems/Propositional/Connectives.lean::                                                     ↓
Theories/Bimodal/Theorems/Propositional/Connectives.lean::  ⏎    exact DerivationTree.modus_ponens [] _ _ cp ba⏎⏎  -- Combine into biconditional (¬A → ¬B) ∧ (¬B → ¬A)⏎
Theories/Bimodal/Theorems/Propositional/Connectives.lean::
Theories/Bimodal/Theorems/Propositional/Connectives.lean::Note: This linter can be disabled with `set_option linter.style.emptyLine false`
Theories/Bimodal/Theorems/Propositional/Connectives.lean::Theories/Bimodal/Theorems/Propositional/Connectives.lean:411:0: warning: Please, write a comment here or remove this line, but do not place empty lines within commands!
Theories/Bimodal/Theorems/Propositional/Connectives.lean::Context:
Theories/Bimodal/Theorems/Propositional/Connectives.lean::                                              ↓
Theories/Bimodal/Theorems/Propositional/Connectives.lean::  ⏎  unfold Formula.and Formula.or Formula.neg⏎⏎  -- Goal: ((A.imp (B.imp Formula.bot)).imp Formula.bot).imp Formula.bot).imp⏎
Theories/Bimodal/Theorems/Propositional/Connectives.lean::
Theories/Bimodal/Theorems/Propositional/Connectives.lean::Note: This linter can be disabled with `set_option linter.style.emptyLine false`
Theories/Bimodal/Theorems/Propositional/Connectives.lean::Theories/Bimodal/Theorems/Propositional/Connectives.lean:421:0: warning: Please, write a comment here or remove this line, but do not place empty lines within commands!
Theories/Bimodal/Theorems/Propositional/Connectives.lean::Context:
Theories/Bimodal/Theorems/Propositional/Connectives.lean::                                                  ↓
Theories/Bimodal/Theorems/Propositional/Connectives.lean::  ⏎    double_negation (A.imp (B.imp Formula.bot))⏎⏎  -- Step 2: (A → ¬B) → (¬¬A → ¬B)⏎
Theories/Bimodal/Theorems/Propositional/Connectives.lean::
Theories/Bimodal/Theorems/Propositional/Connectives.lean::Note: This linter can be disabled with `set_option linter.style.emptyLine false`
Theories/Bimodal/Theorems/Propositional/Connectives.lean::Theories/Bimodal/Theorems/Propositional/Connectives.lean:428:0: warning: Please, write a comment here or remove this line, but do not place empty lines within commands!
Theories/Bimodal/Theorems/Propositional/Connectives.lean::Context:
Theories/Bimodal/Theorems/Propositional/Connectives.lean::                        ↓
Theories/Bimodal/Theorems/Propositional/Connectives.lean::  ⏎    double_negation A⏎⏎  -- b_combinator: (A → C) → (B → A) → (B → C)⏎
Theories/Bimodal/Theorems/Propositional/Connectives.lean::
Theories/Bimodal/Theorems/Propositional/Connectives.lean::Note: This linter can be disabled with `set_option linter.style.emptyLine false`
Theories/Bimodal/Theorems/Propositional/Connectives.lean::Theories/Bimodal/Theorems/Propositional/Connectives.lean:435:0: warning: Please, write a comment here or remove this line, but do not place empty lines within commands!
Theories/Bimodal/Theorems/Propositional/Connectives.lean::Context:
Theories/Bimodal/Theorems/Propositional/Connectives.lean::                   ↓
Theories/Bimodal/Theorems/Propositional/Connectives.lean::  ⏎    b_combinator⏎⏎  -- Flip to get: (¬¬A → A) → ((A → ¬B) → (¬¬A → ¬B))⏎
Theories/Bimodal/Theorems/Propositional/Connectives.lean::
Theories/Bimodal/Theorems/Propositional/Connectives.lean::Note: This linter can be disabled with `set_option linter.style.emptyLine false`
Theories/Bimodal/Theorems/Propositional/Connectives.lean::Theories/Bimodal/Theorems/Propositional/Connectives.lean:446:0: warning: Please, write a comment here or remove this line, but do not place empty lines within commands!
Theories/Bimodal/Theorems/Propositional/Connectives.lean::Context:
Theories/Bimodal/Theorems/Propositional/Connectives.lean::                                                                                    ↓
Theories/Bimodal/Theorems/Propositional/Connectives.lean::  ⏎                  (((A.imp Formula.bot).imp Formula.bot).imp (B.imp Formula.bot))⏎⏎  have step1 : ⊢ (((A.imp Formula.bot).imp Formula.bot).imp A).imp⏎
Theories/Bimodal/Theorems/Propositional/Connectives.lean::
Theories/Bimodal/Theorems/Propositional/Connectives.lean::Note: This linter can be disabled with `set_option linter.style.emptyLine false`
Theories/Bimodal/Theorems/Propositional/Connectives.lean::Theories/Bimodal/Theorems/Propositional/Connectives.lean:451:0: warning: Please, write a comment here or remove this line, but do not place empty lines within commands!
Theories/Bimodal/Theorems/Propositional/Connectives.lean::Context:
Theories/Bimodal/Theorems/Propositional/Connectives.lean::                                                 ↓
Theories/Bimodal/Theorems/Propositional/Connectives.lean::  ⏎    DerivationTree.modus_ponens [] _ _ flip b1⏎⏎  have step2 : ⊢ (A.imp (B.imp Formula.bot)).imp⏎
Theories/Bimodal/Theorems/Propositional/Connectives.lean::
Theories/Bimodal/Theorems/Propositional/Connectives.lean::Note: This linter can be disabled with `set_option linter.style.emptyLine false`
Theories/Bimodal/Theorems/Propositional/Connectives.lean::Theories/Bimodal/Theorems/Propositional/Connectives.lean:455:0: warning: Please, write a comment here or remove this line, but do not place empty lines within commands!
Theories/Bimodal/Theorems/Propositional/Connectives.lean::Context:
Theories/Bimodal/Theorems/Propositional/Connectives.lean::                                                     ↓
Theories/Bimodal/Theorems/Propositional/Connectives.lean::  ⏎    DerivationTree.modus_ponens [] _ _ step1 dne_a⏎⏎  -- Compose: ¬¬(A → ¬B) → (A → ¬B) → (¬¬A → ¬B)⏎
Theories/Bimodal/Theorems/Propositional/Connectives.lean::
Theories/Bimodal/Theorems/Propositional/Connectives.lean::Note: This linter can be disabled with `set_option linter.style.emptyLine false`
Theories/Bimodal/Theorems/Propositional/Connectives.lean::Theories/Bimodal/Theorems/Propositional/Connectives.lean:473:0: warning: Please, write a comment here or remove this line, but do not place empty lines within commands!
Theories/Bimodal/Theorems/Propositional/Connectives.lean::Context:
Theories/Bimodal/Theorems/Propositional/Connectives.lean::                                              ↓
Theories/Bimodal/Theorems/Propositional/Connectives.lean::  ⏎  unfold Formula.and Formula.or Formula.neg⏎⏎  -- Goal: (((A.imp Formula.bot).imp Formula.bot).imp (B.imp Formula.bot)).imp⏎
Theories/Bimodal/Theorems/Propositional/Connectives.lean::
Theories/Bimodal/Theorems/Propositional/Connectives.lean::Note: This linter can be disabled with `set_option linter.style.emptyLine false`
Theories/Bimodal/Theorems/Propositional/Connectives.lean::Theories/Bimodal/Theorems/Propositional/Connectives.lean:544:0: warning: Please, write a comment here or remove this line, but do not place empty lines within commands!
Theories/Bimodal/Theorems/Propositional/Connectives.lean::Context:
Theories/Bimodal/Theorems/Propositional/Connectives.lean::             ↓
Theories/Bimodal/Theorems/Propositional/Connectives.lean::  ⏎      simp⏎⏎    -- Get ¬¬A → ¬B from context⏎
Theories/Bimodal/Theorems/Propositional/Connectives.lean::
Theories/Bimodal/Theorems/Propositional/Connectives.lean::Note: This linter can be disabled with `set_option linter.style.emptyLine false`
Theories/Bimodal/Theorems/Propositional/Connectives.lean::Theories/Bimodal/Theorems/Propositional/Connectives.lean:550:0: warning: Please, write a comment here or remove this line, but do not place empty lines within commands!
Theories/Bimodal/Theorems/Propositional/Connectives.lean::Context:
Theories/Bimodal/Theorems/Propositional/Connectives.lean::             ↓
Theories/Bimodal/Theorems/Propositional/Connectives.lean::  ⏎      simp⏎⏎    -- Extract A from conjunction using lce⏎
Theories/Bimodal/Theorems/Propositional/Connectives.lean::
Theories/Bimodal/Theorems/Propositional/Connectives.lean::Note: This linter can be disabled with `set_option linter.style.emptyLine false`
Theories/Bimodal/Theorems/Propositional/Connectives.lean::Theories/Bimodal/Theorems/Propositional/Connectives.lean:558:0: warning: Please, write a comment here or remove this line, but do not place empty lines within commands!
Theories/Bimodal/Theorems/Propositional/Connectives.lean::Context:
Theories/Bimodal/Theorems/Propositional/Connectives.lean::                                                         ↓
Theories/Bimodal/Theorems/Propositional/Connectives.lean::  ⏎      DerivationTree.modus_ponens _ _ _ lce_ctx h_conj⏎⏎    -- Extract B from conjunction using rce⏎
Theories/Bimodal/Theorems/Propositional/Connectives.lean::
Theories/Bimodal/Theorems/Propositional/Connectives.lean::Note: This linter can be disabled with `set_option linter.style.emptyLine false`
Theories/Bimodal/Theorems/Propositional/Connectives.lean::Theories/Bimodal/Theorems/Propositional/Connectives.lean:566:0: warning: Please, write a comment here or remove this line, but do not place empty lines within commands!
Theories/Bimodal/Theorems/Propositional/Connectives.lean::Context:
Theories/Bimodal/Theorems/Propositional/Connectives.lean::                                                         ↓
Theories/Bimodal/Theorems/Propositional/Connectives.lean::  ⏎      DerivationTree.modus_ponens _ _ _ rce_ctx h_conj⏎⏎    -- From A, derive ¬¬A using DNI (theorem_app1)⏎
Theories/Bimodal/Theorems/Propositional/Connectives.lean::
Theories/Bimodal/Theorems/Propositional/Connectives.lean::Note: This linter can be disabled with `set_option linter.style.emptyLine false`
Theories/Bimodal/Theorems/Propositional/Connectives.lean::Theories/Bimodal/Theorems/Propositional/Connectives.lean:576:0: warning: Please, write a comment here or remove this line, but do not place empty lines within commands!
Theories/Bimodal/Theorems/Propositional/Connectives.lean::Context:
Theories/Bimodal/Theorems/Propositional/Connectives.lean::                                                      ↓
Theories/Bimodal/Theorems/Propositional/Connectives.lean::  ⏎      DerivationTree.modus_ponens _ _ _ dni_ctx h_a⏎⏎    -- From ¬¬A and (¬¬A → ¬B), derive ¬B⏎
Theories/Bimodal/Theorems/Propositional/Connectives.lean::
Theories/Bimodal/Theorems/Propositional/Connectives.lean::Note: This linter can be disabled with `set_option linter.style.emptyLine false`
Theories/Bimodal/Theorems/Propositional/Connectives.lean::Theories/Bimodal/Theorems/Propositional/Connectives.lean:581:0: warning: Please, write a comment here or remove this line, but do not place empty lines within commands!
Theories/Bimodal/Theorems/Propositional/Connectives.lean::Context:
Theories/Bimodal/Theorems/Propositional/Connectives.lean::                                                      ↓
Theories/Bimodal/Theorems/Propositional/Connectives.lean::  ⏎      DerivationTree.modus_ponens _ _ _ h_hyp h_nna⏎⏎    -- From B and ¬B, derive ⊥⏎
Theories/Bimodal/Theorems/Propositional/Connectives.lean::
Theories/Bimodal/Theorems/Propositional/Connectives.lean::Note: This linter can be disabled with `set_option linter.style.emptyLine false`
Theories/Bimodal/Theorems/Propositional/Connectives.lean::Theories/Bimodal/Theorems/Propositional/Connectives.lean:584:0: warning: Please, write a comment here or remove this line, but do not place empty lines within commands!
Theories/Bimodal/Theorems/Propositional/Connectives.lean::Context:
Theories/Bimodal/Theorems/Propositional/Connectives.lean::                                                       ↓
Theories/Bimodal/Theorems/Propositional/Connectives.lean::  ⏎    exact DerivationTree.modus_ponens _ _ _ h_nb h_b⏎⏎  -- Apply deduction theorem: [¬¬A → ¬B] ⊢ (A ∧ B) → ⊥⏎
Theories/Bimodal/Theorems/Propositional/Connectives.lean::
Theories/Bimodal/Theorems/Propositional/Connectives.lean::Note: This linter can be disabled with `set_option linter.style.emptyLine false`
Theories/Bimodal/Theorems/Propositional/Connectives.lean::Theories/Bimodal/Theorems/Propositional/Connectives.lean:592:0: warning: Please, write a comment here or remove this line, but do not place empty lines within commands!
Theories/Bimodal/Theorems/Propositional/Connectives.lean::Context:
Theories/Bimodal/Theorems/Propositional/Connectives.lean::                                       ↓
Theories/Bimodal/Theorems/Propositional/Connectives.lean::  ⏎      (A.and B) Formula.bot h_in_ctx⏎⏎  -- Apply deduction theorem: [] ⊢ (¬¬A → ¬B) → ((A ∧ B) → ⊥)⏎
Theories/Bimodal/Theorems/Propositional/Connectives.lean::
Theories/Bimodal/Theorems/Propositional/Connectives.lean::Note: This linter can be disabled with `set_option linter.style.emptyLine false`
Theories/Bimodal/Theorems/Propositional/Connectives.lean::Theories/Bimodal/Theorems/Propositional/Connectives.lean:600:0: warning: Please, write a comment here or remove this line, but do not place empty lines within commands!
Theories/Bimodal/Theorems/Propositional/Connectives.lean::Context:
Theories/Bimodal/Theorems/Propositional/Connectives.lean::                                          ↓
Theories/Bimodal/Theorems/Propositional/Connectives.lean::  ⏎      ((A.and B).imp Formula.bot) step1⏎⏎  -- (A ∧ B).neg = (A.and B).imp Formula.bot by definition⏎
Theories/Bimodal/Theorems/Propositional/Connectives.lean::
Theories/Bimodal/Theorems/Propositional/Connectives.lean::Note: This linter can be disabled with `set_option linter.style.emptyLine false`
Theories/Bimodal/Theorems/Propositional/Connectives.lean::Theories/Bimodal/Theorems/Propositional/Connectives.lean:634:0: warning: Please, write a comment here or remove this line, but do not place empty lines within commands!
Theories/Bimodal/Theorems/Propositional/Connectives.lean::Context:
Theories/Bimodal/Theorems/Propositional/Connectives.lean::                                              ↓
Theories/Bimodal/Theorems/Propositional/Connectives.lean::  ⏎  unfold Formula.or Formula.and Formula.neg⏎⏎  -- Goal: (((A.imp Formula.bot).imp B).imp Formula.bot).imp⏎
Theories/Bimodal/Theorems/Propositional/Connectives.lean::
Theories/Bimodal/Theorems/Propositional/Connectives.lean::Note: This linter can be disabled with `set_option linter.style.emptyLine false`
Theories/Bimodal/Theorems/Propositional/Connectives.lean::Theories/Bimodal/Theorems/Propositional/Connectives.lean:674:0: warning: Please, write a comment here or remove this line, but do not place empty lines within commands!
Theories/Bimodal/Theorems/Propositional/Connectives.lean::Context:
Theories/Bimodal/Theorems/Propositional/Connectives.lean::                        ↓
Theories/Bimodal/Theorems/Propositional/Connectives.lean::  ⏎    double_negation B⏎⏎  -- b_combinator: (C → D) → (A → C) → (A → D)⏎
Theories/Bimodal/Theorems/Propositional/Connectives.lean::
Theories/Bimodal/Theorems/Propositional/Connectives.lean::Note: This linter can be disabled with `set_option linter.style.emptyLine false`
Theories/Bimodal/Theorems/Propositional/Connectives.lean::Theories/Bimodal/Theorems/Propositional/Connectives.lean:681:0: warning: Please, write a comment here or remove this line, but do not place empty lines within commands!
Theories/Bimodal/Theorems/Propositional/Connectives.lean::Context:
Theories/Bimodal/Theorems/Propositional/Connectives.lean::                   ↓
Theories/Bimodal/Theorems/Propositional/Connectives.lean::  ⏎    b_combinator⏎⏎  have impl : ⊢ ((A.imp Formula.bot).imp ((B.imp Formula.bot).imp Formula.bot)).imp⏎
Theories/Bimodal/Theorems/Propositional/Connectives.lean::
Theories/Bimodal/Theorems/Propositional/Connectives.lean::Note: This linter can be disabled with `set_option linter.style.emptyLine false`
Theories/Bimodal/Theorems/Propositional/Connectives.lean::Theories/Bimodal/Theorems/Propositional/Connectives.lean:685:0: warning: Please, write a comment here or remove this line, but do not place empty lines within commands!
Theories/Bimodal/Theorems/Propositional/Connectives.lean::Context:
Theories/Bimodal/Theorems/Propositional/Connectives.lean::                                                  ↓
Theories/Bimodal/Theorems/Propositional/Connectives.lean::  ⏎    DerivationTree.modus_ponens [] _ _ bc dne_b⏎⏎  -- Contrapose: ¬(¬A → B) → ¬(¬A → ¬¬B)⏎
Theories/Bimodal/Theorems/Propositional/Connectives.lean::
Theories/Bimodal/Theorems/Propositional/Connectives.lean::Note: This linter can be disabled with `set_option linter.style.emptyLine false`
Theories/Bimodal/Theorems/Propositional/Connectives.lean::Theories/Bimodal/Theorems/Propositional/Connectives.lean:703:0: warning: Please, write a comment here or remove this line, but do not place empty lines within commands!
Theories/Bimodal/Theorems/Propositional/Connectives.lean::Context:
Theories/Bimodal/Theorems/Propositional/Connectives.lean::                                              ↓
Theories/Bimodal/Theorems/Propositional/Connectives.lean::  ⏎  unfold Formula.or Formula.and Formula.neg⏎⏎  -- Goal: (((A.imp Formula.bot).imp ((B.imp Formula.bot).imp Formula.bot)).imp Formula.bot).imp⏎
Theories/Bimodal/Theorems/Propositional/Connectives.lean::
Theories/Bimodal/Theorems/Propositional/Connectives.lean::Note: This linter can be disabled with `set_option linter.style.emptyLine false`
Theories/Bimodal/Theorems/Propositional/Connectives.lean::Theories/Bimodal/Theorems/Propositional/Connectives.lean:716:0: warning: Please, write a comment here or remove this line, but do not place empty lines within commands!
Theories/Bimodal/Theorems/Propositional/Connectives.lean::Context:
Theories/Bimodal/Theorems/Propositional/Connectives.lean::                                                  ↓
Theories/Bimodal/Theorems/Propositional/Connectives.lean::  ⏎    @theorem_app1 FrameClass.Base B Formula.bot⏎⏎  -- b_combinator: (C → D) → (A → C) → (A → D)⏎
Theories/Bimodal/Theorems/Propositional/Connectives.lean::
Theories/Bimodal/Theorems/Propositional/Connectives.lean::Note: This linter can be disabled with `set_option linter.style.emptyLine false`
Theories/Bimodal/Theorems/Propositional/Connectives.lean::Theories/Bimodal/Theorems/Propositional/Connectives.lean:723:0: warning: Please, write a comment here or remove this line, but do not place empty lines within commands!
Theories/Bimodal/Theorems/Propositional/Connectives.lean::Context:
Theories/Bimodal/Theorems/Propositional/Connectives.lean::                   ↓
Theories/Bimodal/Theorems/Propositional/Connectives.lean::  ⏎    b_combinator⏎⏎  have impl : ⊢ ((A.imp Formula.bot).imp B).imp⏎
Theories/Bimodal/Theorems/Propositional/Connectives.lean::
Theories/Bimodal/Theorems/Propositional/Connectives.lean::Note: This linter can be disabled with `set_option linter.style.emptyLine false`
Theories/Bimodal/Theorems/Propositional/Connectives.lean::Theories/Bimodal/Theorems/Propositional/Connectives.lean:727:0: warning: Please, write a comment here or remove this line, but do not place empty lines within commands!
Theories/Bimodal/Theorems/Propositional/Connectives.lean::Context:
Theories/Bimodal/Theorems/Propositional/Connectives.lean::                                                  ↓
Theories/Bimodal/Theorems/Propositional/Connectives.lean::  ⏎    DerivationTree.modus_ponens [] _ _ bc dni_b⏎⏎  -- Contrapose: ¬(¬A → ¬¬B) → ¬(¬A → B)⏎
Theories/Bimodal/Theorems/Propositional/Connectives.lean::
Theories/Bimodal/Theorems/Propositional/Connectives.lean::Note: This linter can be disabled with `set_option linter.style.emptyLine false`
Theories/Bimodal/Syntax/Formula.lean::Theories/Bimodal/Syntax/Formula.lean:186:45: warning: Variable name `ψ2` is not explicitly referenced.
Theories/Bimodal/Syntax/Formula.lean::
Theories/Bimodal/Syntax/Formula.lean::Hint: The binding can be removed (if unused) or named `_` (if used implicitly). Alternatively, prefix the name with `_` to silence this warning:
Theories/Bimodal/Syntax/Formula.lean::  [apply] _ψ2
Theories/Bimodal/Syntax/Formula.lean::
Theories/Bimodal/Syntax/Formula.lean::Note: This linter can be disabled with `set_option linter.unusedVariables false`
Theories/Bimodal/Syntax/Formula.lean::Theories/Bimodal/Syntax/Formula.lean:188:45: warning: Variable name `ψ2` is not explicitly referenced.
Theories/Bimodal/Syntax/Formula.lean::
Theories/Bimodal/Syntax/Formula.lean::Hint: The binding can be removed (if unused) or named `_` (if used implicitly). Alternatively, prefix the name with `_` to silence this warning:
Theories/Bimodal/Syntax/Formula.lean::  [apply] _ψ2
Theories/Bimodal/Syntax/Formula.lean::
Theories/Bimodal/Syntax/Formula.lean::Note: This linter can be disabled with `set_option linter.unusedVariables false`
Theories/Bimodal/Syntax/Formula.lean::Theories/Bimodal/Syntax/Formula.lean:206:39: warning: Variable name `ψ2` is not explicitly referenced.
Theories/Bimodal/Syntax/Formula.lean::
Theories/Bimodal/Syntax/Formula.lean::Hint: The binding can be removed (if unused) or named `_` (if used implicitly). Alternatively, prefix the name with `_` to silence this warning:
Theories/Bimodal/Syntax/Formula.lean::  [apply] _ψ2
Theories/Bimodal/Syntax/Formula.lean::
Theories/Bimodal/Syntax/Formula.lean::Note: This linter can be disabled with `set_option linter.unusedVariables false`
Theories/Bimodal/Syntax/Formula.lean::Theories/Bimodal/Syntax/Formula.lean:213:39: warning: Variable name `ψ2` is not explicitly referenced.
Theories/Bimodal/Syntax/Formula.lean::
Theories/Bimodal/Syntax/Formula.lean::Hint: The binding can be removed (if unused) or named `_` (if used implicitly). Alternatively, prefix the name with `_` to silence this warning:
Theories/Bimodal/Syntax/Formula.lean::  [apply] _ψ2
Theories/Bimodal/Syntax/Formula.lean::
Theories/Bimodal/Syntax/Formula.lean::Note: This linter can be disabled with `set_option linter.unusedVariables false`
Theories/Bimodal/Syntax/Formula.lean::Theories/Bimodal/Syntax/Formula.lean:174:100: warning: This line exceeds the 100 character limit, please shorten it!
Theories/Bimodal/Syntax/Formula.lean::
Theories/Bimodal/Syntax/Formula.lean::Note: This linter can be disabled with `set_option linter.style.longLine false`
Theories/Bimodal/Syntax/Formula.lean::Theories/Bimodal/Syntax/Formula.lean:175:100: warning: This line exceeds the 100 character limit, please shorten it!
Theories/Bimodal/Syntax/Formula.lean::
Theories/Bimodal/Syntax/Formula.lean::Note: This linter can be disabled with `set_option linter.style.longLine false`
Theories/Bimodal/Syntax/Formula.lean::Theories/Bimodal/Syntax/Formula.lean:178:100: warning: This line exceeds the 100 character limit, please shorten it!
Theories/Bimodal/Syntax/Formula.lean::
Theories/Bimodal/Syntax/Formula.lean::Note: This linter can be disabled with `set_option linter.style.longLine false`
Theories/Bimodal/Syntax/Formula.lean::Theories/Bimodal/Syntax/Formula.lean:186:100: warning: This line exceeds the 100 character limit, please shorten it!
Theories/Bimodal/Syntax/Formula.lean::
Theories/Bimodal/Syntax/Formula.lean::Note: This linter can be disabled with `set_option linter.style.longLine false`
Theories/Bimodal/Syntax/Formula.lean::Theories/Bimodal/Syntax/Formula.lean:188:100: warning: This line exceeds the 100 character limit, please shorten it!
Theories/Bimodal/Syntax/Formula.lean::
Theories/Bimodal/Syntax/Formula.lean::Note: This linter can be disabled with `set_option linter.style.longLine false`
Theories/Bimodal/Syntax/Formula.lean::2
Theories/Bimodal/Syntax/Formula.lean::2
Theories/Bimodal/Syntax/Formula.lean::2
Theories/Bimodal/Syntax/Formula.lean::2
Theories/Bimodal/Syntax/Formula.lean::3
Theories/Bimodal/Syntax/Formula.leanTheories/Bimodal/Theorems/Propositional/Core.lean::Theories/Bimodal/Theorems/Propositional/Core.lean:123:0: warning: Please, write a comment here or remove this line, but do not place empty lines within commands!
Theories/Bimodal/Theorems/Propositional/Core.lean::Context:
Theories/Bimodal/Theorems/Propositional/Core.lean::                       ↓
Theories/Bimodal/Theorems/Propositional/Core.lean::  ⏎  unfold Formula.neg⏎⏎  -- Goal: ⊢[fc] ((φ → ⊥) → ⊥) → φ⏎
Theories/Bimodal/Theorems/Propositional/Core.lean::
Theories/Bimodal/Theorems/Propositional/Core.lean::Note: This linter can be disabled with `set_option linter.style.emptyLine false`
Theories/Bimodal/Theorems/Propositional/Core.lean::Theories/Bimodal/Theorems/Propositional/Core.lean:129:0: warning: Please, write a comment here or remove this line, but do not place empty lines within commands!
Theories/Bimodal/Theorems/Propositional/Core.lean::Context:
Theories/Bimodal/Theorems/Propositional/Core.lean::                                 ↓
Theories/Bimodal/Theorems/Propositional/Core.lean::  ⏎    peirce_axiom φ Formula.bot⏎⏎  -- Step 2: EFQ gives us: ⊢ ⊥ → φ⏎
Theories/Bimodal/Theorems/Propositional/Core.lean::
Theories/Bimodal/Theorems/Propositional/Core.lean::Note: This linter can be disabled with `set_option linter.style.emptyLine false`
Theories/Bimodal/Theorems/Propositional/Core.lean::Theories/Bimodal/Theorems/Propositional/Core.lean:133:0: warning: Please, write a comment here or remove this line, but do not place empty lines within commands!
Theories/Bimodal/Theorems/Propositional/Core.lean::Context:
Theories/Bimodal/Theorems/Propositional/Core.lean::                  ↓
Theories/Bimodal/Theorems/Propositional/Core.lean::  ⏎    efq_axiom φ⏎⏎  -- Step 3: Use b_combinator to compose (⊥ → φ) with ((φ → ⊥) → ⊥)⏎
Theories/Bimodal/Theorems/Propositional/Core.lean::
Theories/Bimodal/Theorems/Propositional/Core.lean::Note: This linter can be disabled with `set_option linter.style.emptyLine false`
Theories/Bimodal/Theorems/Propositional/Core.lean::Theories/Bimodal/Theorems/Propositional/Core.lean:139:0: warning: Please, write a comment here or remove this line, but do not place empty lines within commands!
Theories/Bimodal/Theorems/Propositional/Core.lean::Context:
Theories/Bimodal/Theorems/Propositional/Core.lean::                   ↓
Theories/Bimodal/Theorems/Propositional/Core.lean::  ⏎    b_combinator⏎⏎  -- Step 4: Apply modus ponens with efq_inst⏎
Theories/Bimodal/Theorems/Propositional/Core.lean::
Theories/Bimodal/Theorems/Propositional/Core.lean::Note: This linter can be disabled with `set_option linter.style.emptyLine false`
Theories/Bimodal/Theorems/Propositional/Core.lean::Theories/Bimodal/Theorems/Propositional/Core.lean:144:0: warning: Please, write a comment here or remove this line, but do not place empty lines within commands!
Theories/Bimodal/Theorems/Propositional/Core.lean::Context:
Theories/Bimodal/Theorems/Propositional/Core.lean::                                                         ↓
Theories/Bimodal/Theorems/Propositional/Core.lean::  ⏎    DerivationTree.modus_ponens [] _ _ b_inst efq_inst⏎⏎  -- Step 5: Now compose with Peirce⏎
Theories/Bimodal/Theorems/Propositional/Core.lean::
Theories/Bimodal/Theorems/Propositional/Core.lean::Note: This linter can be disabled with `set_option linter.style.emptyLine false`
Theories/Bimodal/Theorems/Propositional/Core.lean::Theories/Bimodal/Theorems/Propositional/Core.lean:151:0: warning: Please, write a comment here or remove this line, but do not place empty lines within commands!
Theories/Bimodal/Theorems/Propositional/Core.lean::Context:
Theories/Bimodal/Theorems/Propositional/Core.lean::                   ↓
Theories/Bimodal/Theorems/Propositional/Core.lean::  ⏎    b_combinator⏎⏎  -- Step 6: Apply modus ponens with peirce_inst⏎
Theories/Bimodal/Theorems/Propositional/Core.lean::
Theories/Bimodal/Theorems/Propositional/Core.lean::Note: This linter can be disabled with `set_option linter.style.emptyLine false`
Theories/Bimodal/Theorems/Propositional/Core.lean::Theories/Bimodal/Theorems/Propositional/Core.lean:157:0: warning: Please, write a comment here or remove this line, but do not place empty lines within commands!
Theories/Bimodal/Theorems/Propositional/Core.lean::Context:
Theories/Bimodal/Theorems/Propositional/Core.lean::                                                             ↓
Theories/Bimodal/Theorems/Propositional/Core.lean::  ⏎    DerivationTree.modus_ponens [] _ _ b_final peirce_inst⏎⏎  -- Step 7: Final modus ponens⏎
Theories/Bimodal/Theorems/Propositional/Core.lean::
Theories/Bimodal/Theorems/Propositional/Core.lean::Note: This linter can be disabled with `set_option linter.style.emptyLine false`
Theories/Bimodal/Theorems/Propositional/Core.lean::Theories/Bimodal/Theorems/Propositional/Core.lean:207:0: warning: Please, write a comment here or remove this line, but do not place empty lines within commands!
Theories/Bimodal/Theorems/Propositional/Core.lean::Context:
Theories/Bimodal/Theorems/Propositional/Core.lean::           ↓
Theories/Bimodal/Theorems/Propositional/Core.lean::  ⏎    simp⏎⏎  -- Step 2: Get A from context (first assumption)⏎
Theories/Bimodal/Theorems/Propositional/Core.lean::
Theories/Bimodal/Theorems/Propositional/Core.lean::Note: This linter can be disabled with `set_option linter.style.emptyLine false`
Theories/Bimodal/Theorems/Propositional/Core.lean::Theories/Bimodal/Theorems/Propositional/Core.lean:212:0: warning: Please, write a comment here or remove this line, but do not place empty lines within commands!
Theories/Bimodal/Theorems/Propositional/Core.lean::Context:
Theories/Bimodal/Theorems/Propositional/Core.lean::           ↓
Theories/Bimodal/Theorems/Propositional/Core.lean::  ⏎    simp⏎⏎  -- Step 3: Apply modus ponens to get ⊥⏎
Theories/Bimodal/Theorems/Propositional/Core.lean::
Theories/Bimodal/Theorems/Propositional/Core.lean::Note: This linter can be disabled with `set_option linter.style.emptyLine false`
Theories/Bimodal/Theorems/Propositional/Core.lean::Theories/Bimodal/Theorems/Propositional/Core.lean:217:0: warning: Please, write a comment here or remove this line, but do not place empty lines within commands!
Theories/Bimodal/Theorems/Propositional/Core.lean::Context:
Theories/Bimodal/Theorems/Propositional/Core.lean::                                                                       ↓
Theories/Bimodal/Theorems/Propositional/Core.lean::  ⏎    DerivationTree.modus_ponens [A, A.neg] A Formula.bot h_neg_a h_a⏎⏎  -- Step 4: From ⊥, derive B using DNE⏎
Theories/Bimodal/Theorems/Propositional/Core.lean::
Theories/Bimodal/Theorems/Propositional/Core.lean::Note: This linter can be disabled with `set_option linter.style.emptyLine false`
Theories/Bimodal/Theorems/Propositional/Core.lean::Theories/Bimodal/Theorems/Propositional/Core.lean:224:0: warning: Please, write a comment here or remove this line, but do not place empty lines within commands!
Theories/Bimodal/Theorems/Propositional/Core.lean::Context:
Theories/Bimodal/Theorems/Propositional/Core.lean::                                                                         ↓
Theories/Bimodal/Theorems/Propositional/Core.lean::  ⏎    DerivationTree.axiom [] _ (Axiom.prop_s Formula.bot B.neg) trivial⏎⏎  -- Weaken to context⏎
Theories/Bimodal/Theorems/Propositional/Core.lean::
Theories/Bimodal/Theorems/Propositional/Core.lean::Note: This linter can be disabled with `set_option linter.style.emptyLine false`
Theories/Bimodal/Theorems/Propositional/Core.lean::Theories/Bimodal/Theorems/Propositional/Core.lean:228:0: warning: Please, write a comment here or remove this line, but do not place empty lines within commands!
Theories/Bimodal/Theorems/Propositional/Core.lean::Context:
Theories/Bimodal/Theorems/Propositional/Core.lean::                                                                                 ↓
Theories/Bimodal/Theorems/Propositional/Core.lean::  ⏎    DerivationTree.weakening [] [A, A.neg] _ bot_to_neg_neg_b (by intro; simp)⏎⏎  -- Apply modus ponens to get ¬¬B from ⊥⏎
Theories/Bimodal/Theorems/Propositional/Core.lean::
Theories/Bimodal/Theorems/Propositional/Core.lean::Note: This linter can be disabled with `set_option linter.style.emptyLine false`
Theories/Bimodal/Theorems/Propositional/Core.lean::Theories/Bimodal/Theorems/Propositional/Core.lean:232:0: warning: Please, write a comment here or remove this line, but do not place empty lines within commands!
Theories/Bimodal/Theorems/Propositional/Core.lean::Context:
Theories/Bimodal/Theorems/Propositional/Core.lean::                                                                                              ↓
Theories/Bimodal/Theorems/Propositional/Core.lean::  ⏎    DerivationTree.modus_ponens [A, A.neg] Formula.bot B.neg.neg bot_to_neg_neg_b_ctx h_bot⏎⏎  -- Now use DNE: ¬¬B → B⏎
Theories/Bimodal/Theorems/Propositional/Core.lean::
Theories/Bimodal/Theorems/Propositional/Core.lean::Note: This linter can be disabled with `set_option linter.style.emptyLine false`
Theories/Bimodal/Theorems/Propositional/Core.lean::Theories/Bimodal/Theorems/Propositional/Core.lean:236:0: warning: Please, write a comment here or remove this line, but do not place empty lines within commands!
Theories/Bimodal/Theorems/Propositional/Core.lean::Context:
Theories/Bimodal/Theorems/Propositional/Core.lean::                        ↓
Theories/Bimodal/Theorems/Propositional/Core.lean::  ⏎    double_negation B⏎⏎  -- Weaken to context [A, ¬A]⏎
Theories/Bimodal/Theorems/Propositional/Core.lean::
Theories/Bimodal/Theorems/Propositional/Core.lean::Note: This linter can be disabled with `set_option linter.style.emptyLine false`
Theories/Bimodal/Theorems/Propositional/Core.lean::Theories/Bimodal/Theorems/Propositional/Core.lean:240:0: warning: Please, write a comment here or remove this line, but do not place empty lines within commands!
Theories/Bimodal/Theorems/Propositional/Core.lean::Context:
Theories/Bimodal/Theorems/Propositional/Core.lean::                                                                      ↓
Theories/Bimodal/Theorems/Propositional/Core.lean::  ⏎    DerivationTree.weakening [] [A, A.neg] _ dne_b (by intro; simp)⏎⏎  -- Apply modus ponens to get B⏎
Theories/Bimodal/Theorems/Propositional/Core.lean::
Theories/Bimodal/Theorems/Propositional/Core.lean::Note: This linter can be disabled with `set_option linter.style.emptyLine false`
Theories/Bimodal/Theorems/Propositional/Core.lean::Theories/Bimodal/Theorems/Propositional/Core.lean:256:0: warning: Please, write a comment here or remove this line, but do not place empty lines within commands!
Theories/Bimodal/Theorems/Propositional/Core.lean::Context:
Theories/Bimodal/Theorems/Propositional/Core.lean::     ↓
Theories/Bimodal/Theorems/Propositional/Core.lean::  ⏎-/⏎⏎@[tm_lemma]⏎
Theories/Bimodal/Theorems/Propositional/Core.lean::
Theories/Bimodal/Theorems/Propositional/Core.lean::Note: This linter can be disabled with `set_option linter.style.emptyLine false`
Theories/Bimodal/Theorems/Propositional/Core.lean::Theories/Bimodal/Theorems/Propositional/Core.lean:265:0: warning: Please, write a comment here or remove this line, but do not place empty lines within commands!
Theories/Bimodal/Theorems/Propositional/Core.lean::Context:
Theories/Bimodal/Theorems/Propositional/Core.lean::                  ↓
Theories/Bimodal/Theorems/Propositional/Core.lean::  ⏎    efq_axiom B⏎⏎  -- Now derive A → ¬A → ⊥ using theorem_app1⏎
Theories/Bimodal/Theorems/Propositional/Core.lean::
Theories/Bimodal/Theorems/Propositional/Core.lean::Note: This linter can be disabled with `set_option linter.style.emptyLine false`
Theories/Bimodal/Theorems/Propositional/Core.lean::Theories/Bimodal/Theorems/Propositional/Core.lean:270:0: warning: Please, write a comment here or remove this line, but do not place empty lines within commands!
Theories/Bimodal/Theorems/Propositional/Core.lean::Context:
Theories/Bimodal/Theorems/Propositional/Core.lean::                                                  ↓
Theories/Bimodal/Theorems/Propositional/Core.lean::  ⏎    @theorem_app1 FrameClass.Base A Formula.bot⏎⏎  -- Compose: A → ¬¬A and ¬¬A → ¬A → B⏎
Theories/Bimodal/Theorems/Propositional/Core.lean::
Theories/Bimodal/Theorems/Propositional/Core.lean::Note: This linter can be disabled with `set_option linter.style.emptyLine false`
Theories/Bimodal/Theorems/Propositional/Core.lean::Theories/Bimodal/Theorems/Propositional/Core.lean:278:0: warning: Please, write a comment here or remove this line, but do not place empty lines within commands!
Theories/Bimodal/Theorems/Propositional/Core.lean::Context:
Theories/Bimodal/Theorems/Propositional/Core.lean::                                                        ↓
Theories/Bimodal/Theorems/Propositional/Core.lean::  ⏎    @b_combinator FrameClass.Base A.neg Formula.bot B⏎⏎  have step2 : ⊢ A.neg.neg.imp (A.neg.imp B) :=⏎
Theories/Bimodal/Theorems/Propositional/Core.lean::
Theories/Bimodal/Theorems/Propositional/Core.lean::Note: This linter can be disabled with `set_option linter.style.emptyLine false`
Theories/Bimodal/Theorems/Propositional/Core.lean::Theories/Bimodal/Theorems/Propositional/Core.lean:281:0: warning: Please, write a comment here or remove this line, but do not place empty lines within commands!
Theories/Bimodal/Theorems/Propositional/Core.lean::Context:
Theories/Bimodal/Theorems/Propositional/Core.lean::                                                          ↓
Theories/Bimodal/Theorems/Propositional/Core.lean::  ⏎    DerivationTree.modus_ponens [] _ _ b_inner bot_to_b⏎⏎  -- Finally compose: A → ¬¬A → (¬A → B)⏎
Theories/Bimodal/Theorems/Propositional/Core.lean::
Theories/Bimodal/Theorems/Propositional/Core.lean::Note: This linter can be disabled with `set_option linter.style.emptyLine false`
Theories/Bimodal/Theorems/Propositional/Core.lean::Theories/Bimodal/Theorems/Propositional/Core.lean:286:0: warning: Please, write a comment here or remove this line, but do not place empty lines within commands!
Theories/Bimodal/Theorems/Propositional/Core.lean::Context:
Theories/Bimodal/Theorems/Propositional/Core.lean::                                                              ↓
Theories/Bimodal/Theorems/Propositional/Core.lean::  ⏎    @b_combinator FrameClass.Base A A.neg.neg (A.neg.imp B)⏎⏎  have step3 : ⊢ (A.imp A.neg.neg).imp (A.imp (A.neg.imp B)) :=⏎
Theories/Bimodal/Theorems/Propositional/Core.lean::
Theories/Bimodal/Theorems/Propositional/Core.lean::Note: This linter can be disabled with `set_option linter.style.emptyLine false`
Theories/Bimodal/Theorems/Propositional/Core.lean::Theories/Bimodal/Theorems/Propositional/Core.lean:289:0: warning: Please, write a comment here or remove this line, but do not place empty lines within commands!
Theories/Bimodal/Theorems/Propositional/Core.lean::Context:
Theories/Bimodal/Theorems/Propositional/Core.lean::                                                       ↓
Theories/Bimodal/Theorems/Propositional/Core.lean::  ⏎    DerivationTree.modus_ponens [] _ _ b_outer step2⏎⏎  exact DerivationTree.modus_ponens [] _ _ step3 a_to_neg_a_to_bot⏎
Theories/Bimodal/Theorems/Propositional/Core.lean::
Theories/Bimodal/Theorems/Propositional/Core.lean::Note: This linter can be disabled with `set_option linter.style.emptyLine false`
Theories/Bimodal/Theorems/Propositional/Core.lean::Theories/Bimodal/Theorems/Propositional/Core.lean:337:0: warning: Please, write a comment here or remove this line, but do not place empty lines within commands!
Theories/Bimodal/Theorems/Propositional/Core.lean::Context:
Theories/Bimodal/Theorems/Propositional/Core.lean::                          ↓
Theories/Bimodal/Theorems/Propositional/Core.lean::  ⏎  -- Apply theorem_flip⏎⏎  have raa_inst : ⊢ A.imp (A.neg.imp B) :=⏎
Theories/Bimodal/Theorems/Propositional/Core.lean::
Theories/Bimodal/Theorems/Propositional/Core.lean::Note: This linter can be disabled with `set_option linter.style.emptyLine false`
Theories/Bimodal/Theorems/Propositional/Core.lean::Theories/Bimodal/Theorems/Propositional/Core.lean:340:0: warning: Please, write a comment here or remove this line, but do not place empty lines within commands!
Theories/Bimodal/Theorems/Propositional/Core.lean::Context:
Theories/Bimodal/Theorems/Propositional/Core.lean::              ↓
Theories/Bimodal/Theorems/Propositional/Core.lean::  ⏎    raa A B⏎⏎  have flip_inst : ⊢ (A.imp (A.neg.imp B)).imp (A.neg.imp (A.imp B)) :=⏎
Theories/Bimodal/Theorems/Propositional/Core.lean::
Theories/Bimodal/Theorems/Propositional/Core.lean::Note: This linter can be disabled with `set_option linter.style.emptyLine false`
Theories/Bimodal/Theorems/Propositional/Core.lean::Theories/Bimodal/Theorems/Propositional/Core.lean:343:0: warning: Please, write a comment here or remove this line, but do not place empty lines within commands!
Theories/Bimodal/Theorems/Propositional/Core.lean::Context:
Theories/Bimodal/Theorems/Propositional/Core.lean::                                              ↓
Theories/Bimodal/Theorems/Propositional/Core.lean::  ⏎    @theorem_flip FrameClass.Base A A.neg B⏎⏎  exact DerivationTree.modus_ponens [] _ _ flip_inst raa_inst⏎
Theories/Bimodal/Theorems/Propositional/Core.lean::
Theories/Bimodal/Theorems/Propositional/Core.lean::Note: This linter can be disabled with `set_option linter.style.emptyLine false`
Theories/Bimodal/Theorems/Propositional/Core.lean::Theories/Bimodal/Theorems/Propositional/Core.lean:367:0: warning: Please, write a comment here or remove this line, but do not place empty lines within commands!
Theories/Bimodal/Theorems/Propositional/Core.lean::Context:
Theories/Bimodal/Theorems/Propositional/Core.lean::                      ↓
Theories/Bimodal/Theorems/Propositional/Core.lean::  ⏎  unfold Formula.or⏎⏎  -- Goal: [A] ⊢ ¬A → B⏎
Theories/Bimodal/Theorems/Propositional/Core.lean::
Theories/Bimodal/Theorems/Propositional/Core.lean::Note: This linter can be disabled with `set_option linter.style.emptyLine false`
Theories/Bimodal/Theorems/Propositional/Core.lean::Theories/Bimodal/Theorems/Propositional/Core.lean:374:0: warning: Please, write a comment here or remove this line, but do not place empty lines within commands!
Theories/Bimodal/Theorems/Propositional/Core.lean::Context:
Theories/Bimodal/Theorems/Propositional/Core.lean::                                                              ↓
Theories/Bimodal/Theorems/Propositional/Core.lean::  ⏎  -- Strategy: From EFQ and A in context, derive the result⏎⏎  have efq_inst : ⊢ A.neg.imp (A.imp B) :=⏎
Theories/Bimodal/Theorems/Propositional/Core.lean::
Theories/Bimodal/Theorems/Propositional/Core.lean::Note: This linter can be disabled with `set_option linter.style.emptyLine false`
Theories/Bimodal/Theorems/Propositional/Core.lean::Theories/Bimodal/Theorems/Propositional/Core.lean:377:0: warning: Please, write a comment here or remove this line, but do not place empty lines within commands!
Theories/Bimodal/Theorems/Propositional/Core.lean::Context:
Theories/Bimodal/Theorems/Propositional/Core.lean::                  ↓
Theories/Bimodal/Theorems/Propositional/Core.lean::  ⏎    efq_neg A B⏎⏎  -- Get A from context⏎
Theories/Bimodal/Theorems/Propositional/Core.lean::
Theories/Bimodal/Theorems/Propositional/Core.lean::Note: This linter can be disabled with `set_option linter.style.emptyLine false`
Theories/Bimodal/Theorems/Propositional/Core.lean::Theories/Bimodal/Theorems/Propositional/Core.lean:382:0: warning: Please, write a comment here or remove this line, but do not place empty lines within commands!
Theories/Bimodal/Theorems/Propositional/Core.lean::Context:
Theories/Bimodal/Theorems/Propositional/Core.lean::           ↓
Theories/Bimodal/Theorems/Propositional/Core.lean::  ⏎    simp⏎⏎  -- Weaken EFQ to context [A]⏎
Theories/Bimodal/Theorems/Propositional/Core.lean::
Theories/Bimodal/Theorems/Propositional/Core.lean::Note: This linter can be disabled with `set_option linter.style.emptyLine false`
Theories/Bimodal/Theorems/Propositional/Core.lean::Theories/Bimodal/Theorems/Propositional/Core.lean:386:0: warning: Please, write a comment here or remove this line, but do not place empty lines withi::3
Theories/Bimodal/Syntax/Formula.lean::3
Theories/Bimodal/Syntax/Formula.lean::3
Theories/Bimodal/Syntax/Formula.lean::3
Theories/Bimodal/Syntax/Formula.lean::3
Theories/Bimodal/Syntax/Formula.lean::3
Theories/Bimodal/Syntax/Formula.lean::4
Theories/Bimodal/Syntax/Formula.lean::4
Theories/Bimodal/Syntax/Formula.lean::2
Theories/Bimodal/Syntax/Formula.lean::2
Theories/Bimodal/Syntax/Formula.lean::2
Theories/Bimodal/Syntax/Formula.lean::2
Theories/Bimodal/Syntax/Formula.lean::2
Theories/Bimodal/Syntax/Formula.lean::2
Theories/Bimodal/Syntax/Formula.lean::2
Theories/Bimodal/Syntax/Formula.lean::Theories/Bimodal/Syntax/Formula.lean:656:100: warning: This line exceeds the 100 character limit, please shorten it!
Theories/Bimodal/Syntax/Formula.lean::
Theories/Bimodal/Syntax/Formula.lean::Note: This linter can be disabled with `set_option linter.style.longLine false`
Theories/Bimodal/Syntax/Formula.lean::Theories/Bimodal/Syntax/Formula.lean:661:100: warning: This line exceeds the 100 character limit, please shorten it!
Theories/Bimodal/Syntax/Formula.lean::
Theories/Bimodal/Syntax/Formula.lean::Note: This linter can be disabled with `set_option linter.style.longLine false`
n commands!
Theories/Bimodal/Theorems/Propositional/Core.lean::Context:
Theories/Bimodal/Theorems/Propositional/Core.lean::                                                                  ↓
Theories/Bimodal/Theorems/Propositional/Core.lean::  ⏎    DerivationTree.weakening [] [A] _ efq_inst (by intro; simp)⏎⏎  -- We need: ¬A → B from ¬A → (A → B) and A⏎
Theories/Bimodal/Theorems/Propositional/Core.lean::
Theories/Bimodal/Theorems/Propositional/Core.lean::Note: This linter can be disabled with `set_option linter.style.emptyLine false`
Theories/Bimodal/Theorems/Propositional/Core.lean::Theories/Bimodal/Theorems/Propositional/Core.lean:392:0: warning: Please, write a comment here or remove this line, but do not place empty lines within commands!
Theories/Bimodal/Theorems/Propositional/Core.lean::Context:
Theories/Bimodal/Theorems/Propositional/Core.lean::                                                                 ↓
Theories/Bimodal/Theorems/Propositional/Core.lean::  ⏎    DerivationTree.axiom [] _ (Axiom.prop_k A.neg A B) trivial⏎⏎  -- Weaken to context⏎
Theories/Bimodal/Theorems/Propositional/Core.lean::
Theories/Bimodal/Theorems/Propositional/Core.lean::Note: This linter can be disabled with `set_option linter.style.emptyLine false`
Theories/Bimodal/Theorems/Propositional/Core.lean::Theories/Bimodal/Theorems/Propositional/Core.lean:396:0: warning: Please, write a comment here or remove this line, but do not place empty lines within commands!
Theories/Bimodal/Theorems/Propositional/Core.lean::Context:
Theories/Bimodal/Theorems/Propositional/Core.lean::                                                                ↓
Theories/Bimodal/Theorems/Propositional/Core.lean::  ⏎    DerivationTree.weakening [] [A] _ k_inst (by intro; simp)⏎⏎  -- Apply MP⏎
Theories/Bimodal/Theorems/Propositional/Core.lean::
Theories/Bimodal/Theorems/Propositional/Core.lean::Note: This linter can be disabled with `set_option linter.style.emptyLine false`
Theories/Bimodal/Theorems/Propositional/Core.lean::Theories/Bimodal/Theorems/Propositional/Core.lean:400:0: warning: Please, write a comment here or remove this line, but do not place empty lines within commands!
Theories/Bimodal/Theorems/Propositional/Core.lean::Context:
Theories/Bimodal/Theorems/Propositional/Core.lean::                                                        ↓
Theories/Bimodal/Theorems/Propositional/Core.lean::  ⏎    DerivationTree.modus_ponens [A] _ _ k_ctx efq_ctx⏎⏎  -- Now we need: ¬A → A⏎
Theories/Bimodal/Theorems/Propositional/Core.lean::
Theories/Bimodal/Theorems/Propositional/Core.lean::Note: This linter can be disabled with `set_option linter.style.emptyLine false`
Theories/Bimodal/Theorems/Propositional/Core.lean::Theories/Bimodal/Theorems/Propositional/Core.lean:405:0: warning: Please, write a comment here or remove this line, but do not place empty lines within commands!
Theories/Bimodal/Theorems/Propositional/Core.lean::Context:
Theories/Bimodal/Theorems/Propositional/Core.lean::                                                               ↓
Theories/Bimodal/Theorems/Propositional/Core.lean::  ⏎    DerivationTree.axiom [] _ (Axiom.prop_s A A.neg) trivial⏎⏎  -- Weaken to context⏎
Theories/Bimodal/Theorems/Propositional/Core.lean::
Theories/Bimodal/Theorems/Propositional/Core.lean::Note: This linter can be disabled with `set_option linter.style.emptyLine false`
Theories/Bimodal/Theorems/Propositional/Core.lean::Theories/Bimodal/Theorems/Propositional/Core.lean:409:0: warning: Please, write a comment here or remove this line, but do not place empty lines within commands!
Theories/Bimodal/Theorems/Propositional/Core.lean::Context:
Theories/Bimodal/Theorems/Propositional/Core.lean::                                                                ↓
Theories/Bimodal/Theorems/Propositional/Core.lean::  ⏎    DerivationTree.weakening [] [A] _ s_inst (by intro; simp)⏎⏎  -- Apply MP to get ¬A → A⏎
Theories/Bimodal/Theorems/Propositional/Core.lean::
Theories/Bimodal/Theorems/Propositional/Core.lean::Note: This linter can be disabled with `set_option linter.style.emptyLine false`
Theories/Bimodal/Theorems/Propositional/Core.lean::Theories/Bimodal/Theorems/Propositional/Core.lean:413:0: warning: Please, write a comment here or remove this line, but do not place empty lines within commands!
Theories/Bimodal/Theorems/Propositional/Core.lean::Context:
Theories/Bimodal/Theorems/Propositional/Core.lean::                                                    ↓
Theories/Bimodal/Theorems/Propositional/Core.lean::  ⏎    DerivationTree.modus_ponens [A] A _ s_ctx h_a⏎⏎  -- Finally, apply MP to get ¬A → B⏎
Theories/Bimodal/Theorems/Propositional/Core.lean::
Theories/Bimodal/Theorems/Propositional/Core.lean::Note: This linter can be disabled with `set_option linter.style.emptyLine false`
Theories/Bimodal/Theorems/Propositional/Core.lean::Theories/Bimodal/Theorems/Propositional/Core.lean:430:0: warning: Please, write a comment here or remove this line, but do not place empty lines within commands!
Theories/Bimodal/Theorems/Propositional/Core.lean::Context:
Theories/Bimodal/Theorems/Propositional/Core.lean::                      ↓
Theories/Bimodal/Theorems/Propositional/Core.lean::  ⏎  unfold Formula.or⏎⏎  -- Goal: [B] ⊢ ¬A → B⏎
Theories/Bimodal/Theorems/Propositional/Core.lean::
Theories/Bimodal/Theorems/Propositional/Core.lean::Note: This linter can be disabled with `set_option linter.style.emptyLine false`
Theories/Bimodal/Theorems/Propositional/Core.lean::Theories/Bimodal/Theorems/Propositional/Core.lean:436:0: warning: Please, write a comment here or remove this line, but do not place empty lines within commands!
Theories/Bimodal/Theorems/Propositional/Core.lean::Context:
Theories/Bimodal/Theorems/Propositional/Core.lean::                                                               ↓
Theories/Bimodal/Theorems/Propositional/Core.lean::  ⏎    DerivationTree.axiom [] _ (Axiom.prop_s B A.neg) trivial⏎⏎  -- Get B from context⏎
Theories/Bimodal/Theorems/Propositional/Core.lean::
Theories/Bimodal/Theorems/Propositional/Core.lean::Note: This linter can be disabled with `set_option linter.style.emptyLine false`
Theories/Bimodal/Theorems/Propositional/Core.lean::Theories/Bimodal/Theorems/Propositional/Core.lean:441:0: warning: Please, write a comment here or remove this line, but do not place empty lines within commands!
Theories/Bimodal/Theorems/Propositional/Core.lean::Context:
Theories/Bimodal/Theorems/Propositional/Core.lean::           ↓
Theories/Bimodal/Theorems/Propositional/Core.lean::  ⏎    simp⏎⏎  -- Weaken s_inst to context⏎
Theories/Bimodal/Theorems/Propositional/Core.lean::
Theories/Bimodal/Theorems/Propositional/Core.lean::Note: This linter can be disabled with `set_option linter.style.emptyLine false`
Theories/Bimodal/Theorems/Propositional/Core.lean::Theories/Bimodal/Theorems/Propositional/Core.lean:445:0: warning: Please, write a comment here or remove this line, but do not place empty lines within commands!
Theories/Bimodal/Theorems/Propositional/Core.lean::Context:
Theories/Bimodal/Theorems/Propositional/Core.lean::                                                                ↓
Theories/Bimodal/Theorems/Propositional/Core.lean::  ⏎    DerivationTree.weakening [] [B] _ s_inst (by intro; simp)⏎⏎  -- Apply MP⏎
Theories/Bimodal/Theorems/Propositional/Core.lean::
Theories/Bimodal/Theorems/Propositional/Core.lean::Note: This linter can be disabled with `set_option linter.style.emptyLine false`
Theories/Bimodal/Theorems/Propositional/Core.lean::Theories/Bimodal/Theorems/Propositional/Core.lean:469:0: warning: Please, write a comment here or remove this line, but do not place empty lines within commands!
Theories/Bimodal/Theorems/Propositional/Core.lean::Context:
Theories/Bimodal/Theorems/Propositional/Core.lean::            ↓
Theories/Bimodal/Theorems/Propositional/Core.lean::  ⏎    dni B⏎⏎  have dni_b_ctx : Γ ⊢ B.imp B.neg.neg :=⏎
Theories/Bimodal/Theorems/Propositional/Core.lean::
Theories/Bimodal/Theorems/Propositional/Core.lean::Note: This linter can be disabled with `set_option linter.style.emptyLine false`
Theories/Bimodal/Theorems/Propositional/Core.lean::Theories/Bimodal/Theorems/Propositional/Core.lean:472:0: warning: Please, write a comment here or remove this line, but do not place empty lines within commands!
Theories/Bimodal/Theorems/Propositional/Core.lean::Context:
Theories/Bimodal/Theorems/Propositional/Core.lean::                                                             ↓
Theories/Bimodal/Theorems/Propositional/Core.lean::  ⏎    DerivationTree.weakening [] Γ _ dni_b (by intro; simp)⏎⏎  -- Step 2: Contrapose h to get ¬¬B → ¬¬A⏎
Theories/Bimodal/Theorems/Propositional/Core.lean::
Theories/Bimodal/Theorems/Propositional/Core.lean::Note: This linter can be disabled with `set_option linter.style.emptyLine false`
Theories/Bimodal/Theorems/Propositional/Core.lean::Theories/Bimodal/Theorems/Propositional/Core.lean:476:0: warning: Please, write a comment here or remove this line, but do not place empty lines within commands!
Theories/Bimodal/Theorems/Propositional/Core.lean::Context:
Theories/Bimodal/Theorems/Propositional/Core.lean::                                                                       ↓
Theories/Bimodal/Theorems/Propositional/Core.lean::  ⏎  -- Apply contraposition: (A.neg → B.neg) → (B.neg.neg → A.neg.neg)⏎⏎  have contra_thm : ⊢ (A.neg.imp B.neg).imp (B.neg.neg.imp A.neg.neg) := by⏎
Theories/Bimodal/Theorems/Propositional/Core.lean::
Theories/Bimodal/Theorems/Propositional/Core.lean::Note: This linter can be disabled with `set_option linter.style.emptyLine false`
Theories/Bimodal/Theorems/Propositional/Core.lean::Theories/Bimodal/Theorems/Propositional/Core.lean:500:0: warning: Please, write a comment here or remove this line, but do not place empty lines within commands!
Theories/Bimodal/Theorems/Propositional/Core.lean::Context:
Theories/Bimodal/Theorems/Propositional/Core.lean::                                                       ↓
Theories/Bimodal/Theorems/Propositional/Core.lean::  ⏎    exact DerivationTree.modus_ponens [] _ _ flip bc⏎⏎  have contra_thm_ctx : Γ ⊢ (A.neg.imp B.neg).imp (B.neg.neg.imp A.neg.neg) :=⏎
Theories/Bimodal/Theorems/Propositional/Core.lean::
Theories/Bimodal/Theorems/Propositional/Core.lean::Note: This linter can be disabled with `set_option linter.style.emptyLine false`
Theories/Bimodal/Theorems/Propositional/Core.lean::Theories/Bimodal/Theorems/Propositional/Core.lean:503:0: warning: Please, write a comment here or remove this line, but do not place empty lines within commands!
Theories/Bimodal/Theorems/Propositional/Core.lean::Context:
Theories/Bimodal/Theorems/Propositional/Core.lean::                                                                  ↓
Theories/Bimodal/Theorems/Propositional/Core.lean::  ⏎    DerivationTree.weakening [] Γ _ contra_thm (by intro; simp)⏎⏎  have contraposed : Γ ⊢ B.neg.neg.imp A.neg.neg :=⏎
Theories/Bimodal/Theorems/Propositional/Core.lean::
Theories/Bimodal/Theorems/Propositional/Core.lean::Note: This linter can be disabled with `set_option linter.style.emptyLine false`
Theories/Bimodal/Theorems/Propositional/Core.lean::Theories/Bimodal/Theorems/Propositional/Core.lean:506:0: warning: Please, write a comment here or remove this line, but do not place empty lines within commands!
Theories/Bimodal/Theorems/Propositional/Core.lean::Context:
Theories/Bimodal/Theorems/Propositional/Core.lean::                                                         ↓
Theories/Bimodal/Theorems/Propositional/Core.lean::  ⏎    DerivationTree.modus_ponens Γ _ _ contra_thm_ctx h⏎⏎  -- Step 3: Compose B → ¬¬B → ¬¬A⏎
Theories/Bimodal/Theorems/Propositional/Core.lean::
Theories/Bimodal/Theorems/Propositional/Core.lean::Note: This linter can be disabled with `set_option linter.style.emptyLine false`
Theories/Bimodal/Theorems/Propositional/Core.lean::Theories/Bimodal/Theorems/Propositional/Core.lean:510:0: warning: Please, write a comment here or remove this line, but do not place empty lines within commands!
Theories/Bimodal/Theorems/Propositional/Core.lean::Context:
Theories/Bimodal/Theorems/Propositional/Core.lean::                                                          ↓
Theories/Bimodal/Theorems/Propositional/Core.lean::  ⏎    @b_combinator FrameClass.Base B B.neg.neg A.neg.neg⏎⏎  have b_comp1_ctx : Γ ⊢ (B.neg.neg.imp A.neg.neg).imp ((B.imp B.neg.neg).imp (B.imp A.neg.neg)) :=⏎
Theories/Bimodal/Theorems/Propositional/Core.lean::
Theories/Bimodal/Theorems/Propositional/Core.lean::Note: This linter can be disabled with `set_option linter.style.emptyLine false`
Theories/Bimodal/Theorems/Propositional/Core.lean::Theories/Bimodal/Theorems/Propositional/Core.lean:513:0: warning: Please, write a comment here or remove this line, but do not place empty lines within commands!
Theories/Bimodal/Theorems/Propositional/Core.lean::Context:
Theories/Bimodal/Theorems/Propositional/Core.lean::                                                               ↓
Theories/Bimodal/Theorems/Propositional/Core.lean::  ⏎    DerivationTree.weakening [] Γ _ b_comp1 (by intro; simp)⏎⏎  have step1 : Γ ⊢ (B.imp B.neg.neg).imp (B.imp A.neg.neg) :=⏎
Theories/Bimodal/Theorems/Propositional/Core.lean::
Theories/Bimodal/Theorems/Propositional/Core.lean::Note: This linter can be disabled with `set_option linter.style.emptyLine false`
Theories/Bimodal/Theorems/Propositional/Core.lean::Theories/Bimodal/Theorems/Propositional/Core.lean:516:0: warning: Please, write a comment here or remove this line, but do not place empty lines within commands!
Theories/Bimodal/Theorems/Propositional/Core.lean::Context:
Theories/Bimodal/Theorems/Propositional/Core.lean::                                                                ↓
Theories/Bimodal/Theorems/Propositional/Core.lean::  ⏎    DerivationTree.modus_ponens Γ _ _ b_comp1_ctx contraposed⏎⏎  have b_to_neg_neg_a : Γ ⊢ B.imp A.neg.neg :=⏎
Theories/Bimodal/Theorems/Propositional/Core.lean::
Theories/Bimodal/Theorems/Propositional/Core.lean::Note: This linter can be disabled with `set_option linter.style.emptyLine false`
Theories/Bimodal/Theorems/Propositional/Core.lean::Theories/Bimodal/Theorems/Propositional/Core.lean:519:0: warning: Please, write a comment here or remove this line, but do not place empty lines within commands!
Theories/Bimodal/Theorems/Propositional/Core.lean::Context:
Theories/Bimodal/Theorems/Propositional/Core.lean::                                                        ↓
Theories/Bimodal/Theorems/Propositional/Core.lean::  ⏎    DerivationTree.modus_ponens Γ _ _ step1 dni_b_ctx⏎⏎  -- Step 4: Apply DNE to A⏎
Theories/Bimodal/Theorems/Propositional/Core.lean::
Theories/Bimodal/Theorems/Propositional/Core.lean::Note: This linter can be disabled with `set_option linter.style.emptyLine false`
Theories/Bimodal/Theorems/Propositional/Core.lean::Theories/Bimodal/Theorems/Propositional/Core.lean:523:0: warning: Please, write a comment here or remove this line, but do not place empty lines within commands!
Theories/Bimodal/Theorems/Propositional/Core.lean::Context:
Theories/Bimodal/Theorems/Propositional/Core.lean::                        ↓
Theories/Bimodal/Theorems/Propositional/Core.lean::  ⏎    double_negation A⏎⏎  have dne_a_ctx : Γ ⊢ A.neg.neg.imp A :=⏎
Theories/Bimodal/Theorems/Propositional/Core.lean::
Theories/Bimodal/Theorems/Propositional/Core.lean::Note: This linter can be disabled with `set_option linter.style.emptyLine false`
Theories/Bimodal/Theorems/Propositional/Core.lean::Theories/Bimodal/Theorems/Propositional/Core.lean:526:0: warning: Please, write a comment here or remove this line, but do not place empty lines within commands!
Theories/Bimodal/Theorems/Propositional/Core.lean::Context:
Theories/Bimodal/Theorems/Propositional/Core.lean::                                                             ↓
Theories/Bimodal/Theorems/Propositional/Core.lean::  ⏎    DerivationTree.weakening [] Γ _ dne_a (by intro; simp)⏎⏎  -- Step 5: Compose B → ¬¬A → A⏎
Theories/Bimodal/Theorems/Propositional/Core.lean::
Theories/Bimodal/Theorems/Propositional/Core.lean::Note: This linter can be disabled with `set_option linter.style.emptyLine false`
Theories/Bimodal/Theorems/Propositional/Core.lean::Theories/Bimodal/Theorems/Propositional/Core.lean:530:0: warning: Please, write a comment here or remove this line, but do not place empty lines within commands!
Theories/Bimodal/Theorems/Propositional/Core.lean::Context:
Theories/Bimodal/Theorems/Propositional/Core.lean::                                                  ↓
Theories/Bimodal/Theorems/Propositional/Core.lean::  ⏎    @b_combinator FrameClass.Base B A.neg.neg A⏎⏎  have b_final_ctx : Γ ⊢ (A.neg.neg.imp A).imp ((B.imp A.neg.neg).imp (B.imp A)) :=⏎
Theories/Bimodal/Theorems/Propositional/Core.lean::
Theories/Bimodal/Theorems/Propositional/Core.lean::Note: This linter can be disabled with `set_option linter.style.emptyLine false`
Theories/Bimodal/Theorems/Propositional/Core.lean::Theories/Bimodal/Theorems/Propositional/Core.lean:533:0: warning: Please, write a comment here or remove this line, but do not place empty lines within commands!
Theories/Bimodal/Theorems/Propositional/Core.lean::Context:
Theories/Bimodal/Theorems/Propositional/Core.lean::                                                               ↓
Theories/Bimodal/Theorems/Propositional/Core.lean::  ⏎    DerivationTree.weakening [] Γ _ b_final (by intro; simp)⏎⏎  have step2 : Γ ⊢ (B.imp A.neg.neg).imp (B.imp A) :=⏎
Theories/Bimodal/Theorems/Propositional/Core.lean::
Theories/Bimodal/Theorems/Propositional/Core.lean::Note: This linter can be disabled with `set_option linter.style.emptyLine false`
Theories/Bimodal/Theorems/Propositional/Core.lean::Theories/Bimodal/Theorems/Propositional/Core.lean:536:0: warning: Please, write a comment here or remove this line, but do not place empty lines within commands!
Theories/Bimodal/Theorems/Propositional/Core.lean::Context:
Theories/Bimodal/Theorems/Propositional/Core.lean::                                                              ↓
Theories/Bimodal/Theorems/Propositional/Core.lean::  ⏎    DerivationTree.modus_ponens Γ _ _ b_final_ctx dne_a_ctx⏎⏎  exact DerivationTree.modus_ponens Γ _ _ step2 b_to_neg_neg_a⏎
Theories/Bimodal/Theorems/Propositional/Core.lean::
Theories/Bimodal/Theorems/Propositional/Core.lean::Note: This linter can be disabled with `set_option linter.style.emptyLine false`
Theories/Bimodal/Theorems/Propositional/Core.lean::Theories/Bimodal/Theorems/Propositional/Core.lean:561:0: warning: Please, write a comment here or remove this line, but do not place empty lines within commands!
Theories/Bimodal/Theorems/Propositional/Core.lean::Context:
Theories/Bimodal/Theorems/Propositional/Core.lean::           ↓
Theories/Bimodal/Theorems/Propositional/Core.lean::  ⏎    simp⏎⏎  -- Unfold conjunction: A ∧ B = (A → B.neg).neg⏎
Theories/Bimodal/Theorems/Propositional/Core.lean::
Theories/Bimodal/Theorems/Propositional/Core.lean::Note: This linter can be disabled with `set_option linter.style.emptyLine false`
Theories/Bimodal/Theorems/Propositional/Core.lean::Theories/Bimodal/Theorems/Propositional/Core.lean:566:0: warning: Please, write a comment here or remove this line, but do not place empty lines within commands!
Theories/Bimodal/Theorems/Propositional/Core.lean::Context:
Theories/Bimodal/Theorems/Propositional/Core.lean::                   ↓
Theories/Bimodal/Theorems/Propositional/Core.lean::  ⏎    exact h_conj⏎⏎  -- We need to show: A.neg → (A → B.neg)⏎
Theories/Bimodal/Theorems/Propositional/Core.lean::
Theories/Bimodal/Theorems/Propositional/Core.lean::Note: This linter can be disabled with `set_option linter.style.emptyLine false`
Theories/Bimodal/Theorems/Propositional/Core.lean::Theories/Bimodal/Theorems/Propositional/Core.lean:571:0: warning: Please, write a comment here or remove this line, but do not place empty lines within commands!
Theories/Bimodal/Theorems/Propositional/Core.lean::Context:
Theories/Bimodal/Theorems/Propositional/Core.lean::                      ↓
Theories/Bimodal/Theorems/Propositional/Core.lean::  ⏎    efq_neg A B.neg⏎⏎  have efq_ctx : [A.and B] ⊢ A.neg.imp (A.imp B.neg) :=⏎
Theories/Bimodal/Theorems/Propositional/Core.lean::
Theories/Bimodal/Theorems/Propositional/Core.lean::Note: This linter can be disabled with `set_option linter.style.emptyLine false`
Theories/Bimodal/Theorems/Propositional/Core.lean::Theories/Bimodal/Theorems/Propositional/Core.lean:574:0: warning: Please, write a comment here or remove this line, but do not place empty lines within commands!
Theories/Bimodal/Theorems/Propositional/Core.lean::Context:
Theories/Bimodal/Theorems/Propositional/Core.lean::                                                                          ↓
Theories/Bimodal/Theorems/Propositional/Core.lean::  ⏎    DerivationTree.weakening [] [A.and B] _ efq_helper (by intro; simp)⏎⏎  -- Now we need: (A.neg → (A → B.neg)) → ((A → B.neg).neg → A.neg.neg)⏎
Theories/Bimodal/Theorems/Propositional/Core.lean::
Theories/Bimodal/Theorems/Propositional/Core.lean::Note: This linter can be disabled with `set_option linter.style.emptyLine false`
Theories/Bimodal/Theorems/Propositional/Core.lean::Theories/Bimodal/Theorems/Propositional/Core.lean:598:0: warning: Please, write a comment here or remove this line, but do not place empty lines within commands!
Theories/Bimodal/Theorems/Propositional/Core.lean::Context:
Theories/Bimodal/Theorems/Propositional/Core.lean::                                                       ↓
Theories/Bimodal/Theorems/Propositional/Core.lean::  ⏎    exact DerivationTree.modus_ponens [] _ _ flip bc⏎⏎  have contra_step_ctx :⏎
Theories/Bimodal/Theorems/Propositional/Core.lean::
Theories/Bimodal/Theorems/Propositional/Core.lean::Note: This linter can be disabled with `set_option linter.style.emptyLine false`
Theories/Bimodal/Theorems/Propositional/Core.lean::Theories/Bimodal/Theorems/Propositional/Core.lean:602:0: warning: Please, write a comment here or remove this line, but do not place empty lines within commands!
Theories/Bimodal/Theorems/Propositional/Core.lean::Context:
Theories/Bimodal/Theorems/Propositional/Core.lean::                                                                           ↓
Theories/Bimodal/Theorems/Propositional/Core.lean::  ⏎    DerivationTree.weakening [] [A.and B] _ contra_step (by intro; simp)⏎⏎  -- Apply MP to get (A → B.neg).neg → A.neg.neg⏎
Theories/Bimodal/Theorems/Propositional/Core.lean::
Theories/Bimodal/Theorems/Propositional/Core.lean::Note: This linter can be disabled with `set_option linter.style.emptyLine false`
Theories/Bimodal/Theorems/Propositional/Core.lean::Theories/Bimodal/Theorems/Propositional/Core.lean:606:0: warning: Please, write a comment here or remove this line, but do not place empty lines within commands!
Theories/Bimodal/Theorems/Propositional/Core.lean::Context:
Theories/Bimodal/Theorems/Propositional/Core.lean::                                                                        ↓
Theories/Bimodal/Theorems/Propositional/Core.lean::  ⏎    DerivationTree.modus_ponens [A.and B] _ _ contra_step_ctx efq_ctx⏎⏎  -- Apply MP with conjunction to get A.neg.neg⏎
Theories/Bimodal/Theorems/Propositional/Core.lean::
Theories/Bimodal/Theorems/Propositional/Core.lean::Note: This linter can be disabled with `set_option linter.style.emptyLine false`
Theories/Bimodal/Theorems/Propositional/Core.lean::Theories/Bimodal/Theorems/Propositional/Core.lean:610:0: warning: Please, write a comment here or remove this line, but do not place empty lines within commands!
Theories/Bimodal/Theorems/Propositional/Core.lean::Context:
Theories/Bimodal/Theorems/Propositional/Core.lean::                                                                 ↓
Theories/Bimodal/Theorems/Propositional/Core.lean::  ⏎    DerivationTree.modus_ponens [A.and B] _ _ step1 h_conj_unf⏎⏎  -- Apply DNE⏎
Theories/Bimodal/Theorems/Propositional/Core.lean::
Theories/Bimodal/Theorems/Propositional/Core.lean::Note: This linter can be disabled with `set_option linter.style.emptyLine false`
Theories/Bimodal/Theorems/Propositional/Core.lean::Theories/Bimodal/Theorems/Propositional/Core.lean:614:0: warning: Please, write a comment here or remove this line, but do not place empty lines within commands!
Theories/Bimodal/Theorems/Propositional/Core.lean::Context:
Theories/Bimodal/Theorems/Propositional/Core.lean::                        ↓
Theories/Bimodal/Theorems/Propositional/Core.lean::  ⏎    double_negation A⏎⏎  have dne_a_ctx : [A.and B] ⊢ A.neg.neg.imp A :=⏎
Theories/Bimodal/Theorems/Propositional/Core.lean::
Theories/Bimodal/Theorems/Propositional/Core.lean::Note: This linter can be disabled with `set_option linter.style.emptyLine false`
Theories/Bimodal/Theorems/Propositional/Core.lean::Theories/Bimodal/Theorems/Propositional/Core.lean:617:0: warning: Please, write a comment here or remove this line, but do not place empty lines within commands!
Theories/Bimodal/Theorems/Propositional/Core.lean::Context:
Theories/Bimodal/Theorems/Propositional/Core.lean::                                                                     ↓
Theories/Bimodal/Theorems/Propositional/Core.lean::  ⏎    DerivationTree.weakening [] [A.and B] _ dne_a (by intro; simp)⏎⏎  exact DerivationTree.modus_ponens [A.and B] _ _ dne_a_ctx neg_neg_a⏎
Theories/Bimodal/Theorems/Propositional/Core.lean::
Theories/Bimodal/Theorems/Propositional/Core.lean::Note: This linter can be disabled with `set_option linter.style.emptyLine false`
Theories/Bimodal/Theorems/Propositional/Core.lean::Theories/Bimodal/Theorems/Propositional/Core.lean:640:0: warning: Please, write a comment here or remove this line, but do not place empty lines within commands!
Theories/Bimodal/Theorems/Propositional/Core.lean::Context:
Theories/Bimodal/Theorems/Propositional/Core.lean::           ↓
Theories/Bimodal/Theorems/Propositional/Core.lean::  ⏎    simp⏎⏎  -- Unfold conjunction⏎
Theories/Bimodal/Theorems/Propositional/Core.lean::
Theories/Bimodal/Theorems/Propositional/Core.lean::Note: This linter can be disabled with `set_option linter.style.emptyLine false`
Theories/Bimodal/Theorems/Propositional/Core.lean::Theories/Bimodal/Theorems/Propositional/Core.lean:645:0: warning: Please, write a comment here or remove this line, but do not place empty lines within commands!
Theories/Bimodal/Theorems/Propositional/Core.lean::Context:
Theories/Bimodal/Theorems/Propositional/Core.lean::                   ↓
Theories/Bimodal/Theorems/Propositional/Core.lean::  ⏎    exact h_conj⏎⏎  -- We need: B.neg → (A → B.neg)⏎
Theories/Bimodal/Theorems/Propositional/Core.lean::
Theories/Bimodal/Theorems/Propositional/Core.lean::Note: This linter can be disabled with `set_option linter.style.emptyLine false`
Theories/Bimodal/Theorems/Propositional/Core.lean::Theories/Bimodal/Theorems/Propositional/Core.lean:650:0: warning: Please, write a comment here or remove this line, but do not place empty lines within commands!
Theories/Bimodal/Theorems/Propositional/Core.lean::Context:
Theories/Bimodal/Theorems/Propositional/Core.lean::                                                               ↓
Theories/Bimodal/Theorems/Propositional/Core.lean::  ⏎    DerivationTree.axiom [] _ (Axiom.prop_s B.neg A) trivial⏎⏎  have s_ctx : [A.and B] ⊢ B.neg.imp (A.imp B.neg) :=⏎
Theories/Bimodal/Theorems/Propositional/Core.lean::
Theories/Bimodal/Theorems/Propositional/Core.lean::Note: This linter can be disabled with `set_option linter.style.emptyLine false`
Theories/Bimodal/Theorems/Propositional/Core.lean::Theories/Bimodal/Theorems/Propositional/Core.lean:653:0: warning: Please, write a comment here or remove this line, but do not place empty lines within commands!
Theories/Bimodal/Theorems/Propositional/Core.lean::Context:
Theories/Bimodal/Theorems/Propositional/Core.lean::                                                                        ↓
Theories/Bimodal/Theorems/Propositional/Core.lean::  ⏎    DerivationTree.weakening [] [A.and B] _ s_helper (by intro; simp)⏎⏎  -- Contrapose: (B.neg → (A → B.neg)) → ((A → B.neg).neg → B.neg.neg)⏎
Theories/Bimodal/Theorems/Propositional/Core.lean::
Theories/Bimodal/Theorems/Propositional/Core.lean::Note: This linter can be disabled with `set_option linter.style.emptyLine false`
Theories/Bimodal/Theorems/Propositional/Core.lean::Theories/Bimodal/Theorems/Propositional/Core.lean:676:0: warning: Please, write a comment here or remove this line, but do not place empty lines within commands!
Theories/Bimodal/Theorems/Propositional/Core.lean::Context:
Theories/Bimodal/Theorems/Propositional/Core.lean::                                                       ↓
Theories/Bimodal/Theorems/Propositional/Core.lean::  ⏎    exact DerivationTree.modus_ponens [] _ _ flip bc⏎⏎  have contra_step_ctx :⏎
Theories/Bimodal/Theorems/Propositional/Core.lean::
Theories/Bimodal/Theorems/Propositional/Core.lean::Note: This linter can be disabled with `set_option linter.style.emptyLine false`
Theories/Bimodal/Theorems/Propositional/Core.lean::Theories/Bimodal/Theorems/Propositional/Core.lean:680:0: warning: Please, write a comment here or remove this line, but do not place empty lines within commands!
Theories/Bimodal/Theorems/Propositional/Core.lean::Context:
Theories/Bimodal/Theorems/Propositional/Core.lean::                                                                           ↓
Theories/Bimodal/Theorems/Propositional/Core.lean::  ⏎    DerivationTree.weakening [] [A.and B] _ contra_step (by intro; simp)⏎⏎  -- Apply MP⏎
Theories/Bimodal/Theorems/Propositional/Core.lean::
Theories/Bimodal/Theorems/Propositional/Core.lean::Note: This linter can be disabled with `set_option linter.style.emptyLine false`
Theories/Bimodal/Theorems/Propositional/Core.lean::Theories/Bimodal/Theorems/Propositional/Core.lean:684:0: warning: Please, write a comment here or remove this line, but do not place empty lines within commands!
Theories/Bimodal/Theorems/Propositional/Core.lean::Context:
Theories/Bimodal/Theorems/Propositional/Core.lean::                                                                      ↓
Theories/Bimodal/Theorems/Propositional/Core.lean::  ⏎    DerivationTree.modus_ponens [A.and B] _ _ contra_step_ctx s_ctx⏎⏎  -- Apply MP with conjunction⏎
Theories/Bimodal/Theorems/Propositional/Core.lean::
Theories/Bimodal/Theorems/Propositional/Core.lean::Note: This linter can be disabled with `set_option linter.style.emptyLine false`
Theories/Bimodal/Theorems/Propositional/Core.lean::Theories/Bimodal/Theorems/Propositional/Core.lean:688:0: warning: Please, write a comment here or remove this line, but do not place empty lines within commands!
Theories/Bimodal/Theorems/Propositional/Core.lean::Context:
Theories/Bimodal/Theorems/Propositional/Core.lean::                                                                 ↓
Theories/Bimodal/Theorems/Propositional/Core.lean::  ⏎    DerivationTree.modus_ponens [A.and B] _ _ step1 h_conj_unf⏎⏎  -- Apply DNE⏎
Theories/Bimodal/Theorems/Propositional/Core.lean::
Theories/Bimodal/Theorems/Propositional/Core.lean::Note: This linter can be disabled with `set_option linter.style.emptyLine false`
Theories/Bimodal/Theorems/Propositional/Core.lean::Theories/Bimodal/Theorems/Propositional/Core.lean:692:0: warning: Please, write a comment here or remove this line, but do not place empty lines within commands!
Theories/Bimodal/Theorems/Propositional/Core.lean::Context:
Theories/Bimodal/Theorems/Propositional/Core.lean::                        ↓
Theories/Bimodal/Theorems/Propositional/Core.lean::  ⏎    double_negation B⏎⏎  have dne_b_ctx : [A.and B] ⊢ B.neg.neg.imp B :=⏎
Theories/Bimodal/Theorems/Propositional/Core.lean::
Theories/Bimodal/Theorems/Propositional/Core.lean::Note: This linter can be disabled with `set_option linter.style.emptyLine false`
Theories/Bimodal/Theorems/Propositional/Core.lean::Theories/Bimodal/Theorems/Propositional/Core.lean:695:0: warning: Please, write a comment here or remove this line, but do not place empty lines within commands!
Theories/Bimodal/Theorems/Propositional/Core.lean::Context:
Theories/Bimodal/Theorems/Propositional/Core.lean::                                                                     ↓
Theories/Bimodal/Theorems/Propositional/Core.lean::  ⏎    DerivationTree.weakening [] [A.and B] _ dne_b (by intro; simp)⏎⏎  exact DerivationTree.modus_ponens [A.and B] _ _ dne_b_ctx neg_neg_b⏎
Theories/Bimodal/Theorems/Propositional/Core.lean::
Theories/Bimodal/Theorems/Propositional/Core.lean::Note: This linter can be disabled with `set_option linter.style.emptyLine false`
Theories/Bimodal/Theorems/Propositional/Core.lean::Theories/Bimodal/Theorems/Propositional/Core.lean:715:100: warning: This line exceeds the 100 character limit, please shorten it!
Theories/Bimodal/Theorems/Propositional/Core.lean::
Theories/Bimodal/Theorems/Propositional/Core.lean::Note: This linter can be disabled with `set_option linter.style.longLine false`
Theories/Bimodal/Theorems/Propositional/Core.lean::Theories/Bimodal/Theorems/Propositional/Core.lean:734:100: warning: This line exceeds the 100 character limit, please shorten it!
Theories/Bimodal/Theorems/Propositional/Core.lean::
Theories/Bimodal/Theorems/Propositional/Core.lean::Note: This linter can be disabled with `set_option linter.style.longLine false`
Theories/Bimodal/Theorems/Propositional/Reasoning.lean::Theories/Bimodal/Theorems/Propositional/Reasoning.lean:66:100: warning: This line exceeds the 100 character limit, please shorten it!
Theories/Bimodal/Theorems/Propositional/Reasoning.lean::
Theories/Bimodal/Theorems/Propositional/Reasoning.lean::Note: This linter can be disabled with `set_option linter.style.longLine false`
Theories/Bimodal/Theorems/Propositional/Reasoning.lean::Theories/Bimodal/Theorems/Propositional/Reasoning.lean:121:0: warning: Please, write a comment here or remove this line, but do not place empty lines within commands!
Theories/Bimodal/Theorems/Propositional/Reasoning.lean::Context:
Theories/Bimodal/Theorems/Propositional/Reasoning.lean::                                                         ↓
Theories/Bimodal/Theorems/Propositional/Reasoning.lean::  ⏎    exact DerivationTree.modus_ponens _ _ _ step1 h_ba⏎⏎  -- Apply deduction theorem: [(A → B)] ⊢ (B → A) → ((A → B) ∧ (B → A))⏎
Theories/Bimodal/Theorems/Propositional/Reasoning.lean::
Theories/Bimodal/Theorems/Propositional/Reasoning.lean::Note: This linter can be disabled with `set_option linter.style.emptyLine false`
Theories/Bimodal/Theorems/Propositional/Reasoning.lean::Theories/Bimodal/Theorems/Propositional/Reasoning.lean:125:0: warning: Please, write a comment here or remove this line, but do not place empty lines within commands!
Theories/Bimodal/Theorems/Propositional/Reasoning.lean::Context:
Theories/Bimodal/Theorems/Propositional/Reasoning.lean::                                                                                ↓
Theories/Bimodal/Theorems/Propositional/Reasoning.lean::  ⏎    Bimodal.Metalogic.Core.deduction_theorem [(A.imp B)] (B.imp A) _ h_in_ctx⏎⏎  -- Apply deduction theorem: [] ⊢ (A → B) → ((B → A) → ((A → B) ∧ (B → A)))⏎
Theories/Bimodal/Theorems/Propositional/Reasoning.lean::
Theories/Bimodal/Theorems/Propositional/Reasoning.lean::Note: This linter can be disabled with `set_option linter.style.emptyLine false`
Theories/Bimodal/Theorems/Propositional/Reasoning.lean::Theories/Bimodal/Theorems/Propositional/Reasoning.lean:95:100: warning: This line exceeds the 100 character limit, please shorten it!
Theories/Bimodal/Theorems/Propositional/Reasoning.lean::
Theories/Bimodal/Theorems/Propositional/Reasoning.lean::Note: This linter can be disabled with `set_option linter.style.longLine false`
Theories/Bimodal/Theorems/Propositional/Reasoning.lean::Theories/Bimodal/Theorems/Propositional/Reasoning.lean:155:0: warning: Please, write a comment here or remove this line, but do not place empty lines within commands!
Theories/Bimodal/Theorems/Propositional/Reasoning.lean::Context:
Theories/Bimodal/Theorems/Propositional/Reasoning.lean::                                                        ↓
Theories/Bimodal/Theorems/Propositional/Reasoning.lean::  ⏎    Bimodal.Metalogic.Core.deduction_theorem Γ A C h1⏎⏎  -- Apply deduction theorem to get Γ ⊢ B → C⏎
Theories/Bimodal/Theorems/Propositional/Reasoning.lean::
Theories/Bimodal/Theorems/Propositional/Reasoning.lean::Note: This linter can be disabled with `set_option linter.style.emptyLine false`
Theories/Bimodal/Theorems/Propositional/Reasoning.lean::Theories/Bimodal/Theorems/Propositional/Reasoning.lean:159:0: warning: Please, write a comment here or remove this line, but do not place empty lines within commands!
Theories/Bimodal/Theorems/Propositional/Reasoning.lean::Context:
Theories/Bimodal/Theorems/Propositional/Reasoning.lean::                                                        ↓
Theories/Bimodal/Theorems/Propositional/Reasoning.lean::  ⏎    Bimodal.Metalogic.Core.deduction_theorem Γ B C h2⏎⏎  -- Weaken A → C to context ((A.or B) :: Γ)⏎
Theories/Bimodal/Theorems/Propositional/Reasoning.lean::
Theories/Bimodal/Theorems/Propositional/Reasoning.lean::Note: This linter can be disabled with `set_option linter.style.emptyLine false`
Theories/Bimodal/Theorems/Propositional/Reasoning.lean::Theories/Bimodal/Theorems/Propositional/Reasoning.lean:163:0: warning: Please, write a comment here or remove this line, but do not place empty lines within commands!
Theories/Bimodal/Theorems/Propositional/Reasoning.lean::Context:
Theories/Bimodal/Theorems/Propositional/Reasoning.lean::                                                                               ↓
Theories/Bimodal/Theorems/Propositional/Reasoning.lean::  ⏎    DerivationTree.weakening Γ _ _ ac (by intro x hx; simp; right; exact hx)⏎⏎  -- Weaken B → C to context ((A.or B) :: Γ)⏎
Theories/Bimodal/Theorems/Propositional/Reasoning.lean::
Theories/Bimodal/Theorems/Propositional/Reasoning.lean::Note: This linter can be disabled with `set_option linter.style.emptyLine false`
Theories/Bimodal/Theorems/Propositional/Reasoning.lean::Theories/Bimodal/Theorems/Propositional/Reasoning.lean:167:0: warning: Please, write a comment here or remove this line, but do not place empty lines within commands!
Theories/Bimodal/Theorems/Propositional/Reasoning.lean::Context:
Theories/Bimodal/Theorems/Propositional/Reasoning.lean::                                                                               ↓
Theories/Bimodal/Theorems/Propositional/Reasoning.lean::  ⏎    DerivationTree.weakening Γ _ _ bc (by intro x hx; simp; right; exact hx)⏎⏎  -- Get A ∨ B from context⏎
Theories/Bimodal/Theorems/Propositional/Reasoning.lean::
Theories/Bimodal/Theorems/Propositional/Reasoning.lean::Note: This linter can be disabled with `set_option linter.style.emptyLine false`
Theories/Bimodal/Theorems/Propositional/Reasoning.lean::Theories/Bimodal/Theorems/Propositional/Reasoning.lean:172:0: warning: Please, write a comment here or remove this line, but do not place empty lines within commands!
Theories/Bimodal/Theorems/Propositional/Reasoning.lean::Context:
Theories/Bimodal/Theorems/Propositional/Reasoning.lean::           ↓
Theories/Bimodal/Theorems/Propositional/Reasoning.lean::  ⏎    simp⏎⏎  -- A ∨ B = ¬A → B (by definition)⏎
Theories/Bimodal/Theorems/Propositional/Reasoning.lean::
Theories/Bimodal/Theorems/Propositional/Reasoning.lean::Note: This linter can be disabled with `set_option linter.style.emptyLine false`
Theories/Bimodal/Theorems/Propositional/Reasoning.lean::Theories/Bimodal/Theorems/Propositional/Reasoning.lean:179:0: warning: Please, write a comment here or remove this line, but do not place empty lines within commands!
Theories/Bimodal/Theorems/Propositional/Reasoning.lean::Context:
Theories/Bimodal/Theorems/Propositional/Reasoning.lean::                   ↓
Theories/Bimodal/Theorems/Propositional/Reasoning.lean::  ⏎    b_combinator⏎⏎  have b_ctx : ((A.or B) :: Γ) ⊢ (B.imp C).imp ((A.neg.imp B).imp (A.neg.imp C)) :=⏎
Theories/Bimodal/Theorems/Propositional/Reasoning.lean::
Theories/Bimodal/Theorems/Propositional/Reasoning.lean::Note: This linter can be disabled with `set_option linter.style.emptyLine false`
Theories/Bimodal/Theorems/Propositional/Reasoning.lean::Theories/Bimodal/Theorems/Propositional/Reasoning.lean:182:0: warning: Please, write a comment here or remove this line, but do not place empty lines within commands!
Theories/Bimodal/Theorems/Propositional/Reasoning.lean::Context:
Theories/Bimodal/Theorems/Propositional/Reasoning.lean::                                                                 ↓
Theories/Bimodal/Theorems/Propositional/Reasoning.lean::  ⏎    DerivationTree.weakening [] _ _ b_inst (List.nil_subset _)⏎⏎  have step1 : ((A.or B) :: Γ) ⊢ (A.neg.imp B).imp (A.neg.imp C) :=⏎
Theories/Bimodal/Theorems/Propositional/Reasoning.lean::
Theories/Bimodal/Theorems/Propositional/Reasoning.lean::Note: This linter can be disabled with `set_option linter.style.emptyLine false`
Theories/Bimodal/Theorems/Propositional/Reasoning.lean::Theories/Bimodal/Theorems/Propositional/Reasoning.lean:185:0: warning: Please, write a comment here or remove this line, but do not place empty lines within commands!
Theories/Bimodal/Theorems/Propositional/Reasoning.lean::Context:
Theories/Bimodal/Theorems/Propositional/Reasoning.lean::                                                     ↓
Theories/Bimodal/Theorems/Propositional/Reasoning.lean::  ⏎    DerivationTree.modus_ponens _ _ _ b_ctx bc_ctx⏎⏎  -- h_disj : ((A.or B) :: Γ) ⊢ A.or B⏎
Theories/Bimodal/Theorems/Propositional/Reasoning.lean::
Theories/Bimodal/Theorems/Propositional/Reasoning.lean::Note: This linter can be disabled with `set_option linter.style.emptyLine false`
Theories/Bimodal/Theorems/Propositional/Reasoning.lean::Theories/Bimodal/Theorems/Propositional/Reasoning.lean:191:0: warning: Please, write a comment here or remove this line, but do not place empty lines within commands!
Theories/Bimodal/Theorems/Propositional/Reasoning.lean::Context:
Theories/Bimodal/Theorems/Propositional/Reasoning.lean::                   ↓
Theories/Bimodal/Theorems/Propositional/Reasoning.lean::  ⏎    exact h_disj⏎⏎  -- Get ¬A → C⏎
Theories/Bimodal/Theorems/Propositional/Reasoning.lean::
Theories/Bimodal/Theorems/Propositional/Reasoning.lean::Note: This linter can be disabled with `set_option linter.style.emptyLine false`
Theories/Bimodal/Theorems/Propositional/Reasoning.lean::Theories/Bimodal/Theorems/Propositional/Reasoning.lean:195:0: warning: Please, write a comment here or remove this line, but do not place empty lines within commands!
Theories/Bimodal/Theorems/Propositional/Reasoning.lean::Context:
Theories/Bimodal/Theorems/Propositional/Reasoning.lean::                                                         ↓
Theories/Bimodal/Theorems/Propositional/Reasoning.lean::  ⏎    DerivationTree.modus_ponens _ _ _ step1 h_disj_unf⏎⏎  -- Now use classical_merge: (A → C) → ((¬A → C) → C)⏎
Theories/Bimodal/Theorems/Propositional/Reasoning.lean::
Theories/Bimodal/Theorems/Propositional/Reasoning.lean::Note: This linter can be disabled with `set_option linter.style.emptyLine false`
Theories/Bimodal/Theorems/Propositional/Reasoning.lean::Theories/Bimodal/Theorems/Propositional/Reasoning.lean:199:0: warning: Please, write a comment here or remove this line, but do not place empty lines within commands!
Theories/Bimodal/Theorems/Propositional/Reasoning.lean::Context:
Theories/Bimodal/Theorems/Propositional/Reasoning.lean::                          ↓
Theories/Bimodal/Theorems/Propositional/Reasoning.lean::  ⏎    classical_merge A C⏎⏎  have cm_ctx : ((A.or B) :: Γ) ⊢ (A.imp C).imp ((A.neg.imp C).imp C) :=⏎
Theories/Bimodal/Theorems/Propositional/Reasoning.lean::
Theories/Bimodal/Theorems/Propositional/Reasoning.lean::Note: This linter can be disabled with `set_option linter.style.emptyLine false`
Theories/Bimodal/Theorems/Propositional/Reasoning.lean::Theories/Bimodal/Theorems/Propositional/Reasoning.lean:202:0: warning: Please, write a comment here or remove this line, but do not place empty lines within commands!
Theories/Bimodal/Theorems/Propositional/Reasoning.lean::Context:
Theories/Bimodal/Theorems/Propositional/Reasoning.lean::                                                             ↓
Theories/Bimodal/Theorems/Propositional/Reasoning.lean::  ⏎    DerivationTree.weakening [] _ _ cm (List.nil_subset _)⏎⏎  have step2 : ((A.or B) :: Γ) ⊢ (A.neg.imp C).imp C :=⏎
Theories/Bimodal/Theorems/Propositional/Reasoning.lean::
Theories/Bimodal/Theorems/Propositional/Reasoning.lean::Note: This linter can be disabled with `set_option linter.style.emptyLine false`
Theories/Bimodal/Theorems/Propositional/Reasoning.lean::Theories/Bimodal/Theorems/Propositional/Reasoning.lean:205:0: warning: Please, write a comment here or remove this line, but do not place empty lines within commands!
Theories/Bimodal/Theorems/Propositional/Reasoning.lean::Context:
Theories/Bimodal/Theorems/Propositional/Reasoning.lean::                                                      ↓
Theories/Bimodal/Theorems/Propositional/Reasoning.lean::  ⏎    DerivationTree.modus_ponens _ _ _ cm_ctx ac_ctx⏎⏎  exact DerivationTree.modus_ponens _ _ _ step2 nac⏎
Theories/Bimodal/Theorems/Propositional/Reasoning.lean::
Theories/Bimodal/Theorems/Propositional/Reasoning.lean::Note: This linter can be disabled with `set_option linter.style.emptyLine false`
Theories/Bimodal/Theorems/Propositional/Reasoning.lean::Theories/Bimodal/Theorems/Propositional/Reasoning.lean:162:54: warning: `simp` is a flexible tactic modifying `⊢`. Try `simp?` and use the suggested `simp only [...]`. Alternatively, use `suffices` to explicitly state the simplified form.
Theories/Bimodal/Theorems/Propositional/Reasoning.lean::
Theories/Bimodal/Theorems/Propositional/Reasoning.lean::Note: This linter can be disabled with `set_option linter.flexible false`
Theories/Bimodal/Theorems/Propositional/Reasoning.lean::Try this:
Theories/Bimodal/Theorems/Propositional/Reasoning.lean::  [apply] simp only [List.mem_cons]
Theories/Bimodal/Theorems/Propositional/Reasoning.lean::`right`
Theories/Bimodal/Theorems/Propositional/Reasoning.lean::modifies the current goal, which was modified by the flexible tactic `simp` on line 162!
Theories/Bimodal/Theorems/Propositional/Reasoning.lean::Theories/Bimodal/Theorems/Propositional/Reasoning.lean:162:54: warning: `simp` is a flexible tactic modifying `⊢`. Try `simp?` and use the suggested `simp only [...]`. Alternatively, use `suffices` to explicitly state the simplified form.
Theories/Bimodal/Theorems/Propositional/Reasoning.lean::
Theories/Bimodal/Theorems/Propositional/Reasoning.lean::Note: This linter can be disabled with `set_option linter.flexible false`
Theories/Bimodal/Theorems/Propositional/Reasoning.lean::Try this:
Theories/Bimodal/Theorems/Propositional/Reasoning.lean::  [apply] simp only [List.mem_cons]
Theories/Bimodal/Theorems/Propositional/Reasoning.lean::`exact hx`
Theories/Bimodal/Theorems/Propositional/Reasoning.lean::modifies the current goal, which was modified by the flexible tactic `simp` on line 162!
Theories/Bimodal/Theorems/Propositional/Reasoning.lean::Theories/Bimodal/Theorems/Propositional/Reasoning.lean:166:54: warning: `simp` is a flexible tactic modifying `⊢`. Try `simp?` and use the suggested `simp only [...]`. Alternatively, use `suffices` to explicitly state the simplified form.
Theories/Bimodal/Theorems/Propositional/Reasoning.lean::
Theories/Bimodal/Theorems/Propositional/Reasoning.lean::Note: This linter can be disabled with `set_option linter.flexible false`
Theories/Bimodal/Theorems/Propositional/Reasoning.lean::Try this:
Theories/Bimodal/Theorems/Propositional/Reasoning.lean::  [apply] simp only [List.mem_cons]
Theories/Bimodal/Theorems/Propositional/Reasoning.lean::`right`
Theories/Bimodal/Theorems/Propositional/Reasoning.lean::modifies the current goal, which was modified by the flexible tactic `simp` on line 166!
Theories/Bimodal/Theorems/Propositional/Reasoning.lean::Theories/Bimodal/Theorems/Propositional/Reasoning.lean:166:54: warning: `simp` is a flexible tactic modifying `⊢`. Try `simp?` and use the suggested `simp only [...]`. Alternatively, use `suffices` to explicitly state the simplified form.
Theories/Bimodal/Theorems/Propositional/Reasoning.lean::
Theories/Bimodal/Theorems/Propositional/Reasoning.lean::Note: This linter can be disabled with `set_option linter.flexible false`
Theories/Bimodal/Theorems/Propositional/Reasoning.lean::Try this:
Theories/Bimodal/Theorems/Propositional/Reasoning.lean::  [apply] simp only [List.mem_cons]
Theories/Bimodal/Theorems/Propositional/Reasoning.lean::`exact hx`
Theories/Bimodal/Theorems/Propositional/Reasoning.lean::modifies the current goal, which was modified by the flexible tactic `simp` on line 166!
Theories/Bimodal/Theorems/Propositional/Reasoning.lean::Theories/Bimodal/Theorems/Propositional/Reasoning.lean:231:100: warning: This line exceeds the 100 character limit, please shorten it!
Theories/Bimodal/Theorems/Propositional/Reasoning.lean::
Theories/Bimodal/Theorems/Propositional/Reasoning.lean::Note: This linter can be disabled with `set_option linter.style.longLine false`
Theories/Bimodal/Theorems/Propositional/Reasoning.lean::Theories/Bimodal/Theorems/Propositional/Reasoning.lean:238:100: warning: This line exceeds the 100 character limit, please shorten it!
Theories/Bimodal/Theorems/Propositional/Reasoning.lean::
Theories/Bimodal/Theorems/Propositional/Reasoning.lean::Note: This linter can be disabled with `set_option linter.style.longLine false`
Theories/Bimodal/Theorems/TemporalDerived.lean::Theories/Bimodal/Theorems/TemporalDerived.lean:363:100: warning: This line exceeds the 100 character limit, please shorten it!
Theories/Bimodal/Theorems/TemporalDerived.lean::
Theories/Bimodal/Theorems/TemporalDerived.lean::Note: This linter can be disabled with `set_option linter.style.longLine false`
Theories/Bimodal/Theorems/TemporalDerived.lean::Theories/Bimodal/Theorems/TemporalDerived.lean:559:100: warning: This line exceeds the 100 character limit, please shorten it!
Theories/Bimodal/Theorems/TemporalDerived.lean::
Theories/Bimodal/Theorems/TemporalDerived.lean::Note: This linter can be disabled with `set_option linter.style.longLine false`
Theories/Bimodal/Metalogic/Core/DeductionTheorem.lean::Theories/Bimodal/Metalogic/Core/DeductionTheorem.lean:47:5: warning: please avoid 'open (scoped) Classical' statements: this can hide theorem statements which would be better stated with explicit decidability statements.
Theories/Bimodal/Metalogic/Core/DeductionTheorem.lean::Instead, use `open Classical in` for definitions or instances, the `classical` tactic for proofs.
Theories/Bimodal/Metalogic/Core/DeductionTheorem.lean::For theorem statements, either add missing decidability assumptions or use `open Classical in`.
Theories/Bimodal/Metalogic/Core/DeductionTheorem.lean::
Theories/Bimodal/Metalogic/Core/DeductionTheorem.lean::Note: This linter can be disabled with `set_option linter.style.openClassical false`
Theories/Bimodal/Metalogic/Core/DeductionTheorem.lean::Theories/Bimodal/Metalogic/Core/DeductionTheorem.lean:109:8: warning: This simp argument is unused:
Theories/Bimodal/Metalogic/Core/DeductionTheorem.lean::  List.filter
Theories/Bimodal/Metalogic/Core/DeductionTheorem.lean::
Theories/Bimodal/Metalogic/Core/DeductionTheorem.lean::Hint: Omit it from the simp argument list.
Theories/Bimodal/Metalogic/Core/DeductionTheorem.lean::  [apply] simp at hx
Theories/Bimodal/Metalogic/Core/DeductionTheorem.lean::
Theories/Bimodal/Metalogic/Core/DeductionTheorem.lean::Note: This linter can be disabled with `set_option linter.unusedSimpArgs false`
Theories/Bimodal/Metalogic/Core/DeductionTheorem.lean::Theories/Bimodal/Metalogic/Core/DeductionTheorem.lean:109:2: warning: `simp [List.filter] at hx` is a flexible tactic modifying `hx`. Try `simp?` and use the suggested `simp only [...]`. Alternatively, use `suffices` to explicitly state the simplified form.
Theories/Bimodal/Metalogic/Core/DeductionTheorem.lean::
Theories/Bimodal/Metalogic/Core/DeductionTheorem.lean::Note: This linter can be disabled with `set_option linter.flexible false`
Theories/Bimodal/Metalogic/Core/DeductionTheorem.lean::`have ⟨h_in, h_ne⟩ := hx`
Theories/Bimodal/Metalogic/Core/DeductionTheorem.lean::uses `hx`, which was modified by the flexible tactic `simp` on line 109!
Theories/Bimodal/Metalogic/Core/DeductionTheorem.lean::Theories/Bimodal/Metalogic/Core/DeductionTheorem.lean:112:2: warning: `simp at this` is a flexible tactic modifying `this`. Try `simp?` and use the suggested `simp only [...]`. Alternatively, use `suffices` to explicitly state the simplified form.
Theories/Bimodal/Metalogic/Core/DeductionTheorem.lean::
Theories/Bimodal/Metalogic/Core/DeductionTheorem.lean::Note: This linter can be disabled with `set_option linter.flexible false`
Theories/Bimodal/Metalogic/Core/DeductionTheorem.lean::`cases this with
Theories/Bimodal/Metalogic/Core/DeductionTheorem.lean::| inl h_eq =>
Theories/Bimodal/Metalogic/Core/DeductionTheorem.lean::  -- x = A, but x ≠ A from h_ne
Theories/Bimodal/Metalogic/Core/DeductionTheorem.lean::  exact absurd h_eq h_ne
Theories/Bimodal/Metalogic/Core/DeductionTheorem.lean::| inr h_mem => exact h_mem`
Theories/Bimodal/Metalogic/Core/DeductionTheorem.lean::uses `this`, which was modified by the flexible tactic `simp` on line 112!
Theories/Bimodal/Metalogic/Core/DeductionTheorem.lean::Theories/Bimodal/Metalogic/Core/DeductionTheorem.lean:137:12: warning: This simp argument is unused:
Theories/Bimodal/Metalogic/Core/DeductionTheorem.lean::  List.filter
Theories/Bimodal/Metalogic/Core/DeductionTheorem.lean::
Theories/Bimodal/Metalogic/Core/DeductionTheorem.lean::Hint: Omit it from the simp argument list.
Theories/Bimodal/Metalogic/Core/DeductionTheorem.lean::  [apply] simp at h_in
Theories/Bimodal/Metalogic/Core/DeductionTheorem.lean::
Theories/Bimodal/Metalogic/Core/DeductionTheorem.lean::Note: This linter can be disabled with `set_option linter.unusedSimpArgs false`
Theories/Bimodal/Metalogic/Core/DeductionTheorem.lean::Theories/Bimodal/Metalogic/Core/DeductionTheorem.lean:146:12: warning: This simp argument is unused:
Theories/Bimodal/Metalogic/Core/DeductionTheorem.lean::  List.filter
Theories/Bimodal/Metalogic/Core/DeductionTheorem.lean::
Theories/Bimodal/MetalogTheories/Bimodal/Metalogic/Completeness.lean::Theories/Bimodal/Metalogic/Completeness.lean:35:100: warning: This line exceeds the 100 character limit, please shorten it!
Theories/Bimodal/Metalogic/Completeness.lean::
Theories/Bimodal/Metalogic/Completeness.lean::Note: This linter can be disabled with `set_option linter.style.longLine false`
Theories/Bimodal/Metalogic/Completeness.lean::Theories/Bimodal/Metalogic/Completeness.lean:36:100: warning: This line exceeds the 100 character limit, please shorten it!
Theories/Bimodal/Metalogic/Completeness.lean::
Theories/Bimodal/Metalogic/Completeness.lean::Note: This linter can be disabled with `set_option linter.style.longLine false`
Theories/Bimodal/Metalogic/Completeness.lean::Theories/Bimodal/Metalogic/Completeness.lean:231:100: warning: This line exceeds the 100 character limit, please shorten it!
Theories/Bimodal/Metalogic/Completeness.lean::
Theories/Bimodal/Metalogic/Completeness.lean::Note: This linter can be disabled with `set_option linter.style.longLine false`
Theories/Bimodal/Metalogic/Completeness.lean::Theories/Bimodal/Metalogic/Completeness.lean:267:100: warning: This line exceeds the 100 character limit, please shorten it!
Theories/Bimodal/Metalogic/Completeness.lean::
Theories/Bimodal/Metalogic/Completeness.lean::Note: This linter can be disabled with `set_option linter.style.longLine false`
Theories/Bimodal/Metalogic/Completeness.lean::Theories/Bimodal/Metalogic/Completeness.lean:293:100: warning: This line exceeds the 100 character limit, please shorten it!
Theories/Bimodal/Metalogic/Completeness.lean::
Theories/Bimodal/Metalogic/Completeness.lean::Note: This linter can be disabled with `set_option linter.style.longLine false`
Theories/Bimodal/Metalogic/Completeness.lean::Theories/Bimodal/Metalogic/Completeness.lean:298:100: warning: This line exceeds the 100 character limit, please shorten it!
Theories/Bimodal/Metalogic/Completeness.lean::
Theories/Bimodal/Metalogic/Completeness.lean::Note: This linter can be disabled with `set_option linter.style.longLine false`
Theories/Bimodal/Metalogic/Completeness.lean::Theories/Bimodal/Metalogic/Completeness.lean:482:100: warning: This line exceeds the 100 character limit, please shorten it!
Theories/Bimodal/Metalogic/Completeness.lean::
Theories/Bimodal/Metalogic/Completeness.lean::Note: This linter can be disabled with `set_option linter.style.longLine false`
Theories/Bimodal/Metalogic/Completeness.lean::Theories/Bimodal/Metalogic/Completeness.lean:511:100: warning: This line exceeds the 100 character limit, please shorten it!
Theories/Bimodal/Metalogic/Completeness.lean::
Theories/Bimodal/Metalogic/Completeness.lean::Note: This linter can be disabled with `set_option linter.style.longLine false`
ic/Core/DeductionTheorem.lean::Hint: Omit it from the simp argument list.
Theories/Bimodal/Metalogic/Core/DeductionTheorem.lean::  [apply] simp
Theories/Bimodal/Metalogic/Core/DeductionTheorem.lean::
Theories/Bimodal/Metalogic/Core/DeductionTheorem.lean::Note: This linter can be disabled with `set_option linter.unusedSimpArgs false`
Theories/Bimodal/Metalogic/Core/DeductionTheorem.lean::Theories/Bimodal/Metalogic/Core/DeductionTheorem.lean:130:4: warning: `simp at h` is a flexible tactic modifying `h`. Try `simp?` and use the suggested `simp only [...]`. Alternatively, use `suffices` to explicitly state the simplified form.
Theories/Bimodal/Metalogic/Core/DeductionTheorem.lean::
Theories/Bimodal/Metalogic/Core/DeductionTheorem.lean::Note: This linter can be disabled with `set_option linter.flexible false`
Theories/Bimodal/Metalogic/Core/DeductionTheorem.lean::`cases h with
Theories/Bimodal/Metalogic/Core/DeductionTheorem.lean::| inl h_eq =>
Theories/Bimodal/Metalogic/Core/DeductionTheorem.lean::  subst h_eq
Theories/Bimodal/Metalogic/Core/DeductionTheorem.lean::  exact h_mem
Theories/Bimodal/Metalogic/Core/DeductionTheorem.lean::| inr h_in =>
Theories/Bimodal/Metalogic/Core/DeductionTheorem.lean::  unfold removeAll at h_in
Theories/Bimodal/Metalogic/Core/DeductionTheorem.lean::  simp [List.filter] at h_in
Theories/Bimodal/Metalogic/Core/DeductionTheorem.lean::  exact h_in.1`
Theories/Bimodal/Metalogic/Core/DeductionTheorem.lean::uses `h`, which was modified by the flexible tactic `simp` on line 130!
Theories/Bimodal/Metalogic/Core/DeductionTheorem.lean::Theories/Bimodal/Metalogic/Core/DeductionTheorem.lean:137:6: warning: `simp [List.filter] at h_in` is a flexible tactic modifying `h_in`. Try `simp?` and use the suggested `simp only [...]`. Alternatively, use `suffices` to explicitly state the simplified form.
Theories/Bimodal/Metalogic/Core/DeductionTheorem.lean::
Theories/Bimodal/Metalogic/Core/DeductionTheorem.lean::Note: This linter can be disabled with `set_option linter.flexible false`
Theories/Bimodal/Metalogic/Core/DeductionTheorem.lean::`exact h_in.1`
Theories/Bimodal/Metalogic/Core/DeductionTheorem.lean::uses `h_in`, which was modified by the flexible tactic `simp` on line 137!
Theories/Bimodal/Metalogic/Core/DeductionTheorem.lean::Theories/Bimodal/Metalogic/Core/DeductionTheorem.lean:143:6: warning: `simp` is a flexible tactic modifying `⊢`. Try `simp?` and use the suggested `simp only [...]`. Alternatively, use `suffices` to explicitly state the simplified form.
Theories/Bimodal/Metalogic/Core/DeductionTheorem.lean::
Theories/Bimodal/Metalogic/Core/DeductionTheorem.lean::Note: This linter can be disabled with `set_option linter.flexible false`
Theories/Bimodal/Metalogic/Core/DeductionTheorem.lean::Try this:
Theories/Bimodal/Metalogic/Core/DeductionTheorem.lean::  [apply] simp only [List.mem_cons]
Theories/Bimodal/Metalogic/Core/DeductionTheorem.lean::`right`
Theories/Bimodal/Metalogic/Core/DeductionTheorem.lean::modifies the current goal, which was modified by the flexible tactic `simp` on line 143!
Theories/Bimodal/Metalogic/Core/DeductionTheorem.lean::Theories/Bimodal/Metalogic/Core/DeductionTheorem.lean:143:6: warning: `simp` is a flexible tactic modifying `⊢`. Try `simp?` and use the suggested `simp only [...]`. Alternatively, use `suffices` to explicitly state the simplified form.
Theories/Bimodal/Metalogic/Core/DeductionTheorem.lean::
Theories/Bimodal/Metalogic/Core/DeductionTheorem.lean::Note: This linter can be disabled with `set_option linter.flexible false`
Theories/Bimodal/Metalogic/Core/DeductionTheorem.lean::Try this:
Theories/Bimodal/Metalogic/Core/DeductionTheorem.lean::  [apply] simp only [List.mem_cons]
Theories/Bimodal/Metalogic/Core/DeductionTheorem.lean::`unfold removeAll`
Theories/Bimodal/Metalogic/Core/DeductionTheorem.lean::modifies the current goal, which was modified by the flexible tactic `simp` on line 143!
Theories/Bimodal/Metalogic/Core/DeductionTheorem.lean::Theories/Bimodal/Metalogic/Core/DeductionTheorem.lean:143:6: warning: `simp` is a flexible tactic modifying `⊢`. Try `simp?` and use the suggested `simp only [...]`. Alternatively, use `suffices` to explicitly state the simplified form.
Theories/Bimodal/Metalogic/Core/DeductionTheorem.lean::
Theories/Bimodal/Metalogic/Core/DeductionTheorem.lean::Note: This linter can be disabled with `set_option linter.flexible false`
Theories/Bimodal/Metalogic/Core/DeductionTheorem.lean::Try this:
Theories/Bimodal/Metalogic/Core/DeductionTheorem.lean::  [apply] simp only [List.mem_cons]
Theories/Bimodal/Metalogic/Core/DeductionTheorem.lean::`exact ⟨h, hx⟩`
Theories/Bimodal/Metalogic/Core/DeductionTheorem.lean::modifies the current goal, which was modified by the flexible tactic `simp` on line 143!
Theories/Bimodal/Metalogic/Core/DeductionTheorem.lean::Theories/Bimodal/Metalogic/Core/DeductionTheorem.lean:233:16: warning: This simp argument is unused:
Theories/Bimodal/Metalogic/Core/DeductionTheorem.lean::  List.filter
Theories/Bimodal/Metalogic/Core/DeductionTheorem.lean::
Theories/Bimodal/Metalogic/Core/DeductionTheorem.lean::Hint: Omit it from the simp argument list.
Theories/Bimodal/Metalogic/Core/DeductionTheorem.lean::  [apply] simp
Theories/Bimodal/Metalogic/Core/DeductionTheorem.lean::
Theories/Bimodal/Metalogic/Core/DeductionTheorem.lean::Note: This linter can be disabled with `set_option linter.unusedSimpArgs false`
Theories/Bimodal/Metalogic/Core/DeductionTheorem.lean::Theories/Bimodal/Metalogic/Core/DeductionTheorem.lean:261:16: warning: This simp argument is unused:
Theories/Bimodal/Metalogic/Core/DeductionTheorem.lean::  List.filter
Theories/Bimodal/Metalogic/Core/DeductionTheorem.lean::
Theories/Bimodal/Metalogic/Core/DeductionTheorem.lean::Hint: Omit it from the simp argument list.
Theories/Bimodal/Metalogic/Core/DeductionTheorem.lean::  [apply] simp at hx ⊢
Theories/Bimodal/Metalogic/Core/DeductionTheorem.lean::
Theories/Bimodal/Metalogic/Core/DeductionTheorem.lean::Note: This linter can be disabled with `set_option linter.unusedSimpArgs false`
Theories/Bimodal/Metalogic/Core/DeductionTheorem.lean::Theories/Bimodal/Metalogic/Core/DeductionTheorem.lean:268:16: warning: This simp argument is unused:
Theories/Bimodal/Metalogic/Core/DeductionTheorem.lean::  List.filter
Theories/Bimodal/Metalogic/Core/DeductionTheorem.lean::
Theories/Bimodal/Metalogic/Core/DeductionTheorem.lean::Hint: Omit it from the simp argument list.
Theories/Bimodal/Metalogic/Core/DeductionTheorem.lean::  [apply] simp
Theories/Bimodal/Metalogic/Core/DeductionTheorem.lean::
Theories/Bimodal/Metalogic/Core/DeductionTheorem.lean::Note: This linter can be disabled with `set_option linter.unusedSimpArgs false`
Theories/Bimodal/Metalogic/Core/DeductionTheorem.lean::Theories/Bimodal/Metalogic/Core/DeductionTheorem.lean:233:10: warning: `simp [List.filter]` is a flexible tactic modifying `⊢`. Try `simp?` and use the suggested `simp only [...]`. Alternatively, use `suffices` to explicitly state the simplified form.
Theories/Bimodal/Metalogic/Core/DeductionTheorem.lean::
Theories/Bimodal/Metalogic/Core/DeductionTheorem.lean::Note: This linter can be disabled with `set_option linter.flexible false`
Theories/Bimodal/Metalogic/Core/DeductionTheorem.lean::Try this:
Theories/Bimodal/Metalogic/Core/DeductionTheorem.lean::  [apply] simp only [ne_eq, decide_not, List.mem_filter, Bool.not_eq_eq_eq_not, Bool.not_true, decide_eq_false_iff_not]
Theories/Bimodal/Metalogic/Core/DeductionTheorem.lean::`exact ⟨h_mem, h_eq⟩`
Theories/Bimodal/Metalogic/Core/DeductionTheorem.lean::modifies the current goal, which was modified by the flexible tactic `simp` on line 233!
Theories/Bimodal/Metalogic/Core/DeductionTheorem.lean::Theories/Bimodal/Metalogic/Core/DeductionTheorem.lean:261:10: warning: `simp [List.filter] at hx ⊢` is a flexible tactic modifying `⊢`. Try `simp?` and use the suggested `simp only [...]`. Alternatively, use `suffices` to explicitly state the simplified form.
Theories/Bimodal/Metalogic/Core/DeductionTheorem.lean::
Theories/Bimodal/Metalogic/Core/DeductionTheorem.lean::Note: This linter can be disabled with `set_option linter.flexible false`
Theories/Bimodal/MetaloTheories/Bimodal/Metalogic/Core/MaximalConsistent.lean::Theories/Bimodal/Metalogic/Core/MaximalConsistent.lean:41:100: warning: This line exceeds the 100 character limit, please shorten it!
Theories/Bimodal/Metalogic/Core/MaximalConsistent.lean::
Theories/Bimodal/Metalogic/Core/MaximalConsistent.lean::Note: This linter can be disabled with `set_option linter.style.longLine false`
Theories/Bimodal/Metalogic/Core/MaximalConsistent.lean::Theories/Bimodal/Metalogic/Core/MaximalConsistent.lean:145:100: warning: This line exceeds the 100 character limit, please shorten it!
Theories/Bimodal/Metalogic/Core/MaximalConsistent.lean::
Theories/Bimodal/Metalogic/Core/MaximalConsistent.lean::Note: This linter can be disabled with `set_option linter.style.longLine false`
Theories/Bimodal/Metalogic/Core/MaximalConsistent.lean::Theories/Bimodal/Metalogic/Core/MaximalConsistent.lean:358:2: warning: `push_neg` has been deprecated. Prefer using `push Not` instead.
Theories/Bimodal/Metalogic/Core/MaximalConsistent.lean::If you'd rather continue using `push_neg` in your project, you can implement it as follows:
Theories/Bimodal/Metalogic/Core/MaximalConsistent.lean::```
Theories/Bimodal/Metalogic/Core/MaximalConsistent.lean::open Lean.Parser.Tactic in
Theories/Bimodal/Metalogic/Core/MaximalConsistent.lean::macro "push_neg" cfg:optConfig loc:(location)? : tactic =>
Theories/Bimodal/Metalogic/Core/MaximalConsistent.lean::  `(tactic| push $cfg:optConfig Not $[$loc]?)
Theories/Bimodal/Metalogic/Core/MaximalConsistent.lean::```
Theories/Bimodal/Metalogic/Core/MaximalConsistent.lean::Theories/Bimodal/Metalogic/Core/MaximalConsistent.lean:401:100: warning: This line exceeds the 100 character limit, please shorten it!
Theories/Bimodal/Metalogic/Core/MaximalConsistent.lean::
Theories/Bimodal/Metalogic/Core/MaximalConsistent.lean::Note: This linter can be disabled with `set_option linter.style.longLine false`
Theories/Bimodal/Metalogic/Core/MaximalConsistent.lean::Theories/Bimodal/Metalogic/Core/MaximalConsistent.lean:489:2: warning: `push_neg` has been deprecated. Prefer using `push Not` instead.
Theories/Bimodal/Metalogic/Core/MaximalConsistent.lean::If you'd rather continue using `push_neg` in your project, you can implement it as follows:
Theories/Bimodal/Metalogic/Core/MaximalConsistent.lean::```
Theories/Bimodal/Metalogic/Core/MaximalConsistent.lean::open Lean.Parser.Tactic in
Theories/Bimodal/Metalogic/Core/MaximalConsistent.lean::macro "push_neg" cfg:optConfig loc:(location)? : tactic =>
Theories/Bimodal/Metalogic/Core/MaximalConsistent.lean::  `(tactic| push $cfg:optConfig Not $[$loc]?)
Theories/Bimodal/Metalogic/Core/MaximalConsistent.lean::```
Theories/Bimodal/Metalogic/Core/MaximalConsistent.lean::Theories/Bimodal/Metalogic/Core/MaximalConsistent.lean:503:4: warning: `simp [Set.mem_insert_iff] at h_L_sub` is a flexible tactic modifying `h_L_sub`. Try `simp?` and use the suggested `simp only [...]`. Alternatively, use `suffices` to explicitly state the simplified form.
Theories/Bimodal/Metalogic/Core/MaximalConsistent.lean::
Theories/Bimodal/Metalogic/Core/MaximalConsistent.lean::Note: This linter can be disabled with `set_option linter.flexible false`
Theories/Bimodal/Metalogic/Core/MaximalConsistent.lean::`rcases h_L_sub with rfl | h_in_S`
Theories/Bimodal/Metalogic/Core/MaximalConsistent.lean::uses `h_L_sub`, which was modified by the flexible tactic `simp` on line 503!
Theories/Bimodal/Metalogic/Core/MaximalConsistent.lean::Theories/Bimodal/Metalogic/Core/MaximalConsistent.lean:503:4: warning: `simp [Set.mem_insert_iff] at h_L_sub` is a flexible tactic modifying `h_L_sub`. Try `simp?` and use the suggested `simp only [...]`. Alternatively, use `suffices` to explicitly state the simplified form.
Theories/Bimodal/Metalogic/Core/MaximalConsistent.lean::
Theories/Bimodal/Metalogic/Core/MaximalConsistent.lean::Note: This linter can be disabled with `set_option linter.flexible false`
Theories/Bimodal/Metalogic/Core/MaximalConsistent.lean::`exact absurd rfl hψne`
Theories/Bimodal/Metalogic/Core/MaximalConsistent.lean::uses `h_L_sub`, which wasgic/Core/DeductionTheorem.lean::Try this:
Theories/Bimodal/Metalogic/Core/DeductionTheorem.lean::  [apply] simp only [ne_eq, decide_not, List.mem_filter, Bool.not_eq_eq_eq_not, Bool.not_true,
Theories/Bimodal/Metalogic/Core/DeductionTheorem.lean::    decide_eq_false_iff_not] at hx ⊢
Theories/Bimodal/Metalogic/Core/DeductionTheorem.lean::`exact ⟨h2 hx.1, hx.2⟩`
Theories/Bimodal/Metalogic/Core/DeductionTheorem.lean::modifies the current goal, which was modified by the flexible tactic `simp` on line 261!
Theories/Bimodal/Metalogic/Core/DeductionTheorem.lean::Theories/Bimodal/Metalogic/Core/DeductionTheorem.lean:261:10: warning: `simp [List.filter] at hx ⊢` is a flexible tactic modifying `hx`. Try `simp?` and use the suggested `simp only [...]`. Alternatively, use `suffices` to explicitly state the simplified form.
Theories/Bimodal/Metalogic/Core/DeductionTheorem.lean::
Theories/Bimodal/Metalogic/Core/DeductionTheorem.lean::Note: This linter can be disabled with `set_option linter.flexible false`
Theories/Bimodal/Metalogic/Core/DeductionTheorem.lean::Try this:
Theories/Bimodal/Metalogic/Core/DeductionTheorem.lean::  [apply] simp only [ne_eq, decide_not, List.mem_filter, Bool.not_eq_eq_eq_not, Bool.not_true,
Theories/Bimodal/Metalogic/Core/DeductionTheorem.lean::    decide_eq_false_iff_not] at hx ⊢
Theories/Bimodal/Metalogic/Core/DeductionTheorem.lean::`exact ⟨h2 hx.1, hx.2⟩`
Theories/Bimodal/Metalogic/Core/DeductionTheorem.lean::uses `hx`, which was modified by the flexible tactic `simp` on line 261!
Theories/Bimodal/Metalogic/Core/DeductionTheorem.lean::Theories/Bimodal/Metalogic/Core/DeductionTheorem.lean:268:10: warning: `simp [List.filter]` is a flexible tactic modifying `⊢`. Try `simp?` and use the suggested `simp only [...]`. Alternatively, use `suffices` to explicitly state the simplified form.
Theories/Bimodal/Metalogic/Core/DeductionTheorem.lean::
Theories/Bimodal/Metalogic/Core/DeductionTheorem.lean::Note: This linter can be disabled with `set_option linter.flexible false`
Theories/Bimodal/Metalogic/Core/DeductionTheorem.lean::Try this:
Theories/Bimodal/Metalogic/Core/DeductionTheorem.lean::  [apply] simp only [ne_eq, decide_not, List.mem_filter, Bool.not_eq_eq_eq_not, Bool.not_true, decide_eq_false_iff_not]
Theories/Bimodal/Metalogic/Core/DeductionTheorem.lean::`exact
Theories/Bimodal/Metalogic/Core/DeductionTheorem.lean::  ⟨h2 hx, by
Theories/Bimodal/Metalogic/Core/DeductionTheorem.lean::    intro h_eq
Theories/Bimodal/Metalogic/Core/DeductionTheorem.lean::    subst h_eq
Theories/Bimodal/Metalogic/Core/DeductionTheorem.lean::    exact absurd hx hA'⟩`
Theories/Bimodal/Metalogic/Core/DeductionTheorem.lean::modifies the current goal, which was modified by the flexible tactic `simp` on line 268!
Theories/Bimodal/Metalogic/Core/DeductionTheorem.lean::Theories/Bimodal/Metalogic/Core/DeductionTheorem.lean:288:2: warning: The following tactic starts with 3 goals and ends with 3 goals, 3 of which are not operated on.
Theories/Bimodal/Metalogic/Core/DeductionTheorem.lean::  simp_wf
Theories/Bimodal/Metalogic/Core/DeductionTheorem.lean::Please focus on the current goal, for instance using `·` (typed as "\.").
Theories/Bimodal/Metalogic/Core/DeductionTheorem.lean::
Theories/Bimodal/Metalogic/Core/DeductionTheorem.lean::Note: This linter can be disabled with `set_option linter.style.multiGoal false`
Theories/Bimodal/Metalogic/Core/DeductionTheorem.lean::Theories/Bimodal/Metalogic/Core/DeductionTheorem.lean:288:2: warning: 'simp_wf' tactic does nothing
Theories/Bimodal/Metalogic/Core/DeductionTheorem.lean::
Theories/Bimodal/Metalogic/Core/DeductionTheorem.lean::Note: This linter can be disabled with `set_option linter.unusedTactic false`
Theories/Bimodal/Metalogic/Core/DeductionTheorem.lean::Theories/Bimodal/Metalogic/Core/DeductionTheorem.lean:333:0: warning: Please, write a comment here or remove this line, but do not place empty lines within commands!
Theories/Bimodal/Metalogic/Core/DeductionTheorem.lean::Context:
Theories/Bimodal/Metalogic/Core/DeductionTheorem.lean::                                              ↓
Theories/Bimodal/Metalogic/Core/DeductionTheorem.lean::  ⏎      exact deduction_axiom Γ A φ h_ax h_fc⏎⏎  | DerivationTree.assumption _ φ h_mem =>⏎
Theories/Bimodal/Metalogic/Core/DeductionTheorem.lean::
Theories/Bimodal/Metalogic/Core/DeductionTheorem.lean::Note: This linter can be disabled with `set_option linter.style.emptyLine false`
Theories/Bimodal/Metalogic/Core/DeductionTheorem.lean::Theories/Bimodal/Metalogic/Core/DeductionTheorem.lean:347:0: warning: Please, write a comment here or remove this line, but do not place empty lines within commands!
Theories/Bimodal/Metalogic/Core/DeductionTheorem.lean::Context:
Theories/Bimodal/Metalogic/Core/DeductionTheorem.lean::                                                        ↓
Theories/Bimodal/Metalogic/Core/DeductionTheorem.lean::  ⏎        exact deduction_assumption_other Γ A φ h_tail⏎⏎  | DerivationTree.modus_ponens _ φ ψ h1 h2 =>⏎
Theories/Bimodal/Metalogic/Core/DeductionTheorem.lean::
Theories/Bimodal/Metalogic/Core/DeductionTheorem.lean::Note: This linter can be disabled with `set_option linter.style.emptyLine false`
Theories/Bimodal/Metalogic/Core/DeductionTheorem.lean::Theories/Bimodal/Metalogic/Core/DeductionTheorem.lean:355:0: warning: Please, write a comment here or remove this line, but do not place empty lines within commands!
Theories/Bimodal/Metalogic/Core/DeductionTheorem.lean::Context:
Theories/Bimodal/Metalogic/Core/DeductionTheorem.lean::                                           ↓
Theories/Bimodal/Metalogic/Core/DeductionTheorem.lean::  ⏎      exact deduction_mp Γ A φ ψ ih1 ih2⏎⏎  | DerivationTree.weakening Γ' _ φ h1 h2 =>⏎
Theories/Bimodal/Metalogic/Core/DeductionTheorem.lean::
Theories/Bimodal/Metalogic/Core/DeductionTheorem.lean::Note: This linter can be disabled with `set_option linter.style.emptyLine false`
Theories/Bimodal/Metalogic/Core/DeductionTheorem.lean::Theories/Bimodal/Metalogic/Core/DeductionTheorem.lean:396:0: warning: Please, write a comment here or remove this line, but do not place empty lines within commands!
Theories/Bimodal/Metalogic/Core/DeductionTheorem.lean::Context:
Theories/Bimodal/Metalogic/Core/DeductionTheorem.lean::                                                                                  ↓
Theories/Bimodal/Metalogic/Core/DeductionTheorem.lean::  ⏎          -- This helper will recurse on h1, which has strictly smaller height.⏎⏎          have ih := deduction_with_mem Γ' A φ h1 hA⏎
Theories/Bimodal/Metalogic/Core/DeductionTheorem.lean::
Theories/Bimodal/Metalogic/Core/DeductionTheorem.lean::Note: This linter can be disabled with `set_option linter.style.emptyLine false`
Theories/Bimodal/Metalogic/Core/DeductionTheorem.lean::Theories/Bimodal/Metalogic/Core/DeductionTheorem.lean:398:0: warning: Please, write a comment here or remove this line, but do not place empty lines within commands!
Theories/Bimodal/Metalogic/Core/DeductionTheorem.lean::Context:
Theories/Bimodal/Metalogic/Core/DeductionTheorem.lean::                                                       ↓
Theories/Bimodal/Metalogic/Core/DeductionTheorem.lean::  ⏎          have ih := deduction_with_mem Γ' A φ h1 hA⏎⏎          -- Weaken to Γ⏎
Theories/Bimodal/Metalogic/Core/DeductionTheorem.lean::
Theories/Bimodal/Metalogic/Core/DeductionTheorem.lean::Note: This linter can be disabled with `set_option linter.style.emptyLine false`
Theories/Bimodal/Metalogic/Core/DeductionTheorem.lean::Theories/Bimodal/Metalogic/Core/DeductionTheorem.lean:415:0: warning: Please, write a comment here or remove this line, but do not place empty lines within commands!
Theories/Bimodal/Metalogic/Core/DeductionTheorem.lean::Context:
Theories/Bimodal/Metalogic/Core/DeductionTheorem.lean::                                         ↓
Theories/Bimodal/Metalogic/Core/DeductionTheorem.lean::  ⏎            | inr h_mem => exact h_mem⏎⏎          -- Now Γ' ⊢[fc] φ and Γ' ⊆ Γ, so Γ ⊢[fc] φ⏎
Theories/Bimodal/Metalogic/Core/DeductionTheorem.lean::
Theories/Bimodal/Metalogic/Core/DeductionTheorem.lean:Theories/Bimodal/Metalogic/Core/MCSProperties.lean::Theories/Bimodal/Metalogic/Core/MCSProperties.lean:84:2: warning: `push_neg` has been deprecated. Prefer using `push Not` instead.
Theories/Bimodal/Metalogic/Core/MCSProperties.lean::If you'd rather continue using `push_neg` in your project, you can implement it as follows:
Theories/Bimodal/Metalogic/Core/MCSProperties.lean::```
Theories/Bimodal/Metalogic/Core/MCSProperties.lean::open Lean.Parser.Tactic in
Theories/Bimodal/Metalogic/Core/MCSProperties.lean::macro "push_neg" cfg:optConfig loc:(location)? : tactic =>
Theories/Bimodal/Metalogic/Core/MCSProperties.lean::  `(tactic| push $cfg:optConfig Not $[$loc]?)
Theories/Bimodal/Metalogic/Core/MCSProperties.lean::```
Theories/Bimodal/Metalogic/Core/MCSProperties.lean::Theories/Bimodal/Metalogic/Core/MCSProperties.lean:95:6: warning: `push_neg` has been deprecated. Prefer using `push Not` instead.
Theories/Bimodal/Metalogic/Core/MCSProperties.lean::If you'd rather continue using `push_neg` in your project, you can implement it as follows:
Theories/Bimodal/Metalogic/Core/MCSProperties.lean::```
Theories/Bimodal/Metalogic/Core/MCSProperties.lean::open Lean.Parser.Tactic in
Theories/Bimodal/Metalogic/Core/MCSProperties.lean::macro "push_neg" cfg:optConfig loc:(location)? : tactic =>
Theories/Bimodal/Metalogic/Core/MCSProperties.lean::  `(tactic| push $cfg:optConfig Not $[$loc]?)
Theories/Bimodal/Metalogic/Core/MCSProperties.lean::```
Theories/Bimodal/Metalogic/Core/MCSProperties.lean::Theories/Bimodal/Metalogic/Core/MCSProperties.lean:143:4: warning: `push_neg` has been deprecated. Prefer using `push Not` instead.
Theories/Bimodal/Metalogic/Core/MCSProperties.lean::If you'd rather continue using `push_neg` in your project, you can implement it as follows:
Theories/Bimodal/Metalogic/Core/MCSProperties.lean::```
Theories/Bimodal/Metalogic/Core/MCSProperties.lean::open Lean.Parser.Tactic in
Theories/Bimodal/Metalogic/Core/MCSProperties.lean::macro "push_neg" cfg:optConfig loc:(location)? : tactic =>
Theories/Bimodal/Metalogic/Core/MCSProperties.lean::  `(tactic| push $cfg:optConfig Not $[$loc]?)
Theories/Bimodal/Metalogic/Core/MCSProperties.lean::```
Theories/Bimodal/Metalogic/Core/MCSProperties.lean::Theories/Bimodal/Metalogic/Core/MCSProperties.lean:151:100: warning: This line exceeds the 100 character limit, please shorten it!
Theories/Bimodal/Metalogic/Core/MCSProperties.lean::
Theories/Bimodal/Metalogic/Core/MCSProperties.lean::Note: This linter can be disabled with `set_option linter.style.longLine false`
Theories/Bimodal/Metalogic/Core/MCSProperties.lean::Theories/Bimodal/Metalogic/Core/MCSProperties.lean:184:4: warning: `push_neg` has been deprecated. Prefer using `push Not` instead.
Theories/Bimodal/Metalogic/Core/MCSProperties.lean::If you'd rather continue using `push_neg` in your project, you can implement it as follows:
Theories/Bimodal/Metalogic/Core/MCSProperties.lean::```
Theories/Bimodal/Metalogic/Core/MCSProperties.lean::open Lean.Parser.Tactic in
Theories/Bimodal/Metalogic/Core/MCSProperties.lean::macro "push_neg" cfg:optConfig loc:(location)? : tactic =>
Theories/Bimodal/Metalogic/Core/MCSProperties.lean::  `(tactic| push $cfg:optConfig Not $[$loc]?)
Theories/Bimodal/Metalogic/Core/MCSProperties.lean::```
Theories/Bimodal/Metalogic/Core/MCSProperties.lean::Theories/Bimodal/Metalogic/Core/MCSProperties.lean:194:8: warning: `push_neg` has been deprecated. Prefer using `push Not` instead.
Theories/Bimodal/Metalogic/Core/MCSProperties.lean::If you'd rather continue using `push_neg` in your project, you can implement it as follows:
Theories/Bimodal/Metalogic/Core/MCSProperties.lean::```
Theories/Bimodal/Metalogic/Core/MCSProperties.lean::open Lean.Parser.Tactic in
Theories/Bimodal/Metalogic/Core/MCSProperties.lean::macro "push_neg" cfg:optConfig loc:(location)? : tactic =>
Theories/Bimodal/Metalogic/Core/MCSProperties.lean::  `(tactic| push $cfg:optConfig Not $[$loc]?)
Theories/Bimodal/Metalogic/Core/MCSProperties.lean::```
Theories/Bimodal/Metalogic/Core/MCSProperties.lean::Theories/Bimodal/Metalogic/Core/MCSPro modified by the flexible tactic `simp` on line 503!
Theories/Bimodal/Metalogic/Core/MaximalConsistent.lean::Theories/Bimodal/Metalogic/Core/MaximalConsistent.lean:503:4: warning: `simp [Set.mem_insert_iff] at h_L_sub` is a flexible tactic modifying `h_L_sub`. Try `simp?` and use the suggested `simp only [...]`. Alternatively, use `suffices` to explicitly state the simplified form.
Theories/Bimodal/Metalogic/Core/MaximalConsistent.lean::
Theories/Bimodal/Metalogic/Core/MaximalConsistent.lean::Note: This linter can be disabled with `set_option linter.flexible false`
Theories/Bimodal/Metalogic/Core/MaximalConsistent.lean::`exact h_in_S`
Theories/Bimodal/Metalogic/Core/MaximalConsistent.lean::uses `h_L_sub`, which was modified by the flexible tactic `simp` on line 503!
:Note: This linter can be disabled with `set_option linter.style.emptyLine false`
Theories/Bimodal/Metalogic/Core/DeductionTheorem.lean::Theories/Bimodal/Metalogic/Core/DeductionTheorem.lean:418:0: warning: Please, write a comment here or remove this line, but do not place empty lines within commands!
Theories/Bimodal/Metalogic/Core/DeductionTheorem.lean::Context:
Theories/Bimodal/Metalogic/Core/DeductionTheorem.lean::                                                                    ↓
Theories/Bimodal/Metalogic/Core/DeductionTheorem.lean::  ⏎          have h_weak := DerivationTree.weakening Γ' Γ φ h1 h_sub⏎⏎          -- Use S axiom to get Γ ⊢[fc] A → φ⏎
Theories/Bimodal/Metalogic/Core/DeductionTheorem.lean::
Theories/Bimodal/Metalogic/Core/DeductionTheorem.lean::Note: This linter can be disabled with `set_option linter.style.emptyLine false`
Theories/Bimodal/Metalogic/Core/DeductionTheorem.lean::Theories/Bimodal/Metalogic/Core/DeductionTheorem.lean:425:0: warning: Please, write a comment here or remove this line, but do not place empty lines within commands!
Theories/Bimodal/Metalogic/Core/DeductionTheorem.lean::Context:
Theories/Bimodal/Metalogic/Core/DeductionTheorem.lean::                                                                          ↓
Theories/Bimodal/Metalogic/Core/DeductionTheorem.lean::  ⏎          exact DerivationTree.modus_ponens Γ φ (A.imp φ) s_weak h_weak⏎⏎termination_by h.height⏎
Theories/Bimodal/Metalogic/Core/DeductionTheorem.lean::
Theories/Bimodal/Metalogic/Core/DeductionTheorem.lean::Note: This linter can be disabled with `set_option linter.style.emptyLine false`
Theories/Bimodal/Metalogic/Core/DeductionTheorem.lean::Theories/Bimodal/Metalogic/Core/DeductionTheorem.lean:408:12: warning: `simp at this` is a flexible tactic modifying `this`. Try `simp?` and use the suggested `simp only [...]`. Alternatively, use `suffices` to explicitly state the simplified form.
Theories/Bimodal/Metalogic/Core/DeductionTheorem.lean::
Theories/Bimodal/Metalogic/Core/DeductionTheorem.lean::Note: This linter can be disabled with `set_option linter.flexible false`
Theories/Bimodal/Metalogic/Core/DeductionTheorem.lean::`cases this with
Theories/Bimodal/Metalogic/Core/DeductionTheorem.lean::| inl h_eq =>
Theories/Bimodal/Metalogic/Core/DeductionTheorem.lean::  -- x = A, but A ∉ Γ', contradiction
Theories/Bimodal/Metalogic/Core/DeductionTheorem.lean::  
Theories/Bimodal/Metalogic/Core/DeductionTheorem.lean::  subst h_eq
Theories/Bimodal/Metalogic/Core/DeductionTheorem.lean::  exact absurd hx hA
Theories/Bimodal/Metalogic/Core/DeductionTheorem.lean::| inr h_mem => exact h_mem`
Theories/Bimodal/Metalogic/Core/DeductionTheorem.lean::uses `this`, which was modified by the flexible tactic `simp` on line 408!
Theories/Bimodal/Metalogic/Core/DeductionTheorem.lean::Theories/Bimodal/Metalogic/Core/DeductionTheorem.lean:429:2: warning: The following tactic starts with 3 goals and ends with 3 goals, 3 of which are not operated on.
Theories/Bimodal/Metalogic/Core/DeductionTheorem.lean::  simp_wf
Theories/Bimodal/Metalogic/Core/DeductionTheorem.lean::    -- Modus ponens cases: both subderivations have strictly smaller height
Theories/Bimodal/Metalogic/Core/DeductionTheorem.lean::    
Theories/Bimodal/Metalogic/Core/DeductionTheorem.lean::Please focus on the current goal, for instance using `·` (typed as "\.").
Theories/Bimodal/Metalogic/Core/DeductionTheorem.lean::
Theories/Bimodal/Metalogic/Core/DeductionTheorem.lean::Note: This linter can be disabled with `set_option linter.style.multiGoal false`
Theories/Bimodal/Metalogic/Core/DeductionTheorem.lean::Theories/Bimodal/Metalogic/Core/DeductionTheorem.lean:429:2: warning: 'simp_wf' tactic does nothing
Theories/Bimodal/Metalogic/Core/DeductionTheorem.lean::
Theories/Bimodal/Metalogic/Core/DeductionTheorem.lean::Note: This linter can be disabled with `set_option linter.unusedTactic false`
perties.lean:227:6: warning: `push_neg` has been deprecated. Prefer using `push Not` instead.
Theories/Bimodal/Metalogic/Core/MCSProperties.lean::If you'd rather continue using `push_neg` in your project, you can implement it as follows:
Theories/Bimodal/Metalogic/Core/MCSProperties.lean::```
Theories/Bimodal/Metalogic/Core/MCSProperties.lean::open Lean.Parser.Tactic in
Theories/Bimodal/Metalogic/Core/MCSProperties.lean::macro "push_neg" cfg:optConfig loc:(location)? : tactic =>
Theories/Bimodal/Metalogic/Core/MCSProperties.lean::  `(tactic| push $cfg:optConfig Not $[$loc]?)
Theories/Bimodal/Metalogic/Core/MCSProperties.lean::```
Theories/Bimodal/Metalogic/Core/MCSProperties.lean::Theories/Bimodal/Metalogic/Core/MCSProperties.lean:250:100: warning: This line exceeds the 100 character limit, please shorten it!
Theories/Bimodal/Metalogic/Core/MCSProperties.lean::
Theories/Bimodal/Metalogic/Core/MCSProperties.lean::Note: This linter can be disabled with `set_option linter.style.longLine false`
Theories/Bimodal/Metalogic/Core/MCSProperties.lean::Theories/Bimodal/Metalogic/Core/MCSProperties.lean:253:100: warning: This line exceeds the 100 character limit, please shorten it!
Theories/Bimodal/Metalogic/Core/MCSProperties.lean::
Theories/Bimodal/Metalogic/Core/MCSProperties.lean::Note: This linter can be disabled with `set_option linter.style.longLine false`
Theories/Bimodal/Metalogic/Core/MCSProperties.lean::Theories/Bimodal/Metalogic/Core/MCSProperties.lean:312:100: warning: This line exceeds the 100 character limit, please shorten it!
Theories/Bimodal/Metalogic/Core/MCSProperties.lean::
Theories/Bimodal/Metalogic/Core/MCSProperties.lean::Note: This linter can be disabled with `set_option linter.style.longLine false`
Theories/Bimodal/Metalogic/Core/RestrictedMCS/Basic.lean::Theories/Bimodal/Metalogic/Core/RestrictedMCS/Basic.lean:153:4: warning: `push_neg` has been deprecated. Prefer using `push Not` instead.
Theories/Bimodal/Metalogic/Core/RestrictedMCS/Basic.lean::If you'd rather continue using `push_neg` in your project, you can implement it as follows:
Theories/Bimodal/Metalogic/Core/RestrictedMCS/Basic.lean::```
Theories/Bimodal/Metalogic/Core/RestrictedMCS/Basic.lean::open Lean.Parser.Tactic in
Theories/Bimodal/Metalogic/Core/RestrictedMCS/Basic.lean::macro "push_neg" cfg:optConfig loc:(location)? : tactic =>
Theories/Bimodal/Metalogic/Core/RestrictedMCS/Basic.lean::  `(tactic| push $cfg:optConfig Not $[$loc]?)
Theories/Bimodal/Metalogic/Core/RestrictedMCS/Basic.lean::```
Theories/Bimodal/Metalogic/Core/RestrictedMCS/Basic.lean::Theories/Bimodal/Metalogic/Core/RestrictedMCS/Basic.lean:197:4: warning: `push_neg` has been deprecated. Prefer using `push Not` instead.
Theories/Bimodal/Metalogic/Core/RestrictedMCS/Basic.lean::If you'd rather continue using `push_neg` in your project, you can implement it as follows:
Theories/Bimodal/Metalogic/Core/RestrictedMCS/Basic.lean::```
Theories/Bimodal/Metalogic/Core/RestrictedMCS/Basic.lean::open Lean.Parser.Tactic in
Theories/Bimodal/Metalogic/Core/RestrictedMCS/Basic.lean::macro "push_neg" cfg:optConfig loc:(location)? : tactic =>
Theories/Bimodal/Metalogic/Core/RestrictedMCS/Basic.lean::  `(tactic| push $cfg:optConfig Not $[$loc]?)
Theories/Bimodal/Metalogic/Core/RestrictedMCS/Basic.lean::```
Theories/Bimodal/Metalogic/Core/RestrictedMCS/Basic.lean::Theories/Bimodal/Metalogic/Core/RestrictedMCS/Basic.lean:170:6: warning: `simp [Set.mem_insert_iff] at h_L_sub` is a flexible tactic modifying `h_L_sub`. Try `simp?` and use the suggested `simp only [...]`. Alternatively, use `suffices` to explicitly state the simplified form.
Theories/Bimodal/Metalogic/Core/RestrictedMCS/Basic.lean::
Theories/Bimodal/Metalogic/Core/RestrictedMCS/Basic.lean::Note: This linter can be disabled with `set_option linter.flexible false`
Theories/Bimodal/Metalogic/Core/RestrictedMCS/Basic.lean::`rcases h_L_sub with rfl | h_in_S`
Theories/Bimodal/Metalogic/Core/RestrictedMCS/Basic.lean::uses `h_L_sub`, which was modified by the flexible tactic `simp` on line 170!
Theories/Bimodal/Metalogic/Core/RestrictedMCS/Basic.lean::Theories/Bimodal/Metalogic/Core/RestrictedMCS/Basic.lean:170:6: warning: `simp [Set.mem_insert_iff] at h_L_sub` is a flexible tactic modifying `h_L_sub`. Try `simp?` and use the suggested `simp only [...]`. Alternatively, use `suffices` to explicitly state the simplified form.
Theories/Bimodal/Metalogic/Core/RestrictedMCS/Basic.lean::
Theories/Bimodal/Metalogic/Core/RestrictedMCS/Basic.lean::Note: This linter can be disabled with `set_option linter.flexible false`
Theories/Bimodal/Metalogic/Core/RestrictedMCS/Basic.lean::`exact absurd rfl hχne`
Theories/Bimodal/Metalogic/Core/RestrictedMCS/Basic.lean::uses `h_L_sub`, which was modified by the flexible tactic `simp` on line 170!
Theories/Bimodal/Metalogic/Core/RestrictedMCS/Basic.lean::Theories/Bimodal/Metalogic/Core/RestrictedMCS/Basic.lean:170:6: warning: `simp [Set.mem_insert_iff] at h_L_sub` is a flexible tactic modifying `h_L_sub`. Try `simp?` and use the suggested `simp only [...]`. Alternatively, use `suffices` to explicitly state the simplified form.
Theories/Bimodal/Metalogic/Core/RestrictedMCS/Basic.lean::
Theories/Bimodal/Metalogic/Core/RestrictedMCS/Basic.lean::Note: This linter can be disabled with `set_option linter.flexible false`
Theories/Bimodal/Metalogic/Core/RestrictedMCS/Basic.lean::`exact h_in_S`
Theories/Bimodal/Metalogic/Core/RestrictedMCS/Basic.lean::uses `h_L_sub`, which was modified by the flexible tactic `simp` on line 170!
Theories/Bimodal/Metalogic/Core/RestrictedMCS/Basic.lean::Theories/Bimodal/Metalogic/Core/RestrictedMCS/Basic.lean:214:6: warning: `simp [Set.mem_insert_iff] at h_L'_sub` is a flexible tactic modifying `h_L'_sub`. Try `simp?` and use the suggested `simp only [...]`. Alternatively, use `suffices` to explicitly state the simplified form.
Theories/Bimodal/Metalogic/Core/RestrictedMCS/Basic.lean::
Theories/Bimodal/Metalogic/Core/RestrictedMCS/Basic.lean::Note: This linter can be disabled with `set_option linter.flexible false`
Theories/Bimodal/Metalogic/Core/RestrictedMCS/Basic.lean::`rcases h_L'_sub with rfl | h_in_S`
Theories/Bimodal/Metalogic/Core/RestrictedMCS/Basic.lean::uses `h_L'_sub`, which was modified by the flexible tactic `simp` on line 214!
Theories/Bimodal/Metalogic/Core/RestrictedMCS/Basic.lean::Theories/Bimodal/Metalogic/Core/RestrictedMCS/Basic.lean:214:6: warning: `simp [Set.mem_insert_iff] at h_L'_sub` is a flexible tactic modifying `h_L'_sub`. Try `simp?` and use the suggested `simp only [...]`. Alternatively, use `suffices` to explicitly state the simplified form.
Theories/Bimodal/Metalogic/Core/RestrictedMCS/Basic.lean::
Theories/Bimodal/Metalogic/Core/RestrictedMCS/Basic.lean::Note: This linter can be disabled with `set_option linter.flexible false`
Theories/Bimodal/Metalogic/Core/RestrictedMCS/Basic.lean::`exact absurd rfl hχne`
Theories/Bimodal/Metalogic/Core/RestrictedMCS/Basic.lean::uses `h_L'_sub`, which was modified by the flexible tactic `simp` on line 214!
Theories/Bimodal/Metalogic/Core/RestrictedMCS/Basic.lean::Theories/Bimodal/Metalogic/Core/RestrictedMCS/Basic.lean:214:6: warning: `simp [Set.mem_insert_iff] at h_L'_sub` is a flexible tactic modifying `h_L'_sub`. Try `simp?` and use the suggested `simp only [...]`. Alternatively, use `suffices` to explicitly state the simplified form.
Theories/Bimodal/Metalogic/Core/RestrictedMCS/Basic.lean::
Theories/Bimodal/Metalogic/Core/RestrictedMCS/Basic.lean::Note: This linter can be disabled with `set_option linter.flexible false`
Theories/Bimodal/Metalogic/Core/RestrictedMCS/Basic.lean::`exact h_in_S`
Theories/Bimodal/Metalogic/Core/RestrictedMCS/Basic.lean::uses `h_L'_sub`, which was modified by the flexible tactic `simp` on line 214!
Theories/Bimodal/Metalogic/Core/RestrictedMCS/Basic.lean::Theories/Bimodal/Metalogic/Core/RestrictedMCS/Basic.lean:189:100: warning: This line exceeds the 100 character limit, please shorten it!
Theories/Bimodal/Metalogic/Core/RestrictedMCS/Basic.lean::
Theories/Bimodal/Metalogic/Core/RestrictedMCS/Basic.lean::Note: This linter can be disabled with `set_option linter.style.longLine false`
Theories/Bimodal/Metalogic/Core/RestrictedMCS/Basic.lean::Theories/Bimodal/Metalogic/Core/RestrictedMCS/Basic.lean:350:100: warning: This line exceeds the 100 character limit, please shorten it!
Theories/Bimodal/Metalogic/Core/RestrictedMCS/Basic.lean::
Theories/Bimodal/Metalogic/Core/RestrictedMCS/Basic.lean::Note: This linter can be disabled with `set_option linter.style.longLine false`
Theories/Bimodal/Metalogic/Core/RestrictedMCS/Basic.lean::Theories/Bimodal/Metalogic/Core/RestrictedMCS/Basic.lean:436:100: warning: This line exceeds the 100 character limit, please shorten it!
Theories/Bimodal/Metalogic/Core/RestrictedMCS/Basic.lean::
Theories/Bimodal/Metalogic/Core/RestrictedMCS/Basic.lean::Note: This linter can be disabled with `set_option linter.style.longLine false`
Theories/Bimodal/Metalogic/Core/RestrictedMCS/Basic.lean::Theories/Bimodal/Metalogic/Core/RestrictedMCS/Basic.lean:407:4: warning: Try this: intro L hL ⟨d⟩
Theories/Bimodal/Metalogic/Core/RestrictedMCS/Basic.lean::Theories/Bimodal/Metalogic/Core/RestrictedMCS/Basic.lean:504:4: warning: `push_neg` has been deprecated. Prefer using `push Not` instead.
Theories/Bimodal/Metalogic/Core/RestrictedMCS/Basic.lean::If you'd rather continue using `push_neg` in your project, you can implement it as follows:
Theories/Bimodal/Metalogic/Core/RestrictedMCS/Basic.lean::```
Theories/Bimodal/Metalogic/Core/RestrictedMCS/Basic.lean::open Lean.Parser.Tactic in
Theories/Bimodal/Metalogic/Core/RestrictedMCS/Basic.lean::macro "push_neg" cfg:optConfig loc:(location)? : tactic =>
Theories/Bimodal/Metalogic/Core/RestrictedMCS/Basic.lean::  `(tactic| push $cfg:optConfig Not $[$loc]?)
Theories/Bimodal/Metalogic/Core/RestrictedMCS/Basic.lean::```
Theories/Bimodal/Metalogic/Core/RestrictedMCS/Basic.lean::Theories/Bimodal/Metalogic/Core/RestrictedMCS/Basic.lean:609:4: warning: `push_neg` has been deprecated. Prefer using `push Not` instead.
Theories/Bimodal/Metalogic/Core/RestrictedMCS/Basic.lean::If you'd rather continue using `push_neg` in your project, you can implement it as follows:
Theories/Bimodal/Metalogic/Core/RestrictedMCS/Basic.lean::```
Theories/Bimodal/Metalogic/Core/RestrictedMCS/Basic.lean::open Lean.Parser.Tactic in
Theories/Bimodal/Metalogic/Core/RestrictedMCS/Basic.lean::macro "push_neg" cfg:optConfig loc:(location)? : tactic =>
Theories/Bimodal/Metalogic/Core/RestrictedMCS/Basic.lean::  `(tactic| push $cfg:optConfig Not $[$loc]?)
Theories/Bimodal/Metalogic/Core/RestrictedMCS/Basic.lean::```
Theories/Bimodal/Metalogic/Decidability/CancellableExpansion.lean::Theories/Bimodal/Metalogic/Decidability/CancellableExpansion.lean:89:100: warning: This line exceeds the 100 character limit, please shorten it!
Theories/Bimodal/Metalogic/Decidability/CancellableExpansion.lean::
Theories/Bimodal/Metalogic/Decidability/CancellableExpansion.lean::Note: This linter can be disabled with `set_option linter.style.longLine false`
Theories/Bimodal/Metalogic/Decidability/CancellableExpansion.lean::Theories/Bimodal/Metalogic/Decidability/CancellableExpansion.lean:102:100: warning: This line exceeds the 100 character limit, please shorten it!
Theories/Bimodal/Metalogic/Decidability/CancellableExpansion.lean::
Theories/Bimodal/Metalogic/Decidability/CancellableExpansion.lean::Note: This linter can be disabled with `set_option linter.style.longLine false`
Theories/Bimodal/Metalogic/Decidability/CancellableExpansion.lean::Theories/Bimodal/Metalogic/Decidability/CancellableExpansion.lean:178:100: warning: This line exceeds the 100 character limit, please shorten it!
Theories/Bimodal/Metalogic/Decidability/CancellableExpansion.lean::
Theories/Bimodal/Metalogic/Decidability/CancellableExpansion.lean::Note: This linter can be disabled with `set_option linter.style.longLine false`
Theories/Bimodal/Metalogic/Decidability/Closure.lean::Theories/Bimodal/Metalogic/Decidability/Closure.lean:265:4: warning: `push_neg` has been deprecated. Prefer using `push Not` instead.
Theories/Bimodal/Metalogic/Decidability/Closure.lean::If you'd rather continue using `push_neg` in your project, you can implement it as follows:
Theories/Bimodal/Metalogic/Decidability/Closure.lean::```
Theories/Bimodal/Metalogic/Decidability/Closure.lean::open Lean.Parser.Tactic in
Theories/Bimodal/Metalogic/Decidability/Closure.lean::macro "push_neg" cfg:optConfig loc:(location)? : tactic =>
Theories/Bimodal/Metalogic/Decidability/Closure.lean::  `(tactic| push $cfg:optConfig Not $[$loc]?)
Theories/Bimodal/Metalogic/Decidability/Closure.lean::```
Theories/Bimodal/Metalogic/Decidability/Closure.lean::Theories/Bimodal/Metalogic/Decidability/Closure.lean:319:100: warning: This line exceeds the 100 character limit, please shorten it!
Theories/Bimodal/Metalogic/Decidability/Closure.lean::
Theories/Bimodal/Metalogic/Decidability/Closure.lean::Note: This linter can be disabled with `set_option linter.style.longLine false`
Theories/Bimodal/Metalogic/Decidability/FMP/Filtration.lean::Theories/Bimodal/Metalogic/Decidability/FMP/Filtration.lean:237:19: warning: This simp argument is unused:
Theories/Bimodal/Metalogic/Decidability/FMP/Filtration.lean::  hd
Theories/Bimodal/Metalogic/Decidability/FMP/Filtration.lean::
Theories/Bimodal/Metalogic/Decidability/FMP/Filtration.lean::Hint: Omit it from the simp argument list.
Theories/Bimodal/Metalogic/Decidability/FMP/Filtration.lean::  [apply] simp only [↓reduceIte, hnd]
Theories/Bimodal/Metalogic/Decidability/FMP/Filtration.lean::
Theories/Bimodal/Metalogic/Decidability/FMP/Filtration.lean::Note: This linter can be disabled with `set_option linter.unusedSimpArgs false`
Theories/Bimodal/Metalogic/Decidability/FMP/Filtration.lean::Theories/Bimodal/Metalogic/Decidability/FMP/Filtration.lean:199:6: warning: `simp at h` is a flexible tactic modifying `h`. Try `simp?` and use the suggested `simp only [...]`. Alternatively, use `suffices` to explicitly state the simplified form.
Theories/Bimodal/Metalogic/Decidability/FMP/Filtration.lean::
Theories/Bimodal/Metalogic/Decidability/FMP/Filtration.lean::Note: This linter can be disabled with `set_option linter.flexible false`
Theories/Bimodal/Metalogic/Decidability/FMP/Filtration.lean::`exact h`
Theories/Bimodal/Metalogic/Decidability/FMP/Filtration.lean::uses `h`, which was modified by the flexible tactic `simp` on line 199!
Theories/Bimodal/Metalogic/Decidability/FMP/Filtration.lean::Theories/Bimodal/Metalogic/Decidability/FMP/Filtration.lean:222:8: warning: `simp at h1` is a flexible tactic modifying `h1`. Try `simp?` and use the suggested `simp only [...]`. Alternatively, use `suffices` to explicitly state the simplified form.
Theories/Bimodal/Metalogic/Decidability/FMP/Filtration.lean::
Theories/Bimodal/Metalogic/Decidability/FMP/Filtration.lean::Note: This linter can be disabled with `set_option linter.flexible false`
Theories/Bimodal/Metalogic/Decidability/FMP/Filtration.lean::`exact h1`
Theories/Bimodal/Metalogic/Decidability/FMP/Filtration.lean::uses `h1`, which was modified by the flexible tactic `simp` on line 222!
Theories/Bimodal/Metalogic/Decidability/FMP/Filtration.lean::Theories/Bimodal/Metalogic/Decidability/FMP/Filtration.lean:208:6: warning: `simp [hxy]
Theories/Bimodal/Metalogic/Decidability/FMP/Filtration.lean::      -- In an ordered additive group, if x ≥ 0 and y ≥ 0 and x + y = 0, then x = y = 0` is a flexible tactic modifying `⊢`. Try `simp?` and use the suggested `simp only [...]`. Alternatively, use `suffices` to explicitly state the simplified form.
Theories/Bimodal/Metalogic/Decidability/FMP/Filtration.lean::
Theories/Bimodal/Metalogic/Decidability/FMP/Filtration.lean::Note: This linter can be disabled with `set_option linter.flexible false`
Theories/Bimodal/Metalogic/Decidability/FMP/Filtration.lean::Try this:
Theories/Bimodal/Metalogic/Decidability/FMP/Filtration.lean::  [apply] simp only [if_true_right]
Theories/Bimodal/Metalogic/Decidability/FMP/Filtration.lean::`exact h_wu.trans h_uv`
Theories/Bimodal/Metalogic/Decidability/FMP/Filtration.lean::modifies the current goal, which was modified by the flexible tactic `simp` on line 208!
Theories/Bimodal/Metalogic/Decidability/FMP/Filtration.lean::Theories/Bimodal/Metalogic/Decidability/FMP/Filtration.lean:225:6: warning: `simp [hy0] at h_uv` is a flexible tactic modifying `h_uv`. Try `simp?` and use the suggested `simp only [...]`. Alternatively, use `suffices` to explicitly state the simplified form.
Theories/Bimodal/Metalogic/Decidability/FMP/Filtration.lean::
Theories/Bimodal/Metalogic/Decidability/FMP/Filtration.lean::Note: This linter can be disabled with `set_option linter.flexible false`
Theories/Bimodal/Metalogic/Decidability/FMP/Filtration.lean::`exact h_wu.trans h_uv`
Theories/Bimodal/Metalogic/Decidability/FMP/Filtration.lean::uses `h_uv`, which was modified by the flexible tactic `simp` on line 225!
Theories/Bimodal/Metalogic/Decidability/FMP/Filtration.lean::Theories/Bimodal/Metalogic/Decidability/FMP/Filtration.lean:297:9: warning: Variable name `S` is not explicitly referenced.
Theories/Bimodal/Metalogic/Decidability/FMP/Filtration.lean::
Theories/Bimodal/Metalogic/Decidability/FMP/Filtration.lean::Hint: The binding can be removed (if unused) or named `_` (if used implicitly). Alternatively, prefix the name with `_` to silence this warning:
Theories/Bimodal/Metalogic/Decidability/FMP/Filtration.lean::  [apply] _S
Theories/Bimodal/Metalogic/Decidability/FMP/Filtration.lean::
Theories/Bimodal/Metalogic/Decidability/FMP/Filtration.lean::Note: This linter can be disabled with `set_option linter.unusedVariables false`
Theories/Bimodal/Metalogic/Decidability/FMP/Filtration.lean::Theories/Bimodal/Metalogic/Decidability/FMP/Filtration.lean:297:11: warning: Variable name `T` is not explicitly referenced.
Theories/Bimodal/Metalogic/Decidability/FMP/Filtration.lean::
Theories/Bimodal/Metalogic/Decidability/FMP/Filtration.lean::Hint: The binding can be removed (if unused) or named `_` (if used implicitly). Alternatively, prefix the name with `_` to silence this warning:
Theories/Bimodal/Metalogic/Decidability/FMP/Filtration.lean::  [apply] _T
Theories/Bimodal/Metalogic/Decidability/FMP/Filtration.lean::
Theories/Bimodal/Metalogic/Decidability/FMP/Filtration.lean::Note: This linter can be disabled with `set_option linter.unusedVariables false`
Theories/Bimodal/Metalogic/Decidability/FMP/FiniteModel.lean::Theories/Bimodal/Metalogic/Decidability/FMP/FiniteModel.lean:85:9: warning: Variable name `S` is not explicitly referenced.
Theories/Bimodal/Metalogic/Decidability/FMP/FiniteModel.lean::
Theories/Bimodal/Metalogic/Decidability/FMP/FiniteModel.lean::Hint: The binding can be removed (if unused) or named `_` (if used implicitly). Alternatively, prefix the name with `_` to silence this warning:
Theories/Bimodal/Metalogic/Decidability/FMP/FiniteModel.lean::  [apply] _S
Theories/Bimodal/Metalogic/Decidability/FMP/FiniteModel.lean::
Theories/Bimodal/Metalogic/Decidability/FMP/FiniteModel.lean::Note: This linter can be disabled with `set_option linter.unusedVariables false`
Theories/Bimodal/Metalogic/Decidability/FMP/FiniteModel.lean::Theories/Bimodal/Metalogic/Decidability/FMP/FiniteModel.lean:85:11: warning: Variable name `T` is not explicitly referenced.
Theories/Bimodal/Metalogic/Decidability/FMP/FiniteModel.lean::
Theories/Bimodal/Metalogic/Decidability/FMP/FiniteModel.lean::Hint: The binding can be removed (if unused) or named `_` (if used implicitly). Alternatively, prefix the name with `_` to silence this warning:
Theories/Bimodal/Metalogic/Decidability/FMP/FiniteModel.lean::  [apply] _T
Theories/Bimodal/Metalogic/Decidability/FMP/FiniteModel.lean::
Theories/Bimodal/Metalogic/Decidability/FMP/FiniteModel.lean::Note: This linter can be disabled with `set_option linter.unusedVariables false`
Theories/Bimodal/Metalogic/Decidability/FMP/FMP.lean::Theories/Bimodal/Metalogic/Decidability/FMP/FMP.lean:133:100: warning: This line exceeds the 100 character limit, please shorten it!
Theories/Bimodal/Metalogic/Decidability/FMP/FMP.lean::
Theories/Bimodal/Metalogic/Decidability/FMP/FMP.lean::Note: This linter can be disabled with `set_option linter.style.longLine false`
Theories/Bimodal/Metalogic/Decidability/FMP/FMP.lean::Theories/Bimodal/Metalogic/Decidability/FMP/FMP.lean:72:4: warning: Try this: intro L hL ⟨d_bot⟩
Theories/Bimodal/Metalogic/Decidability/FMP/FMP.lean::Theories/Bimodal/Metalogic/Decidability/FMP/FMP.lean:157:100: warning: This line exceeds the 100 character limit, please shorten it!
Theories/Bimodal/Metalogic/Decidability/FMP/FMP.lean::
Theories/Bimodal/Metalogic/Decidability/FMP/FMP.lean::Note: This linter can be disabled with `set_option linter.style.longLine false`
Theories/Bimodal/Metalogic/Decidability/FMP/FMP.lean::Theories/Bimodal/Metalogic/Decidability/FMP/FMP.lean:165:100: warning: This line exceeds the 100 character limit, please shorten it!
Theories/Bimodal/Metalogic/Decidability/FMP/FMP.lean::
Theories/Bimodal/Metalogic/Decidability/FMP/FMP.lean::Note: This linter can be disabled with `set_option linter.style.longLine false`
Theories/Bimodal/Metalogic/Decidability/FMP/FMP.lean::Theories/Bimodal/Metalogic/Decidability/FMP/FMP.lean:174:7: warning: Variable name `S` is not explicitly referenced.
Theories/Bimodal/Metalogic/Decidability/FMP/FMP.lean::
Theories/Bimodal/Metalogic/Decidability/FMP/FMP.lean::Hint: The binding can be removed (if unused) or named `_` (if used implicitly). Alternatively, prefix the name with `_` to silence this warning:
Theories/Bimodal/Metalogic/Decidability/FMP/FMP.lean::  [apply] _S
Theories/Bimodal/Metalogic/Decidability/FMP/FMP.lean::
Theories/Bimodal/Metalogic/Decidability/FMP/FMP.lean::Note: This linter can be disabled with `set_option linter.unusedVariables false`
Theories/Bimodal/Metalogic/Decidability/FMP/TruthPreservation.lean::Theories/Bimodal/Metalogic/Decidability/FMP/TruthPreservation.lean:75:9: warning: Variable name `S` is not explicitly referenced.
Theories/Bimodal/Metalogic/Decidability/FMP/TruthPreservation.lean::
Theories/Bimodal/Metalogic/Decidability/FMP/TruthPreservation.lean::Hint: The binding can be removed (if unused) or named `_` (if used implicitly). Alternatively, prefix the name with `_` to silence this warning:
Theories/Bimodal/Metalogic/Decidability/FMP/TruthPreservation.lean::  [apply] _S
Theories/Bimodal/Metalogic/Decidability/FMP/TruthPreservation.lean::
Theories/Bimodal/Metalogic/Decidability/FMP/TruthPreservation.lean::Note: This linter can be disabled with `set_option linter.unusedVariables false`
Theories/Bimodal/Metalogic/Decidability/FMP/TruthPreservation.lean::Theories/Bimodal/Metalogic/Decidability/FMP/TruthPreservation.lean:75:11: warning: Variable name `T` is not explicitly referenced.
Theories/Bimodal/Metalogic/Decidability/FMP/TruthPreservation.lean::
Theories/Bimodal/Metalogic/Decidability/FMP/TruthPreservation.lean::Hint: The binding can be removed (if unused) or named `_` (if used implicitly). Alternatively, prefix the name with `_` to silence this warning:
Theories/Bimodal/Metalogic/Decidability/FMP/TruthPreservation.lean::  [apply] _T
Theories/Bimodal/Metalogic/Decidability/FMP/TruthPreservation.lean::
Theories/Bimodal/Metalogic/Decidability/FMP/TruthPreservation.lean::Note: This linter can be disabled with `set_option linter.unusedVariables false`
Theories/Bimodal/Metalogic/Decidability/FMP/TruthPreservation.lean::Theories/Bimodal/Metalogic/Decidability/FMP/TruthPreservation.lean:296:100: warning: This line exceeds the 100 character limit, please shorten it!
Theories/Bimodal/Metalogic/Decidability/FMP/TruthPreservation.lean::
Theories/Bimodal/Metalogic/Decidability/FMP/TruthPreservation.lean::Note: This linter can be disabled with `set_option linter.style.longLine false`
Theories/Bimodal/Metalogic/Decidability/ProofExtraction.lean::Theories/Bimodal/Metalogic/Decidability/ProofExtraction.lean:168:100: warning: This line exceeds the 100 character limit, please shorten it!
Theories/Bimodal/Metalogic/Decidability/ProofExtraction.lean::
Theories/Bimodal/Metalogic/Decidability/ProofExtraction.lean::Note: This linter can be disabled with `set_option linter.style.longLine false`
Theories/Bimodal/Metalogic/Decidability/ProofExtraction.lean::Theories/Bimodal/Metalogic/Decidability/ProofExtraction.lean:171:100: warning: This line exceeds the 100 character limit, please shorten it!
Theories/Bimodal/Metalogic/Decidability/ProofExtraction.lean::
Theories/Bimodal/Metalogic/Decidability/ProofExtraction.lean::Note: This linter can be disabled with `set_option linter.style.longLine false`
Theories/Bimodal/Metalogic/Decidability/ProofExtraction.lean::Theories/Bimodal/Metalogic/Decidability/ProofExtraction.lean:172:100: warning: This line exceeds the 100 character limit, please shorten it!
Theories/Bimodal/Metalogic/Decidability/ProofExtraction.lean::
Theories/Bimodal/Metalogic/Decidability/ProofExtraction.lean::Note: This linter can be disabled with `set_option linter.style.longLine false`
Theories/Bimodal/Metalogic/Decidability/ProofExtraction.lean::Theories/Bimodal/Metalogic/Decidability/ProofExtraction.lean:175:100: warning: This line exceeds the 100 character limit, please shorten it!
Theories/Bimodal/Metalogic/Decidability/ProofExtraction.lean::
Theories/Bimodal/Metalogic/Decidability/ProofExtraction.lean::Note: This linter can be disabled with `set_option linter.style.longLine false`
Theories/Bimodal/Metalogic/Decidability/ProofExtraction.lean::Theories/Bimodal/Metalogic/Decidability/ProofExtraction.lean:259:0: warning: Please, write a comment here or remove this line, but do not place empty lines within commands!
Theories/Bimodal/Metalogic/Decidability/ProofExtraction.lean::Context:
Theories/Bimodal/Metalogic/Decidability/ProofExtraction.lean::                  ↓
Theories/Bimodal/Metalogic/Decidability/ProofExtraction.lean::  ⏎      | none =>⏎⏎      -- Strategy 2: Derived theorem match⏎
Theories/Bimodal/Metalogic/Decidability/ProofExtraction.lean::
Theories/Bimodal/Metalogic/Decidability/ProofExtraction.lean::Note: This linter can be disabled with `set_option linter.style.emptyLine false`
Theories/Bimodal/Metalogic/Decidability/ProofExtraction.lean::Theories/Bimodal/Metalogic/Decidability/ProofExtraction.lean:265:0: warning: Please, write a comment here or remove this line, but do not place empty lines within commands!
Theories/Bimodal/Metalogic/Decidability/ProofExtraction.lean::Context:
Theories/Bimodal/Metalogic/Decidability/ProofExtraction.lean::                  ↓
Theories/Bimodal/Metalogic/Decidability/ProofExtraction.lean::  ⏎      | none =>⏎⏎      -- Strategy 3: Closure-based extraction⏎
Theories/Bimodal/Metalogic/Decidability/ProofExtraction.lean::
Theories/Bimodal/Metalogic/Decidability/ProofExtraction.lean::Note: This linter can be disabled with `set_option linter.style.emptyLine false`
Theories/Bimodal/Metalogic/Decidability/ProofExtraction.lean::Theories/Bimodal/Metalogic/Decidability/ProofExtraction.lean:279:0: warning: Please, write a comment here or remove this line, but do not place empty lines within commands!
Theories/Bimodal/Metalogic/Decidability/ProofExtraction.lean::Context:
Theories/Bimodal/Metalogic/Decidability/ProofExtraction.lean::                  ↓
Theories/Bimodal/Metalogic/Decidability/ProofExtraction.lean::  ⏎      | none =>⏎⏎      -- Strategy 4: Compositional proof builder⏎
Theories/Bimodal/Metalogic/Decidability/ProofExtraction.lean::
Theories/Bimodal/Metalogic/Decidability/ProofExtraction.lean::Note: This linter can be disabled with `set_option linter.style.emptyLine false`
Theories/Bimodal/Metalogic/Decidability/ProofExtraction.lean::Theories/Bimodal/Metalogic/Decidability/ProofExtraction.lean:284:0: warning: Please, write a comment here or remove this line, but do not place empty lines within commands!
Theories/Bimodal/Metalogic/Decidability/ProofExtraction.lean::Context:
Theories/Bimodal/Metalogic/Decidability/ProofExtraction.lean::                  ↓
Theories/Bimodal/Metalogic/Decidability/ProofExtraction.lean::  ⏎      | none =>⏎⏎      -- Strategy 5: Enhanced proof search (tableau confirmed validity)⏎
Theories/Bimodal/Metalogic/Decidability/ProofExtraction.lean::
Theories/Bimodal/Metalogic/Decidability/ProofExtraction.lean::Note: This linter can be disabled with `set_option linter.style.emptyLine false`
Theories/Bimodal/Metalogic/Decidability/ProofExtraction.lean::Theories/Bimodal/Metalogic/Decidability/ProofExtraction.lean:289:100: warning: This line exceeds the 100 character limit, please shorten it!
Theories/Bimodal/Metalogic/Decidability/ProofExtraction.lean::You can use "string gaps" to format long strings: within a string quotation, using a '\' at the end of a line allows you to continue the string on the following line, removing all intervening whitespace.
Theories/Bimodal/Metalogic/Decidability/ProofExtraction.lean::
Theories/Bimodal/Metalogic/Decidability/ProofExtraction.lean::Note: This linter can be disabled with `set_option linter.style.longLine false`
Theories/Bimodal/Metalogic/Decidability/Propositional/Kalmar.lean::Theories/Bimodal/Metalogic/Decidability/Propositional/Kalmar.lean:272:100: warning: This line exceeds the 100 character limit, please shorten it!
Theories/Bimodal/Metalogic/Decidability/Propositional/Kalmar.lean::
Theories/Bimodal/Metalogic/Decidability/Propositional/Kalmar.lean::Note: This linter can be disabled with `set_option linter.style.longLine false`
Theories/Bimodal/Metalogic/Decidability/Propositional/Decidable.lean::Theories/Bimodal/Metalogic/Decidability/Propositional/Decidable.lean:129:23: warning: This simp argument is unused:
Theories/Bimodal/Metalogic/Decidability/Propositional/Decidable.lean::  PropForm.denote
Theories/Bimodal/Metalogic/Decidability/Propositional/Decidable.lean::
Theories/Bimodal/Metalogic/Decidability/Propositional/Decidable.lean::Hint: Omit it from the simp argument list.
Theories/Bimodal/Metalogic/Decidability/Propositional/Decidable.lean::  [apply] simp [reifyWith, hφeq, hψeq]
Theories/Bimodal/Metalogic/Decidability/Propositional/Decidable.lean::
Theories/Bimodal/Metalogic/Decidability/Propositional/Decidable.lean::Note: This linter can be disabled with `set_option linter.unusedSimpArgs false`
Theories/Bimodal/Metalogic/Decidability/Propositional/Decidable.lean::Theories/Bimodal/Metalogic/Decidability/Propositional/Decidable.lean:116:6: warning: The `show` tactic should only be used to indicate intermediate goal states for readability.
Theories/Bimodal/Metalogic/Decidability/Propositional/Decidable.lean::However, this tactic invocation changed the goal. Please use `change` instead for these purposes.
Theories/Bimodal/Metalogic/Decidability/Propositional/Decidable.lean::
Theories/Bimodal/Metalogic/Decidability/Propositional/Decidable.lean::Note: This linter can be disabled with `set_option linter.style.show false`
Theories/Bimodal/Metalogic/Decidability/Propositional/Decidable.lean::Theories/Bimodal/Metalogic/Decidability/Propositional/Decidable.lean:161:8: warning: This simp argument is unused:
Theories/Bimodal/Metalogic/Decidability/Propositional/Decidable.lean::  PropForm.eval
Theories/Bimodal/Metalogic/Decidability/Propositional/Decidable.lean::
Theories/Bimodal/Metalogic/Decidability/Propositional/Decidable.lean::Hint: Omit it from the simp argument list.
Theories/Bimodal/Metalogic/Decidability/Propositional/Decidable.lean::  [apply] simp [Bimodal.Semantics.truth_at, WorldHistory.trivial, trivialModel, reifyWith]
Theories/Bimodal/Metalogic/Decidability/Propositional/Decidable.lean::
Theories/Bimodal/Metalogic/Decidability/Propositional/Decidable.lean::Note: This linter can be disabled with `set_option linter.unusedSimpArgs false`
Theories/Bimodal/Metalogic/Decidability/Propositional/Decidable.lean::Theories/Bimodal/Metalogic/Decidability/Propositional/Decidable.lean:164:51: warning: This simp argument is unused:
Theories/Bimodal/Metalogic/Decidability/Propositional/Decidable.lean::  PropForm.eval
Theories/Bimodal/Metalogic/Decidability/Propositional/Decidable.lean::
Theories/Bimodal/Metalogic/Decidability/Propositional/Decidable.lean::Hint: Omit it from the simp argument list.
Theories/Bimodal/Metalogic/Decidability/Propositional/Decidable.lean::  [apply] simp [Bimodal.Semantics.truth_at, reifyWith]
Theories/Bimodal/Metalogic/Decidability/Propositional/Decidable.lean::
Theories/Bimodal/Metalogic/Decidability/Propositional/Decidable.lean::Note: This linter can be disabled with `set_option linter.unusedSimpArgs false`
Theories/Bimodal/Metalogic/Decidability/Propositional/Decidable.lean::Theories/Bimodal/Metalogic/Decidability/Propositional/Decidable.lean:187:4: warning: `push_neg` has been deprecated. Prefer using `push Not` instead.
Theories/Bimodal/Metalogic/Decidability/Propositional/Decidable.lean::If you'd rather continue using `push_neg` in your project, you can implement it as follows:
Theories/Bimodal/Metalogic/Decidability/Propositional/Decidable.lean::```
Theories/Bimodal/Metalogic/Decidability/Propositional/Decidable.lean::open Lean.Parser.Tactic in
Theories/Bimodal/Metalogic/Decidability/Propositional/Decidable.lean::macro "push_neg" cfg:optConfig loc:(location)? : tactic =>
Theories/Bimodal/Metalogic/Decidability/Propositional/Decidable.lean::  `(tactic| push $cfg:optConfig Not $[$loc]?)
Theories/Bimodal/Metalogic/Decidability/Propositional/Decidable.lean::```
Theories/Bimodal/Metalogic/Decidability/Propositional/PropForm.lean::Theories/Bimodal/Metalogic/Decidability/Propositional/PropForm.lean:109:100: warning: This line exceeds the 100 character limit, please shorten it!
Theories/Bimodal/Metalogic/Decidability/Propositional/PropForm.lean::
Theories/Bimodal/Metalogic/Decidability/Propositional/PropForm.lean::Note: This linter can be disabled with `set_option linter.style.longLine false`
Theories/Bimodal/Metalogic/Decidability/Propositional/PropForm.lean::Theories/Bimodal/Metalogic/Decidability/Propositional/PropForm.lean:121:6: warning: The `show` tactic should only be used to indicate intermediate goal states for readability.
Theories/Bimodal/Metalogic/Decidability/Propositional/PropForm.lean::However, this tactic invocation changed the goal. Please use `change` instead for these purposes.
Theories/Bimodal/Metalogic/Decidability/Propositional/PropForm.lean::
Theories/Bimodal/Metalogic/Decidability/Propositional/PropForm.lean::Note: This linter can be disabled with `set_option linter.style.show false`
Theories/Bimodal/Metalogic/Decidability/SignedFormula.lean::Theories/Bimodal/Metalogic/Decidability/SignedFormula.lean:126:35: warning: Using `native_decide` is not allowed in mathlib: because it trusts the entire Lean compiler (not just the Lean kernel), it could quite possibly be used to prove false.
Theories/Bimodal/Metalogic/Decidability/SignedFormula.lean::
Theories/Bimodal/Metalogic/Decidability/SignedFormula.lean::Note: This linter can be disabled with `set_option linter.style.nativeDecide false`
Theories/Bimodal/Metalogic/Decidability/SignedFormula.lean::Theories/Bimodal/Metalogic/Decidability/SignedFormula.lean:132:23: warning: Using `native_decide` is not allowed in mathlib: because it trusts the entire Lean compiler (not just the Lean kernel), it could quite possibly be used to prove false.
Theories/Bimodal/Metalogic/Decidability/SignedFormula.lean::
Theories/Bimodal/Metalogic/Decidability/SignedFormula.lean::Note: This linter can be disabled with `set_option linter.style.nativeDecide false`
Theories/Bimodal/Metalogic/Decidability/SignedFormula.lean::Theories/Bimodal/Metalogic/Decidability/SignedFormula.lean:133:23: warning: Using `native_decide` is not allowed in mathlib: because it trusts the entire Lean compiler (not just the Lean kernel), it could quite possibly be used to prove false.
Theories/Bimodal/Metalogic/Decidability/SignedFormula.lean::
Theories/Bimodal/Metalogic/Decidability/SignedFormula.lean::Note: This linter can be disabled with `set_option linter.style.nativeDecide false`
Theories/Bimodal/Metalogic/Decidability/SignedFormula.lean::Theories/Bimodal/Metalogic/Decidability/SignedFormula.lean:138:33: warning: Using `native_decide` is not allowed in mathlib: because it trusts the entire Lean compiler (not just the Lean kernel), it could quite possibly be used to prove false.
Theories/Bimodal/Metalogic/Decidability/SignedFormula.lean::
Theories/Bimodal/Metalogic/Decidability/SignedFormula.lean::Note: This linter can be disabled with `set_option linter.style.nativeDecide false`
Theories/Bimodal/Metalogic/Decidability/SignedFormula.lean::Theories/Bimodal/Metalogic/Decidability/SignedFormula.lean:190:100: warning: This line exceeds the 100 character limit, please shorten it!
Theories/Bimodal/Metalogic/Decidability/SignedFormula.lean::
Theories/Bimodal/Metalogic/Decidability/SignedFormula.lean::Note: This linter can be disabled with `set_option linter.style.longLine false`
Theories/Bimodal/Metalogic/Decidability/SignedFormula.lean::Theories/Bimodal/Metalogic/Decidability/SignedFormula.lean:570:100: warning: This line exceeds the 100 character limit, please shorten it!
Theories/Bimodal/Metalogic/Decidability/SignedFormula.lean::
Theories/Bimodal/Metalogic/Decidability/SignedFormula.lean::Note: This linter can be disabled with `set_option linter.style.longLine false`
Theories/Bimodal/Metalogic/Decidability/Tableau.lean::Theories/Bimodal/Metalogic/Decidability/Tableau.lean:111:100: warning: This line exceeds the 100 character limit, please shorten it!
Theories/Bimodal/Metalogic/Decidability/Tableau.lean::
Theories/Bimodal/Metalogic/Decidability/Tableau.lean::Note: This linter can be disabled with `set_option linter.style.longLine false`
Theories/Bimodal/Metalogic/Decidability/Tableau.lean::Theories/Bimodal/Metalogic/Decidability/Tableau.lean:120:100: warning: This line exceeds the 100 character limit, please shorten it!
Theories/Bimodal/Metalogic/Decidability/Tableau.lean::
Theories/Bimodal/Metalogic/Decidability/Tableau.lean::Note: This linter can be disabled with `set_option linter.style.longLine false`
Theories/Bimodal/Metalogic/Decidability/Tableau.lean::Theories/Bimodal/Metalogic/Decidability/Tableau.lean:413:100: warning: This line exceeds the 100 character limit, please shorten it!
Theories/Bimodal/Metalogic/Decidability/Tableau.lean::
Theories/Bimodal/Metalogic/Decidability/Tableau.lean::Note: This linter can be disabled with `set_option linter.style.longLine false`
Theories/Bimodal/Metalogic/Decidability/Tableau.lean::Theories/Bimodal/Metalogic/Decidability/Tableau.lean:456:100: warning: This line exceeds the 100 character limit, please shorten it!
Theories/Bimodal/Metalogic/Decidability/Tableau.lean::
Theories/Bimodal/Metalogic/Decidability/Tableau.lean::Note: This linter can be disabled with `set_option linter.style.longLine false`
Theories/Bimodal/Metalogic/Decidability/Tableau.lean::Theories/Bimodal/Metalogic/Decidability/Tableau.lean:682:100: warning: This line exceeds the 100 character limit, please shorten it!
Theories/Bimodal/Metalogic/Decidability/Tableau.lean::
Theories/Bimodal/Metalogic/Decidability/Tableau.lean::Note: This linter can be disabled with `set_option linter.style.longLine false`
Theories/Bimodal/Metalogic/Decidability/Tableau.lean::Theories/Bimodal/Metalogic/Decidability/Tableau.lean:726:100: warning: This line exceeds the 100 character limit, please shorten it!
Theories/Bimodal/Metalogic/Decidability/Tableau.lean::
Theories/Bimodal/Metalogic/Decidability/Tableau.lean::Note: This linter can be disabled with `set_option linter.style.longLine false`
Theories/Bimodal/Metalogic/Decidability/Tableau.lean::Theories/Bimodal/Metalogic/Decidability/Tableau.lean:766:100: warning: This line exceeds the 100 character limit, please shorten it!
Theories/Bimodal/Metalogic/Decidability/Tableau.lean::
Theories/Bimodal/Metalogic/Decidability/Tableau.lean::Note: This linter can be disabled with `set_option linter.style.longLine false`
Theories/Bimodal/Metalogic/Decidability/Tableau.lean::Theories/Bimodal/Metalogic/Decidability/Tableau.lean:775:100: warning: This line exceeds the 100 character limit, please shorten it!
Theories/Bimodal/Metalogic/Decidability/Tableau.lean::
Theories/Bimodal/Metalogic/Decidability/Tableau.lean::Note: This linter can be disabled with `set_option linter.style.longLine false`
Theories/Bimodal/Metalogic/Decidability/Tableau.lean::Theories/Bimodal/Metalogic/Decidability/Tableau.lean:782:100: warning: This line exceeds the 100 character limit, please shorten it!
Theories/Bimodal/Metalogic/Decidability/Tableau.lean::
Theories/Bimodal/Metalogic/Decidability/Tableau.lean::Note: This linter can be disabled with `set_option linter.style.longLine false`
Theories/Bimodal/Metalogic/Decidability/Tableau.lean::Theories/Bimodal/Metalogic/Decidability/Tableau.lean:836:100: warning: This line exceeds the 100 character limit, please shorten it!
Theories/Bimodal/Metalogic/Decidability/Tableau.lean::
Theories/Bimodal/Metalogic/Decidability/Tableau.lean::Note: This linter can be disabled with `set_option linter.style.longLine false`
Theories/Bimodal/Metalogic/Decidability/Tableau.lean::Theories/Bimodal/Metalogic/Decidability/Tableau.lean:845:100: warning: This line exceeds the 100 character limit, please shorten it!
Theories/Bimodal/Metalogic/Decidability/Tableau.lean::
Theories/Bimodal/Metalogic/Decidability/Tableau.lean::Note: This linter can be disabled with `set_option linter.style.longLine false`
Theories/Bimodal/Metalogic/Decidability/Tableau.lean::Theories/Bimodal/Metalogic/Decidability/Tableau.lean:852:100: warning: This line exceeds the 100 character limit, please shorten it!
Theories/Bimodal/Metalogic/Decidability/Tableau.lean::
Theories/Bimodal/Metalogic/Decidability/Tableau.lean::Note: This linter can be disabled with `set_option linter.style.longLine false`
Theories/Bimodal/Metalogic/Decidability/Tableau.lean::Theories/Bimodal/Metalogic/Decidability/Tableau.lean:1122:100: warning: This line exceeds the 100 character limit, please shorten it!
Theories/Bimodal/Metalogic/Decidability/Tableau.lean::
Theories/Bimodal/Metalogic/Decidability/Tableau.lean::Note: This linter can be disabled with `set_option linter.style.longLine false`
Theories/Bimodal/Metalogic/Soundness.lean::Theories/Bimodal/Metalogic/Soundness.lean:108:23: warning: This simp argument is unused:
Theories/Bimodal/Metalogic/Soundness.lean::  Truth.future_iff
Theories/Bimodal/Metalogic/Soundness.lean::
Theories/Bimodal/Metalogic/Soundness.lean::Hint: Omit it from the simp argument list.
Theories/Bimodal/Metalogic/Soundness.lean::  [apply] simp only [truth_at, Truth.past_iff, Truth.some_future_iff, Truth.some_past_iff]
Theories/Bimodal/Metalogic/Soundness.lean::
Theories/Bimodal/Metalogic/Soundness.lean::Note: This linter can be disabled with `set_option linter.unusedSimpArgs false`
Theories/Bimodal/Metalogic/Soundness.lean::Theories/Bimodal/Metalogic/Soundness.lean:108:41: warning: This simp argument is unused:
Theories/Bimodal/Metalogic/Soundness.lean::  Truth.past_iff
Theories/Bimodal/Metalogic/Soundness.lean::
Theories/Bimodal/Metalogic/Soundness.lean::Hint: Omit it from the simp argument list.
Theories/Bimodal/Metalogic/Soundness.lean::  [apply] simp only [truth_at, Truth.future_iff, Truth.some_future_iff, Truth.some_past_iff]
Theories/Bimodal/Metalogic/Soundness.lean::
Theories/Bimodal/Metalogic/Soundness.lean::Note: This linter can be disabled with `set_option linter.unusedSimpArgs false`
Theories/Bimodal/Metalogic/Soundness.lean::Theories/Bimodal/Metalogic/Soundness.lean:108:57: warning: This simp argument is unused:
Theories/Bimodal/Metalogic/Soundness.lean::  Truth.some_future_iff
Theories/Bimodal/Metalogic/Soundness.lean::
Theories/Bimodal/Metalogic/Soundness.lean::Hint: Omit it from the simp argument list.
Theories/Bimodal/Metalogic/Soundness.lean::  [apply] simp only [truth_at, Truth.future_iff, Truth.past_iff, Truth.some_past_iff]
Theories/Bimodal/Metalogic/Soundness.lean::
Theories/Bimodal/Metalogic/Soundness.lean::Note: This linter can be disabled with `set_option linter.unusedSimpArgs false`
Theories/Bimodal/Metalogic/Soundness.lean::Theories/Bimodal/Metalogic/Soundness.lean:108:80: warning: This simp argument is unused:
Theories/Bimodal/Metalogic/Soundness.lean::  Truth.some_past_iff
Theories/Bimodal/Metalogic/Soundness.lean::
Theories/Bimodal/Metalogic/Soundness.lean::Hint: Omit it from the simp argument list.
Theories/Bimodal/Metalogic/Soundness.lean::  [apply] simp only [truth_at, Truth.future_iff, Truth.past_iff, Truth.some_future_iff]
Theories/Bimodal/Metalogic/Soundness.lean::
Theories/Bimodal/Metalogic/Soundness.lean::Note: This linter can be disabled with `set_option linter.unusedSimpArgs false`
Theories/Bimodal/Metalogic/Soundness.lean::Theories/Bimodal/Metalogic/Soundness.lean:115:23: warning: This simp argument is unused:
Theories/Bimodal/Metalogic/Soundness.lean::  Truth.future_iff
Theories/Bimodal/Metalogic/Soundness.lean::
Theories/Bimodal/Metalogic/Soundness.lean::Hint: Omit it from the simp argument list.
Theories/Bimodal/Metalogic/Soundness.lean::  [apply] simp only [truth_at, Truth.past_iff, Truth.some_future_iff, Truth.some_past_iff]
Theories/Bimodal/Metalogic/Soundness.lean::
Theories/Bimodal/Metalogic/Soundness.lean::Note: This linter can be disabled with `set_option linter.unusedSimpArgs false`
Theories/Bimodal/Metalogic/Soundness.lean::Theories/Bimodal/Metalogic/Soundness.lean:115:41: warning: This simp argument is unused:
Theories/Bimodal/Metalogic/Soundness.lean::  Truth.past_iff
Theories/Bimodal/Metalogic/Soundness.lean::
Theories/Bimodal/Metalogic/Soundness.lean::Hint: Omit it from the simp argument list.
Theories/Bimodal/Metalogic/Soundness.lean::  [apply] simp only [truth_at, Truth.future_iff, Truth.some_future_iff, Truth.some_past_iff]
Theories/Bimodal/Metalogic/Soundness.lean::
Theories/Bimodal/Metalogic/Soundness.lean::Note: This linter can be disabled with `set_option linter.unusedSimpArgs false`
Theories/Bimodal/Metalogic/Soundness.lean::Theories/Bimodal/Metalogic/Soundness.lean:115:57: warning: This simp argument is unused:
Theories/Bimodal/Metalogic/Soundness.lean::  Truth.some_future_iff
Theories/Bimodal/Metalogic/Soundness.lean::
Theories/Bimodal/Metalogic/Soundness.lean::Hint: Omit it from the simp argument list.
Theories/Bimodal/Metalogic/Soundness.lean::  [apply] simp only [truth_at, Truth.future_iff, Truth.past_iff, Truth.some_past_iff]
Theories/Bimodal/Metalogic/Soundness.lean::
Theories/Bimodal/Metalogic/Soundness.lean::Note: This linter can be disabled with `set_option linter.unusedSimpArgs false`
Theories/Bimodal/Metalogic/Soundness.lean::Theories/Bimodal/Metalogic/Soundness.lean:115:80: warning: This simp argument is unused:
Theories/Bimodal/Metalogic/Soundness.lean::  Truth.some_past_iff
Theories/Bimodal/Metalogic/Soundness.lean::
Theories/Bimodal/Metalogic/Soundness.lean::Hint: Omit it from the simp argument list.
Theories/Bimodal/Metalogic/Soundness.lean::  [apply] simp only [truth_at, Truth.future_iff, Truth.past_iff, Truth.some_future_iff]
Theories/Bimodal/Metalogic/Soundness.lean::
Theories/Bimodal/Metalogic/Soundness.lean::Note: This linter can be disabled with `set_option linter.unusedSimpArgs false`
Theories/Bimodal/Metalogic/Soundness.lean::Theories/Bimodal/Metalogic/Soundness.lean:122:23: warning: This simp argument is unused:
Theories/Bimodal/Metalogic/Soundness.lean::  Truth.future_iff
Theories/Bimodal/Metalogic/Soundness.lean::
Theories/Bimodal/Metalogic/Soundness.lean::Hint: Omit it from the simp argument list.
Theories/Bimodal/Metalogic/Soundness.lean::  [apply] simp only [truth_at, Truth.past_iff, Truth.some_future_iff, Truth.some_past_iff]
Theories/Bimodal/Metalogic/Soundness.lean::
Theories/Bimodal/Metalogic/Soundness.lean::Note: This linter can be disabled with `set_option linter.unusedSimpArgs false`
Theories/Bimodal/Metalogic/Soundness.lean::Theories/Bimodal/Metalogic/Soundness.lean:122:41: warning: This simp argument is unused:
Theories/Bimodal/Metalogic/Soundness.lean::  Truth.past_iff
Theories/Bimodal/Metalogic/Soundness.lean::
Theories/Bimodal/Metalogic/Soundness.lean::Hint: Omit it from the simp argument list.
Theories/Bimodal/Metalogic/Soundness.lean::  [apply] simp only [truth_at, Truth.future_iff, Truth.some_future_iff, Truth.some_past_iff]
Theories/Bimodal/Metalogic/Soundness.lean::
Theories/Bimodal/Metalogic/Soundness.lean::Note: This linter can be disabled with `set_option linter.unusedSimpArgs false`
Theories/Bimodal/Metalogic/Soundness.lean::Theories/Bimodal/Metalogic/Soundness.lean:122:57: warning: This simp argument is unused:
Theories/Bimodal/Metalogic/Soundness.lean::  Truth.some_future_iff
Theories/Bimodal/Metalogic/Soundness.lean::
Theories/Bimodal/Metalogic/Soundness.lean::Hint: Omit it from the simp argument list.
Theories/Bimodal/Metalogic/Soundness.lean::  [apply] simp only [truth_at, Truth.future_iff, Truth.past_iff, Truth.some_past_iff]
Theories/Bimodal/Metalogic/Soundness.lean::
Theories/Bimodal/Metalogic/Soundness.lean::Note: This linter can be disabled with `set_option linter.unusedSimpArgs false`
Theories/Bimodal/Metalogic/Soundness.lean::Theories/Bimodal/Metalogic/Soundness.lean:122:80: warning: This simp argument is unused:
Theories/Bimodal/Metalogic/Soundness.lean::  Truth.some_past_iff
Theories/Bimodal/Metalogic/Soundness.lean::
Theories/Bimodal/Metalogic/Soundness.lean::Hint: Omit it from the simp argument list.
Theories/Bimodal/Metalogic/Soundness.lean::  [apply] simp only [truth_at, Truth.future_iff, Truth.past_iff, Truth.some_future_iff]
Theories/Bimodal/Metalogic/Soundness.lean::
Theories/Bimodal/Metalogic/Soundness.lean::Note: This linter can be disabled with `set_option linter.unusedSimpArgs false`
Theories/Bimodal/Metalogic/Soundness.lean::Theories/Bimodal/Metalogic/Soundness.lean:129:23: warning: This simp argument is unused:
Theories/Bimodal/Metalogic/Soundness.lean::  Truth.future_iff
Theories/Bimodal/Metalogic/Soundness.lean::
Theories/Bimodal/Metalogic/Soundness.lean::Hint: Omit it from the simp argument list.
Theories/Bimodal/Metalogic/Soundness.lean::  [apply] simp only [truth_at, Truth.past_iff, Truth.some_future_iff, Truth.some_past_iff]
Theories/Bimodal/Metalogic/Soundness.lean::
Theories/Bimodal/Metalogic/Soundness.lean::Note: This linter can be disabled with `set_option linter.unusedSimpArgs false`
Theories/Bimodal/Metalogic/Soundness.lean::Theories/Bimodal/Metalogic/Soundness.lean:129:41: warning: This simp argument is unused:
Theories/Bimodal/Metalogic/Soundness.lean::  Truth.past_iff
Theories/Bimodal/Metalogic/Soundness.lean::
Theories/Bimodal/Metalogic/Soundness.lean::Hint: Omit it from the simp argument list.
Theories/Bimodal/Metalogic/Soundness.lean::  [apply] simp only [truth_at, Truth.future_iff, Truth.some_future_iff, Truth.some_past_iff]
Theories/Bimodal/Metalogic/Soundness.lean::
Theories/Bimodal/Metalogic/Soundness.lean::Note: This linter can be disabled with `set_option linter.unusedSimpArgs false`
Theories/Bimodal/Metalogic/Soundness.lean::Theories/Bimodal/Metalogic/Soundness.lean:129:57: warning: This simp argument is unused:
Theories/Bimodal/Metalogic/Soundness.lean::  Truth.some_future_iff
Theories/Bimodal/Metalogic/Soundness.lean::
Theories/Bimodal/Metalogic/Soundness.lean::Hint: Omit it from the simp argument list.
Theories/Bimodal/Metalogic/Soundness.lean::  [apply] simp only [truth_at, Truth.future_iff, Truth.past_iff, Truth.some_past_iff]
Theories/Bimodal/Metalogic/Soundness.lean::
Theories/Bimodal/Metalogic/Soundness.lean::Note: This linter can be disabled with `set_option linter.unusedSimpArgs false`
Theories/Bimodal/Metalogic/Soundness.lean::Theories/Bimodal/Metalogic/Soundness.lean:129:80: warning: This simp argument is unused:
Theories/Bimodal/Metalogic/Soundness.lean::  Truth.some_past_iff
Theories/Bimodal/Metalogic/Soundness.lean::
Theories/Bimodal/Metalogic/Soundness.lean::Hint: Omit it from the simp argument list.
Theories/Bimodal/Metalogic/Soundness.lean::  [apply] simp only [truth_at, Truth.future_iff, Truth.past_iff, Truth.some_future_iff]
Theories/Bimodal/Metalogic/Soundness.lean::
Theories/Bimodal/Metalogic/Soundness.lean::Note: This linter can be disabled with `set_option linter.unusedSimpArgs false`
Theories/Bimodal/Metalogic/Soundness.lean::Theories/Bimodal/Metalogic/Soundness.lean:137:23: warning: This simp argument is unused:
Theories/Bimodal/Metalogic/Soundness.lean::  Truth.future_iff
Theories/Bimodal/Metalogic/Soundness.lean::
Theories/Bimodal/Metalogic/Soundness.lean::Hint: Omit it from the simp argument list.
Theories/Bimodal/Metalogic/Soundness.lean::  [apply] simp only [truth_at, Truth.past_iff, Truth.some_future_iff, Truth.some_past_iff]
Theories/Bimodal/Metalogic/Soundness.lean::
Theories/Bimodal/Metalogic/Soundness.lean::Note: This linter can be disabled with `set_option linter.unusedSimpArgs false`
Theories/Bimodal/Metalogic/Soundness.lean::Theories/Bimodal/Metalogic/Soundness.lean:137:41: warning: This simp argument is unused:
Theories/Bimodal/Metalogic/Soundness.lean::  Truth.past_iff
Theories/Bimodal/Metalogic/Soundness.lean::
Theories/Bimodal/Metalogic/Soundness.lean::Hint: Omit it from the simp argument list.
Theories/Bimodal/Metalogic/Soundness.lean::  [apply] simp only [truth_at, Truth.future_iff, Truth.some_future_iff, Truth.some_past_iff]
Theories/Bimodal/Metalogic/Soundness.lean::
Theories/Bimodal/Metalogic/Soundness.lean::Note: This linter can be disabled with `set_option linter.unusedSimpArgs false`
Theories/Bimodal/Metalogic/Soundness.lean::Theories/Bimodal/Metalogic/Soundness.lean:137:57: warning: This simp argument is unused:
Theories/Bimodal/Metalogic/Soundness.lean::  Truth.some_future_iff
Theories/Bimodal/Metalogic/Soundness.lean::
Theories/Bimodal/Metalogic/Soundness.lean::Hint: Omit it from the simp argument list.
Theories/Bimodal/Metalogic/Soundness.lean::  [apply] simp only [truth_at, Truth.future_iff, Truth.past_iff, Truth.some_past_iff]
Theories/Bimodal/Metalogic/Soundness.lean::
Theories/Bimodal/Metalogic/Soundness.lean::Note: This linter can be disabled with `set_option linter.unusedSimpArgs false`
Theories/Bimodal/Metalogic/Soundness.lean::Theories/Bimodal/Metalogic/Soundness.lean:137:80: warning: This simp argument is unused:
Theories/Bimodal/Metalogic/Soundness.lean::  Truth.some_past_iff
Theories/Bimodal/Metalogic/Soundness.lean::
Theories/Bimodal/Metalogic/Soundness.lean::Hint: Omit it from the simp argument list.
Theories/Bimodal/Metalogic/Soundness.lean::  [apply] simp only [truth_at, Truth.future_iff, Truth.past_iff, Truth.some_future_iff]
Theories/Bimodal/Metalogic/Soundness.lean::
Theories/Bimodal/Metalogic/Soundness.lean::Note: This linter can be disabled with `set_option linter.unusedSimpArgs false`
Theories/Bimodal/Metalogic/Soundness.lean::Theories/Bimodal/Metalogic/Soundness.lean:145:23: warning: This simp argument is unused:
Theories/Bimodal/Metalogic/Soundness.lean::  Truth.future_iff
Theories/Bimodal/Metalogic/Soundness.lean::
Theories/Bimodal/Metalogic/Soundness.lean::Hint: Omit it from the simp argument list.
Theories/Bimodal/Metalogic/Soundness.lean::  [apply] simp only [truth_at, Truth.past_iff, Truth.some_future_iff, Truth.some_past_iff]
Theories/Bimodal/Metalogic/Soundness.lean::
Theories/Bimodal/Metalogic/Soundness.lean::Note: This linter can be disabled with `set_option linter.unusedSimpArgs false`
Theories/Bimodal/Metalogic/Soundness.lean::Theories/Bimodal/Metalogic/Soundness.lean:145:41: warning: This simp argument is unused:
Theories/Bimodal/Metalogic/Soundness.lean::  Truth.past_iff
Theories/Bimodal/Metalogic/Soundness.lean::
Theories/Bimodal/Metalogic/Soundness.lean::Hint: Omit it from the simp argument list.
Theories/Bimodal/Metalogic/Soundness.lean::  [apply] simp only [truth_at, Truth.future_iff, Truth.some_future_iff, Truth.some_past_iff]
Theories/Bimodal/Metalogic/Soundness.lean::
Theories/Bimodal/Metalogic/Soundness.lean::Note: This linter can be disabled with `set_option linter.unusedSimpArgs false`
Theories/Bimodal/Metalogic/Soundness.lean::Theories/Bimodal/Metalogic/Soundness.lean:145:57: warning: This simp argument is unused:
Theories/Bimodal/Metalogic/Soundness.lean::  Truth.some_future_iff
Theories/Bimodal/Metalogic/Soundness.lean::
Theories/Bimodal/Metalogic/Soundness.lean::Hint: Omit it from the simp argument list.
Theories/Bimodal/Metalogic/Soundness.lean::  [apply] simp only [truth_at, Truth.future_iff, Truth.past_iff, Truth.some_past_iff]
Theories/Bimodal/Metalogic/Soundness.lean::
Theories/Bimodal/Metalogic/Soundness.lean::Note: This linter can be disabled with `set_option linter.unusedSimpArgs false`
Theories/Bimodal/Metalogic/Soundness.lean::Theories/Bimodal/Metalogic/Soundness.lean:145:80: warning: This simp argument is unused:
Theories/Bimodal/Metalogic/Soundness.lean::  Truth.some_past_iff
Theories/Bimodal/Metalogic/Soundness.lean::
Theories/Bimodal/Metalogic/Soundness.lean::Hint: Omit it from the simp argument list.
Theories/Bimodal/Metalogic/Soundness.lean::  [apply] simp only [truth_at, Truth.future_iff, Truth.past_iff, Truth.some_future_iff]
Theories/Bimodal/Metalogic/Soundness.lean::
Theories/Bimodal/Metalogic/Soundness.lean::Note: This linter can be disabled with `set_option linter.unusedSimpArgs false`
Theories/Bimodal/Metalogic/Soundness.lean::Theories/Bimodal/Metalogic/Soundness.lean:155:23: warning: This simp argument is unused:
Theories/Bimodal/Metalogic/Soundness.lean::  Truth.future_iff
Theories/Bimodal/Metalogic/Soundness.lean::
Theories/Bimodal/Metalogic/Soundness.lean::Hint: Omit it from the simp argument list.
Theories/Bimodal/Metalogic/Soundness.lean::  [apply] simp only [truth_at, Truth.past_iff, Truth.some_future_iff, Truth.some_past_iff]
Theories/Bimodal/Metalogic/Soundness.lean::
Theories/Bimodal/Metalogic/Soundness.lean::Note: This linter can be disabled with `set_option linter.unusedSimpArgs false`
Theories/Bimodal/Metalogic/Soundness.lean::Theories/Bimodal/Metalogic/Soundness.lean:155:41: warning: This simp argument is unused:
Theories/Bimodal/Metalogic/Soundness.lean::  Truth.past_iff
Theories/Bimodal/Metalogic/Soundness.lean::
Theories/Bimodal/Metalogic/Soundness.lean::Hint: Omit it from the simp argument list.
Theories/Bimodal/Metalogic/Soundness.lean::  [apply] simp only [truth_at, Truth.future_iff, Truth.some_future_iff, Truth.some_past_iff]
Theories/Bimodal/Metalogic/Soundness.lean::
Theories/Bimodal/Metalogic/Soundness.lean::Note: This linter can be disabled with `set_option linter.unusedSimpArgs false`
Theories/Bimodal/Metalogic/Soundness.lean::Theories/Bimodal/Metalogic/Soundness.lean:155:57: warning: This simp argument is unused:
Theories/Bimodal/Metalogic/Soundness.lean::  Truth.some_future_iff
Theories/Bimodal/Metalogic/Soundness.lean::
Theories/Bimodal/Metalogic/Soundness.lean::Hint: Omit it from the simp argument list.
Theories/Bimodal/Metalogic/Soundness.lean::  [apply] simp only [truth_at, Truth.future_iff, Truth.past_iff, Truth.some_past_iff]
Theories/Bimodal/Metalogic/Soundness.lean::
Theories/Bimodal/Metalogic/Soundness.lean::Note: This linter can be disabled with `set_option linter.unusedSimpArgs false`
Theories/Bimodal/Metalogic/Soundness.lean::Theories/Bimodal/Metalogic/Soundness.lean:155:80: warning: This simp argument is unused:
Theories/Bimodal/Metalogic/Soundness.lean::  Truth.some_past_iff
Theories/Bimodal/Metalogic/Soundness.lean::
Theories/Bimodal/Metalogic/Soundness.lean::Hint: Omit it from the simp argument list.
Theories/Bimodal/Metalogic/Soundness.lean::  [apply] simp only [truth_at, Truth.future_iff, Truth.past_iff, Truth.some_future_iff]
Theories/Bimodal/Metalogic/Soundness.lean::
Theories/Bimodal/Metalogic/Soundness.lean::Note: This linter can be disabled with `set_option linter.unusedSimpArgs false`
Theories/Bimodal/Metalogic/Soundness.lean::Theories/Bimodal/Metalogic/Soundness.lean:163:23: warning: This simp argument is unused:
Theories/Bimodal/Metalogic/Soundness.lean::  Truth.future_iff
Theories/Bimodal/Metalogic/Soundness.lean::
Theories/Bimodal/Metalogic/Soundness.lean::Hint: Omit it from the simp argument list.
Theories/Bimodal/Metalogic/Soundness.lean::  [apply] simp only [truth_at, Truth.past_iff, Truth.some_future_iff, Truth.some_past_iff]
Theories/Bimodal/Metalogic/Soundness.lean::
Theories/Bimodal/Metalogic/Soundness.lean::Note: This linter can be disabled with `set_option linter.unusedSimpArgs false`
Theories/Bimodal/Metalogic/Soundness.lean::Theories/Bimodal/Metalogic/Soundness.lean:163:41: warning: This simp argument is unused:
Theories/Bimodal/Metalogic/Soundness.lean::  Truth.past_iff
Theories/Bimodal/Metalogic/Soundness.lean::
Theories/Bimodal/Metalogic/Soundness.lean::Hint: Omit it from the simp argument list.
Theories/Bimodal/Metalogic/Soundness.lean::  [apply] simp only [truth_at, Truth.future_iff, Truth.some_future_iff, Truth.some_past_iff]
Theories/Bimodal/Metalogic/Soundness.lean::
Theories/Bimodal/Metalogic/Soundness.lean::Note: This linter can be disabled with `set_option linter.unusedSimpArgs false`
Theories/Bimodal/Metalogic/Soundness.lean::Theories/Bimodal/Metalogic/Soundness.lean:163:57: warning: This simp argument is unused:
Theories/Bimodal/Metalogic/Soundness.lean::  Truth.some_future_iff
Theories/Bimodal/Metalogic/Soundness.lean::
Theories/Bimodal/Metalogic/Soundness.lean::Hint: Omit it from the simp argument list.
Theories/Bimodal/Metalogic/Soundness.lean::  [apply] simp only [truth_at, Truth.future_iff, Truth.past_iff, Truth.some_past_iff]
Theories/Bimodal/Metalogic/Soundness.lean::
Theories/Bimodal/Metalogic/Soundness.lean::Note: This linter can be disabled with `set_option linter.unusedSimpArgs false`
Theories/Bimodal/Metalogic/Soundness.lean::Theories/Bimodal/Metalogic/Soundness.lean:163:80: warning: This simp argument is unused:
Theories/Bimodal/Metalogic/Soundness.lean::  Truth.some_past_iff
Theories/Bimodal/Metalogic/Soundness.lean::
Theories/Bimodal/Metalogic/Soundness.lean::Hint: Omit it from the simp argument list.
Theories/Bimodal/Metalogic/Soundness.lean::  [apply] simp only [truth_at, Truth.future_iff, Truth.past_iff, Truth.some_future_iff]
Theories/Bimodal/Metalogic/Soundness.lean::
Theories/Bimodal/Metalogic/Soundness.lean::Note: This linter can be disabled with `set_option linter.unusedSimpArgs false`
Theories/Bimodal/Metalogic/Soundness.lean::Theories/Bimodal/Metalogic/Soundness.lean:168:27: warning: This simp argument is unused:
Theories/Bimodal/Metalogic/Soundness.lean::  Truth.future_iff
Theories/Bimodal/Metalogic/Soundness.lean::
Theories/Bimodal/Metalogic/Soundness.lean::Hint: Omit it from the simp argument list.
Theories/Bimodal/Metalogic/Soundness.lean::  [apply] simp only [truth_at, Truth.past_iff, Truth.some_future_iff, Truth.some_past_iff]
Theories/Bimodal/Metalogic/Soundness.lean::
Theories/Bimodal/Metalogic/Soundness.lean::Note: This linter can be disabled with `set_option linter.unusedSimpArgs false`
Theories/Bimodal/Metalogic/Soundness.lean::Theories/Bimodal/Metalogic/Soundness.lean:168:45: warning: This simp argument is unused:
Theories/Bimodal/Metalogic/Soundness.lean::  Truth.past_iff
Theories/Bimodal/Metalogic/Soundness.lean::
Theories/Bimodal/Metalogic/Soundness.lean::Hint: Omit it from the simp argument list.
Theories/Bimodal/Metalogic/Soundness.lean::  [apply] simp only [truth_at, Truth.future_iff, Truth.some_future_iff, Truth.some_past_iff]
Theories/Bimodal/Metalogic/Soundness.lean::
Theories/Bimodal/Metalogic/Soundness.lean::Note: This linter can be disabled with `set_option linter.unusedSimpArgs false`
Theories/Bimodal/Metalogic/Soundness.lean::Theories/Bimodal/Metalogic/Soundness.lean:168:61: warning: This simp argument is unused:
Theories/Bimodal/Metalogic/Soundness.lean::  Truth.some_future_iff
Theories/Bimodal/Metalogic/Soundness.lean::
Theories/Bimodal/Metalogic/Soundness.lean::Hint: Omit it from the simp argument list.
Theories/Bimodal/Metalogic/Soundness.lean::  [apply] simp only [truth_at, Truth.future_iff, Truth.past_iff, Truth.some_past_iff]
Theories/Bimodal/Metalogic/Soundness.lean::
Theories/Bimodal/Metalogic/Soundness.lean::Note: This linter can be disabled with `set_option linter.unusedSimpArgs false`
Theories/Bimodal/Metalogic/Soundness.lean::Theories/Bimodal/Metalogic/Soundness.lean:168:84: warning: This simp argument is unused:
Theories/Bimodal/Metalogic/Soundness.lean::  Truth.some_past_iff
Theories/Bimodal/Metalogic/Soundness.lean::
Theories/Bimodal/Metalogic/Soundness.lean::Hint: Omit it from the simp argument list.
Theories/Bimodal/Metalogic/Soundness.lean::  [apply] simp only [truth_at, Truth.future_iff, Truth.past_iff, Truth.some_future_iff]
Theories/Bimodal/Metalogic/Soundness.lean::
Theories/Bimodal/Metalogic/Soundness.lean::Note: This linter can be disabled with `set_option linter.unusedSimpArgs false`
Theories/Bimodal/Metalogic/Soundness.lean::Theories/Bimodal/Metalogic/Soundness.lean:168:100: warning: This line exceeds the 100 character limit, please shorten it!
Theories/Bimodal/Metalogic/Soundness.lean::
Theories/Bimodal/Metalogic/Soundness.lean::Note: This linter can be disabled with `set_option linter.style.longLine false`
Theories/Bimodal/Metalogic/Soundness.lean::Theories/Bimodal/Metalogic/Soundness.lean:178:23: warning: This simp argument is unused:
Theories/Bimodal/Metalogic/Soundness.lean::  Truth.future_iff
Theories/Bimodal/Metalogic/Soundness.lean::
Theories/Bimodal/Metalogic/Soundness.lean::Hint: Omit it from the simp argument list.
Theories/Bimodal/Metalogic/Soundness.lean::  [apply] simp only [truth_at, Truth.past_iff, Truth.some_future_iff, Truth.some_past_iff]
Theories/Bimodal/Metalogic/Soundness.lean::
Theories/Bimodal/Metalogic/Soundness.lean::Note: This linter can be disabled with `set_option linter.unusedSimpArgs false`
Theories/Bimodal/Metalogic/Soundness.lean::Theories/Bimodal/Metalogic/Soundness.lean:178:41: warning: This simp argument is unused:
Theories/Bimodal/Metalogic/Soundness.lean::  Truth.past_iff
Theories/Bimodal/Metalogic/Soundness.lean::
Theories/Bimodal/Metalogic/Soundness.lean::Hint: Omit it from the simp argument list.
Theories/Bimodal/Metalogic/Soundness.lean::  [apply] simp only [truth_at, Truth.future_iff, Truth.some_future_iff, Truth.some_past_iff]
Theories/Bimodal/Metalogic/Soundness.lean::
Theories/Bimodal/Metalogic/Soundness.lean::Note: This linter can be disabled with `set_option linter.unusedSimpArgs false`
Theories/Bimodal/Metalogic/Soundness.lean::Theories/Bimodal/Metalogic/Soundness.lean:178:57: warning: This simp argument is unused:
Theories/Bimodal/Metalogic/Soundness.lean::  Truth.some_future_iff
Theories/Bimodal/Metalogic/Soundness.lean::
Theories/Bimodal/Metalogic/Soundness.lean::Hint: Omit it from the simp argument list.
Theories/Bimodal/Metalogic/Soundness.lean::  [apply] simp only [truth_at, Truth.future_iff, Truth.past_iff, Truth.some_past_iff]
Theories/Bimodal/Metalogic/Soundness.lean::
Theories/Bimodal/Metalogic/Soundness.lean::Note: This linter can be disabled with `set_option linter.unusedSimpArgs false`
Theories/Bimodal/Metalogic/Soundness.lean::Theories/Bimodal/Metalogic/Soundness.lean:178:80: warning: This simp argument is unused:
Theories/Bimodal/Metalogic/Soundness.lean::  Truth.some_past_iff
Theories/Bimodal/Metalogic/Soundness.lean::
Theories/Bimodal/Metalogic/Soundness.lean::Hint: Omit it from the simp argument list.
Theories/Bimodal/Metalogic/Soundness.lean::  [apply] simp only [truth_at, Truth.future_iff, Truth.past_iff, Truth.some_future_iff]
Theories/Bimodal/Metalogic/Soundness.lean::
Theories/Bimodal/Metalogic/Soundness.lean::Note: This linter can be disabled with `set_option linter.unusedSimpArgs false`
Theories/Bimodal/Metalogic/Soundness.lean::Theories/Bimodal/Metalogic/Soundness.lean:186:41: warning: This simp argument is unused:
Theories/Bimodal/Metalogic/Soundness.lean::  Truth.past_iff
Theories/Bimodal/Metalogic/Soundness.lean::
Theories/Bimodal/Metalogic/Soundness.lean::Hint: Omit it from the simp argument list.
Theories/Bimodal/Metalogic/Soundness.lean::  [apply] simp only [truth_at, Truth.future_iff, Truth.some_future_iff, Truth.some_past_iff]
Theories/Bimodal/Metalogic/Soundness.lean::
Theories/Bimodal/Metalogic/Soundness.lean::Note: This linter can be disabled with `set_option linter.unusedSimpArgs false`
Theories/Bimodal/Metalogic/Soundness.lean::Theories/Bimodal/Metalogic/Soundness.lean:186:57: warning: This simp argument is unused:
Theories/Bimodal/Metalogic/Soundness.lean::  Truth.some_future_iff
Theories/Bimodal/Metalogic/Soundness.lean::
Theories/Bimodal/Metalogic/Soundness.lean::Hint: Omit it from the simp argument list.
Theories/Bimodal/Metalogic/Soundness.lean::  [apply] simp only [truth_at, Truth.future_iff, Truth.past_iff, Truth.some_past_iff]
Theories/Bimodal/Metalogic/Soundness.lean::
Theories/Bimodal/Metalogic/Soundness.lean::Note: This linter can be disabled with `set_option linter.unusedSimpArgs false`
Theories/Bimodal/Metalogic/Soundness.lean::Theories/Bimodal/Metalogic/Soundness.lean:186:80: warning: This simp argument is unused:
Theories/Bimodal/Metalogic/Soundness.lean::  Truth.some_past_iff
Theories/Bimodal/Metalogic/Soundness.lean::
Theories/Bimodal/Metalogic/Soundness.lean::Hint: Omit it from the simp argument list.
Theories/Bimodal/Metalogic/Soundness.lean::  [apply] simp only [truth_at, Truth.future_iff, Truth.past_iff, Truth.some_future_iff]
Theories/Bimodal/Metalogic/Soundness.lean::
Theories/Bimodal/Metalogic/Soundness.lean::Note: This linter can be disabled with `set_option linter.unusedSimpArgs false`
Theories/Bimodal/Metalogic/Soundness.lean::Theories/Bimodal/Metalogic/Soundness.lean:194:41: warning: This simp argument is unused:
Theories/Bimodal/Metalogic/Soundness.lean::  Truth.past_iff
Theories/Bimodal/Metalogic/Soundness.lean::
Theories/Bimodal/Metalogic/Soundness.lean::Hint: Omit it from the simp argument list.
Theories/Bimodal/Metalogic/Soundness.lean::  [apply] simp only [truth_at, Truth.future_iff, Truth.some_future_iff, Truth.some_past_iff]
Theories/Bimodal/Metalogic/Soundness.lean::
Theories/Bimodal/Metalogic/Soundness.lean::Note: This linter can be disabled with `set_option linter.unusedSimpArgs false`
Theories/Bimodal/Metalogic/Soundness.lean::Theories/Bimodal/Metalogic/Soundness.lean:194:57: warning: This simp argument is unused:
Theories/Bimodal/Metalogic/Soundness.lean::  Truth.some_future_iff
Theories/Bimodal/Metalogic/Soundness.lean::
Theories/Bimodal/Metalogic/Soundness.lean::Hint: Omit it from the simp argument list.
Theories/Bimodal/Metalogic/Soundness.lean::  [apply] simp only [truth_at, Truth.future_iff, Truth.past_iff, Truth.some_past_iff]
Theories/Bimodal/Metalogic/Soundness.lean::
Theories/Bimodal/Metalogic/Soundness.lean::Note: This linter can be disabled with `set_option linter.unusedSimpArgs false`
Theories/Bimodal/Metalogic/Soundness.lean::Theories/Bimodal/Metalogic/Soundness.lean:194:80: warning: This simp argument is unused:
Theories/Bimodal/Metalogic/Soundness.lean::  Truth.some_past_iff
Theories/Bimodal/Metalogic/Soundness.lean::
Theories/Bimodal/Metalogic/Soundness.lean::Hint: Omit it from the simp argument list.
Theories/Bimodal/Metalogic/Soundness.lean::  [apply] simp only [truth_at, Truth.future_iff, Truth.past_iff, Truth.some_future_iff]
Theories/Bimodal/Metalogic/Soundness.lean::
Theories/Bimodal/Metalogic/Soundness.lean::Note: This linter can be disabled with `set_option linter.unusedSimpArgs false`
Theories/Bimodal/Metalogic/Soundness.lean::Theories/Bimodal/Metalogic/Soundness.lean:222:41: warning: This simp argument is unused:
Theories/Bimodal/Metalogic/Soundness.lean::  Truth.past_iff
Theories/Bimodal/Metalogic/Soundness.lean::
Theories/Bimodal/Metalogic/Soundness.lean::Hint: Omit it from the simp argument list.
Theories/Bimodal/Metalogic/Soundness.lean::  [apply] simp only [truth_at, Truth.future_iff, Truth.some_future_iff, Truth.some_past_iff]
Theories/Bimodal/Metalogic/Soundness.lean::
Theories/Bimodal/Metalogic/Soundness.lean::Note: This linter can be disabled with `set_option linter.unusedSimpArgs false`
Theories/Bimodal/Metalogic/Soundness.lean::Theories/Bimodal/Metalogic/Soundness.lean:222:57: warning: This simp argument is unused:
Theories/Bimodal/Metalogic/Soundness.lean::  Truth.some_future_iff
Theories/Bimodal/Metalogic/Soundness.lean::
Theories/Bimodal/Metalogic/Soundness.lean::Hint: Omit it from the simp argument list.
Theories/Bimodal/Metalogic/Soundness.lean::  [apply] simp only [truth_at, Truth.future_iff, Truth.past_iff, Truth.some_past_iff]
Theories/Bimodal/Metalogic/Soundness.lean::
Theories/Bimodal/Metalogic/Soundness.lean::Note: This linter can be disabled with `set_option linter.unusedSimpArgs false`
Theories/Bimodal/Metalogic/Soundness.lean::Theories/Bimodal/Metalogic/Soundness.lean:233:57: warning: This simp argument is unused:
Theories/Bimodal/Metalogic/Soundness.lean::  Truth.some_future_iff
Theories/Bimodal/Metalogic/Soundness.lean::
Theories/Bimodal/Metalogic/Soundness.lean::Hint: Omit it from the simp argument list.
Theories/Bimodal/Metalogic/Soundness.lean::  [apply] simp only [truth_at, Truth.future_iff, Truth.past_iff, Truth.some_past_iff]
Theories/Bimodal/Metalogic/Soundness.lean::
Theories/Bimodal/Metalogic/Soundness.lean::Note: This linter can be disabled with `set_option linter.unusedSimpArgs false`
Theories/Bimodal/Metalogic/Soundness.lean::Theories/Bimodal/Metalogic/Soundness.lean:233:80: warning: This simp argument is unused:
Theories/Bimodal/Metalogic/Soundness.lean::  Truth.some_past_iff
Theories/Bimodal/Metalogic/Soundness.lean::
Theories/Bimodal/Metalogic/Soundness.lean::Hint: Omit it from the simp argument list.
Theories/Bimodal/Metalogic/Soundness.lean::  [apply] simp only [truth_at, Truth.future_iff, Truth.past_iff, Truth.some_future_iff]
Theories/Bimodal/Metalogic/Soundness.lean::
Theories/Bimodal/Metalogic/Soundness.lean::Note: This linter can be disabled with `set_option linter.unusedSimpArgs false`
Theories/Bimodal/Metalogic/Soundness.lean::Theories/Bimodal/Metalogic/Soundness.lean:255:41: warning: This simp argument is unused:
Theories/Bimodal/Metalogic/Soundness.lean::  Truth.past_iff
Theories/Bimodal/Metalogic/Soundness.lean::
Theories/Bimodal/Metalogic/Soundness.lean::Hint: Omit it from the simp argument list.
Theories/Bimodal/Metalogic/Soundness.lean::  [apply] simp only [truth_at, Truth.future_iff, Truth.some_future_iff, Truth.some_past_iff]
Theories/Bimodal/Metalogic/Soundness.lean::
Theories/Bimodal/Metalogic/Soundness.lean::Note: This linter can be disabled with `set_option linter.unusedSimpArgs false`
Theories/Bimodal/Metalogic/Soundness.lean::Theories/Bimodal/Metalogic/Soundness.lean:255:57: warning: This simp argument is unused:
Theories/Bimodal/Metalogic/Soundness.lean::  Truth.some_future_iff
Theories/Bimodal/Metalogic/Soundness.lean::
Theories/Bimodal/Metalogic/Soundness.lean::Hint: Omit it from the simp argument list.
Theories/Bimodal/Metalogic/Soundness.lean::  [apply] simp only [truth_at, Truth.future_iff, Truth.past_iff, Truth.some_past_iff]
Theories/Bimodal/Metalogic/Soundness.lean::
Theories/Bimodal/Metalogic/Soundness.lean::Note: This linter can be disabled with `set_option linter.unusedSimpArgs false`
Theories/Bimodal/Metalogic/Soundness.lean::Theories/Bimodal/Metalogic/Soundness.lean:255:80: warning: This simp argument is unused:
Theories/Bimodal/Metalogic/Soundness.lean::  Truth.some_past_iff
Theories/Bimodal/Metalogic/Soundness.lean::
Theories/Bimodal/Metalogic/Soundness.lean::Hint: Omit it from the simp argument list.
Theories/Bimodal/Metalogic/Soundness.lean::  [apply] simp only [truth_at, Truth.future_iff, Truth.past_iff, Truth.some_future_iff]
Theories/Bimodal/Metalogic/Soundness.lean::
Theories/Bimodal/Metalogic/Soundness.lean::Note: This linter can be disabled with `set_option linter.unusedSimpArgs false`
Theories/Bimodal/Metalogic/Soundness.lean::Theories/Bimodal/Metalogic/Soundness.lean:264:23: warning: This simp argument is unused:
Theories/Bimodal/Metalogic/Soundness.lean::  Truth.future_iff
Theories/Bimodal/Metalogic/Soundness.lean::
Theories/Bimodal/Metalogic/Soundness.lean::Hint: Omit it from the simp argument list.
Theories/Bimodal/Metalogic/Soundness.lean::  [apply] simp only [truth_at, Truth.past_iff, Truth.some_future_iff, Truth.some_past_iff]
Theories/Bimodal/Metalogic/Soundness.lean::
Theories/Bimodal/Metalogic/Soundness.lean::Note: This linter can be disabled with `set_option linter.unusedSimpArgs false`
Theories/Bimodal/Metalogic/Soundness.lean::Theories/Bimodal/Metalogic/Soundness.lean:264:80: warning: This simp argument is unused:
Theories/Bimodal/Metalogic/Soundness.lean::  Truth.some_past_iff
Theories/Bimodal/Metalogic/Soundness.lean::
Theories/Bimodal/Metalogic/Soundness.lean::Hint: Omit it from the simp argument list.
Theories/Bimodal/Metalogic/Soundness.lean::  [apply] simp only [truth_at, Truth.future_iff, Truth.past_iff, Truth.some_future_iff]
Theories/Bimodal/Metalogic/Soundness.lean::
Theories/Bimodal/Metalogic/Soundness.lean::Note: This linter can be disabled with `set_option linter.unusedSimpArgs false`
Theories/Bimodal/Metalogic/Soundness.lean::Theories/Bimodal/Metalogic/Soundness.lean:294:4: warning: Try this: intro _ h_neg_second
Theories/Bimodal/Metalogic/Soundness.lean::Theories/Bimodal/Metalogic/Soundness.lean:304:4: warning: Try this: intro _ _
Theories/Bimodal/Metalogic/Soundness.lean::Theories/Bimodal/Metalogic/Soundness.lean:331:4: warning: Try this: intro _ _
Theories/Bimodal/Metalogic/Soundness.lean::Theories/Bimodal/Metalogic/Soundness.lean:339:4: warning: Try this: intro _ h_neg_second
Theories/Bimodal/Metalogic/Soundness.lean::Theories/Bimodal/Metalogic/Soundness.lean:371:36: warning: This simp argument is unused:
Theories/Bimodal/Metalogic/Soundness.lean::  Truth.future_iff
Theories/Bimodal/Metalogic/Soundness.lean::
Theories/Bimodal/Metalogic/Soundness.lean::Hint: Omit it from the simp argument list.
Theories/Bimodal/Metalogic/Soundness.lean::  [apply] simp only [Formula.neg, truth_at, Truth.past_iff, Truth.some_future_iff, Truth.some_past_iff]
Theories/Bimodal/Metalogic/Soundness.lean::
Theories/Bimodal/Metalogic/Soundness.lean::Note: This linter can be disabled with `set_option linter.unusedSimpArgs false`
Theories/Bimodal/Metalogic/Soundness.lean::Theories/Bimodal/Metalogic/Soundness.lean:371:54: warning: This simp argument is unused:
Theories/Bimodal/Metalogic/Soundness.lean::  Truth.past_iff
Theories/Bimodal/Metalogic/Soundness.lean::
Theories/Bimodal/Metalogic/Soundness.lean::Hint: Omit it from the simp argument list.
Theories/Bimodal/Metalogic/Soundness.lean::  [apply] simp only [Formula.neg, truth_at, Truth.future_iff, Truth.some_future_iff, Truth.some_past_iff]
Theories/Bimodal/Metalogic/Soundness.lean::
Theories/Bimodal/Metalogic/Soundness.lean::Note: This linter can be disabled with `set_option linter.unusedSimpArgs false`
Theories/Bimodal/Metalogic/Soundness.lean::Theories/Bimodal/Metalogic/Soundness.lean:371:70: warning: This simp argument is unused:
Theories/Bimodal/Metalogic/Soundness.lean::  Truth.some_future_iff
Theories/Bimodal/Metalogic/Soundness.lean::
Theories/Bimodal/Metalogic/Soundness.lean::Hint: Omit it from the simp argument list.
Theories/Bimodal/Metalogic/Soundness.lean::  [apply] simp only [Formula.neg, truth_at, Truth.future_iff, Truth.past_iff, Truth.some_past_iff]
Theories/Bimodal/Metalogic/Soundness.lean::
Theories/Bimodal/Metalogic/Soundness.lean::Note: This linter can be disabled with `set_option linter.unusedSimpArgs false`
Theories/Bimodal/Metalogic/Soundness.lean::Theories/Bimodal/Metalogic/Soundness.lean:371:93: warning: This simp argument is unused:
Theories/Bimodal/Metalogic/Soundness.lean::  Truth.some_past_iff
Theories/Bimodal/Metalogic/Soundness.lean::
Theories/Bimodal/Metalogic/Soundness.lean::Hint: Omit it from the simp argument list.
Theories/Bimodal/Metalogic/Soundness.lean::  [apply] simp only [Formula.neg, truth_at, Truth.future_iff, Truth.past_iff, Truth.some_future_iff]
Theories/Bimodal/Metalogic/Soundness.lean::
Theories/Bimodal/Metalogic/Soundness.lean::Note: This linter can be disabled with `set_option linter.unusedSimpArgs false`
Theories/Bimodal/Metalogic/Soundness.lean::Theories/Bimodal/Metalogic/Soundness.lean:371:100: warning: This line exceeds the 100 character limit, please shorten it!
Theories/Bimodal/Metalogic/Soundness.lean::
Theories/Bimodal/Metalogic/Soundness.lean::Note: This linter can be disabled with `set_option linter.style.longLine false`
Theories/Bimodal/Metalogic/Soundness.lean::Theories/Bimodal/Metalogic/Soundness.lean:382:41: warning: This simp argument is unused:
Theories/Bimodal/Metalogic/Soundness.lean::  Truth.past_iff
Theories/Bimodal/Metalogic/Soundness.lean::
Theories/Bimodal/Metalogic/Soundness.lean::Hint: Omit it from the simp argument list.
Theories/Bimodal/Metalogic/Soundness.lean::  [apply] simp only [truth_at, Truth.future_iff, Truth.some_future_iff, Truth.some_past_iff]
Theories/Bimodal/Metalogic/Soundness.lean::
Theories/Bimodal/Metalogic/Soundness.lean::Note: This linter can be disabled with `set_option linter.unusedSimpArgs false`
Theories/Bimodal/Metalogic/Soundness.lean::Theories/Bimodal/Metalogic/Soundness.lean:382:57: warning: This simp argument is unused:
Theories/Bimodal/Metalogic/Soundness.lean::  Truth.some_future_iff
Theories/Bimodal/Metalogic/Soundness.lean::
Theories/Bimodal/Metalogic/Soundness.lean::Hint: Omit it from the simp argument list.
Theories/Bimodal/Metalogic/Soundness.lean::  [apply] simp only [truth_at, Truth.future_iff, Truth.past_iff, Truth.some_past_iff]
Theories/Bimodal/Metalogic/Soundness.lean::
Theories/Bimodal/Metalogic/Soundness.lean::Note: This linter can be disabled with `set_option linter.unusedSimpArgs false`
Theories/Bimodal/Metalogic/Soundness.lean::Theories/Bimodal/Metalogic/Soundness.lean:382:80: warning: This simp argument is unused:
Theories/Bimodal/Metalogic/Soundness.lean::  Truth.some_past_iff
Theories/Bimodal/Metalogic/Soundness.lean::
Theories/Bimodal/Metalogic/Soundness.lean::Hint: Omit it from the simp argument list.
Theories/Bimodal/Metalogic/Soundness.lean::  [apply] simp only [truth_at, Truth.future_iff, Truth.past_iff, Truth.some_future_iff]
Theories/Bimodal/Metalogic/Soundness.lean::
Theories/Bimodal/Metalogic/Soundness.lean::Note: This linter can be disabled with `set_option linter.unusedSimpArgs false`
Theories/Bimodal/Metalogic/Soundness.lean::Theories/Bimodal/Metalogic/Soundness.lean:400:27: warning: This simp argument is unused:
Theories/Bimodal/Metalogic/Soundness.lean::  Truth.some_past_iff
Theories/Bimodal/Metalogic/Soundness.lean::
Theories/Bimodal/Metalogic/Soundness.lean::Hint: Omit it from the simp argument list.
Theories/Bimodal/Metalogic/Soundness.lean::  [apply] simp only [Formula.and, Formula.neg, truth_at, Truth.some_future_iff, Truth.future_iff, Truth.past_iff]
Theories/Bimodal/Metalogic/Soundness.lean::
Theories/Bimodal/Metalogic/Soundness.lean::Note: This linter can be disabled with `set_option linter.unusedSimpArgs false`
Theories/Bimodal/Metalogic/Soundness.lean::Theories/Bimodal/Metalogic/Soundness.lean:400:48: warning: This simp argument is unused:
Theories/Bimodal/Metalogic/Soundness.lean::  Truth.future_iff
Theories/Bimodal/Metalogic/Soundness.lean::
Theories/Bimodal/Metalogic/Soundness.lean::Hint: Omit it from the simp argument list.
Theories/Bimodal/Metalogic/Soundness.lean::  [apply] simp only [Formula.and, Formula.neg, truth_at, Truth.some_future_iff, Truth.some_past_iff, Truth.past_iff]
Theories/Bimodal/Metalogic/Soundness.lean::
Theories/Bimodal/Metalogic/Soundness.lean::Note: This linter can be disabled with `set_option linter.unusedSimpArgs false`
Theories/Bimodal/Metalogic/Soundness.lean::Theories/Bimodal/Metalogic/Soundness.lean:459:41: warning: This simp argument is unused:
Theories/Bimodal/Metalogic/Soundness.lean::  Truth.past_iff
Theories/Bimodal/Metalogic/Soundness.lean::
Theories/Bimodal/Metalogic/Soundness.lean::Hint: Omit it from the simp argument list.
Theories/Bimodal/Metalogic/Soundness.lean::  [apply] simp only [truth_at, Truth.future_iff, Truth.some_future_iff, Truth.some_past_iff]
Theories/Bimodal/Metalogic/Soundness.lean::
Theories/Bimodal/Metalogic/Soundness.lean::Note: This linter can be disabled with `set_option linter.unusedSimpArgs false`
Theories/Bimodal/Metalogic/Soundness.lean::Theories/Bimodal/Metalogic/Soundness.lean:459:57: warning: This simp argument is unused:
Theories/Bimodal/Metalogic/Soundness.lean::  Truth.some_future_iff
Theories/Bimodal/Metalogic/Soundness.lean::
Theories/Bimodal/Metalogic/Soundness.lean::Hint: Omit it from the simp argument list.
Theories/Bimodal/Metalogic/Soundness.lean::  [apply] simp only [truth_at, Truth.future_iff, Truth.past_iff, Truth.some_past_iff]
Theories/Bimodal/Metalogic/Soundness.lean::
Theories/Bimodal/Metalogic/Soundness.lean::Note: This linter can be disabled with `set_option linter.unusedSimpArgs false`
Theories/Bimodal/Metalogic/Soundness.lean::Theories/Bimodal/Metalogic/Soundness.lean:459:80: warning: This simp argument is unused:
Theories/Bimodal/Metalogic/Soundness.lean::  Truth.some_past_iff
Theories/Bimodal/Metalogic/Soundness.lean::
Theories/Bimodal/Metalogic/Soundness.lean::Hint: Omit it from the simp argument list.
Theories/Bimodal/Metalogic/Soundness.lean::  [apply] simp only [truth_at, Truth.future_iff, Truth.past_iff, Truth.some_future_iff]
Theories/Bimodal/Metalogic/Soundness.lean::
Theories/Bimodal/Metalogic/Soundness.lean::Note: This linter can be disabled with `set_option linter.unusedSimpArgs false`
Theories/Bimodal/Metalogic/Soundness.lean::Theories/Bimodal/Metalogic/Soundness.lean:469:23: warning: This simp argument is unused:
Theories/Bimodal/Metalogic/Soundness.lean::  Truth.future_iff
Theories/Bimodal/Metalogic/Soundness.lean::
Theories/Bimodal/Metalogic/Soundness.lean::Hint: Omit it from the simp argument list.
Theories/Bimodal/Metalogic/Soundness.lean::  [apply] simp only [truth_at, Truth.past_iff, Truth.some_future_iff, Truth.some_past_iff]
Theories/Bimodal/Metalogic/Soundness.lean::
Theories/Bimodal/Metalogic/Soundness.lean::Note: This linter can be disabled with `set_option linter.unusedSimpArgs false`
Theories/Bimodal/Metalogic/Soundness.lean::Theories/Bimodal/Metalogic/Soundness.lean:469:57: warning: This simp argument is unused:
Theories/Bimodal/Metalogic/Soundness.lean::  Truth.some_future_iff
Theories/Bimodal/Metalogic/Soundness.lean::
Theories/Bimodal/Metalogic/Soundness.lean::Hint: Omit it from the simp argument list.
Theories/Bimodal/Metalogic/Soundness.lean::  [apply] simp only [truth_at, Truth.future_iff, Truth.past_iff, Truth.some_past_iff]
Theories/Bimodal/Metalogic/Soundness.lean::
Theories/Bimodal/Metalogic/Soundness.lean::Note: This linter can be disabled with `set_option linter.unusedSimpArgs false`
Theories/Bimodal/Metalogic/Soundness.lean::Theories/Bimodal/Metalogic/Soundness.lean:469:80: warning: This simp argument is unused:
Theories/Bimodal/Metalogic/Soundness.lean::  Truth.some_past_iff
Theories/Bimodal/Metalogic/Soundness.lean::
Theories/Bimodal/Metalogic/Soundness.lean::Hint: Omit it from the simp argument list.
Theories/Bimodal/Metalogic/Soundness.lean::  [apply] simp only [truth_at, Truth.future_iff, Truth.past_iff, Truth.some_future_iff]
Theories/Bimodal/Metalogic/Soundness.lean::
Theories/Bimodal/Metalogic/Soundness.lean::Note: This linter can be disabled with `set_option linter.unusedSimpArgs false`
Theories/Bimodal/Metalogic/Soundness.lean::Theories/Bimodal/Metalogic/Soundness.lean:478:41: warning: This simp argument is unused:
Theories/Bimodal/Metalogic/Soundness.lean::  Truth.past_iff
Theories/Bimodal/Metalogic/Soundness.lean::
Theories/Bimodal/Metalogic/Soundness.lean::Hint: Omit it from the simp argument list.
Theories/Bimodal/Metalogic/Soundness.lean::  [apply] simp only [truth_at, Truth.future_iff, Truth.some_future_iff, Truth.some_past_iff]
Theories/Bimodal/Metalogic/Soundness.lean::
Theories/Bimodal/Metalogic/Soundness.lean::Note: This linter can be disabled with `set_option linter.unusedSimpArgs false`
Theories/Bimodal/Metalogic/Soundness.lean::Theories/Bimodal/Metalogic/Soundness.lean:478:57: warning: This simp argument is unused:
Theories/Bimodal/Metalogic/Soundness.lean::  Truth.some_future_iff
Theories/Bimodal/Metalogic/Soundness.lean::
Theories/Bimodal/Metalogic/Soundness.lean::Hint: Omit it from the simp argument list.
Theories/Bimodal/Metalogic/Soundness.lean::  [apply] simp only [truth_at, Truth.future_iff, Truth.past_iff, Truth.some_past_iff]
Theories/Bimodal/Metalogic/Soundness.lean::
Theories/Bimodal/Metalogic/Soundness.lean::Note: This linter can be disabled with `set_option linter.unusedSimpArgs false`
Theories/Bimodal/Metalogic/Soundness.lean::Theories/Bimodal/Metalogic/Soundness.lean:478:80: warning: This simp argument is unused:
Theories/Bimodal/Metalogic/Soundness.lean::  Truth.some_past_iff
Theories/Bimodal/Metalogic/Soundness.lean::
Theories/Bimodal/Metalogic/Soundness.lean::Hint: Omit it from the simp argument list.
Theories/Bimodal/Metalogic/Soundness.lean::  [apply] simp only [truth_at, Truth.future_iff, Truth.past_iff, Truth.some_future_iff]
Theories/Bimodal/Metalogic/Soundness.lean::
Theories/Bimodal/Metalogic/Soundness.lean::Note: This linter can be disabled with `set_option linter.unusedSimpArgs false`
Theories/Bimodal/Metalogic/Soundness.lean::Theories/Bimodal/Metalogic/Soundness.lean:486:23: warning: This simp argument is unused:
Theories/Bimodal/Metalogic/Soundness.lean::  Truth.future_iff
Theories/Bimodal/Metalogic/Soundness.lean::
Theories/Bimodal/Metalogic/Soundness.lean::Hint: Omit it from the simp argument list.
Theories/Bimodal/Metalogic/Soundness.lean::  [apply] simp only [truth_at, Truth.past_iff, Truth.some_future_iff, Truth.some_past_iff]
Theories/Bimodal/Metalogic/Soundness.lean::
Theories/Bimodal/Metalogic/Soundness.lean::Note: This linter can be disabled with `set_option linter.unusedSimpArgs false`
Theories/Bimodal/Metalogic/Soundness.lean::Theories/Bimodal/Metalogic/Soundness.lean:486:57: warning: This simp argument is unused:
Theories/Bimodal/Metalogic/Soundness.lean::  Truth.some_future_iff
Theories/Bimodal/Metalogic/Soundness.lean::
Theories/Bimodal/Metalogic/Soundness.lean::Hint: Omit it from the simp argument list.
Theories/Bimodal/Metalogic/Soundness.lean::  [apply] simp only [truth_at, Truth.future_iff, Truth.past_iff, Truth.some_past_iff]
Theories/Bimodal/Metalogic/Soundness.lean::
Theories/Bimodal/Metalogic/Soundness.lean::Note: This linter can be disabled with `set_option linter.unusedSimpArgs false`
Theories/Bimodal/Metalogic/Soundness.lean::Theories/Bimodal/Metalogic/Soundness.lean:486:80: warning: This simp argument is unused:
Theories/Bimodal/Metalogic/Soundness.lean::  Truth.some_past_iff
Theories/Bimodal/Metalogic/Soundness.lean::
Theories/Bimodal/Metalogic/Soundness.lean::Hint: Omit it from the simp argument list.
Theories/Bimodal/Metalogic/Soundness.lean::  [apply] simp only [truth_at, Truth.future_iff, Truth.past_iff, Truth.some_future_iff]
Theories/Bimodal/Metalogic/Soundness.lean::
Theories/Bimodal/Metalogic/Soundness.lean::Note: This linter can be disabled with `set_option linter.unusedSimpArgs false`
Theories/Bimodal/Metalogic/Soundness.lean::Theories/Bimodal/Metalogic/Soundness.lean:731:23: warning: This simp argument is unused:
Theories/Bimodal/Metalogic/Soundness.lean::  Truth.future_iff
Theories/Bimodal/Metalogic/Soundness.lean::
Theories/Bimodal/Metalogic/Soundness.lean::Hint: Omit it from the simp argument list.
Theories/Bimodal/Metalogic/Soundness.lean::  [apply] simp only [truth_at, Truth.past_iff, Truth.some_future_iff, Truth.some_past_iff]
Theories/Bimodal/Metalogic/Soundness.lean::
Theories/Bimodal/Metalogic/Soundness.lean::Note: This linter can be disabled with `set_option linter.unusedSimpArgs false`
Theories/Bimodal/Metalogic/Soundness.lean::Theories/Bimodal/Metalogic/Soundness.lean:731:41: warning: This simp argument is unused:
Theories/Bimodal/Metalogic/Soundness.lean::  Truth.past_iff
Theories/Bimodal/Metalogic/Soundness.lean::
Theories/Bimodal/Metalogic/Soundness.lean::Hint: Omit it from the simp argument list.
Theories/Bimodal/Metalogic/Soundness.lean::  [apply] simp only [truth_at, Truth.future_iff, Truth.some_future_iff, Truth.some_past_iff]
Theories/Bimodal/Metalogic/Soundness.lean::
Theories/Bimodal/Metalogic/Soundness.lean::Note: This linter can be disabled with `set_option linter.unusedSimpArgs false`
Theories/Bimodal/Metalogic/Soundness.lean::Theories/Bimodal/Metalogic/Soundness.lean:731:57: warning: This simp argument is unused:
Theories/Bimodal/Metalogic/Soundness.lean::  Truth.some_future_iff
Theories/Bimodal/Metalogic/Soundness.lean::
Theories/Bimodal/Metalogic/Soundness.lean::Hint: Omit it from the simp argument list.
Theories/Bimodal/Metalogic/Soundness.lean::  [apply] simp only [truth_at, Truth.future_iff, Truth.past_iff, Truth.some_past_iff]
Theories/Bimodal/Metalogic/Soundness.lean::
Theories/Bimodal/Metalogic/Soundness.lean::Note: This linter can be disabled with `set_option linter.unusedSimpArgs false`
Theories/Bimodal/Metalogic/Soundness.lean::Theories/Bimodal/Metalogic/Soundness.lean:731:80: warning: This simp argument is unused:
Theories/Bimodal/Metalogic/Soundness.lean::  Truth.some_past_iff
Theories/Bimodal/Metalogic/Soundness.lean::
Theories/Bimodal/Metalogic/Soundness.lean::Hint: Omit it from the simp argument list.
Theories/Bimodal/Metalogic/Soundness.lean::  [apply] simp only [truth_at, Truth.future_iff, Truth.past_iff, Truth.some_future_iff]
Theories/Bimodal/Metalogic/Soundness.lean::
Theories/Bimodal/Metalogic/Soundness.lean::Note: This linter can be disabled with `set_option linter.unusedSimpArgs false`
Theories/Bimodal/Metalogic/Soundness.lean::Theories/Bimodal/Metalogic/Soundness.lean:749:23: warning: This simp argument is unused:
Theories/Bimodal/Metalogic/Soundness.lean::  Truth.future_iff
Theories/Bimodal/Metalogic/Soundness.lean::
Theories/Bimodal/Metalogic/Soundness.lean::Hint: Omit it from the simp argument list.
Theories/Bimodal/Metalogic/Soundness.lean::  [apply] simp only [truth_at, Truth.past_iff, Truth.some_future_iff, Truth.some_past_iff]
Theories/Bimodal/Metalogic/Soundness.lean::
Theories/Bimodal/Metalogic/Soundness.lean::Note: This linter can be disabled with `set_option linter.unusedSimpArgs false`
Theories/Bimodal/Metalogic/Soundness.lean::Theories/Bimodal/Metalogic/Soundness.lean:749:41: warning: This simp argument is unused:
Theories/Bimodal/Metalogic/Soundness.lean::  Truth.past_iff
Theories/Bimodal/Metalogic/Soundness.lean::
Theories/Bimodal/Metalogic/Soundness.lean::Hint: Omit it from the simp argument list.
Theories/Bimodal/Metalogic/Soundness.lean::  [apply] simp only [truth_at, Truth.future_iff, Truth.some_future_iff, Truth.some_past_iff]
Theories/Bimodal/Metalogic/Soundness.lean::
Theories/Bimodal/Metalogic/Soundness.lean::Note: This linter can be disabled with `set_option linter.unusedSimpArgs false`
Theories/Bimodal/Metalogic/Soundness.lean::Theories/Bimodal/Metalogic/Soundness.lean:749:57: warning: This simp argument is unused:
Theories/Bimodal/Metalogic/Soundness.lean::  Truth.some_future_iff
Theories/Bimodal/Metalogic/Soundness.lean::
Theories/Bimodal/Metalogic/Soundness.lean::Hint: Omit it from the simp argument list.
Theories/Bimodal/Metalogic/Soundness.lean::  [apply] simp only [truth_at, Truth.future_iff, Truth.past_iff, Truth.some_past_iff]
Theories/Bimodal/Metalogic/Soundness.lean::
Theories/Bimodal/Metalogic/Soundness.lean::Note: This linter can be disabled with `set_option linter.unusedSimpArgs false`
Theories/Bimodal/Metalogic/Soundness.lean::Theories/Bimodal/Metalogic/Soundness.lean:749:80: warning: This simp argument is unused:
Theories/Bimodal/Metalogic/Soundness.lean::  Truth.some_past_iff
Theories/Bimodal/Metalogic/Soundness.lean::
Theories/Bimodal/Metalogic/Soundness.lean::Hint: Omit it from the simp argument list.
Theories/Bimodal/Metalogic/Soundness.lean::  [apply] simp only [truth_at, Truth.future_iff, Truth.past_iff, Truth.some_future_iff]
Theories/Bimodal/Metalogic/Soundness.lean::
Theories/Bimodal/Metalogic/Soundness.lean::Note: This linter can be disabled with `set_option linter.unusedSimpArgs false`
Theories/Bimodal/Metalogic/Soundness.lean::Theories/Bimodal/Metalogic/Soundness.lean:767:41: warning: This simp argument is unused:
Theories/Bimodal/Metalogic/Soundness.lean::  Truth.past_iff
Theories/Bimodal/Metalogic/Soundness.lean::
Theories/Bimodal/Metalogic/Soundness.lean::Hint: Omit it from the simp argument list.
Theories/Bimodal/Metalogic/Soundness.lean::  [apply] simp only [truth_at, Truth.future_iff, Truth.some_future_iff, Truth.some_past_iff]
Theories/Bimodal/Metalogic/Soundness.lean::
Theories/Bimodal/Metalogic/Soundness.lean::Note: This linter can be disabled with `set_option linter.unusedSimpArgs false`
Theories/Bimodal/Metalogic/Soundness.lean::Theories/Bimodal/Metalogic/Soundness.lean:767:57: warning: This simp argument is unused:
Theories/Bimodal/Metalogic/Soundness.lean::  Truth.some_future_iff
Theories/Bimodal/Metalogic/Soundness.lean::
Theories/Bimodal/Metalogic/Soundness.lean::Hint: Omit it from the simp argument list.
Theories/Bimodal/Metalogic/Soundness.lean::  [apply] simp only [truth_at, Truth.future_iff, Truth.past_iff, Truth.some_past_iff]
Theories/Bimodal/Metalogic/Soundness.lean::
Theories/Bimodal/Metalogic/Soundness.lean::Note: This linter can be disabled with `set_option linter.unusedSimpArgs false`
Theories/Bimodal/Metalogic/Soundness.lean::Theories/Bimodal/Metalogic/Soundness.lean:767:80: warning: This simp argument is unused:
Theories/Bimodal/Metalogic/Soundness.lean::  Truth.some_past_iff
Theories/Bimodal/Metalogic/Soundness.lean::
Theories/Bimodal/Metalogic/Soundness.lean::Hint: Omit it from the simp argument list.
Theories/Bimodal/Metalogic/Soundness.lean::  [apply] simp only [truth_at, Truth.future_iff, Truth.past_iff, Truth.some_future_iff]
Theories/Bimodal/Metalogic/Soundness.lean::
Theories/Bimodal/Metalogic/Soundness.lean::Note: This linter can be disabled with `set_option linter.unusedSimpArgs false`
Theories/Bimodal/Metalogic/Soundness.lean::Theories/Bimodal/Metalogic/Soundness.lean:785:23: warning: This simp argument is unused:
Theories/Bimodal/Metalogic/Soundness.lean::  Truth.future_iff
Theories/Bimodal/Metalogic/Soundness.lean::
Theories/Bimodal/Metalogic/Soundness.lean::Hint: Omit it from the simp argument list.
Theories/Bimodal/Metalogic/Soundness.lean::  [apply] simp only [truth_at, Truth.past_iff, Truth.some_future_iff, Truth.some_past_iff]
Theories/Bimodal/Metalogic/Soundness.lean::
Theories/Bimodal/Metalogic/Soundness.lean::Note: This linter can be disabled with `set_option linter.unusedSimpArgs false`
Theories/Bimodal/Metalogic/Soundness.lean::Theories/Bimodal/Metalogic/Soundness.lean:785:57: warning: This simp argument is unused:
Theories/Bimodal/Metalogic/Soundness.lean::  Truth.some_future_iff
Theories/Bimodal/Metalogic/Soundness.lean::
Theories/Bimodal/Metalogic/Soundness.lean::Hint: Omit it from the simp argument list.
Theories/Bimodal/Metalogic/Soundness.lean::  [apply] simp only [truth_at, Truth.future_iff, Truth.past_iff, Truth.some_past_iff]
Theories/Bimodal/Metalogic/Soundness.lean::
Theories/Bimodal/Metalogic/Soundness.lean::Note: This linter can be disabled with `set_option linter.unusedSimpArgs false`
Theories/Bimodal/Metalogic/Soundness.lean::Theories/Bimodal/Metalogic/Soundness.lean:785:80: warning: This simp argument is unused:
Theories/Bimodal/Metalogic/Soundness.lean::  Truth.some_past_iff
Theories/Bimodal/Metalogic/Soundness.lean::
Theories/Bimodal/Metalogic/Soundness.lean::Hint: Omit it from the simp argument list.
Theories/Bimodal/Metalogic/Soundness.lean::  [apply] simp only [truth_at, Truth.future_iff, Truth.past_iff, Truth.some_future_iff]
Theories/Bimodal/Metalogic/Soundness.lean::
Theories/Bimodal/Metalogic/Soundness.lean::Note: This linter can be disabled with `set_option linter.unusedSimpArgs false`
Theories/Bimodal/Metalogic/Soundness.lean::Theories/Bimodal/Metalogic/Soundness.lean:804:23: warning: This simp argument is unused:
Theories/Bimodal/Metalogic/Soundness.lean::  Truth.future_iff
Theories/Bimodal/Metalogic/Soundness.lean::
Theories/Bimodal/Metalogic/Soundness.lean::Hint: Omit it from the simp argument list.
Theories/Bimodal/Metalogic/Soundness.lean::  [apply] simp only [truth_at, Truth.past_iff, Truth.some_future_iff, Truth.some_past_iff]
Theories/Bimodal/Metalogic/Soundness.lean::
Theories/Bimodal/Metalogic/Soundness.lean::Note: This linter can be disabled with `set_option linter.unusedSimpArgs false`
Theories/Bimodal/Metalogic/Soundness.lean::Theories/Bimodal/Metalogic/Soundness.lean:804:41: warning: This simp argument is unused:
Theories/Bimodal/Metalogic/Soundness.lean::  Truth.past_iff
Theories/Bimodal/Metalogic/Soundness.lean::
Theories/Bimodal/Metalogic/Soundness.lean::Hint: Omit it from the simp argument list.
Theories/Bimodal/Metalogic/Soundness.lean::  [apply] simp only [truth_at, Truth.future_iff, Truth.some_future_iff, Truth.some_past_iff]
Theories/Bimodal/Metalogic/Soundness.lean::
Theories/Bimodal/Metalogic/Soundness.lean::Note: This linter can be disabled with `set_option linter.unusedSimpArgs false`
Theories/Bimodal/Metalogic/Soundness.lean::Theories/Bimodal/Metalogic/Soundness.lean:804:57: warning: This simp argument is unused:
Theories/Bimodal/Metalogic/Soundness.lean::  Truth.some_future_iff
Theories/Bimodal/Metalogic/Soundness.lean::
Theories/Bimodal/Metalogic/Soundness.lean::Hint: Omit it from the simp argument list.
Theories/Bimodal/Metalogic/Soundness.lean::  [apply] simp only [truth_at, Truth.future_iff, Truth.past_iff, Truth.some_past_iff]
Theories/Bimodal/Metalogic/Soundness.lean::
Theories/Bimodal/Metalogic/Soundness.lean::Note: This linter can be disabled with `set_option linter.unusedSimpArgs false`
Theories/Bimodal/Metalogic/Soundness.lean::Theories/Bimodal/Metalogic/Soundness.lean:804:80: warning: This simp argument is unused:
Theories/Bimodal/Metalogic/Soundness.lean::  Truth.some_past_iff
Theories/Bimodal/Metalogic/Soundness.lean::
Theories/Bimodal/Metalogic/Soundness.lean::Hint: Omit it from the simp argument list.
Theories/Bimodal/Metalogic/Soundness.lean::  [apply] simp only [truth_at, Truth.future_iff, Truth.past_iff, Truth.some_future_iff]
Theories/Bimodal/Metalogic/Soundness.lean::
Theories/Bimodal/Metalogic/Soundness.lean::Note: This linter can be disabled with `set_option linter.unusedSimpArgs false`
Theories/Bimodal/Metalogic/Soundness.lean::Theories/Bimodal/Metalogic/Soundness.lean:810:100: warning: This line exceeds the 100 character limit, please shorten it!
Theories/Bimodal/Metalogic/Soundness.lean::
Theories/Bimodal/Metalogic/Soundness.lean::Note: This linter can be disabled with `set_option linter.style.longLine false`
Theories/Bimodal/Metalogic/Soundness.lean::Theories/Bimodal/Metalogic/Soundness.lean:830:100: warning: This line exceeds the 100 character limit, please shorten it!
Theories/Bimodal/Metalogic/Soundness.lean::
Theories/Bimodal/Metalogic/Soundness.lean::Note: This linter can be disabled with `set_option linter.style.longLine false`
Theories/Bimodal/Metalogic/Soundness.lean::Theories/Bimodal/Metalogic/Soundness.lean:900:0: warning: Please, write a comment here or remove this line, but do not place empty lines within commands!
Theories/Bimodal/Metalogic/Soundness.lean::Context:
Theories/Bimodal/Metalogic/Soundness.lean::                                                                                                        ↓
Theories/Bimodal/Metalogic/Soundness.lean::  ⏎  | enrichment_since φ ψ p => exact Validity.valid_implies_valid_dense (enrichment_since_valid φ ψ p)⏎⏎  | self_accum_until φ ψ => exact Validity.valid_implies_valid_dense (self_accum_until_valid φ ψ)⏎
Theories/Bimodal/Metalogic/Soundness.lean::
Theories/Bimodal/Metalogic/Soundness.lean::Note: This linter can be disabled with `set_option linter.style.emptyLine false`
Theories/Bimodal/Metalogic/Soundness.lean::Theories/Bimodal/Metalogic/Soundness.lean:879:100: warning: This line exceeds the 100 character limit, please shorten it!
Theories/Bimodal/Metalogic/Soundness.lean::
Theories/Bimodal/Metalogic/Soundness.lean::Note: This linter can be disabled with `set_option linter.style.longLine false`
Theories/Bimodal/Metalogic/Soundness.lean::Theories/Bimodal/Metalogic/Soundness.lean:892:100: warning: This line exceeds the 100 character limit, please shorten it!
Theories/Bimodal/Metalogic/Soundness.lean::
Theories/Bimodal/Metalogic/Soundness.lean::Note: This linter can be disabled with `set_option linter.style.longLine false`
Theories/Bimodal/Metalogic/Soundness.lean::Theories/Bimodal/Metalogic/Soundness.lean:893:100: warning: This line exceeds the 100 character limit, please shorten it!
Theories/Bimodal/Metalogic/Soundness.lean::
Theories/Bimodal/Metalogic/Soundness.lean::Note: This linter can be disabled with `set_option linter.style.longLine false`
Theories/Bimodal/Metalogic/Soundness.lean::Theories/Bimodal/Metalogic/Soundness.lean:894:100: warning: This line exceeds the 100 character limit, please shorten it!
Theories/Bimodal/Metalogic/Soundness.lean::
Theories/Bimodal/Metalogic/Soundness.lean::Note: This linter can be disabled with `set_option linter.style.longLine false`
Theories/Bimodal/Metalogic/Soundness.lean::Theories/Bimodal/Metalogic/Soundness.lean:895:100: warning: This line exceeds the 100 character limit, please shorten it!
Theories/Bimodal/Metalogic/Soundness.lean::
Theories/Bimodal/Metalogic/Soundness.lean::Note: This linter can be disabled with `set_option linter.style.longLine false`
Theories/Bimodal/Metalogic/Soundness.lean::Theories/Bimodal/Metalogic/Soundness.lean:898:100: warning: This line exceeds the 100 character limit, please shorten it!
Theories/Bimodal/Metalogic/Soundness.lean::
Theories/Bimodal/Metalogic/Soundness.lean::Note: This linter can be disabled with `set_option linter.style.longLine false`
Theories/Bimodal/Metalogic/Soundness.lean::Theories/Bimodal/Metalogic/Soundness.lean:899:100: warning: This line exceeds the 100 character limit, please shorten it!
Theories/Bimodal/Metalogic/Soundness.lean::
Theories/Bimodal/Metalogic/Soundness.lean::Note: This linter can be disabled with `set_option linter.style.longLine false`
Theories/Bimodal/Metalogic/Soundness.lean::Theories/Bimodal/Metalogic/Soundness.lean:910:100: warning: This line exceeds the 100 character limit, please shorten it!
Theories/Bimodal/Metalogic/Soundness.lean::
Theories/Bimodal/Metalogic/Soundness.lean::Note: This linter can be disabled with `set_option linter.style.longLine false`
Theories/Bimodal/Metalogic/Soundness.lean::Theories/Bimodal/Metalogic/Soundness.lean:950:0: warning: Please, write a comment here or remove this line, but do not place empty lines within commands!
Theories/Bimodal/Metalogic/Soundness.lean::Context:
Theories/Bimodal/Metalogic/Soundness.lean::                                                                                                           ↓
Theories/Bimodal/Metalogic/Soundness.lean::  ⏎  | enrichment_since φ ψ p => exact Validity.valid_implies_valid_discrete (enrichment_since_valid φ ψ p)⏎⏎  | self_accum_until φ ψ => exact Validity.valid_implies_valid_discrete (self_accum_until_valid φ ψ)⏎
Theories/Bimodal/Metalogic/Soundness.lean::
Theories/Bimodal/Metalogic/Soundness.lean::Note: This linter can be disabled with `set_option linter.style.emptyLine false`
Theories/Bimodal/Metalogic/Soundness.lean::Theories/Bimodal/Metalogic/Soundness.lean:927:100: warning: This line exceeds the 100 character limit, please shorten it!
Theories/Bimodal/Metalogic/Soundness.lean::
Theories/Bimodal/Metalogic/Soundness.lean::Note: This linter can be disabled with `set_option linter.style.longLine false`
Theories/Bimodal/Metalogic/Soundness.lean::Theories/Bimodal/Metalogic/Soundness.lean:928:100: warning: This line exceeds the 100 character limit, please shorten it!
Theories/Bimodal/Metalogic/Soundness.lean::
Theories/Bimodal/Metalogic/Soundness.lean::Note: This linter can be disabled with `set_option linter.style.longLine false`
Theories/Bimodal/Metalogic/Soundness.lean::Theories/Bimodal/Metalogic/Soundness.lean:942:100: warning: This line exceeds the 100 character limit, please shorten it!
Theories/Bimodal/Metalogic/Soundness.lean::
Theories/Bimodal/Metalogic/Soundness.lean::Note: This linter can be disabled with `set_option linter.style.longLine false`
Theories/Bimodal/Metalogic/Soundness.lean::Theories/Bimodal/Metalogic/Soundness.lean:943:100: warning: This line exceeds the 100 character limit, please shorten it!
Theories/Bimodal/Metalogic/Soundness.lean::
Theories/Bimodal/Metalogic/Soundness.lean::Note: This linter can be disabled with `set_option linter.style.longLine false`
Theories/Bimodal/Metalogic/Soundness.lean::Theories/Bimodal/Metalogic/Soundness.lean:944:100: warning: This line exceeds the 100 character limit, please shorten it!
Theories/Bimodal/Metalogic/Soundness.lean::
Theories/Bimodal/Metalogic/Soundness.lean::Note: This linter can be disabled with `set_option linter.style.longLine false`
Theories/Bimodal/Metalogic/Soundness.lean::Theories/Bimodal/Metalogic/Soundness.lean:945:100: warning: This line exceeds the 100 character limit, please shorten it!
Theories/Bimodal/Metalogic/Soundness.lean::
Theories/Bimodal/Metalogic/Soundness.lean::Note: This linter can be disabled with `set_option linter.style.longLine false`
Theories/Bimodal/Metalogic/Soundness.lean::Theories/Bimodal/Metalogic/Soundness.lean:948:100: warning: This line exceeds the 100 character limit, please shorten it!
Theories/Bimodal/Metalogic/Soundness.lean::
Theories/Bimodal/Metalogic/Soundness.lean::Note: This linter can be disabled with `set_option linter.style.longLine false`
Theories/Bimodal/Metalogic/Soundness.lean::Theories/Bimodal/Metalogic/Soundness.lean:949:100: warning: This line exceeds the 100 character limit, please shorten it!
Theories/Bimodal/Metalogic/Soundness.lean::
Theories/Bimodal/Metalogic/Soundness.lean::Note: This linter can be disabled with `set_option linter.style.longLine false`
Theories/Bimodal/Metalogic/Soundness.lean::Theories/Bimodal/Metalogic/Soundness.lean:960:100: warning: This line exceeds the 100 character limit, please shorten it!
Theories/Bimodal/Metalogic/Soundness.lean::
Theories/Bimodal/Metalogic/Soundness.lean::Note: This linter can be disabled with `set_option linter.style.longLine false`
Theories/Bimodal/Metalogic/Soundness.lean::Theories/Bimodal/Metalogic/Soundness.lean:966:100: warning: This line exceeds the 100 character limit, please shorten it!
Theories/Bimodal/Metalogic/Soundness.lean::
Theories/Bimodal/Metalogic/Soundness.lean::Note: This linter can be disabled with `set_option linter.style.longLine false`
Theories/Bimodal/Metalogic/Soundness.lean::Theories/Bimodal/Metalogic/Soundness.lean:967:100: warning: This line exceeds the 100 character limit, please shorten it!
Theories/Bimodal/Metalogic/Soundness.lean::
Theories/Bimodal/Metalogic/Soundness.lean::Note: This linter can be disabled with `set_option linter.style.longLine false`
Theories/Bimodal/Metalogic/Soundness.lean::Theories/Bimodal/Metalogic/Soundness.lean:968:100: warning: This line exceeds the 100 character limit, please shorten it!
Theories/Bimodal/Metalogic/Soundness.lean::
Theories/Bimodal/Metalogic/Soundness.lean::Note: This linter can be disabled with `set_option linter.style.longLine false`
Theories/Bimodal/Metalogic/Soundness.lean::Theories/Bimodal/Metalogic/Soundness.lean:988:23: warning: This simp argument is unused:
Theories/Bimodal/Metalogic/Soundness.lean::  Truth.future_iff
Theories/Bimodal/Metalogic/Soundness.lean::
Theories/Bimodal/Metalogic/Soundness.lean::Hint: Omit it from the simp argument list.
Theories/Bimodal/Metalogic/Soundness.lean::  [apply] simp only [truth_at, Truth.past_iff, Truth.some_future_iff, Truth.some_past_iff]
Theories/Bimodal/Metalogic/Soundness.lean::
Theories/Bimodal/Metalogic/Soundness.lean::Note: This linter can be disabled with `set_option linter.unusedSimpArgs false`
Theories/Bimodal/Metalogic/Soundness.lean::Theories/Bimodal/Metalogic/Soundness.lean:988:41: warning: This simp argument is unused:
Theories/Bimodal/Metalogic/Soundness.lean::  Truth.past_iff
Theories/Bimodal/Metalogic/Soundness.lean::
Theories/Bimodal/Metalogic/Soundness.lean::Hint: Omit it from the simp argument list.
Theories/Bimodal/Metalogic/Soundness.lean::  [apply] simp only [truth_at, Truth.future_iff, Truth.some_future_iff, Truth.some_past_iff]
Theories/Bimodal/Metalogic/Soundness.lean::
Theories/Bimodal/Metalogic/Soundness.lean::Note: This linter can be disabled with `set_option linter.unusedSimpArgs false`
Theories/Bimodal/Metalogic/Soundness.lean::Theories/Bimodal/Metalogic/Soundness.lean:988:57: warning: This simp argument is unused:
Theories/Bimodal/Metalogic/Soundness.lean::  Truth.some_future_iff
Theories/Bimodal/Metalogic/Soundness.lean::
Theories/Bimodal/Metalogic/Soundness.lean::Hint: Omit it from the simp argument list.
Theories/Bimodal/Metalogic/Soundness.lean::  [apply] simp only [truth_at, Truth.future_iff, Truth.past_iff, Truth.some_past_iff]
Theories/Bimodal/Metalogic/Soundness.lean::
Theories/Bimodal/Metalogic/Soundness.lean::Note: This linter can be disabled with `set_option linter.unusedSimpArgs false`
Theories/Bimodal/Metalogic/Soundness.lean::Theories/Bimodal/Metalogic/Soundness.lean:988:80: warning: This simp argument is unused:
Theories/Bimodal/Metalogic/Soundness.lean::  Truth.some_past_iff
Theories/Bimodal/Metalogic/Soundness.lean::
Theories/Bimodal/Metalogic/Soundness.lean::Hint: Omit it from the simp argument list.
Theories/Bimodal/Metalogic/Soundness.lean::  [apply] simp only [truth_at, Truth.future_iff, Truth.past_iff, Truth.some_future_iff]
Theories/Bimodal/Metalogic/Soundness.lean::
Theories/Bimodal/Metalogic/Soundness.lean::Note: This linter can be disabled with `set_option linter.unusedSimpArgs false`
Theories/Bimodal/Metalogic/Soundness.lean::Theories/Bimodal/Metalogic/Soundness.lean:999:13: warning: This simp argument is unused:
Theories/Bimodal/Metalogic/Soundness.lean::  truth_at
Theories/Bimodal/Metalogic/Soundness.lean::
Theories/Bimodal/Metalogic/Soundness.lean::Hint: Omit it from the simp argument list.
Theories/Bimodal/Metalogic/Soundness.lean::  [apply] simp only [Truth.future_iff, Truth.past_iff, Truth.some_future_iff, Truth.some_past_iff]
Theories/Bimodal/Metalogic/Soundness.lean::
Theories/Bimodal/Metalogic/Soundness.lean::Note: This linter can be disabled with `set_option linter.unusedSimpArgs false`
Theories/Bimodal/Metalogic/Soundness.lean::Theories/Bimodal/Metalogic/Soundness.lean:999:41: warning: This simp argument is unused:
Theories/Bimodal/Metalogic/Soundness.lean::  Truth.past_iff
Theories/Bimodal/Metalogic/Soundness.lean::
Theories/Bimodal/Metalogic/Soundness.lean::Hint: Omit it from the simp argument list.
Theories/Bimodal/Metalogic/Soundness.lean::  [apply] simp only [truth_at, Truth.future_iff, Truth.some_future_iff, Truth.some_past_iff]
Theories/Bimodal/Metalogic/Soundness.lean::
Theories/Bimodal/Metalogic/Soundness.lean::Note: This linter can be disabled with `set_option linter.unusedSimpArgs false`
Theories/Bimodal/Metalogic/Soundness.lean::Theories/Bimodal/Metalogic/Soundness.lean:999:57: warning: This simp argument is unused:
Theories/Bimodal/Metalogic/Soundness.lean::  Truth.some_future_iff
Theories/Bimodal/Metalogic/Soundness.lean::
Theories/Bimodal/Metalogic/Soundness.lean::Hint: Omit it from the simp argument list.
Theories/Bimodal/Metalogic/Soundness.lean::  [apply] simp only [truth_at, Truth.future_iff, Truth.past_iff, Truth.some_past_iff]
Theories/Bimodal/Metalogic/Soundness.lean::
Theories/Bimodal/Metalogic/Soundness.lean::Note: This linter can be disabled with `set_option linter.unusedSimpArgs false`
Theories/Bimodal/Metalogic/Soundness.lean::Theories/Bimodal/Metalogic/Soundness.lean:999:80: warning: This simp argument is unused:
Theories/Bimodal/Metalogic/Soundness.lean::  Truth.some_past_iff
Theories/Bimodal/Metalogic/Soundness.lean::
Theories/Bimodal/Metalogic/Soundness.lean::Hint: Omit it from the simp argument list.
Theories/Bimodal/Metalogic/Soundness.lean::  [apply] simp only [truth_at, Truth.future_iff, Truth.past_iff, Truth.some_future_iff]
Theories/Bimodal/Metalogic/Soundness.lean::
Theories/Bimodal/Metalogic/Soundness.lean::Note: This linter can be disabled with `set_option linter.unusedSimpArgs false`
Theories/Bimodal/Metalogic/Soundness.lean::Theories/Bimodal/Metalogic/Soundness.lean:997:100: warning: This line exceeds the 100 character limit, please shorten it!
Theories/Bimodal/Metalogic/Soundness.lean::
Theories/Bimodal/Metalogic/Soundness.lean::Note: This linter can be disabled with `set_option linter.style.longLine false`
Theories/Bimodal/Metalogic/Soundness.lean::Theories/Bimodal/Metalogic/Soundness.lean:1084:25: warning: This simp argument is unused:
Theories/Bimodal/Metalogic/Soundness.lean::  Truth.future_iff
Theories/Bimodal/Metalogic/Soundness.lean::
Theories/Bimodal/Metalogic/Soundness.lean::Hint: Omit it from the simp argument list.
Theories/Bimodal/Metalogic/Soundness.lean::  [apply] simp only [truth_at, Truth.past_iff, Truth.some_future_iff, Truth.some_past_iff] at h1
Theories/Bimodal/Metalogic/Soundness.lean::
Theories/Bimodal/Metalogic/Soundness.lean::Note: This linter can be disabled with `set_option linter.unusedSimpArgs false`
Theories/Bimodal/Metalogic/Soundness.lean::Theories/Bimodal/Metalogic/Soundness.lean:1084:43: warning: This simp argument is unused:
Theories/Bimodal/Metalogic/Soundness.lean::  Truth.past_iff
Theories/Bimodal/Metalogic/Soundness.lean::
Theories/Bimodal/Metalogic/Soundness.lean::Hint: Omit it from the simp argument list.
Theories/Bimodal/Metalogic/Soundness.lean::  [apply] simp only [truth_at, Truth.future_iff, Truth.some_future_iff, Truth.some_past_iff] at h1
Theories/Bimodal/Metalogic/Soundness.lean::
Theories/Bimodal/Metalogic/Soundness.lean::Note: This linter can be disabled with `set_option linter.unusedSimpArgs false`
Theories/Bimodal/Metalogic/Soundness.lean::Theories/Bimodal/Metalogic/Soundness.lean:1084:59: warning: This simp argument is unused:
Theories/Bimodal/Metalogic/Soundness.lean::  Truth.some_future_iff
Theories/Bimodal/Metalogic/Soundness.lean::
Theories/Bimodal/Metalogic/Soundness.lean::Hint: Omit it from the simp argument list.
Theories/Bimodal/Metalogic/Soundness.lean::  [apply] simp only [truth_at, Truth.future_iff, Truth.past_iff, Truth.some_past_iff] at h1
Theories/Bimodal/Metalogic/Soundness.lean::
Theories/Bimodal/Metalogic/Soundness.lean::Note: This linter can be disabled with `set_option linter.unusedSimpArgs false`
Theories/Bimodal/Metalogic/Soundness.lean::Theories/Bimodal/Metalogic/Soundness.lean:1084:82: warning: This simp argument is unused:
Theories/Bimodal/Metalogic/Soundness.lean::  Truth.some_past_iff
Theories/Bimodal/Metalogic/Soundness.lean::
Theories/Bimodal/Metalogic/Soundness.lean::Hint: Omit it from the simp argument list.
Theories/Bimodal/Metalogic/Soundness.lean::  [apply] simp only [truth_at, Truth.future_iff, Truth.past_iff, Truth.some_future_iff] at h1
Theories/Bimodal/Metalogic/Soundness.lean::
Theories/Bimodal/Metalogic/Soundness.lean::Note: This linter can be disabled with `set_option linter.unusedSimpArgs false`
Theories/Bimodal/Metalogic/Soundness.lean::Theories/Bimodal/Metalogic/Soundness.lean:1087:25: warning: This simp argument is unused:
Theories/Bimodal/Metalogic/Soundness.lean::  Truth.future_iff
Theories/Bimodal/Metalogic/Soundness.lean::
Theories/Bimodal/Metalogic/Soundness.lean::Hint: Omit it from the simp argument list.
Theories/Bimodal/Metalogic/Soundness.lean::  [apply] simp only [truth_at, Truth.past_iff, Truth.some_future_iff, Truth.some_past_iff]
Theories/Bimodal/Metalogic/Soundness.lean::
Theories/Bimodal/Metalogic/Soundness.lean::Note: This linter can be disabled with `set_option linter.unusedSimpArgs false`
Theories/Bimodal/Metalogic/Soundness.lean::Theories/Bimodal/Metalogic/Soundness.lean:1087:43: warning: This simp argument is unused:
Theories/Bimodal/Metalogic/Soundness.lean::  Truth.past_iff
Theories/Bimodal/Metalogic/Soundness.lean::
Theories/Bimodal/Metalogic/Soundness.lean::Hint: Omit it from the simp argument list.
Theories/Bimodal/Metalogic/Soundness.lean::  [apply] simp only [truth_at, Truth.future_iff, Truth.some_future_iff, Truth.some_past_iff]
Theories/Bimodal/Metalogic/Soundness.lean::
Theories/Bimodal/Metalogic/Soundness.lean::Note: This linter can be disabled with `set_option linter.unusedSimpArgs false`
Theories/Bimodal/Metalogic/Soundness.lean::Theories/Bimodal/Metalogic/Soundness.lean:1087:59: warning: This simp argument is unused:
Theories/Bimodal/Metalogic/Soundness.lean::  Truth.some_future_iff
Theories/Bimodal/Metalogic/Soundness.lean::
Theories/Bimodal/Metalogic/Soundness.lean::Hint: Omit it from the simp argument list.
Theories/Bimodal/Metalogic/Soundness.lean::  [apply] simp only [truth_at, Truth.future_iff, Truth.past_iff, Truth.some_past_iff]
Theories/Bimodal/Metalogic/Soundness.lean::
Theories/Bimodal/Metalogic/Soundness.lean::Note: This linter can be disabled with `set_option linter.unusedSimpArgs false`
Theories/Bimodal/Metalogic/Soundness.lean::Theories/Bimodal/Metalogic/Soundness.lean:1087:82: warning: This simp argument is unused:
Theories/Bimodal/Metalogic/Soundness.lean::  Truth.some_past_iff
Theories/Bimodal/Metalogic/Soundness.lean::
Theories/Bimodal/Metalogic/Soundness.lean::Hint: Omit it from the simp argument list.
Theories/Bimodal/Metalogic/Soundness.lean::  [apply] simp only [truth_at, Truth.future_iff, Truth.past_iff, Truth.some_future_iff]
Theories/Bimodal/Metalogic/Soundness.lean::
Theories/Bimodal/Metalogic/Soundness.lean::Note: This linter can be disabled with `set_option linter.unusedSimpArgs false`
Theories/Bimodal/Metalogic/Soundness.lean::Theories/Bimodal/Metalogic/Soundness.lean:1091:15: warning: This simp argument is unused:
Theories/Bimodal/Metalogic/Soundness.lean::  truth_at
Theories/Bimodal/Metalogic/Soundness.lean::
Theories/Bimodal/Metalogic/Soundness.lean::Hint: Omit it from the simp argument list.
Theories/Bimodal/Metalogic/Soundness.lean::  [apply] simp only [Truth.future_iff, Truth.past_iff, Truth.some_future_iff, Truth.some_past_iff]
Theories/Bimodal/Metalogic/Soundness.lean::
Theories/Bimodal/Metalogic/Soundness.lean::Note: This linter can be disabled with `set_option linter.unusedSimpArgs false`
Theories/Bimodal/Metalogic/Soundness.lean::Theories/Bimodal/Metalogic/Soundness.lean:1091:43: warning: This simp argument is unused:
Theories/Bimodal/Metalogic/Soundness.lean::  Truth.past_iff
Theories/Bimodal/Metalogic/Soundness.lean::
Theories/Bimodal/Metalogic/Soundness.lean::Hint: Omit it from the simp argument list.
Theories/Bimodal/Metalogic/Soundness.lean::  [apply] simp only [truth_at, Truth.future_iff, Truth.some_future_iff, Truth.some_past_iff]
Theories/Bimodal/Metalogic/Soundness.lean::
Theories/Bimodal/Metalogic/Soundness.lean::Note: This linter can be disabled with `set_option linter.unusedSimpArgs false`
Theories/Bimodal/Metalogic/Soundness.lean::Theories/Bimodal/Metalogic/Soundness.lean:1091:59: warning: This simp argument is unused:
Theories/Bimodal/Metalogic/Soundness.lean::  Truth.some_future_iff
Theories/Bimodal/Metalogic/Soundness.lean::
Theories/Bimodal/Metalogic/Soundness.lean::Hint: Omit it from the simp argument list.
Theories/Bimodal/Metalogic/Soundness.lean::  [apply] simp only [truth_at, Truth.future_iff, Truth.past_iff, Truth.some_past_iff]
Theories/Bimodal/Metalogic/Soundness.lean::
Theories/Bimodal/Metalogic/Soundness.lean::Note: This linter can be disabled with `set_option linter.unusedSimpArgs false`
Theories/Bimodal/Metalogic/Soundness.lean::Theories/Bimodal/Metalogic/Soundness.lean:1091:82: warning: This simp argument is unused:
Theories/Bimodal/Metalogic/Soundness.lean::  Truth.some_past_iff
Theories/Bimodal/Metalogic/Soundness.lean::
Theories/Bimodal/Metalogic/Soundness.lean::Hint: Omit it from the simp argument list.
Theories/Bimodal/Metalogic/Soundness.lean::  [apply] simp only [truth_at, Truth.future_iff, Truth.past_iff, Truth.some_future_iff]
Theories/Bimodal/Metalogic/Soundness.lean::
Theories/Bimodal/Metalogic/Soundness.lean::Note: This linter can be disabled with `set_option linter.unusedSimpArgs false`
Theories/Bimodal/Metalogic/Soundness.lean::Theories/Bimodal/Metalogic/Soundness.lean:1084:100: warning: This line exceeds the 100 character limit, please shorten it!
Theories/Bimodal/Metalogic/Soundness.lean::
Theories/Bimodal/Metalogic/Soundness.lean::Note: This linter can be disabled with `set_option linter.style.longLine false`
Theories/Bimodal/Metalogic/Soundness.lean::Theories/Bimodal/Metalogic/Soundness.lean:1087:100: warning: This line exceeds the 100 character limit, please shorten it!
Theories/Bimodal/Metalogic/Soundness.lean::
Theories/Bimodal/Metalogic/Soundness.lean::Note: This linter can be disabled with `set_option linter.style.longLine false`
Theories/Bimodal/Metalogic/Soundness.lean::Theories/Bimodal/Metalogic/Soundness.lean:1091:100: warning: This line exceeds the 100 character limit, please shorten it!
Theories/Bimodal/Metalogic/Soundness.lean::
Theories/Bimodal/Metalogic/Soundness.lean::Note: This linter can be disabled with `set_option linter.style.longLine false`
Theories/Bimodal/Metalogic/Soundness.lean::Theories/Bimodal/Metalogic/Soundness.lean:1140:25: warning: This simp argument is unused:
Theories/Bimodal/Metalogic/Soundness.lean::  Truth.future_iff
Theories/Bimodal/Metalogic/Soundness.lean::
Theories/Bimodal/Metalogic/Soundness.lean::Hint: Omit it from the simp argument list.
Theories/Bimodal/Metalogic/Soundness.lean::  [apply] simp only [truth_at, Truth.past_iff, Truth.some_future_iff, Truth.some_past_iff] at h1'
Theories/Bimodal/Metalogic/Soundness.lean::
Theories/Bimodal/Metalogic/Soundness.lean::Note: This linter can be disabled with `set_option linter.unusedSimpArgs false`
Theories/Bimodal/Metalogic/Soundness.lean::Theories/Bimodal/Metalogic/Soundness.lean:1140:43: warning: This simp argument is unused:
Theories/Bimodal/Metalogic/Soundness.lean::  Truth.past_iff
Theories/Bimodal/Metalogic/Soundness.lean::
Theories/Bimodal/Metalogic/Soundness.lean::Hint: Omit it from the simp argument list.
Theories/Bimodal/Metalogic/Soundness.lean::  [apply] simp only [truth_at, Truth.future_iff, Truth.some_future_iff, Truth.some_past_iff] at h1'
Theories/Bimodal/Metalogic/Soundness.lean::
Theories/Bimodal/Metalogic/Soundness.lean::Note: This linter can be disabled with `set_option linter.unusedSimpArgs false`
Theories/Bimodal/Metalogic/Soundness.lean::Theories/Bimodal/Metalogic/Soundness.lean:1140:59: warning: This simp argument is unused:
Theories/Bimodal/Metalogic/Soundness.lean::  Truth.some_future_iff
Theories/Bimodal/Metalogic/Soundness.lean::
Theories/Bimodal/Metalogic/Soundness.lean::Hint: Omit it from the simp argument list.
Theories/Bimodal/Metalogic/Soundness.lean::  [apply] simp only [truth_at, Truth.future_iff, Truth.past_iff, Truth.some_past_iff] at h1'
Theories/Bimodal/Metalogic/Soundness.lean::
Theories/Bimodal/Metalogic/Soundness.lean::Note: This linter can be disabled with `set_option linter.unusedSimpArgs false`
Theories/Bimodal/Metalogic/Soundness.lean::Theories/Bimodal/Metalogic/Soundness.lean:1140:82: warning: This simp argument is unused:
Theories/Bimodal/Metalogic/Soundness.lean::  Truth.some_past_iff
Theories/Bimodal/Metalogic/Soundness.lean::
Theories/Bimodal/Metalogic/Soundness.lean::Hint: Omit it from the simp argument list.
Theories/Bimodal/Metalogic/Soundness.lean::  [apply] simp only [truth_at, Truth.future_iff, Truth.past_iff, Truth.some_future_iff] at h1'
Theories/Bimodal/Metalogic/Soundness.lean::
Theories/Bimodal/Metalogic/Soundness.lean::Note: This linter can be disabled with `set_option linter.unusedSimpArgs false`
Theories/Bimodal/Metalogic/Soundness.lean::Theories/Bimodal/Metalogic/Soundness.lean:1146:25: warning: This simp argument is unused:
Theories/Bimodal/Metalogic/Soundness.lean::  Truth.future_iff
Theories/Bimodal/Metalogic/Soundness.lean::
Theories/Bimodal/Metalogic/Soundness.lean::Hint: Omit it from the simp argument list.
Theories/Bimodal/Metalogic/Soundness.lean::  [apply] simp only [truth_at, Truth.past_iff, Truth.some_future_iff, Truth.some_past_iff]
Theories/Bimodal/Metalogic/Soundness.lean::
Theories/Bimodal/Metalogic/Soundness.lean::Note: This linter can be disabled with `set_option linter.unusedSimpArgs false`
Theories/Bimodal/Metalogic/Soundness.lean::Theories/Bimodal/Metalogic/Soundness.lean:1146:43: warning: This simp argument is unused:
Theories/Bimodal/Metalogic/Soundness.lean::  Truth.past_iff
Theories/Bimodal/Metalogic/Soundness.lean::
Theories/Bimodal/Metalogic/Soundness.lean::Hint: Omit it from the simp argument list.
Theories/Bimodal/Metalogic/Soundness.lean::  [apply] simp only [truth_at, Truth.future_iff, Truth.some_future_iff, Truth.some_past_iff]
Theories/Bimodal/Metalogic/Soundness.lean::
Theories/Bimodal/Metalogic/Soundness.lean::Note: This linter can be disabled with `set_option linter.unusedSimpArgs false`
Theories/Bimodal/Metalogic/Soundness.lean::Theories/Bimodal/Metalogic/Soundness.lean:1146:59: warning: This simp argument is unused:
Theories/Bimodal/Metalogic/Soundness.lean::  Truth.some_future_iff
Theories/Bimodal/Metalogic/Soundness.lean::
Theories/Bimodal/Metalogic/Soundness.lean::Hint: Omit it from the simp argument list.
Theories/Bimodal/Metalogic/Soundness.lean::  [apply] simp only [truth_at, Truth.future_iff, Truth.past_iff, Truth.some_past_iff]
Theories/Bimodal/Metalogic/Soundness.lean::
Theories/Bimodal/Metalogic/Soundness.lean::Note: This linter can be disabled with `set_option linter.unusedSimpArgs false`
Theories/Bimodal/Metalogic/Soundness.lean::Theories/Bimodal/Metalogic/Soundness.lean:1146:82: warning: This simp argument is unused:
Theories/Bimodal/Metalogic/Soundness.lean::  Truth.some_past_iff
Theories/Bimodal/Metalogic/Soundness.lean::
Theories/Bimodal/Metalogic/Soundness.lean::Hint: Omit it from the simp argument list.
Theories/Bimodal/Metalogic/Soundness.lean::  [apply] simp only [truth_at, Truth.future_iff, Truth.past_iff, Truth.some_future_iff]
Theories/Bimodal/Metalogic/Soundness.lean::
Theories/Bimodal/Metalogic/Soundness.lean::Note: This linter can be disabled with `set_option linter.unusedSimpArgs false`
Theories/Bimodal/Metalogic/Soundness.lean::Theories/Bimodal/Metalogic/Soundness.lean:1153:15: warning: This simp argument is unused:
Theories/Bimodal/Metalogic/Soundness.lean::  truth_at
Theories/Bimodal/Metalogic/Soundness.lean::
Theories/Bimodal/Metalogic/Soundness.lean::Hint: Omit it from the simp argument list.
Theories/Bimodal/Metalogic/Soundness.lean::  [apply] simp only [Truth.future_iff, Truth.past_iff, Truth.some_future_iff, Truth.some_past_iff]
Theories/Bimodal/Metalogic/Soundness.lean::
Theories/Bimodal/Metalogic/Soundness.lean::Note: This linter can be disabled with `set_option linter.unusedSimpArgs false`
Theories/Bimodal/Metalogic/Soundness.lean::Theories/Bimodal/Metalogic/Soundness.lean:1153:43: warning: This simp argument is unused:
Theories/Bimodal/Metalogic/Soundness.lean::  Truth.past_iff
Theories/Bimodal/Metalogic/Soundness.lean::
Theories/Bimodal/Metalogic/Soundness.lean::Hint: Omit it from the simp argument list.
Theories/Bimodal/Metalogic/Soundness.lean::  [apply] simp only [truth_at, Truth.future_iff, Truth.some_future_iff, Truth.some_past_iff]
Theories/Bimodal/Metalogic/Soundness.lean::
Theories/Bimodal/Metalogic/Soundness.lean::Note: This linter can be disabled with `set_option linter.unusedSimpArgs false`
Theories/Bimodal/Metalogic/Soundness.lean::Theories/Bimodal/Metalogic/Soundness.lean:1153:59: warning: This simp argument is unused:
Theories/Bimodal/Metalogic/Soundness.lean::  Truth.some_future_iff
Theories/Bimodal/Metalogic/Soundness.lean::
Theories/Bimodal/Metalogic/Soundness.lean::Hint: Omit it from the simp argument list.
Theories/Bimodal/Metalogic/Soundness.lean::  [apply] simp only [truth_at, Truth.future_iff, Truth.past_iff, Truth.some_past_iff]
Theories/Bimodal/Metalogic/Soundness.lean::
Theories/Bimodal/Metalogic/Soundness.lean::Note: This linter can be disabled with `set_option linter.unusedSimpArgs false`
Theories/Bimodal/Metalogic/Soundness.lean::Theories/Bimodal/Metalogic/Soundness.lean:1153:82: warning: This simp argument is unused:
Theories/Bimodal/Metalogic/Soundness.lean::  Truth.some_past_iff
Theories/Bimodal/Metalogic/Soundness.lean::
Theories/Bimodal/Metalogic/Soundness.lean::Hint: Omit it from the simp argument list.
Theories/Bimodal/Metalogic/Soundness.lean::  [apply] simp only [truth_at, Truth.future_iff, Truth.past_iff, Truth.some_future_iff]
Theories/Bimodal/Metalogic/Soundness.lean::
Theories/Bimodal/Metalogic/Soundness.lean::Note: This linter can be disabled with `set_option linter.unusedSimpArgs false`
Theories/Bimodal/Metalogic/Soundness.lean::Theories/Bimodal/Metalogic/Soundness.lean:1140:100: warning: This line exceeds the 100 character limit, please shorten it!
Theories/Bimodal/Metalogic/Soundness.lean::
Theories/Bimodal/Metalogic/Soundness.lean::Note: This linter can be disabled with `set_option linter.style.longLine false`
Theories/Bimodal/Metalogic/Soundness.lean::Theories/Bimodal/Metalogic/Soundness.lean:1146:100: warning: This line exceeds the 100 character limit, please shorten it!
Theories/Bimodal/Metalogic/Soundness.lean::
Theories/Bimodal/Metalogic/Soundness.lean::Note: This linter can be disabled with `set_option linter.style.longLine false`
Theories/Bimodal/Metalogic/Soundness.lean::Theories/Bimodal/Metalogic/Soundness.lean:1153:100: warning: This line exceeds the 100 character limit, please shorten it!
Theories/Bimodal/Metalogic/Soundness.lean::
Theories/Bimodal/Metalogic/Soundness.lean::Note: This linter can be disabled with `set_option linter.style.longLine false`
Theories/Bimodal/Metalogic/Soundness.lean::Theories/Bimodal/Metalogic/Soundness.lean:1254:25: warning: This simp argument is unused:
Theories/Bimodal/Metalogic/Soundness.lean::  Truth.future_iff
Theories/Bimodal/Metalogic/Soundness.lean::
Theories/Bimodal/Metalogic/Soundness.lean::Hint: Omit it from the simp argument list.
Theories/Bimodal/Metalogic/Soundness.lean::  [apply] simp only [truth_at, Truth.past_iff, Truth.some_future_iff, Truth.some_past_iff] at h1
Theories/Bimodal/Metalogic/Soundness.lean::
Theories/Bimodal/Metalogic/Soundness.lean::Note: This linter can be disabled with `set_option linter.unusedSimpArgs false`
Theories/Bimodal/Metalogic/Soundness.lean::Theories/Bimodal/Metalogic/Soundness.lean:1254:43: warning: This simp argument is unused:
Theories/Bimodal/Metalogic/Soundness.lean::  Truth.past_iff
Theories/Bimodal/Metalogic/Soundness.lean::
Theories/Bimodal/Metalogic/Soundness.lean::Hint: Omit it from the simp argument list.
Theories/Bimodal/Metalogic/Soundness.lean::  [apply] simp only [truth_at, Truth.future_iff, Truth.some_future_iff, Truth.some_past_iff] at h1
Theories/Bimodal/Metalogic/Soundness.lean::
Theories/Bimodal/Metalogic/Soundness.lean::Note: This linter can be disabled with `set_option linter.unusedSimpArgs false`
Theories/Bimodal/Metalogic/Soundness.lean::Theories/Bimodal/Metalogic/Soundness.lean:1254:59: warning: This simp argument is unused:
Theories/Bimodal/Metalogic/Soundness.lean::  Truth.some_future_iff
Theories/Bimodal/Metalogic/Soundness.lean::
Theories/Bimodal/Metalogic/Soundness.lean::Hint: Omit it from the simp argument list.
Theories/Bimodal/Metalogic/Soundness.lean::  [apply] simp only [truth_at, Truth.future_iff, Truth.past_iff, Truth.some_past_iff] at h1
Theories/Bimodal/Metalogic/Soundness.lean::
Theories/Bimodal/Metalogic/Soundness.lean::Note: This linter can be disabled with `set_option linter.unusedSimpArgs false`
Theories/Bimodal/Metalogic/Soundness.lean::Theories/Bimodal/Metalogic/Soundness.lean:1254:82: warning: This simp argument is unused:
Theories/Bimodal/Metalogic/Soundness.lean::  Truth.some_past_iff
Theories/Bimodal/Metalogic/Soundness.lean::
Theories/Bimodal/Metalogic/Soundness.lean::Hint: Omit it from the simp argument list.
Theories/Bimodal/Metalogic/Soundness.lean::  [apply] simp only [truth_at, Truth.future_iff, Truth.past_iff, Truth.some_future_iff] at h1
Theories/Bimodal/Metalogic/Soundness.lean::
Theories/Bimodal/Metalogic/Soundness.lean::Note: This linter can be disabled with `set_option linter.unusedSimpArgs false`
Theories/Bimodal/Metalogic/Soundness.lean::Theories/Bimodal/Metalogic/Soundness.lean:1257:25: warning: This simp argument is unused:
Theories/Bimodal/Metalogic/Soundness.lean::  Truth.future_iff
Theories/Bimodal/Metalogic/Soundness.lean::
Theories/Bimodal/Metalogic/Soundness.lean::Hint: Omit it from the simp argument list.
Theories/Bimodal/Metalogic/Soundness.lean::  [apply] simp only [truth_at, Truth.past_iff, Truth.some_future_iff, Truth.some_past_iff]
Theories/Bimodal/Metalogic/Soundness.lean::
Theories/Bimodal/Metalogic/Soundness.lean::Note: This linter can be disabled with `set_option linter.unusedSimpArgs false`
Theories/Bimodal/Metalogic/Soundness.lean::Theories/Bimodal/Metalogic/Soundness.lean:1257:43: warning: This simp argument is unused:
Theories/Bimodal/Metalogic/Soundness.lean::  Truth.past_iff
Theories/Bimodal/Metalogic/Soundness.lean::
Theories/Bimodal/Metalogic/Soundness.lean::Hint: Omit it from the simp argument list.
Theories/Bimodal/Metalogic/Soundness.lean::  [apply] simp only [truth_at, Truth.future_iff, Truth.some_future_iff, Truth.some_past_iff]
Theories/Bimodal/Metalogic/Soundness.lean::
Theories/Bimodal/Metalogic/Soundness.lean::Note: This linter can be disabled with `set_option linter.unusedSimpArgs false`
Theories/Bimodal/Metalogic/Soundness.lean::Theories/Bimodal/Metalogic/Soundness.lean:1257:59: warning: This simp argument is unused:
Theories/Bimodal/Metalogic/Soundness.lean::  Truth.some_future_iff
Theories/Bimodal/Metalogic/Soundness.lean::
Theories/Bimodal/Metalogic/Soundness.lean::Hint: Omit it from the simp argument list.
Theories/Bimodal/Metalogic/Soundness.lean::  [apply] simp only [truth_at, Truth.future_iff, Truth.past_iff, Truth.some_past_iff]
Theories/Bimodal/Metalogic/Soundness.lean::
Theories/Bimodal/Metalogic/Soundness.lean::Note: This linter can be disabled with `set_option linter.unusedSimpArgs false`
Theories/Bimodal/Metalogic/Soundness.lean::Theories/Bimodal/Metalogic/Soundness.lean:1257:82: warning: This simp argument is unused:
Theories/Bimodal/Metalogic/Soundness.lean::  Truth.some_past_iff
Theories/Bimodal/Metalogic/Soundness.lean::
Theories/Bimodal/Metalogic/Soundness.lean::Hint: Omit it from the simp argument list.
Theories/Bimodal/Metalogic/Soundness.lean::  [apply] simp only [truth_at, Truth.future_iff, Truth.past_iff, Truth.some_future_iff]
Theories/Bimodal/Metalogic/Soundness.lean::
Theories/Bimodal/Metalogic/Soundness.lean::Note: This linter can be disabled with `set_option linter.unusedSimpArgs false`
Theories/Bimodal/Metalogic/Soundness.lean::Theories/Bimodal/Metalogic/Soundness.lean:1261:15: warning: This simp argument is unused:
Theories/Bimodal/Metalogic/Soundness.lean::  truth_at
Theories/Bimodal/Metalogic/Soundness.lean::
Theories/Bimodal/Metalogic/Soundness.lean::Hint: Omit it from the simp argument list.
Theories/Bimodal/Metalogic/Soundness.lean::  [apply] simp only [Truth.future_iff, Truth.past_iff, Truth.some_future_iff, Truth.some_past_iff]
Theories/Bimodal/Metalogic/Soundness.lean::
Theories/Bimodal/Metalogic/Soundness.lean::Note: This linter can be disabled with `set_option linter.unusedSimpArgs false`
Theories/Bimodal/Metalogic/Soundness.lean::Theories/Bimodal/Metalogic/Soundness.lean:1261:43: warning: This simp argument is unused:
Theories/Bimodal/Metalogic/Soundness.lean::  Truth.past_iff
Theories/Bimodal/Metalogic/Soundness.lean::
Theories/Bimodal/Metalogic/Soundness.lean::Hint: Omit it from the simp argument list.
Theories/Bimodal/Metalogic/Soundness.lean::  [apply] simp only [truth_at, Truth.future_iff, Truth.some_future_iff, Truth.some_past_iff]
Theories/Bimodal/Metalogic/Soundness.lean::
Theories/Bimodal/Metalogic/Soundness.lean::Note: This linter can be disabled with `set_option linter.unusedSimpArgs false`
Theories/Bimodal/Metalogic/Soundness.lean::Theories/Bimodal/Metalogic/Soundness.lean:1261:59: warning: This simp argument is unused:
Theories/Bimodal/Metalogic/Soundness.lean::  Truth.some_future_iff
Theories/Bimodal/Metalogic/Soundness.lean::
Theories/Bimodal/Metalogic/Soundness.lean::Hint: Omit it from the simp argument list.
Theories/Bimodal/Metalogic/Soundness.lean::  [apply] simp only [truth_at, Truth.future_iff, Truth.past_iff, Truth.some_past_iff]
Theories/Bimodal/Metalogic/Soundness.lean::
Theories/Bimodal/Metalogic/Soundness.lean::Note: This linter can be disabled with `set_option linter.unusedSimpArgs false`
Theories/Bimodal/Metalogic/Soundness.lean::Theories/Bimodal/Metalogic/Soundness.lean:1261:82: warning: This simp argument is unused:
Theories/Bimodal/Metalogic/Soundness.lean::  Truth.some_past_iff
Theories/Bimodal/Metalogic/Soundness.lean::
Theories/Bimodal/Metalogic/Soundness.lean::Hint: Omit it from the simp argument list.
Theories/Bimodal/Metalogic/Soundness.lean::  [apply] simp only [truth_at, Truth.future_iff, Truth.past_iff, Truth.some_future_iff]
Theories/Bimodal/Metalogic/Soundness.lean::
Theories/Bimodal/Metalogic/Soundness.lean::Note: This linter can be disabled with `set_option linter.unusedSimpArgs false`
Theories/Bimodal/Metalogic/Soundness.lean::Theories/Bimodal/Metalogic/Soundness.lean:1254:100: warning: This line exceeds the 100 character limit, please shorten it!
Theories/Bimodal/Metalogic/Soundness.lean::
Theories/Bimodal/Metalogic/Soundness.lean::Note: This linter can be disabled with `set_option linter.style.longLine false`
Theories/Bimodal/Metalogic/Soundness.lean::Theories/Bimodal/Metalogic/Soundness.lean:1257:100: warning: This line exceeds the 100 character limit, please shorten it!
Theories/Bimodal/Metalogic/Soundness.lean::
Theories/Bimodal/Metalogic/Soundness.lean::Note: This linter can be disabled with `set_option linter.style.longLine false`
Theories/Bimodal/Metalogic/Soundness.lean::Theories/Bimodal/Metalogic/Soundness.lean:1261:100: warning: This line exceeds the 100 character limit, please shorten it!
Theories/Bimodal/Metalogic/Soundness.lean::
Theories/Bimodal/Metalogic/Soundness.lean::Note: This linter can be disabled with `set_option linter.style.longLine false`
Theories/Bimodal/Metalogic/Soundness.lean::Theories/Bimodal/Metalogic/Soundness.lean:1299:25: warning: This simp argument is unused:
Theories/Bimodal/Metalogic/Soundness.lean::  Truth.future_iff
Theories/Bimodal/Metalogic/Soundness.lean::
Theories/Bimodal/Metalogic/Soundness.lean::Hint: Omit it from the simp argument list.
Theories/Bimodal/Metalogic/Soundness.lean::  [apply] simp only [truth_at, Truth.past_iff, Truth.some_future_iff, Truth.some_past_iff] at h1'
Theories/Bimodal/Metalogic/Soundness.lean::
Theories/Bimodal/Metalogic/Soundness.lean::Note: This linter can be disabled with `set_option linter.unusedSimpArgs false`
Theories/Bimodal/Metalogic/Soundness.lean::Theories/Bimodal/Metalogic/Soundness.lean:1299:43: warning: This simp argument is unused:
Theories/Bimodal/Metalogic/Soundness.lean::  Truth.past_iff
Theories/Bimodal/Metalogic/Soundness.lean::
Theories/Bimodal/Metalogic/Soundness.lean::Hint: Omit it from the simp argument list.
Theories/Bimodal/Metalogic/Soundness.lean::  [apply] simp only [truth_at, Truth.future_iff, Truth.some_future_iff, Truth.some_past_iff] at h1'
Theories/Bimodal/Metalogic/Soundness.lean::
Theories/Bimodal/Metalogic/Soundness.lean::Note: This linter can be disabled with `set_option linter.unusedSimpArgs false`
Theories/Bimodal/Metalogic/Soundness.lean::Theories/Bimodal/Metalogic/Soundness.lean:1299:59: warning: This simp argument is unused:
Theories/Bimodal/Metalogic/Soundness.lean::  Truth.some_future_iff
Theories/Bimodal/Metalogic/Soundness.lean::
Theories/Bimodal/Metalogic/Soundness.lean::Hint: Omit it from the simp argument list.
Theories/Bimodal/Metalogic/Soundness.lean::  [apply] simp only [truth_at, Truth.future_iff, Truth.past_iff, Truth.some_past_iff] at h1'
Theories/Bimodal/Metalogic/Soundness.lean::
Theories/Bimodal/Metalogic/Soundness.lean::Note: This linter can be disabled with `set_option linter.unusedSimpArgs false`
Theories/Bimodal/Metalogic/Soundness.lean::Theories/Bimodal/Metalogic/Soundness.lean:1299:82: warning: This simp argument is unused:
Theories/Bimodal/Metalogic/Soundness.lean::  Truth.some_past_iff
Theories/Bimodal/Metalogic/Soundness.lean::
Theories/Bimodal/Metalogic/Soundness.lean::Hint: Omit it from the simp argument list.
Theories/Bimodal/Metalogic/Soundness.lean::  [apply] simp only [truth_at, Truth.future_iff, Truth.past_iff, Truth.some_future_iff] at h1'
Theories/Bimodal/Metalogic/Soundness.lean::
Theories/Bimodal/Metalogic/Soundness.lean::Note: This linter can be disabled with `set_option linter.unusedSimpArgs false`
Theories/Bimodal/Metalogic/Soundness.lean::Theories/Bimodal/Metalogic/Soundness.lean:1304:25: warning: This simp argument is unused:
Theories/Bimodal/Metalogic/Soundness.lean::  Truth.future_iff
Theories/Bimodal/Metalogic/Soundness.lean::
Theories/Bimodal/Metalogic/Soundness.lean::Hint: Omit it from the simp argument list.
Theories/Bimodal/Metalogic/Soundness.lean::  [apply] simp only [truth_at, Truth.past_iff, Truth.some_future_iff, Truth.some_past_iff]
Theories/Bimodal/Metalogic/Soundness.lean::
Theories/Bimodal/Metalogic/Soundness.lean::Note: This linter can be disabled with `set_option linter.unusedSimpArgs false`
Theories/Bimodal/Metalogic/Soundness.lean::Theories/Bimodal/Metalogic/Soundness.lean:1304:43: warning: This simp argument is unused:
Theories/Bimodal/Metalogic/Soundness.lean::  Truth.past_iff
Theories/Bimodal/Metalogic/Soundness.lean::
Theories/Bimodal/Metalogic/Soundness.lean::Hint: Omit it from the simp argument list.
Theories/Bimodal/Metalogic/Soundness.lean::  [apply] simp only [truth_at, Truth.future_iff, Truth.some_future_iff, Truth.some_past_iff]
Theories/Bimodal/Metalogic/Soundness.lean::
Theories/Bimodal/Metalogic/Soundness.lean::Note: This linter can be disabled with `set_option linter.unusedSimpArgs false`
Theories/Bimodal/Metalogic/Soundness.lean::Theories/Bimodal/Metalogic/Soundness.lean:1304:59: warning: This simp argument is unused:
Theories/Bimodal/Metalogic/Soundness.lean::  Truth.some_future_iff
Theories/Bimodal/Metalogic/Soundness.lean::
Theories/Bimodal/Metalogic/Soundness.lean::Hint: Omit it from the simp argument list.
Theories/Bimodal/Metalogic/Soundness.lean::  [apply] simp only [truth_at, Truth.future_iff, Truth.past_iff, Truth.some_past_iff]
Theories/Bimodal/Metalogic/Soundness.lean::
Theories/Bimodal/Metalogic/Soundness.lean::Note: This linter can be disabled with `set_option linter.unusedSimpArgs false`
Theories/Bimodal/Metalogic/Soundness.lean::Theories/Bimodal/Metalogic/Soundness.lean:1304:82: warning: This simp argument is unused:
Theories/Bimodal/Metalogic/Soundness.lean::  Truth.some_past_iff
Theories/Bimodal/Metalogic/Soundness.lean::
Theories/Bimodal/Metalogic/Soundness.lean::Hint: Omit it from the simp argument list.
Theories/Bimodal/Metalogic/Soundness.lean::  [apply] simp only [truth_at, Truth.future_iff, Truth.past_iff, Truth.some_future_iff]
Theories/Bimodal/Metalogic/Soundness.lean::
Theories/Bimodal/Metalogic/Soundness.lean::Note: This linter can be disabled with `set_option linter.unusedSimpArgs false`
Theories/Bimodal/Metalogic/Soundness.lean::Theories/Bimodal/Metalogic/Soundness.lean:1310:15: warning: This simp argument is unused:
Theories/Bimodal/Metalogic/Soundness.lean::  truth_at
Theories/Bimodal/Metalogic/Soundness.lean::
Theories/Bimodal/Metalogic/Soundness.lean::Hint: Omit it from the simp argument list.
Theories/Bimodal/Metalogic/Soundness.lean::  [apply] simp only [Truth.future_iff, Truth.past_iff, Truth.some_future_iff, Truth.some_past_iff]
Theories/Bimodal/Metalogic/Soundness.lean::
Theories/Bimodal/Metalogic/Soundness.lean::Note: This linter can be disabled with `set_option linter.unusedSimpArgs false`
Theories/Bimodal/Metalogic/Soundness.lean::Theories/Bimodal/Metalogic/Soundness.lean:1310:43: warning: This simp argument is unused:
Theories/Bimodal/Metalogic/Soundness.lean::  Truth.past_iff
Theories/Bimodal/Metalogic/Soundness.lean::
Theories/Bimodal/Metalogic/Soundness.lean::Hint: Omit it from the simp argument list.
Theories/Bimodal/Metalogic/Soundness.lean::  [apply] simp only [truth_at, Truth.future_iff, Truth.some_future_iff, Truth.some_past_iff]
Theories/Bimodal/Metalogic/Soundness.lean::
Theories/Bimodal/Metalogic/Soundness.lean::Note: This linter can be disabled with `set_option linter.unusedSimpArgs false`
Theories/Bimodal/Metalogic/Soundness.lean::Theories/Bimodal/Metalogic/Soundness.lean:1310:59: warning: This simp argument is unused:
Theories/Bimodal/Metalogic/Soundness.lean::  Truth.some_future_iff
Theories/Bimodal/Metalogic/Soundness.lean::
Theories/Bimodal/Metalogic/Soundness.lean::Hint: Omit it from the simp argument list.
Theories/Bimodal/Metalogic/Soundness.lean::  [apply] simp only [truth_at, Truth.future_iff, Truth.past_iff, Truth.some_past_iff]
Theories/Bimodal/Metalogic/Soundness.lean::
Theories/Bimodal/Metalogic/Soundness.lean::Note: This linter can be disabled with `set_option linter.unusedSimpArgs false`
Theories/Bimodal/Metalogic/Soundness.lean::Theories/Bimodal/Metalogic/Soundness.lean:1310:82: warning: This simp argument is unused:
Theories/Bimodal/Metalogic/Soundness.lean::  Truth.some_past_iff
Theories/Bimodal/Metalogic/Soundness.lean::
Theories/Bimodal/Metalogic/Soundness.lean::Hint: Omit it from the simp argument list.
Theories/Bimodal/Metalogic/Soundness.lean::  [apply] simp only [truth_at, Truth.future_iff, Truth.past_iff, Truth.some_future_iff]
Theories/Bimodal/Metalogic/Soundness.lean::
Theories/Bimodal/Metalogic/Soundness.lean::Note: This linter can be disabled with `set_option linter.unusedSimpArgs false`
Theories/Bimodal/Metalogic/Soundness.lean::Theories/Bimodal/Metalogic/Soundness.lean:1299:100: warning: This line exceeds the 100 character limit, please shorten it!
Theories/Bimodal/Metalogic/Soundness.lean::
Theories/Bimodal/Metalogic/Soundness.lean::Note: This linter can be disabled with `set_option linter.style.longLine false`
Theories/Bimodal/Metalogic/Soundness.lean::Theories/Bimodal/Metalogic/Soundness.lean:1304:100: warning: This line exceeds the 100 character limit, please shorten it!
Theories/Bimodal/Metalogic/Soundness.lean::
Theories/Bimodal/Metalogic/Soundness.lean::Note: This linter can be disabled with `set_option linter.style.longLine false`
Theories/Bimodal/Metalogic/Soundness.lean::Theories/Bimodal/Metalogic/Soundness.lean:1310:100: warning: This line exceeds the 100 character limit, please shorten it!
Theories/Bimodal/Metalogic/Soundness.lean::
Theories/Bimodal/Metalogic/Soundness.lean::Note: This linter can be disabled with `set_option linter.style.longLine false`
Theories/Bimodal/Metalogic/Soundness.lean::Theories/Bimodal/Metalogic/Soundness.lean:1355:25: warning: This simp argument is unused:
Theories/Bimodal/Metalogic/Soundness.lean::  Truth.future_iff
Theories/Bimodal/Metalogic/Soundness.lean::
Theories/Bimodal/Metalogic/Soundness.lean::Hint: Omit it from the simp argument list.
Theories/Bimodal/Metalogic/Soundness.lean::  [apply] simp only [truth_at, Truth.past_iff, Truth.some_future_iff, Truth.some_past_iff] at h1
Theories/Bimodal/Metalogic/Soundness.lean::
Theories/Bimodal/Metalogic/Soundness.lean::Note: This linter can be disabled with `set_option linter.unusedSimpArgs false`
Theories/Bimodal/Metalogic/Soundness.lean::Theories/Bimodal/Metalogic/Soundness.lean:1355:43: warning: This simp argument is unused:
Theories/Bimodal/Metalogic/Soundness.lean::  Truth.past_iff
Theories/Bimodal/Metalogic/Soundness.lean::
Theories/Bimodal/Metalogic/Soundness.lean::Hint: Omit it from the simp argument list.
Theories/Bimodal/Metalogic/Soundness.lean::  [apply] simp only [truth_at, Truth.future_iff, Truth.some_future_iff, Truth.some_past_iff] at h1
Theories/Bimodal/Metalogic/Soundness.lean::
Theories/Bimodal/Metalogic/Soundness.lean::Note: This linter can be disabled with `set_option linter.unusedSimpArgs false`
Theories/Bimodal/Metalogic/Soundness.lean::Theories/Bimodal/Metalogic/Soundness.lean:1355:59: warning: This simp argument is unused:
Theories/Bimodal/Metalogic/Soundness.lean::  Truth.some_future_iff
Theories/Bimodal/Metalogic/Soundness.lean::
Theories/Bimodal/Metalogic/Soundness.lean::Hint: Omit it from the simp argument list.
Theories/Bimodal/Metalogic/Soundness.lean::  [apply] simp only [truth_at, Truth.future_iff, Truth.past_iff, Truth.some_past_iff] at h1
Theories/Bimodal/Metalogic/Soundness.lean::
Theories/Bimodal/Metalogic/Soundness.lean::Note: This linter can be disabled with `set_option linter.unusedSimpArgs false`
Theories/Bimodal/Metalogic/Soundness.lean::Theories/Bimodal/Metalogic/Soundness.lean:1355:82: warning: This simp argument is unused:
Theories/Bimodal/Metalogic/Soundness.lean::  Truth.some_past_iff
Theories/Bimodal/Metalogic/Soundness.lean::
Theories/Bimodal/Metalogic/Soundness.lean::Hint: Omit it from the simp argument list.
Theories/Bimodal/Metalogic/Soundness.lean::  [apply] simp only [truth_at, Truth.future_iff, Truth.past_iff, Truth.some_future_iff] at h1
Theories/Bimodal/Metalogic/Soundness.lean::
Theories/Bimodal/Metalogic/Soundness.lean::Note: This linter can be disabled with `set_option linter.unusedSimpArgs false`
Theories/Bimodal/Metalogic/Soundness.lean::Theories/Bimodal/Metalogic/Soundness.lean:1358:25: warning: This simp argument is unused:
Theories/Bimodal/Metalogic/Soundness.lean::  Truth.future_iff
Theories/Bimodal/Metalogic/Soundness.lean::
Theories/Bimodal/Metalogic/Soundness.lean::Hint: Omit it from the simp argument list.
Theories/Bimodal/Metalogic/Soundness.lean::  [apply] simp only [truth_at, Truth.past_iff, Truth.some_future_iff, Truth.some_past_iff]
Theories/Bimodal/Metalogic/Soundness.lean::
Theories/Bimodal/Metalogic/Soundness.lean::Note: This linter can be disabled with `set_option linter.unusedSimpArgs false`
Theories/Bimodal/Metalogic/Soundness.lean::Theories/Bimodal/Metalogic/Soundness.lean:1358:43: warning: This simp argument is unused:
Theories/Bimodal/Metalogic/Soundness.lean::  Truth.past_iff
Theories/Bimodal/Metalogic/Soundness.lean::
Theories/Bimodal/Metalogic/Soundness.lean::Hint: Omit it from the simp argument list.
Theories/Bimodal/Metalogic/Soundness.lean::  [apply] simp only [truth_at, Truth.future_iff, Truth.some_future_iff, Truth.some_past_iff]
Theories/Bimodal/Metalogic/Soundness.lean::
Theories/Bimodal/Metalogic/Soundness.lean::Note: This linter can be disabled with `set_option linter.unusedSimpArgs false`
Theories/Bimodal/Metalogic/Soundness.lean::Theories/Bimodal/Metalogic/Soundness.lean:1358:59: warning: This simp argument is unused:
Theories/Bimodal/Metalogic/Soundness.lean::  Truth.some_future_iff
Theories/Bimodal/Metalogic/Soundness.lean::
Theories/Bimodal/Metalogic/Soundness.lean::Hint: Omit it from the simp argument list.
Theories/Bimodal/Metalogic/Soundness.lean::  [apply] simp only [truth_at, Truth.future_iff, Truth.past_iff, Truth.some_past_iff]
Theories/Bimodal/Metalogic/Soundness.lean::
Theories/Bimodal/Metalogic/Soundness.lean::Note: This linter can be disabled with `set_option linter.unusedSimpArgs false`
Theories/Bimodal/Metalogic/Soundness.lean::Theories/Bimodal/Metalogic/Soundness.lean:1358:82: warning: This simp argument is unused:
Theories/Bimodal/Metalogic/Soundness.lean::  Truth.some_past_iff
Theories/Bimodal/Metalogic/Soundness.lean::
Theories/Bimodal/Metalogic/Soundness.lean::Hint: Omit it from the simp argument list.
Theories/Bimodal/Metalogic/Soundness.lean::  [apply] simp only [truth_at, Truth.future_iff, Truth.past_iff, Truth.some_future_iff]
Theories/Bimodal/Metalogic/Soundness.lean::
Theories/Bimodal/Metalogic/Soundness.lean::Note: This linter can be disabled with `set_option linter.unusedSimpArgs false`
Theories/Bimodal/Metalogic/Soundness.lean::Theories/Bimodal/Metalogic/Soundness.lean:1362:15: warning: This simp argument is unused:
Theories/Bimodal/Metalogic/Soundness.lean::  truth_at
Theories/Bimodal/Metalogic/Soundness.lean::
Theories/Bimodal/Metalogic/Soundness.lean::Hint: Omit it from the simp argument list.
Theories/Bimodal/Metalogic/Soundness.lean::  [apply] simp only [Truth.future_iff, Truth.past_iff, Truth.some_future_iff, Truth.some_past_iff]
Theories/Bimodal/Metalogic/Soundness.lean::
Theories/Bimodal/Metalogic/Soundness.lean::Note: This linter can be disabled with `set_option linter.unusedSimpArgs false`
Theories/Bimodal/Metalogic/Soundness.lean::Theories/Bimodal/Metalogic/Soundness.lean:1362:43: warning: This simp argument is unused:
Theories/Bimodal/Metalogic/Soundness.lean::  Truth.past_iff
Theories/Bimodal/Metalogic/Soundness.lean::
Theories/Bimodal/Metalogic/Soundness.lean::Hint: Omit it from the simp argument list.
Theories/Bimodal/Metalogic/Soundness.lean::  [apply] simp only [truth_at, Truth.future_iff, Truth.some_future_iff, Truth.some_past_iff]
Theories/Bimodal/Metalogic/Soundness.lean::
Theories/Bimodal/Metalogic/Soundness.lean::NotTheories/Bimodal/Metalogic/Decidability/Saturation.lean::Theories/Bimodal/Metalogic/Decidability/Saturation.lean:270:100: warning: This line exceeds the 100 character limit, please shorten it!
Theories/Bimodal/Metalogic/Decidability/Saturation.lean::
Theories/Bimodal/Metalogic/Decidability/Saturation.lean::Note: This linter can be disabled with `set_option linter.style.longLine false`
Theories/Bimodal/Metalogic/Decidability/Saturation.lean::Theories/Bimodal/Metalogic/Decidability/Saturation.lean:287:100: warning: This line exceeds the 100 character limit, please shorten it!
Theories/Bimodal/Metalogic/Decidability/Saturation.lean::
Theories/Bimodal/Metalogic/Decidability/Saturation.lean::Note: This linter can be disabled with `set_option linter.style.longLine false`
Theories/Bimodal/Metalogic/Decidability/Saturation.lean::Theories/Bimodal/Metalogic/Decidability/Saturation.lean:330:23: warning: Variable name `tracker` is not explicitly referenced.
Theories/Bimodal/Metalogic/Decidability/Saturation.lean::
Theories/Bimodal/Metalogic/Decidability/Saturation.lean::Hint: The binding can be removed (if unused) or named `_` (if used implicitly). Alternatively, prefix the name with `_` to silence this warning:
Theories/Bimodal/Metalogic/Decidability/Saturation.lean::  [apply] _tracker
Theories/Bimodal/Metalogic/Decidability/Saturation.lean::
Theories/Bimodal/Metalogic/Decidability/Saturation.lean::Note: This linter can be disabled with `set_option linter.unusedVariables false`
Theories/Bimodal/Metalogic/Decidability/Saturation.lean::Theories/Bimodal/Metalogic/Decidability/Saturation.lean:350:19: warning: Variable name `newBranch` is not explicitly referenced.
Theories/Bimodal/Metalogic/Decidability/Saturation.lean::
Theories/Bimodal/Metalogic/Decidability/Saturation.lean::Hint: The binding can be removed (if unused) or named `_` (if used implicitly). Alternatively, prefix the name with `_` to silence this warning:
Theories/Bimodal/Metalogic/Decidability/Saturation.lean::  [apply] _newBranch
Theories/Bimodal/Metalogic/Decidability/Saturation.lean::
Theories/Bimodal/Metalogic/Decidability/Saturation.lean::Note: This linter can be disabled with `set_option linter.unusedVariables false`
Theories/Bimodal/Metalogic/Decidability/Saturation.lean::Theories/Bimodal/Metalogic/Decidability/Saturation.lean:406:16: warning: Variable name `h` is not explicitly referenced.
Theories/Bimodal/Metalogic/Decidability/Saturation.lean::
Theories/Bimodal/Metalogic/Decidability/Saturation.lean::Hint: The binding can be removed (if unused) or named `_` (if used implicitly). Alternatively, prefix the name with `_` to silence this warning:
Theories/Bimodal/Metalogic/Decidability/Saturation.lean::  [apply] _h
Theories/Bimodal/Metalogic/Decidability/Saturation.lean::
Theories/Bimodal/Metalogic/Decidability/Saturation.lean::Note: This linter can be disabled with `set_option linter.unusedVariables false`
Theories/Bimodal/Metalogic/Decidability/Saturation.lean::Theories/Bimodal/Metalogic/Decidability/Saturation.lean:421:100: warning: This line exceeds the 100 character limit, please shorten it!
Theories/Bimodal/Metalogic/Decidability/Saturation.lean::
Theories/Bimodal/Metalogic/Decidability/Saturation.lean::Note: This linter can be disabled with `set_option linter.style.longLine false`
Theories/Bimodal/Metalogic/Decidability/Saturation.lean::Theories/Bimodal/Metalogic/Decidability/Saturation.lean:434:100: warning: This line exceeds the 100 character limit, please shorten it!
Theories/Bimodal/Metalogic/Decidability/Saturation.lean::
Theories/Bimodal/Metalogic/Decidability/Saturation.lean::Note: This linter can be disabled with `set_option linter.style.longLine false`
Theories/Bimodal/Metalogic/Decidability/Saturation.lean::Theories/Bimodal/Metalogic/Decidability/Saturation.lean:585:100: warning: This line exceeds the 100 character limit, please shorten it!
Theories/Bimodal/Metalogic/Decidability/Saturation.lean::
Theories/Bimodal/Metalogic/Decidability/Saturation.lean::Note: This linter can be disabled with `set_option linter.style.longLine false`
Theories/Bimodale: This linter can be disabled with `set_option linter.unusedSimpArgs false`
Theories/Bimodal/Metalogic/Soundness.lean::Theories/Bimodal/Metalogic/Soundness.lean:1362:59: warning: This simp argument is unused:
Theories/Bimodal/Metalogic/Soundness.lean::  Truth.some_future_iff
Theories/Bimodal/Metalogic/Soundness.lean::
Theories/Bimodal/Metalogic/Soundness.lean::Hint: Omit it from the simp argument list.
Theories/Bimodal/Metalogic/Soundness.lean::  [apply] simp only [truth_at, Truth.future_iff, Truth.past_iff, Truth.some_past_iff]
Theories/Bimodal/Metalogic/Soundness.lean::
Theories/Bimodal/Metalogic/Soundness.lean::Note: This linter can be disabled with `set_option linter.unusedSimpArgs false`
Theories/Bimodal/Metalogic/Soundness.lean::Theories/Bimodal/Metalogic/Soundness.lean:1362:82: warning: This simp argument is unused:
Theories/Bimodal/Metalogic/Soundness.lean::  Truth.some_past_iff
Theories/Bimodal/Metalogic/Soundness.lean::
Theories/Bimodal/Metalogic/Soundness.lean::Hint: Omit it from the simp argument list.
Theories/Bimodal/Metalogic/Soundness.lean::  [apply] simp only [truth_at, Truth.future_iff, Truth.past_iff, Truth.some_future_iff]
Theories/Bimodal/Metalogic/Soundness.lean::
Theories/Bimodal/Metalogic/Soundness.lean::Note: This linter can be disabled with `set_option linter.unusedSimpArgs false`
Theories/Bimodal/Metalogic/Soundness.lean::Theories/Bimodal/Metalogic/Soundness.lean:1355:100: warning: This line exceeds the 100 character limit, please shorten it!
Theories/Bimodal/Metalogic/Soundness.lean::
Theories/Bimodal/Metalogic/Soundness.lean::Note: This linter can be disabled with `set_option linter.style.longLine false`
Theories/Bimodal/Metalogic/Soundness.lean::Theories/Bimodal/Metalogic/Soundness.lean:1358:100: warning: This line exceeds the 100 character limit, please shorten it!
Theories/Bimodal/Metalogic/Soundness.lean::
Theories/Bimodal/Metalogic/Soundness.lean::Note: This linter can be disabled with `set_option linter.style.longLine false`
Theories/Bimodal/Metalogic/Soundness.lean::Theories/Bimodal/Metalogic/Soundness.lean:1362:100: warning: This line exceeds the 100 character limit, please shorten it!
Theories/Bimodal/Metalogic/Soundness.lean::
Theories/Bimodal/Metalogic/Soundness.lean::Note: This linter can be disabled with `set_option linter.style.longLine false`
Theories/Bimodal/Metalogic/Metalogic.lean::Theories/Bimodal/Metalogic/Metalogic.lean:30:100: warning: This line exceeds the 100 character limit, please shorten it!
Theories/Bimodal/Metalogic/Metalogic.lean::
Theories/Bimodal/Metalogic/Metalogic.lean::Note: This linter can be disabled with `set_option linter.style.longLine false`
Theories/Bimodal/Metalogic/Metalogic.lean::Theories/Bimodal/Metalogic/Metalogic.lean:31:100: warning: This line exceeds the 100 character limit, please shorten it!
Theories/Bimodal/Metalogic/Metalogic.lean::
Theories/Bimodal/Metalogic/Metalogic.lean::Note: This linter can be disabled with `set_option linter.style.longLine false`
Theories/Bimodal/Metalogic/Metalogic.lean::Theories/Bimodal/Metalogic/Metalogic.lean:32:100: warning: This line exceeds the 100 character limit, please shorten it!
Theories/Bimodal/Metalogic/Metalogic.lean::
Theories/Bimodal/Metalogic/Metalogic.lean::Note: This linter can be disabled with `set_option linter.style.longLine false`
/Metalogic/Decidability/Saturation.lean::"PASS: U(p, bot) -> F(p) is valid"
Theories/Bimodal/Metalogic/Decidability/Saturation.lean::"PASS: S(p, bot) -> P(p) is valid"
Theories/Bimodal/Metalogic/Decidability/Saturation.lean::"PASS: F(p) -> U(p, top) is valid (BX12)"
Theories/Bimodal/Metalogic/Decidability/Saturation.lean::"PASS: P(p) -> S(p, top) is valid (BX12')"
Theories/Bimodal/Metalogic/Decidability/Saturation.lean::"PASS: F(top) -> top is valid"
Theories/Bimodal/Metalogic/Decidability/Saturation.lean::"PASS: U(p, q) is satisfiable (open branch found)"
Theories/Bimodal/Metalogic/Decidability/Saturation.lean::"PASS: p -> p is valid"
Theories/Bimodal/Metalogic/Decidability/Saturation.lean::"PASS B1: G(p) -> G(p) is valid"
Theories/Bimodal/Metalogic/Decidability/Saturation.lean::"PASS B2: U(p,q) -> U(p,q) is valid"
Theories/Bimodal/Metalogic/Decidability/Saturation.lean::"PASS B3: U(p,bot) -> F(p) is valid (eventuality witnessed)"
Theories/Bimodal/Metalogic/Decidability/Saturation.lean::"PASS: □p → Gp is valid"
Theories/Bimodal/Metalogic/Decidability/Saturation.lean::"PASS: □p → Hp is valid"
Theories/Bimodal/Metalogic/Decidability/Saturation.lean::"PASS: □p → always p is valid (P1 perpetuity)"
Theories/Bimodal/Metalogic/Decidability/Saturation.lean::"PASS: □(□p) → G(□p) is valid"
Theories/Bimodal/Metalogic/Decidability/Saturation.lean::Theories/Bimodal/Metalogic/Decidability/Saturation.lean:865:100: warning: This line exceeds the 100 character limit, please shorten it!
Theories/Bimodal/Metalogic/Decidability/Saturation.lean::You can use "string gaps" to format long strings: within a string quotation, using a '\' at the end of a line allows you to continue the string on the following line, removing all intervening whitespace.
Theories/Bimodal/Metalogic/Decidability/Saturation.lean::
Theories/Bimodal/Metalogic/Decidability/Saturation.lean::Note: This linter can be disabled with `set_option linter.style.longLine false`
Theories/Bimodal/Metalogic/Decidability/Saturation.lean::Theories/Bimodal/Metalogic/Decidability/Saturation.lean:866:100: warning: This line exceeds the 100 character limit, please shorten it!
Theories/Bimodal/Metalogic/Decidability/Saturation.lean::You can use "string gaps" to format long strings: within a string quotation, using a '\' at the end of a line allows you to continue the string on the following line, removing all intervening whitespace.
Theories/Bimodal/Metalogic/Decidability/Saturation.lean::
Theories/Bimodal/Metalogic/Decidability/Saturation.lean::Note: This linter can be disabled with `set_option linter.style.longLine false`
Theories/Bimodal/Metalogic/Decidability/Saturation.lean::"PASS: p ∧ F(¬p) is satisfiable (open branch found)"
Theories/Bimodal/Metalogic/Decidability/Saturation.lean::"PASS: □p → □(Gp) is valid (modal_future)"
Theories/Bimodal/Metalogic/Decidability/Saturation.lean::"PASS E1: U(U(p,q),r) -> U(U(p,q),r) is valid"
Theories/Bimodal/Metalogic/Decidability/Saturation.lean::"PASS E2: S(p,bot) -> P(p) is valid"
Theories/Bimodal/Metalogic/Decidability/Saturation.lean::"PASS E3: p -> (q -> p) is valid"
Theories/Bimodal/Metalogic/Decidability/Saturation.lean::"PASS E4: U(p,q) is satisfiable (open branch with blocking)"
Theories/Bimodal/Metalogic/Decidability/Saturation.lean::"INFO E5: G(p) -> p is invalid (strict reading)"
Theories/Bimodal/Metalogic/Decidability/Saturation.lean::Theories/Bimodal/Metalogic/Decidability/Saturation.lean:1006:2: warning: `simp [SignedFormula.neg] at h_mem` is a flexible tactic modifying `h_mem`. Try `simp?` and use the suggested `simp only [...]`. Alternatively, use `suffices` to explicitly state the simplified form.
Theories/Bimodal/Metalogic/Decidability/Saturation.lean::
Theories/Bimodal/Metalogic/Decidability/Saturation.lean::Note: This linter can be disabled with `set_option linter.flexible false`
Theories/Bimodal/Metalogic/Decidability/Saturation.lean::`subst h_mem`
Theories/Bimodal/Metalogic/Decidability/Saturation.lean::uses `h_mem`, which was modified by the flexible tactic `simp` on line 1006!
Theories/Bimodal/Metalogic/Decidability/Saturation.lean::Theories/Bimodal/Metalogic/Decidability/Saturation.lean:1006:2: warning: `simp [SignedFormula.neg] at h_mem` is a flexible tactic modifying `h_mem`. Try `simp?` and use the suggested `simp only [...]`. Alternatively, use `suffices` to explicitly state the simplified form.
Theories/Bimodal/Metalogic/Decidability/Saturation.lean::
Theories/Bimodal/Metalogic/Decidability/Saturation.lean::Note: This linter can be disabled with `set_option linter.flexible false`
Theories/Bimodal/Metalogic/Decidability/Saturation.lean::`exact Formula.self_mem_subformulas φ`
Theories/Bimodal/Metalogic/Decidability/Saturation.lean::uses `h_mem`, which was modified by the flexible tactic `simp` on line 1006!
Theories/Bimodal/Metalogic/Decidability/Saturation.lean::Theories/Bimodal/Metalogic/Decidability/Saturation.lean:1094:4: warning: `simp at h_result` is a flexible tactic modifying `h_result`. Try `simp?` and use the suggested `simp only [...]`. Alternatively, use `suffices` to explicitly state the simplified form.
Theories/Bimodal/Metalogic/Decidability/Saturation.lean::
Theories/Bimodal/Metalogic/Decidability/Saturation.lean::Note: This linter can be disabled with `set_option linter.flexible false`
Theories/Bimodal/Metalogic/Decidability/Saturation.lean::`exact absurd h_result (by simp)`
Theories/Bimodal/Metalogic/Decidability/Saturation.lean::uses `h_result`, which was modified by the flexible tactic `simp` on line 1094!
Theories/Bimodal/Metalogic/Decidability/Saturation.lean::Theories/Bimodal/Metalogic/Decidability/Saturation.lean:1094:4: warning: `simp at h_result` is a flexible tactic modifying `h_result`. Try `simp?` and use the suggested `simp only [...]`. Alternatively, use `suffices` to explicitly state the simplified form.
Theories/Bimodal/Metalogic/Decidability/Saturation.lean::
Theories/Bimodal/Metalogic/Decidability/Saturation.lean::Note: This linter can be disabled with `set_option linter.flexible false`
Theories/Bimodal/Metalogic/Decidability/Saturation.lean::`exact absurd h_result (by simp)`
Theories/Bimodal/Metalogic/Decidability/Saturation.lean::uses `h_result`, which was modified by the flexible tactic `simp` on line 1094!
Theories/Bimodal/Metalogic/Decidability/Saturation.lean::Theories/Bimodal/Metalogic/Decidability/Saturation.lean:1094:4: warning: `simp at h_result` is a flexible tactic modifying `h_result`. Try `simp?` and use the suggested `simp only [...]`. Alternatively, use `suffices` to explicitly state the simplified form.
Theories/Bimodal/Metalogic/Decidability/Saturation.lean::
Theories/Bimodal/Metalogic/Decidability/Saturation.lean::Note: This linter can be disabled with `set_option linter.flexible false`
Theories/Bimodal/Metalogic/Decidability/Saturation.lean::`obtain ⟨rfl, rfl, rfl⟩ := h_result`
Theories/Bimodal/Metalogic/Decidability/Saturation.lean::uses `h_result`, which was modified by the flexible tactic `simp` on line 1094!
Theories/Bimodal/Metalogic/Decidability/Saturation.lean::Theories/Bimodal/Metalogic/Decidability/Saturation.lean:1094:4: warning: `simp at h_result` is a flexible tactic modifying `h_result`. Try `simp?` and use the suggested `simp only [...]`. Alternatively, use `suffices` to explicitly state the simplified form.
Theories/Bimodal/Metalogic/Decidability/Saturation.lean::
Theories/Bimodal/Metalogic/Decidability/Saturation.lean::Note: This linter can be disabled with `set_option linter.flexible false`
Theories/Bimodal/Metalogic/Decidability/Saturation.lean::`rename_i openBr h_exp`
Theories/Bimodal/Metalogic/Decidability/Saturation.lean::uses `h_result`, which was modified by the flexible tactic `simp` on line 1094!
Theories/Bimodal/Metalogic/Decidability/Saturation.lean::Theories/Bimodal/Metalogic/Decidability/Saturation.lean:1094:4: warning: `simp at h_result` is a flexible tactic modifying `h_result`. Try `simp?` and use the suggested `simp only [...]`. Alternatively, use `suffices` to explicitly state the simplified form.
Theories/Bimodal/Metalogic/Decidability/Saturation.lean::
Theories/Bimodal/Metalogic/Decidability/Saturation.lean::Note: This linter can be disabled with `set_option linter.flexible false`
Theories/Bimodal/Metalogic/Decidability/Saturation.lean::`exact
Theories/Bimodal/Metalogic/Decidability/Saturation.lean::  ih (min pair.2 fuelBound) (Nat.min_le_right _ _) pair.1 newOrd fc tracker applied' maxBranches branchesUsed' ob ord ap
Theories/Bimodal/Metalogic/Decidability/Saturation.lean::    h_exp`
Theories/Bimodal/Metalogic/Decidability/Saturation.lean::uses `h_result`, which was modified by the flexible tactic `simp` on line 1094!
Theories/Bimodal/Metalogic/Decidability/Saturation.lean::Theories/Bimodal/Metalogic/Decidability/Saturation.lean:1104:6: warning: `simp at h_result` is a flexible tactic modifying `h_result`. Try `simp?` and use the suggested `simp only [...]`. Alternatively, use `suffices` to explicitly state the simplified form.
Theories/Bimodal/Metalogic/Decidability/Saturation.lean::
Theories/Bimodal/Metalogic/Decidability/Saturation.lean::Note: This linter can be disabled with `set_option linter.flexible false`
Theories/Bimodal/Metalogic/Decidability/Saturation.lean::`obtain ⟨rfl, rfl, rfl⟩ := h_result`
Theories/Bimodal/Metalogic/Decidability/Saturation.lean::uses `h_result`, which was modified by the flexible tactic `simp` on line 1104!
Theories/Bimodal/Metalogic/Decidability/Saturation.lean::Theories/Bimodal/Metalogic/Decidability/Saturation.lean:1104:6: warning: `simp at h_result` is a flexible tactic modifying `h_result`. Try `simp?` and use the suggested `simp only [...]`. Alternatively, use `suffices` to explicitly state the simplified form.
Theories/Bimodal/Metalogic/Decidability/Saturation.lean::
Theories/Bimodal/Metalogic/Decidability/Saturation.lean::Note: This linter can be disabled with `set_option linter.flexible false`
Theories/Bimodal/Metalogic/Decidability/Saturation.lean::`exact h_acc ob ord ap rfl`
Theories/Bimodal/Metalogic/Decidability/Saturation.lean::uses `h_result`, which was modified by the flexible tactic `simp` on line 1104!
Theories/Bimodal/Metalogic/Decidability/Saturation.lean::Theories/Bimodal/Metalogic/Decidability/Saturation.lean:1107:6: warning: `simp at h_result` is a flexible tactic modifying `h_result`. Try `simp?` and use the suggested `simp only [...]`. Alternatively, use `suffices` to explicitly state the simplified form.
Theories/Bimodal/Metalogic/Decidability/Saturation.lean::
Theories/Bimodal/Metalogic/Decidability/Saturation.lean::Note: This linter can be disabled with `set_option linter.flexible false`
Theories/Bimodal/Metalogic/Decidability/Saturation.lean::`exact absurd h_result (by simp)`
Theories/Bimodal/Metalogic/Decidability/Saturation.lean::uses `h_result`, which was modified by the flexible tactic `simp` on line 1107!
Theories/Bimodal/Metalogic/Decidability/Saturation.lean::Theories/Bimodal/Metalogic/Decidability/Saturation.lean:1107:6: warning: `simp at h_result` is a flexible tactic modifying `h_result`. Try `simp?` and use the suggested `simp only [...]`. Alternatively, use `suffices` to explicitly state the simplified form.
Theories/Bimodal/Metalogic/Decidability/Saturation.lean::
Theories/Bimodal/Metalogic/Decidability/Saturation.lean::Note: This linter can be disabled with `set_option linter.flexible false`
Theories/Bimodal/Metalogic/Decidability/Saturation.lean::`exact absurd h_result (by simp)`
Theories/Bimodal/Metalogic/Decidability/Saturation.lean::uses `h_result`, which was modified by the flexible tactic `simp` on line 1107!
Theories/Bimodal/Metalogic/Decidability/Saturation.lean::Theories/Bimodal/Metalogic/Decidability/Saturation.lean:1107:6: warning: `simp at h_result` is a flexible tactic modifying `h_result`. Try `simp?` and use the suggested `simp only [...]`. Alternatively, use `suffices` to explicitly state the simplified form.
Theories/Bimodal/Metalogic/Decidability/Saturation.lean::
Theories/Bimodal/Metalogic/Decidability/Saturation.lean::Note: This linter can be disabled with `set_option linter.flexible false`
Theories/Bimodal/Metalogic/Decidability/Saturation.lean::`obtain ⟨rfl, rfl, rfl⟩ := h_result`
Theories/Bimodal/Metalogic/Decidability/Saturation.lean::uses `h_result`, which was modified by the flexible tactic `simp` on line 1107!
Theories/Bimodal/Metalogic/Decidability/Saturation.lean::Theories/Bimodal/Metalogic/Decidability/Saturation.lean:1107:6: warning: `simp at h_result` is a flexible tactic modifying `h_result`. Try `simp?` and use the suggested `simp only [...]`. Alternatively, use `suffices` to explicitly state the simplified form.
Theories/Bimodal/Metalogic/Decidability/Saturation.lean::
Theories/Bimodal/Metalogic/Decidability/Saturation.lean::Note: This linter can be disabled with `set_option linter.flexible false`
Theories/Bimodal/Metalogic/Decidability/Saturation.lean::`rename_i openBr h_exp`
Theories/Bimodal/Metalogic/Decidability/Saturation.lean::uses `h_result`, which was modified by the flexible tactic `simp` on line 1107!
Theories/Bimodal/Metalogic/Decidability/Saturation.lean::Theories/Bimodal/Metalogic/Decidability/Saturation.lean:1107:6: warning: `simp at h_result` is a flexible tactic modifying `h_result`. Try `simp?` and use the suggested `simp only [...]`. Alternatively, use `suffices` to explicitly state the simplified form.
Theories/Bimodal/Metalogic/Decidability/Saturation.lean::
Theories/Bimodal/Metalogic/Decidability/Saturation.lean::Note: This linter can be disabled with `set_option linter.flexible false`
Theories/Bimodal/Metalogic/Decidability/Saturation.lean::`exact
Theories/Bimodal/Metalogic/Decidability/Saturation.lean::  ih (min pair.2 fuelBound) (Nat.min_le_right _ _) pair.1 newOrd fc tracker applied' maxBranches branchesUsed' ob ord ap
Theories/Bimodal/Metalogic/Decidability/Saturation.lean::    h_exp`
Theories/Bimodal/Metalogic/Decidability/Saturation.lean::uses `h_result`, which was modified by the flexible tactic `simp` on line 1107!
Theories/Bimodal/Metalogic/Decidability/Saturation.lean::Theories/Bimodal/Metalogic/Decidability/Saturation.lean:1087:100: warning: This line exceeds the 100 character limit, please shorten it!
Theories/Bimodal/Metalogic/Decidability/Saturation.lean::
Theories/Bimodal/Metalogic/Decidability/Saturation.lean::Note: This linter can be disabled with `set_option linter.style.longLine false`
Theories/Bimodal/Metalogic/Decidability/Saturation.lean::Theories/Bimodal/Metalogic/Decidability/Saturation.lean:1100:100: warning: This line exceeds the 100 character limit, please shorten it!
Theories/Bimodal/Metalogic/Decidability/Saturation.lean::
Theories/Bimodal/Metalogic/Decidability/Saturation.lean::Note: This linter can be disabled with `set_option linter.style.longLine false`
Theories/Bimodal/Metalogic/Decidability/Saturation.lean::Theories/Bimodal/Metalogic/Decidability/Saturation.lean:1113:100: warning: This line exceeds the 100 character limit, please shorten it!
Theories/Bimodal/Metalogic/Decidability/Saturation.lean::
Theories/Bimodal/Metalogic/Decidability/Saturation.lean::Note: This linter can be disabled with `set_option linter.style.longLine false`
Theories/Bimodal/Metalogic/Decidability/Saturation.lean::Theories/Bimodal/Metalogic/Decidability/Saturation.lean:1137:100: warning: This line exceeds the 100 character limit, please shorten it!
Theories/Bimodal/Metalogic/Decidability/Saturation.lean::
Theories/Bimodal/Metalogic/Decidability/Saturation.lean::Note: This linter can be disabled with `set_option linter.style.longLine false`
Theories/Bimodal/Metalogic/Decidability/Saturation.lean::Theories/Bimodal/Metalogic/Decidability/Saturation.lean:1147:100: warning: This line exceeds the 100 character limit, please shorten it!
Theories/Bimodal/Metalogic/Decidability/Saturation.lean::
Theories/Bimodal/Metalogic/Decidability/Saturation.lean::Note: This linter can be disabled with `set_option linter.style.longLine false`
Theories/Bimodal/Metalogic/Decidability/Saturation.lean::Theories/Bimodal/Metalogic/Decidability/Saturation.lean:1150:0: warning: Please, add a comment explaining the need for modifying the maxHeartbeat limit, as in
Theories/Bimodal/Metalogic/Decidability/Saturation.lean::set_option maxHeartbeats 3200000 in
Theories/Bimodal/Metalogic/Decidability/Saturation.lean::-- reason for change
Theories/Bimodal/Metalogic/Decidability/Saturation.lean::...
Theories/Bimodal/Metalogic/Decidability/Saturation.lean::
Theories/Bimodal/Metalogic/Decidability/Saturation.lean::Note: This linter can be disabled with `set_option linter.style.maxHeartbeats false`
Theories/Bimodal/Metalogic/Decidability/Saturation.lean::Theories/Bimodal/Metalogic/Decidability/Saturation.lean:1179:10: warning: `simp [hfc] at h
Theories/Bimodal/Metalogic/Decidability/Saturation.lean::          -- Case split on eventuality-aware blocking check` is a flexible tactic modifying `h`. Try `simp?` and use the suggested `simp only [...]`. Alternatively, use `suffices` to explicitly state the simplified form.
Theories/Bimodal/Metalogic/Decidability/Saturation.lean::
Theories/Bimodal/Metalogic/Decidability/Saturation.lean::Note: This linter can be disabled with `set_option linter.flexible false`
Theories/Bimodal/Metalogic/Decidability/Saturation.lean::`obtain ⟨rfl, rfl, rfl⟩ := h`
Theories/Bimodal/Metalogic/Decidability/Saturation.lean::uses `h`, which was modified by the flexible tactic `simp` on line 1179!
Theories/Bimodal/Metalogic/Decidability/Saturation.lean::Theories/Bimodal/Metalogic/Decidability/Saturation.lean:1179:10: warning: `simp [hfc] at h
Theories/Bimodal/Metalogic/Decidability/Saturation.lean::          -- Case split on eventuality-aware blocking check` is a flexible tactic modifying `h`. Try `simp?` and use the suggested `simp only [...]`. Alternatively, use `suffices` to explicitly state the simplified form.
Theories/Bimodal/Metalogic/Decidability/Saturation.lean::
Theories/Bimodal/Metalogic/Decidability/Saturation.lean::Note: This linter can be disabled with `set_option linter.flexible false`
Theories/Bimodal/Metalogic/Decidability/Saturation.lean::`exact hfc`
Theories/Bimodal/Metalogic/Decidability/Saturation.lean::uses `h`, which was modified by the flexible tactic `simp` on line 1179!
Theories/Bimodal/Metalogic/Decidability/Saturation.lean::Theories/Bimodal/Metalogic/Decidability/Saturation.lean:1179:10: warning: `simp [hfc] at h
Theories/Bimodal/Metalogic/Decidability/Saturation.lean::          -- Case split on eventuality-aware blocking check` is a flexible tactic modifying `h`. Try `simp?` and use the suggested `simp only [...]`. Alternatively, use `suffices` to explicitly state the simplified form.
Theories/Bimodal/Metalogic/Decidability/Saturation.lean::
Theories/Bimodal/Metalogic/Decidability/Saturation.lean::Note: This linter can be disabled with `set_option linter.flexible false`
Theories/Bimodal/Metalogic/Decidability/Saturation.lean::`match hexp : expandOnceWithApplied b timeOrd fc applied with
Theories/Bimodal/Metalogic/Decidability/Saturation.lean::| ⟨.saturated, _, _⟩ => simp [hexp] at h; obtain ⟨rfl, rfl, rfl⟩ := h; exact hfc
Theories/Bimodal/Metalogic/Decidability/Saturation.lean::|
Theories/Bimodal/Metalogic/Decidability/Saturation.lean::⟨.extended newBranch, newOrd, newAppliedFormulas⟩ =>
Theories/Bimodal/Metalogic/Decidability/Saturation.lean::  simp [hexp] at h
Theories/Bimodal/Metalogic/Decidability/Saturation.lean::  exact ih k (Nat.lt_succ_of_le le_rfl) newBranch newOrd fc _ _ maxBranches _ ob ord ap h
Theories/Bimodal/Metalogic/Decidability/Saturation.lean::| ⟨.split branches, newOrd, newAppliedFormulas⟩ =>
Theories/Bimodal/Metalogic/Decidability/Saturation.lean::  simp [hexp] at h
Theories/Bimodal/Metalogic/Decidability/Saturation.lean::  exact
Theories/Bimodal/Metalogic/Decidability/Saturation.lean::    foldl_preserves_findClosure k newOrd fc _ _ maxBranches (branchesUsed + branches.length)
Theories/Bimodal/Metalogic/Decidability/Saturation.lean::      (fun fuel' hle => ih fuel' (Nat.lt_succ_of_le hle)) (branches.zip (allocateFuelProportionally (k + 1) branches))
Theories/Bimodal/Metalogic/Decidability/Saturation.lean::      (some (.inl ⟨b, .botPos Label.initial⟩)) (fun _ _ _ h' => by simp at h') ob ord ap h`
Theories/Bimodal/Metalogic/Decidability/Saturation.lean::uses `h`, which was modified by the flexible tactic `simp` on line 1179!
Theories/Bimodal/Metalogic/Decidability/Saturation.lean::Theories/Bimodal/Metalogic/Decidability/Saturation.lean:1189:14: warning: `simp [hexp] at h` is a flexible tactic modifying `h`. Try `simp?` and use the suggested `simp only [...]`. Alternatively, use `suffices` to explicitly state the simplified form.
Theories/Bimodal/Metalogic/Decidability/Saturation.lean::
Theories/Bimodal/Metalogic/Decidability/Saturation.lean::Note: This linter can be disabled with `set_option linter.flexible false`
Theories/Bimodal/Metalogic/Decidability/Saturation.lean::`obtain ⟨rfl, rfl, rfl⟩ := h`
Theories/Bimodal/Metalogic/Decidability/Saturation.lean::uses `h`, which was modified by the flexible tactic `simp` on line 1189!
Theories/Bimodal/Metalogic/Decidability/Saturation.lean::Theories/Bimodal/Metalogic/Decidability/Saturation.lean:1189:14: warning: `simp [hexp] at h` is a flexible tactic modifying `h`. Try `simp?` and use the suggested `simp only [...]`. Alternatively, use `suffices` to explicitly state the simplified form.
Theories/Bimodal/Metalogic/Decidability/Saturation.lean::
Theories/Bimodal/Metalogic/Decidability/Saturation.lean::Note: This linter can be disabled with `set_option linter.flexible false`
Theories/Bimodal/Metalogic/Decidability/Saturation.lean::`exact hfc`
Theories/Bimodal/Metalogic/Decidability/Saturation.lean::uses `h`, which was modified by the flexible tactic `simp` on line 1189!
Theories/Bimodal/Metalogic/Decidability/Saturation.lean::Theories/Bimodal/Metalogic/Decidability/Saturation.lean:1191:14: warning: `simp [hexp] at h` is a flexible tactic modifying `h`. Try `simp?` and use the suggested `simp only [...]`. Alternatively, use `suffices` to explicitly state the simplified form.
Theories/Bimodal/Metalogic/Decidability/Saturation.lean::
Theories/Bimodal/Metalogic/Decidability/Saturation.lean::Note: This linter can be disabled with `set_option linter.flexible false`
Theories/Bimodal/Metalogic/Decidability/Saturation.lean::`exact ih k (Nat.lt_succ_of_le le_rfl) newBranch newOrd fc _ _ maxBranches _ ob ord ap h`
Theories/Bimodal/Metalogic/Decidability/Saturation.lean::uses `h`, which was modified by the flexible tactic `simp` on line 1191!
Theories/Bimodal/Metalogic/Decidability/Saturation.lean::Theories/Bimodal/Metalogic/Decidability/Saturation.lean:1194:14: warning: `simp [hexp] at h
Theories/Bimodal/Metalogic/Decidability/Saturation.lean::              -- Use foldl_preserves_findClosure for zipped pairs
Theories/Bimodal/Metalogic/Decidability/Saturation.lean::              -- Pass maxBranches and branchesUsed' through the foldl` is a flexible tactic modifying `h`. Try `simp?` and use the suggested `simp only [...]`. Alternatively, use `suffices` to explicitly state the simplified form.
Theories/Bimodal/Metalogic/Decidability/Saturation.lean::
Theories/Bimodal/Metalogic/Decidability/Saturation.lean::Note: This linter can be disabled with `set_option linter.flexible false`
Theories/Bimodal/Metalogic/Decidability/Saturation.lean::`exact
Theories/Bimodal/Metalogic/Decidability/Saturation.lean::  foldl_preserves_findClosure k newOrd fc _ _ maxBranches (branchesUsed + branches.length)
Theories/Bimodal/Metalogic/Decidability/Saturation.lean::    (fun fuel' hle => ih fuel' (Nat.lt_succ_of_le hle)) (branches.zip (allocateFuelProportionally (k + 1) branches))
Theories/Bimodal/Metalogic/Decidability/Saturation.lean::    (some (.inl ⟨b, .botPos Label.initial⟩)) (fun _ _ _ h' => by simp at h') ob ord ap h`
Theories/Bimodal/Metalogic/Decidability/Saturation.lean::uses `h`, which was modified by the flexible tactic `simp` on line 1194!
Theories/Bimodal/Metalogic/Decidability/Saturation.lean::Theories/Bimodal/Metalogic/Decidability/Saturation.lean:1163:100: warning: This line exceeds the 100 character limit, please shorten it!
Theories/Bimodal/Metalogic/Decidability/Saturation.lean::
Theories/Bimodal/Metalogic/Decidability/Saturation.lean::Note: This linter can be disabled with `set_option linter.style.longLine false`
Theories/Bimodal/Metalogic/Decidability/Saturation.lean::Theories/Bimodal/Metalogic/Decidability/Saturation.lean:1192:100: warning: This line exceeds the 100 character limit, please shorten it!
Theories/Bimodal/Metalogic/Decidability/Saturation.lean::
Theories/Bimodal/Metalogic/Decidability/Saturation.lean::Note: This linter can be disabled with `set_option linter.style.longLine false`
Theories/Bimodal/Metalogic/Decidability/Saturation.lean::Theories/Bimodal/Metalogic/Decidability/Saturation.lean:1197:100: warning: This line exceeds the 100 character limit, please shorten it!
Theories/Bimodal/Metalogic/Decidability/Saturation.lean::
Theories/Bimodal/Metalogic/Decidability/Saturation.lean::Note: This linter can be disabled with `set_option linter.style.longLine false`
Theories/Bimodal/Metalogic/Decidability/Saturation.lean::"PASS FC1: GGp → Gp closes under Dense"
Theories/Bimodal/Metalogic/Decidability/Saturation.lean::Theories/Bimodal/Metalogic/Decidability/Saturation.lean:1244:100: warning: This line exceeds the 100 character limit, please shorten it!
Theories/Bimodal/Metalogic/Decidability/Saturation.lean::You can use "string gaps" to format long strings: within a string quotation, using a '\' at the end of a line allows you to continue the string on the following line, removing all intervening whitespace.
Theories/Bimodal/Metalogic/Decidability/Saturation.lean::
Theories/Bimodal/Metalogic/Decidability/Saturation.lean::Note: This linter can be disabled with `set_option linter.style.longLine false`
Theories/Bimodal/Metalogic/Decidability/Saturation.lean::"PASS FC2: GGp → Gp correctly non-closing under Base (fuel exhausted)"
Theories/Bimodal/Metalogic/Decidability/Saturation.lean::"PASS FC3: ¬U(⊤,⊥) closes under Dense"
Theories/Bimodal/Metalogic/Decidability/Saturation.lean::Theories/Bimodal/Metalogic/Decidability/Saturation.lean:1262:100: warning: This line exceeds the 100 character limit, please shorten it!
Theories/Bimodal/Metalogic/Decidability/Saturation.lean::You can use "string gaps" to format long strings: within a string quotation, using a '\' at the end of a line allows you to continue the string on the following line, removing all intervening whitespace.
Theories/Bimodal/Metalogic/Decidability/Saturation.lean::
Theories/Bimodal/Metalogic/Decidability/Saturation.lean::Note: This linter can be disabled with `set_option linter.style.longLine false`
Theories/Bimodal/Metalogic/Decidability/Saturation.lean::"PASS FC4: ¬U(⊤,⊥) correctly open under Base"
Theories/Bimodal/Metalogic/Decidability/Saturation.lean::"PASS FC5: F(p) → U(p, ¬p) closes under Discrete"
Theories/Bimodal/Metalogic/Decidability/Saturation.lean::Theories/Bimodal/Metalogic/Decidability/Saturation.lean:1280:100: warning: This line exceeds the 100 character limit, please shorten it!
Theories/Bimodal/Metalogic/Decidability/Saturation.lean::You can use "string gaps" to format long strings: within a string quotation, using a '\' at the end of a line allows you to continue the string on the following line, removing all intervening whitespace.
Theories/Bimodal/Metalogic/Decidability/Saturation.lean::
Theories/Bimodal/Metalogic/Decidability/Saturation.lean::Note: This linter can be disabled with `set_option linter.style.longLine false`
Theories/Bimodal/Metalogic/Decidability/Saturation.lean::"PASS FC6: F(p) → U(p, ¬p) correctly non-closing under Base"
Theories/Bimodal/Metalogic/Decidability/Saturation.lean::"PASS FC7: F(p) → U(p, ¬p) correctly non-closing under Dense"
Theories/Bimodal/Metalogic/Decidability/Saturation.lean::"PASS FC8: p → p closes under all frame classes (monotonicity)"
Theories/Bimodal/Metalogic/Decidability/Saturation.lean::Theories/Bimodal/Metalogic/Decidability/Saturation.lean:1313:100: warning: This line exceeds the 100 character limit, please shorten it!
Theories/Bimodal/Metalogic/Decidability/Saturation.lean::You can use "string gaps" to format long strings: within a string quotation, using a '\' at the end of a line allows you to continue the string on the following line, removing all intervening whitespace.
Theories/Bimodal/Metalogic/Decidability/Saturation.lean::
Theories/Bimodal/Metalogic/Decidability/Saturation.lean::Note: This linter can be Theories/Bimodal/Metalogic/SoundnessLemmas/Core.lean::Theories/Bimodal/Metalogic/SoundnessLemmas/Core.lean:33:100: warning: This line exceeds the 100 character limit, please shorten it!
Theories/Bimodal/Metalogic/SoundnessLemmas/Core.lean::
Theories/Bimodal/Metalogic/SoundnessLemmas/Core.lean::Note: This linter can be disabled with `set_option linter.style.longLine false`
Theories/Bimodal/Metalogic/SoundnessLemmas/Core.lean::Theories/Bimodal/Metalogic/SoundnessLemmas/Core.lean:68:0: warning: Please, write a comment here or remove this line, but do not place empty lines within commands!
Theories/Bimodal/Metalogic/SoundnessLemmas/Core.lean::Context:
Theories/Bimodal/Metalogic/SoundnessLemmas/Core.lean::                                                  ↓
Theories/Bimodal/Metalogic/SoundnessLemmas/Core.lean::  ⏎    simp only [Formula.swap_temporal, truth_at]⏎⏎  | bot =>⏎
Theories/Bimodal/Metalogic/SoundnessLemmas/Core.lean::
Theories/Bimodal/Metalogic/SoundnessLemmas/Core.lean::Note: This linter can be disabled with `set_option linter.style.emptyLine false`
Theories/Bimodal/Metalogic/SoundnessLemmas/Core.lean::Theories/Bimodal/Metalogic/SoundnessLemmas/Core.lean:72:0: warning: Please, write a comment here or remove this line, but do not place empty lines within commands!
Theories/Bimodal/Metalogic/SoundnessLemmas/Core.lean::Context:
Theories/Bimodal/Metalogic/SoundnessLemmas/Core.lean::                                                  ↓
Theories/Bimodal/Metalogic/SoundnessLemmas/Core.lean::  ⏎    simp only [Formula.swap_temporal, truth_at]⏎⏎  | imp φ ψ ih_φ ih_ψ =>⏎
Theories/Bimodal/Metalogic/SoundnessLemmas/Core.lean::
Theories/Bimodal/Metalogic/SoundnessLemmas/Core.lean::Note: This linter can be disabled with `set_option linter.style.emptyLine false`
Theories/Bimodal/Metalogic/SoundnessLemmas/Core.lean::Theories/Bimodal/Metalogic/SoundnessLemmas/Core.lean:79:0: warning: Please, write a comment here or remove this line, but do not place empty lines within commands!
Theories/Bimodal/Metalogic/SoundnessLemmas/Core.lean::Context:
Theories/Bimodal/Metalogic/SoundnessLemmas/Core.lean::                                                     ↓
Theories/Bimodal/Metalogic/SoundnessLemmas/Core.lean::  ⏎    · exact (ih_ψ τ t).mpr (h ((ih_φ τ t).mp h_φ))⏎⏎  | box φ ih =>⏎
Theories/Bimodal/Metalogic/SoundnessLemmas/Core.lean::
Theories/Bimodal/Metalogic/SoundnessLemmas/Core.lean::Note: This linter can be disabled with `set_option linter.style.emptyLine false`
Theories/Bimodal/Metalogic/SoundnessLemmas/Core.lean::Theories/Bimodal/Metalogic/SoundnessLemmas/Core.lean:86:0: warning: Please, write a comment here or remove this line, but do not place empty lines within commands!
Theories/Bimodal/Metalogic/SoundnessLemmas/Core.lean::Context:
Theories/Bimodal/Metalogic/SoundnessLemmas/Core.lean::                                         ↓
Theories/Bimodal/Metalogic/SoundnessLemmas/Core.lean::  ⏎    · exact (ih σ t).mpr (h σ h_σ_mem)⏎⏎  | untl φ ψ ih_φ ih_ψ =>⏎
Theories/Bimodal/Metalogic/SoundnessLemmas/Core.lean::
Theories/Bimodal/Metalogic/SoundnessLemmas/Core.lean::Note: This linter can be disabled with `set_option linter.style.emptyLine false`
Theories/Bimodal/Metalogic/SoundnessLemmas/Core.lean::Theories/Bimodal/Metalogic/SoundnessLemmas/Core.lean:95:0: warning: Please, write a comment here or remove this line, but do not place empty lines within commands!
Theories/Bimodal/Metalogic/SoundnessLemmas/Core.lean::Context:
Theories/Bimodal/Metalogic/SoundnessLemmas/Core.lean::                                                                                                     ↓
Theories/Bimodal/Metalogic/SoundnessLemmas/Core.lean::  ⏎      exact ⟨s, h_le, (ih_φ τ s).mpr h_event, fun r hr1 hr2 => (ih_ψ τ r).mpr (h_guard r hr1 hr2)⟩⏎⏎  | snce φ ψ ih_φ ih_ψ =>⏎
Theories/Bimodal/Metalogic/SoundnessLemmas/Core.lean::
Theories/Bimodal/Metalogic/SoundnessLemmas/Core.lean::Note: This linter can be disabled with `set_option linter.style.emptyLine false`
disabled with `set_option linter.style.longLine false`
Theories/Bimodal/Metalogic/Decidability/Saturation.lean::"PASS FC9: ¬U(⊤,⊥) correctly open under Discrete"
Theories/Bimodal/Metalogic/Decidability/Saturation.lean::"PASS PL1: diamond p terminates with open branch (no loop)"
Theories/Bimodal/Metalogic/Decidability/Saturation.lean::"PASS PL2: (box(bot -> bot) -> r) terminates (no stall)"
Theories/Bimodal/Metalogic/Decidability/Saturation.lean::"PASS PL3: box(bot -> p) is valid"
Theories/Bimodal/Metalogic/Decidability/Saturation.lean::"PASS PL4: box(p -> p) is valid"
Theories/Bimodal/Metalogic/Decidability/Saturation.lean::"PASS PL5: (box bot -> r) is valid"
Theories/Bimodal/Metalogic/Decidability/Saturation.lean::"PASS AN1: G(p) → ¬F(¬p) is valid"
Theories/Bimodal/Metalogic/Decidability/Saturation.lean::"PASS AN2: U(p,q) is satisfiable (active untlNeg created time)"
Theories/Bimodal/Metalogic/Decidability/Saturation.lean::Theories/Bimodal/Metalogic/Decidability/Saturation.lean:1427:100: warning: This line exceeds the 100 character limit, please shorten it!
Theories/Bimodal/Metalogic/Decidability/Saturation.lean::You can use "string gaps" to format long strings: within a string quotation, using a '\' at the end of a line allows you to continue the string on the following line, removing all intervening whitespace.
Theories/Bimodal/Metalogic/Decidability/Saturation.lean::
Theories/Bimodal/Metalogic/Decidability/Saturation.lean::Note: This linter can be disabled with `set_option linter.style.longLine false`
Theories/Bimodal/Metalogic/Decidability/Saturation.lean::"PASS AN3: U(p,q) → U(p,q) is valid"
Theories/Bimodal/Metalogic/Decidability/Saturation.lean::"PASS AN4: S(p,q) is satisfiable (active snceNeg created time)"
Theories/Bimodal/Metalogic/Decidability/Saturation.lean::Theories/Bimodal/Metalogic/Decidability/Saturation.lean:1449:100: warning: This line exceeds the 100 character limit, please shorten it!
Theories/Bimodal/Metalogic/Decidability/Saturation.lean::You can use "string gaps" to format long strings: within a string quotation, using a '\' at the end of a line allows you to continue the string on the following line, removing all intervening whitespace.
Theories/Bimodal/Metalogic/Decidability/Saturation.lean::
Theories/Bimodal/Metalogic/Decidability/Saturation.lean::Note: This linter can be disabled with `set_option linter.style.longLine false`
Theories/Bimodal/Metalogic/Decidability/Saturation.lean::"PASS AN5: H(p) → ¬P(¬p) is valid"
Theories/Bimodal/Metalogic/Decidability/Saturation.lean::"PASS AN6: nested Until identity valid (fuel=500)"
Theories/Bimodal/Metalogic/Decidability/Saturation.lean::"PASS AN7: U(p,q) → F(p) valid (fuel=500)"
Theories/Bimodal/Metalogic/Decidability/Saturation.lean::"PASS AN8: ¬U(p,q) satisfiable (fuel=500, active rule + blocking)"
Theories/Bimodal/Metalogic/Decidability/Saturation.lean::Theories/Bimodal/Metalogic/Decidability/Saturation.lean:1505:100: warning: This line exceeds the 100 character limit, please shorten it!
Theories/Bimodal/Metalogic/Decidability/Saturation.lean::You can use "string gaps" to format long strings: within a string quotation, using a '\' at the end of a line allows you to continue the string on the following line, removing all intervening whitespace.
Theories/Bimodal/Metalogic/Decidability/Saturation.lean::
Theories/Bimodal/Metalogic/Decidability/Saturation.lean::Note: This linter can be disabled with `set_option linter.style.longLine false`
Theories/Bimodal/Metalogic/Decidability/Saturation.lean::"PASS FA1: balanced branches get equal fuel"
Theories/Bimodal/Metalogic/Decidability/Saturation.lean::"PASS FA2: temporal branch gets more fuel than propositional"
Theories/Bimodal/Metalogic/Decidability/Saturation.lean::"PASS FA3: all allocations in bounds [1, 199]: [25, 100, 75]"
Theories/Bimodal/Metalogic/Decidability/Saturation.lean::"PASS FA4: fuel=0 gives all zeros"
Theories/Bimodal/Metalogic/Decidability/Saturation.lean::"PASS FA5: difficulty ordering correct: prop=1 < modal=3 < temp=4"
Theories/Bimodal/Metalogic/Decidability/Saturation.lTheories/Bimodal/Metalogic/SoundnessLemmas/DenseValidity.lean::Theories/Bimodal/Metalogic/SoundnessLemmas/DenseValidity.lean:52:100: warning: This line exceeds the 100 character limit, please shorten it!
Theories/Bimodal/Metalogic/SoundnessLemmas/DenseValidity.lean::
Theories/Bimodal/Metalogic/SoundnessLemmas/DenseValidity.lean::Note: This linter can be disabled with `set_option linter.style.longLine false`
Theories/Bimodal/Metalogic/SoundnessLemmas/DenseValidity.lean::Theories/Bimodal/Metalogic/SoundnessLemmas/DenseValidity.lean:56:100: warning: This line exceeds the 100 character limit, please shorten it!
Theories/Bimodal/Metalogic/SoundnessLemmas/DenseValidity.lean::You can use "string gaps" to format long strings: within a string quotation, using a '\' at the end of a line allows you to continue the string on the following line, removing all intervening whitespace.
Theories/Bimodal/Metalogic/SoundnessLemmas/DenseValidity.lean::
Theories/Bimodal/Metalogic/SoundnessLemmas/DenseValidity.lean::Note: This linter can be disabled with `set_option linter.style.longLine false`
Theories/Bimodal/Metalogic/SoundnessLemmas/DenseValidity.lean::Theories/Bimodal/Metalogic/SoundnessLemmas/DenseValidity.lean:67:100: warning: This line exceeds the 100 character limit, please shorten it!
Theories/Bimodal/Metalogic/SoundnessLemmas/DenseValidity.lean::
Theories/Bimodal/Metalogic/SoundnessLemmas/DenseValidity.lean::Note: This linter can be disabled with `set_option linter.style.longLine false`
Theories/Bimodal/Metalogic/SoundnessLemmas/DenseValidity.lean::Theories/Bimodal/Metalogic/SoundnessLemmas/DenseValidity.lean:71:100: warning: This line exceeds the 100 character limit, please shorten it!
Theories/Bimodal/Metalogic/SoundnessLemmas/DenseValidity.lean::
Theories/Bimodal/Metalogic/SoundnessLemmas/DenseValidity.lean::Note: This linter can be disabled with `set_option linter.style.longLine false`
Theories/Bimodal/Metalogic/SoundnessLemmas/DenseValidity.lean::Theories/Bimodal/Metalogic/SoundnessLemmas/DenseValidity.lean:142:21: warning: `push_neg` has been deprecated. Prefer using `push Not` instead.
Theories/Bimodal/Metalogic/SoundnessLemmas/DenseValidity.lean::If you'd rather continue using `push_neg` in your project, you can implement it as follows:
Theories/Bimodal/Metalogic/SoundnessLemmas/DenseValidity.lean::```
Theories/Bimodal/Metalogic/SoundnessLemmas/DenseValidity.lean::open Lean.Parser.Tactic in
Theories/Bimodal/Metalogic/SoundnessLemmas/DenseValidity.lean::macro "push_neg" cfg:optConfig loc:(location)? : tactic =>
Theories/Bimodal/Metalogic/SoundnessLemmas/DenseValidity.lean::  `(tactic| push $cfg:optConfig Not $[$loc]?)
Theories/Bimodal/Metalogic/SoundnessLemmas/DenseValidity.lean::```
Theories/Bimodal/Metalogic/SoundnessLemmas/DenseValidity.lean::Theories/Bimodal/Metalogic/SoundnessLemmas/DenseValidity.lean:149:21: warning: `push_neg` has been deprecated. Prefer using `push Not` instead.
Theories/Bimodal/Metalogic/SoundnessLemmas/DenseValidity.lean::If you'd rather continue using `push_neg` in your project, you can implement it as follows:
Theories/Bimodal/Metalogic/SoundnessLemmas/DenseValidity.lean::```
Theories/Bimodal/Metalogic/SoundnessLemmas/DenseValidity.lean::open Lean.Parser.Tactic in
Theories/Bimodal/Metalogic/SoundnessLemmas/DenseValidity.lean::macro "push_neg" cfg:optConfig loc:(location)? : tactic =>
Theories/Bimodal/Metalogic/SoundnessLemmas/DenseValidity.lean::  `(tactic| push $cfg:optConfig Not $[$loc]?)
Theories/Bimodal/Metalogic/SoundnessLemmas/DenseValidity.lean::```
Theories/Bimodal/Metalogic/SoundnessLemmas/DenseValidity.lean::Theories/Bimodal/Metalogic/SoundnessLemmas/DenseValidity.lean:115:100: warning: This line exceeds the 100 character limit, please shorten it!
Theories/Bimodal/Metalogic/SoundnessLemmas/DenseValidity.lean::
Theories/Bimodal/Metalogic/SoundnessLemmas/DenseValidity.lean::Note: This linter can be disabled with `set_option linter.style.longLine false`
Theories/Bimodal/Metalogic/SoundnessLemmas/DenseValidity.lean::Theories/Bimodal/Metalogic/SoundnessLemmas/DenseValidity.lean:163:46: warning: This simp argument is unused:
Theories/Bimodal/Metalogic/SoundnessLemmas/DenseValidity.lean::  Formula.some_past
Theories/Bimodal/Metalogic/SoundnessLemmas/DenseValidity.lean::
Theories/Bimodal/Metalogic/SoundnessLemmas/DenseValidity.lean::Hint: Omit it from the simp argument list.
Theories/Bimodal/Metalogic/SoundnessLemmas/DenseValidity.lean::  [apply] simp only [Formula.swap_temporal, truth_at, Formula.some_future, Formula.neg, Formula.imp, Formula.untl,
Theories/Bimodal/Metalogic/SoundnessLemmas/DenseValidity.lean::    Formula.snce]
Theories/Bimodal/Metalogic/SoundnessLemmas/DenseValidity.lean::
Theories/Bimodal/Metalogic/SoundnessLemmas/DenseValidity.lean::Note: This linter can be disabled with `set_option linter.unusedSimpArgs false`
Theories/Bimodal/Metalogic/SoundnessLemmas/DenseValidity.lean::Theories/Bimodal/Metalogic/SoundnessLemmas/DenseValidity.lean:164:4: warning: This simp argument is unused:
Theories/Bimodal/Metalogic/SoundnessLemmas/DenseValidity.lean::  Formula.neg
Theories/Bimodal/Metalogic/SoundnessLemmas/DenseValidity.lean::
Theories/Bimodal/Metalogic/SoundnessLemmas/DenseValidity.lean::Hint: Omit it from the simp argument list.
Theories/Bimodal/Metalogic/SoundnessLemmas/DenseValidity.lean::  [apply] simp only [Formula.swap_temporal, truth_at, Formula.some_past, Formula.some_future, Formula.imp, Formula.untl,
Theories/Bimodal/Metalogic/SoundnessLemmas/DenseValidity.lean::    Formula.snce]
Theories/Bimodal/Metalogic/SoundnessLemmas/DenseValidity.lean::
Theories/Bimodal/Metalogic/SoundnessLemmas/DenseValidity.lean::Note: This linter can be disabled with `set_option linter.unusedSimpArgs false`
Theories/Bimodal/Metalogic/SoundnessLemmas/DenseValidity.lean::Theories/Bimodal/Metalogic/SoundnessLemmas/DenseValidity.lean:164:17: warning: This simp argument is unused:
Theories/Bimodal/Metalogic/SoundnessLemmas/DenseValidity.lean::  Formula.imp
Theories/Bimodal/Metalogic/SoundnessLemmas/DenseValidity.lean::
Theories/Bimodal/Metalogic/SoundnessLemmas/DenseValidity.lean::Hint: Omit it from the simp argument list.
Theories/Bimodal/Metalogic/SoundnessLemmas/DenseValidity.lean::  [apply] simp only [Formula.swap_temporal, truth_at, Formula.some_past, Formula.some_future, Formula.neg, Formula.untl,
Theories/Bimodal/Metalogic/SoundnessLemmas/DenseValidity.lean::    Formula.snce]
Theories/Bimodal/Metalogic/SoundnessLemmas/DenseValidity.lean::
Theories/Bimodal/Metalogic/SoundnessLemmas/DenseValidity.lean::Note: This linter can be disabled with `set_option linter.unusedSimpArgs false`
Theories/Bimodal/Metalogic/SoundnessLemmas/DenseValidity.lean::Theories/Bimodal/Metalogic/SoundnessLemmas/DenseValidity.lean:164:30: warning: This simp argument is unused:
Theories/Bimodal/Metalogic/SoundnessLemmas/DenseValidity.lean::  Formula.untl
Theories/Bimodal/Metalogic/SoundnessLemmas/DenseValidity.lean::
Theories/Bimodal/Metalogic/SoundnessLemmas/DenseValidity.lean::Hint: Omit it from the simp argument list.
Theories/Bimodal/Metalogic/SoundnessLemmas/DenseValidity.lean::  [apply] simp only [Formula.swap_temporal, truth_at, Formula.some_past, Formula.some_future, Formula.neg, Formula.imp,
Theories/Bimodal/Metalogic/SoundnessLemmas/DenseValidity.lean::    Formula.snce]
Theories/Bimodal/Metalogic/SoundnessLemmas/DenseValidity.lean::
Theories/Bimodal/Metalogic/SoundnessLemmas/DenseValidity.lean::Note: This linter can be disabled with `set_option linter.unusedSimpArgs false`
Theories/Bimodal/Metalogic/SoundnessLemmas/DenseValidity.lean::Theories/Bimodal/Metalogic/SoundnessLemmas/DenseValidity.lean:164:44: warning: This simp argument is unused:
Theories/Bimodal/Metalogic/SoundnessLemmas/DenseValidity.lean::  Formula.snce
Theories/Bimodal/Metalogic/SoundnessLemmas/DenseValidity.lean::
Theories/Bimodal/Metalogic/SoundnessLemmas/DenseValidity.lean::Hint: Omit it from the simp argument list.
Theories/Bimodal/Metalogic/SoundnessLemmas/DenseValidity.lean::  [apply] simp only [Formula.swap_temporal, truth_at, Formula.some_past, Formula.some_future, Formula.neg, Formula.imp,
Theories/Bimodal/Metalogic/SoundnessLemmas/DenseValidity.lean::    Foean::Theories/Bimodal/Metalogic/Decidability/Saturation.lean:1574:100: warning: This line exceeds the 100 character limit, please shorten it!
Theories/Bimodal/Metalogic/Decidability/Saturation.lean::You can use "string gaps" to format long strings: within a string quotation, using a '\' at the end of a line allows you to continue the string on the following line, removing all intervening whitespace.
Theories/Bimodal/Metalogic/Decidability/Saturation.lean::
Theories/Bimodal/Metalogic/Decidability/Saturation.lean::Note: This linter can be disabled with `set_option linter.style.longLine false`
Theories/Bimodal/Metalogic/WeakCanonical/Separation/Defs.lean::Theories/Bimodal/Metalogic/WeakCanonical/Separation/Defs.lean:532:100: warning: This line exceeds the 100 character limit, please shorten it!
Theories/Bimodal/Metalogic/WeakCanonical/Separation/Defs.lean::
Theories/Bimodal/Metalogic/WeakCanonical/Separation/Defs.lean::Note: This linter can be disabled with `set_option linter.style.longLine false`
Theories/Bimodal/Metalogic/WeakCanonical/Separation/Defs.lean::Theories/Bimodal/Metalogic/WeakCanonical/Separation/Defs.lean:533:100: warning: This line exceeds the 100 character limit, please shorten it!
Theories/Bimodal/Metalogic/WeakCanonical/Separation/Defs.lean::
Theories/Bimodal/Metalogic/WeakCanonical/Separation/Defs.lean::Note: This linter can be disabled with `set_option linter.style.longLine false`
rmula.untl]
Theories/Bimodal/Metalogic/SoundnessLemmas/DenseValidity.lean::
Theories/Bimodal/Metalogic/SoundnessLemmas/DenseValidity.lean::Note: This linter can be disabled with `set_option linter.unusedSimpArgs false`
Theories/Bimodal/Metalogic/SoundnessLemmas/DenseValidity.lean::Theories/Bimodal/Metalogic/SoundnessLemmas/DenseValidity.lean:174:65: warning: This simp argument is unused:
Theories/Bimodal/Metalogic/SoundnessLemmas/DenseValidity.lean::  Formula.some_future
Theories/Bimodal/Metalogic/SoundnessLemmas/DenseValidity.lean::
Theories/Bimodal/Metalogic/SoundnessLemmas/DenseValidity.lean::Hint: Omit it from the simp argument list.
Theories/Bimodal/Metalogic/SoundnessLemmas/DenseValidity.lean::  [apply] simp only [Formula.swap_temporal, truth_at, Formula.some_past, Formula.neg, Formula.imp, Formula.untl,
Theories/Bimodal/Metalogic/SoundnessLemmas/DenseValidity.lean::    Formula.snce]
Theories/Bimodal/Metalogic/SoundnessLemmas/DenseValidity.lean::
Theories/Bimodal/Metalogic/SoundnessLemmas/DenseValidity.lean::Note: This linter can be disabled with `set_option linter.unusedSimpArgs false`
Theories/Bimodal/Metalogic/SoundnessLemmas/DenseValidity.lean::Theories/Bimodal/Metalogic/SoundnessLemmas/DenseValidity.lean:175:4: warning: This simp argument is unused:
Theories/Bimodal/Metalogic/SoundnessLemmas/DenseValidity.lean::  Formula.neg
Theories/Bimodal/Metalogic/SoundnessLemmas/DenseValidity.lean::
Theories/Bimodal/Metalogic/SoundnessLemmas/DenseValidity.lean::Hint: Omit it from the simp argument list.
Theories/Bimodal/Metalogic/SoundnessLemmas/DenseValidity.lean::  [apply] simp only [Formula.swap_temporal, truth_at, Formula.some_past, Formula.some_future, Formula.imp, Formula.untl,
Theories/Bimodal/Metalogic/SoundnessLemmas/DenseValidity.lean::    Formula.snce]
Theories/Bimodal/Metalogic/SoundnessLemmas/DenseValidity.lean::
Theories/Bimodal/Metalogic/SoundnessLemmas/DenseValidity.lean::Note: This linter can be disabled with `set_option linter.unusedSimpArgs false`
Theories/Bimodal/Metalogic/SoundnessLemmas/DenseValidity.lean::Theories/Bimodal/Metalogic/SoundnessLemmas/DenseValidity.lean:175:17: warning: This simp argument is unused:
Theories/Bimodal/Metalogic/SoundnessLemmas/DenseValidity.lean::  Formula.imp
Theories/Bimodal/Metalogic/SoundnessLemmas/DenseValidity.lean::
Theories/Bimodal/Metalogic/SoundnessLemmas/DenseValidity.lean::Hint: Omit it from the simp argument list.
Theories/Bimodal/Metalogic/SoundnessLemmas/DenseValidity.lean::  [apply] simp only [Formula.swap_temporal, truth_at, Formula.some_past, Formula.some_future, Formula.neg, Formula.untl,
Theories/Bimodal/Metalogic/SoundnessLemmas/DenseValidity.lean::    Formula.snce]
Theories/Bimodal/Metalogic/SoundnessLemmas/DenseValidity.lean::
Theories/Bimodal/Metalogic/SoundnessLemmas/DenseValidity.lean::Note: This linter can be disabled with `set_option linter.unusedSimpArgs false`
Theories/Bimodal/Metalogic/SoundnessLemmas/DenseValidity.lean::Theories/Bimodal/Metalogic/SoundnessLemmas/DenseValidity.lean:175:30: warning: This simp argument is unused:
Theories/Bimodal/Metalogic/SoundnessLemmas/DenseValidity.lean::  Formula.untl
Theories/Bimodal/Metalogic/SoundnessLemmas/DenseValidity.lean::
Theories/Bimodal/Metalogic/SoundnessLemmas/DenseValidity.lean::Hint: Omit it from the simp argument list.
Theories/Bimodal/Metalogic/SoundnessLemmas/DenseValidity.lean::  [apply] simp only [Formula.swap_temporal, truth_at, Formula.some_past, Formula.some_future, Formula.neg, Formula.imp,
Theories/Bimodal/Metalogic/SoundnessLemmas/DenseValidity.lean::    Formula.snce]
Theories/Bimodal/Metalogic/SoundnessLemmas/DenseValidity.lean::
Theories/Bimodal/Metalogic/SoundnessLemmas/DenseValidity.lean::Note: This linter can be disabled with `set_option linter.unusedSimpArgs false`
Theories/Bimodal/Metalogic/SoundnessLemmas/DenseValidity.lean::Theories/Bimodal/Metalogic/SoundnessLemmas/DenseValidity.lean:175:44: warning: This simp argument is unused:
Theories/Bimodal/Metalogic/SoundnessLemmas/DenseValidity.lean::  Formula.snce
Theories/Bimodal/Metalogic/SoundnessLemmas/DenseValidity.lean::
Theories/Bimodal/Metalogic/SoundnessLemmas/DenseValidity.lean::Hint: Omit it from the simp argument list.
Theories/Bimodal/Metalogic/SoundnessLemmas/DenseValidity.lean::  [apply] simp only [Formula.swap_temporal, truth_at, Formula.some_past, Formula.some_future, Formula.neg, Formula.imp,
Theories/Bimodal/Metalogic/SoundnessLemmas/DenseValidity.lean::    Formula.untl]
Theories/Bimodal/Metalogic/SoundnessLemmas/DenseValidity.lean::
Theories/Bimodal/Metalogic/SoundnessLemmas/DenseValidity.lean::Note: This linter can be disabled with `set_option linter.unusedSimpArgs false`
Theories/Bimodal/Metalogic/SoundnessLemmas/DenseValidity.lean::Theories/Bimodal/Metalogic/SoundnessLemmas/DenseValidity.lean:180:100: warning: This line exceeds the 100 character limit, please shorten it!
Theories/Bimodal/Metalogic/SoundnessLemmas/DenseValidity.lean::
Theories/Bimodal/Metalogic/SoundnessLemmas/DenseValidity.lean::Note: This linter can be disabled with `set_option linter.style.longLine false`
Theories/Bimodal/Metalogic/SoundnessLemmas/DenseValidity.lean::Theories/Bimodal/Metalogic/SoundnessLemmas/DenseValidity.lean:182:100: warning: This line exceeds the 100 character limit, please shorten it!
Theories/Bimodal/Metalogic/SoundnessLemmas/DenseValidity.lean::
Theories/Bimodal/Metalogic/SoundnessLemmas/DenseValidity.lean::Note: This linter can be disabled with `set_option linter.style.longLine false`
Theories/Bimodal/Metalogic/SoundnessLemmas/DenseValidity.lean::Theories/Bimodal/Metalogic/SoundnessLemmas/DenseValidity.lean:251:13: warning: This simp argument is unused:
Theories/Bimodal/Metalogic/SoundnessLemmas/DenseValidity.lean::  truth_at
Theories/Bimodal/Metalogic/SoundnessLemmas/DenseValidity.lean::
Theories/Bimodal/Metalogic/SoundnessLemmas/DenseValidity.lean::Hint: Omit it from the simp argument list.
Theories/Bimodal/Metalogic/SoundnessLemmas/DenseValidity.lean::  [apply] simp only [Truth.past_iff]
Theories/Bimodal/Metalogic/SoundnessLemmas/DenseValidity.lean::
Theories/Bimodal/Metalogic/SoundnessLemmas/DenseValidity.lean::Note: This linter can be disabled with `set_option linter.unusedSimpArgs false`
Theories/Bimodal/Metalogic/SoundnessLemmas/DenseValidity.lean::Theories/Bimodal/Metalogic/SoundnessLemmas/DenseValidity.lean:551:22: warning: `push_neg` has been deprecated. Prefer using `push Not` instead.
Theories/Bimodal/Metalogic/SoundnessLemmas/DenseValidity.lean::If you'd rather continue using `push_neg` in your project, you can implement it as follows:
Theories/Bimodal/Metalogic/SoundnessLemmas/DenseValidity.lean::```
Theories/Bimodal/Metalogic/SoundnessLemmas/DenseValidity.lean::open Lean.Parser.Tactic in
Theories/Bimodal/Metalogic/SoundnessLemmas/DenseValidity.lean::macro "push_neg" cfg:optConfig loc:(location)? : tactic =>
Theories/Bimodal/Metalogic/SoundnessLemmas/DenseValidity.lean::  `(tactic| push $cfg:optConfig Not $[$loc]?)
Theories/Bimodal/Metalogic/SoundnessLemmas/DenseValidity.lean::```
Theories/Bimodal/Metalogic/SoundnessLemmas/DenseValidity.lean::Theories/Bimodal/Metalogic/SoundnessLemmas/DenseValidity.lean:554:22: warning: `push_neg` has been deprecated. Prefer using `push Not` instead.
Theories/Bimodal/Metalogic/SoundnessLemmas/DenseValidity.lean::If you'd rather continue using `push_neg` in your project, you can implement it as follows:
Theories/Bimodal/Metalogic/SoundnessLemmas/DenseValidity.lean::```
Theories/Bimodal/Metalogic/SoundnessLemmas/DenseValidity.lean::open Lean.Parser.Tactic in
Theories/Bimodal/Metalogic/SoundnessLemmas/DenseValidity.lean::macro "push_neg" cfg:optConfig loc:(location)? : tactic =>
Theories/Bimodal/Metalogic/SoundnessLemmas/DenseValidity.lean::  `(tactic| push $cfg:optConfig Not $[$loc]?)
Theories/Bimodal/Metalogic/SoundnessLemmas/DenseValidity.lean::```
Theories/Bimodal/Metalogic/SoundnessLemmas/DenseValidity.lean::Theories/Bimodal/Metalogic/SoundnessLemmas/DenseValidity.lean:575:22: warning: `push_neg` has been deprecated. Prefer using `push Not` instead.
Theories/Bimodal/Metalogic/SoundnessLemmas/DenseValidity.lean::If you'd rather continue using `push_neg` in your project, you can implement it as follows:
Theories/Bimodal/Metalogic/SoundnessLemmas/DenseValidity.lean::```
Theories/Bimodal/Metalogic/SoundnessLemmas/DenseValidity.lean::open Lean.Parser.Tactic in
Theories/Bimodal/Metalogic/SoundnessLemmas/DenseValidity.lean::macro "push_neg" cfg:optConfig loc:(location)? : tactic =>
Theories/Bimodal/Metalogic/SoundnessLemmas/DenseValidity.lean::  `(tactic| push $cfg:optConfig Not $[$loc]?)
Theories/Bimodal/Metalogic/SoundnessLemmas/DenseValidity.lean::```
Theories/Bimodal/Metalogic/SoundnessLemmas/DenseValidity.lean::Theories/Bimodal/Metalogic/SoundnessLemmas/DenseValidity.lean:578:22: warning: `push_neg` has been deprecated. Prefer using `push Not` instead.
Theories/Bimodal/Metalogic/SoundnessLemmas/DenseValidity.lean::If you'd rather continue using `push_neg` in your project, you can implement it as follows:
Theories/Bimodal/Metalogic/SoundnessLemmas/DenseValidity.lean::```
Theories/Bimodal/Metalogic/SoundnessLemmas/DenseValidity.lean::open Lean.Parser.Tactic in
Theories/Bimodal/Metalogic/SoundnessLemmas/DenseValidity.lean::macro "push_neg" cfg:optConfig loc:(location)? : tactic =>
Theories/Bimodal/Metalogic/SoundnessLemmas/DenseValidity.lean::  `(tactic| push $cfg:optConfig Not $[$loc]?)
Theories/Bimodal/Metalogic/SoundnessLemmas/DenseValidity.lean::```
Theories/Bimodal/Metalogic/SoundnessLemmas/DenseValidity.lean::Theories/Bimodal/Metalogic/SoundnessLemmas/DenseValidity.lean:336:73: warning: This simp argument is unused:
Theories/Bimodal/Metalogic/SoundnessLemmas/DenseValidity.lean::  Formula.neg
Theories/Bimodal/Metalogic/SoundnessLemmas/DenseValidity.lean::
Theories/Bimodal/Metalogic/SoundnessLemmas/DenseValidity.lean::Hint: Omit it from the simp argument list.
Theories/Bimodal/Metalogic/SoundnessLemmas/DenseValidity.lean::  [apply] simp only [Formula.swap_temporal_some_future, Formula.swap_temporal]
Theories/Bimodal/Metalogic/SoundnessLemmas/DenseValidity.lean::
Theories/Bimodal/Metalogic/SoundnessLemmas/DenseValidity.lean::Note: This linter can be disabled with `set_option linter.unusedSimpArgs false`
Theories/Bimodal/Metalogic/SoundnessLemmas/DenseValidity.lean::Theories/Bimodal/Metalogic/SoundnessLemmas/DenseValidity.lean:343:71: warning: This simp argument is unused:
Theories/Bimodal/Metalogic/SoundnessLemmas/DenseValidity.lean::  Formula.neg
Theories/Bimodal/Metalogic/SoundnessLemmas/DenseValidity.lean::
Theories/Bimodal/Metalogic/SoundnessLemmas/DenseValidity.lean::Hint: Omit it from the simp argument list.
Theories/Bimodal/Metalogic/SoundnessLemmas/DenseValidity.lean::  [apply] simp only [Formula.swap_temporal_some_past, Formula.swap_temporal]
Theories/Bimodal/Metalogic/SoundnessLemmas/DenseValidity.lean::
Theories/Bimodal/Metalogic/SoundnessLemmas/DenseValidity.lean::Note: This linter can be disabled with `set_option linter.unusedSimpArgs false`
Theories/Bimodal/Metalogic/SoundnessLemmas/DenseValidity.lean::Theories/Bimodal/Metalogic/SoundnessLemmas/DenseValidity.lean:546:50: warning: This simp argument is unused:
Theories/Bimodal/Metalogic/SoundnessLemmas/DenseValidity.lean::  Formula.swap_temporal_some_past
Theories/Bimodal/Metalogic/SoundnessLemmas/DenseValidity.lean::
Theories/Bimodal/Metalogic/SoundnessLemmas/DenseValidity.lean::Hint: Omit it from the simp argument list.
Theories/Bimodal/Metalogic/SoundnessLemmas/DenseValidity.lean::  [apply] simp only [Formula.swap_temporal_some_future, Formula.swap_temporal, Formula.and, Formula.or, Formula.neg]
Theories/Bimodal/Metalogic/SoundnessLemmas/DenseValidity.lean::
Theories/Bimodal/Metalogic/SoundnessLemmas/DenseValidity.lean::Note: This linter can be disabled with `set_option linter.unusedSimpArgs false`
Theories/Bimodal/Metalogic/SoundnessLemmas/DenseValidity.lean::Theories/Bimodal/Metalogic/SoundnessLemmas/DenseValidity.lean:548:46: warning: This simp argument is unused:
Theories/Bimodal/Metalogic/SoundnessLemmas/DenseValidity.lean::  Truth.some_future_iff
Theories/Bimodal/Metalogic/SoundnessLemmas/DenseValidity.lean::
Theories/Bimodal/Metalogic/SoundnessLemmas/DenseValidity.lean::Hint: Omit it from the simp argument list.
Theories/Bimodal/Metalogic/SoundnessLemmas/DenseValidity.lean::  [apply] simp only [truth_at, Truth.some_past_iff]
Theories/Bimodal/Metalogic/SoundnessLemmas/DenseValidity.lean::
Theories/Bimodal/Metalogic/SoundnessLemmas/DenseValidity.lean::Note: This linter can be disabled with `set_option linter.unusedSimpArgs false`
Theories/Bimodal/Metalogic/SoundnessLemmas/DenseValidity.lean::Theories/Bimodal/Metalogic/SoundnessLemmas/DenseValidity.lean:570:15: warning: This simp argument is unused:
Theories/Bimodal/Metalogic/SoundnessLemmas/DenseValidity.lean::  Formula.swap_temporal_some_future
Theories/Bimodal/Metalogic/SoundnessLemmas/DenseValidity.lean::
Theories/Bimodal/Metalogic/SoundnessLemmas/DenseValidity.lean::Hint: Omit it from the simp argument list.
Theories/Bimodal/Metalogic/SoundnessLemmas/DenseValidity.lean::  [apply] simp only [Formula.swap_temporal_some_past, Formula.swap_temporal, Formula.and, Formula.or, Formula.neg]
Theories/Bimodal/Metalogic/SoundnessLemmas/DenseValidity.lean::
Theories/Bimodal/Metalogic/SoundnessLemmas/DenseValidity.lean::Note: This linter can be disabled with `set_option linter.unusedSimpArgs false`
Theories/Bimodal/Metalogic/SoundnessLemmas/DenseValidity.lean::Theories/Bimodal/Metalogic/SoundnessLemmas/DenseValidity.lean:572:25: warning: This simp argument is unused:
Theories/Bimodal/Metalogic/SoundnessLemmas/DenseValidity.lean::  Truth.some_past_iff
Theories/Bimodal/Metalogic/SoundnessLemmas/DenseValidity.lean::
Theories/Bimodal/Metalogic/SoundnessLemmas/DenseValidity.lean::Hint: Omit it from the simp argument list.
Theories/Bimodal/Metalogic/SoundnessLemmas/DenseValidity.lean::  [apply] simp only [truth_at, Truth.some_future_iff]
Theories/Bimodal/Metalogic/SoundnessLemmas/DenseValidity.lean::
Theories/Bimodal/Metalogic/SoundnessLemmas/DenseValidity.lean::Note: This linter can be disabled with `set_option linter.unusedSimpArgs false`
Theories/Bimodal/Metalogic/SoundnessLemmas/DenseValidity.lean::Theories/Bimodal/Metalogic/SoundnessLemmas/DenseValidity.lean:426:100: warning: This line exceeds the 100 character limit, please shorten it!
Theories/Bimodal/Metalogic/SoundnessLemmas/DenseValidity.lean::
Theories/Bimodal/Metalogic/SoundnessLemmas/DenseValidity.lean::Note: This linter can be disabled with `set_option linter.style.longLine false`
Theories/Bimodal/Metalogic/SoundnessLemmas/DenseValidity.lean::Theories/Bimodal/Metalogic/SoundnessLemmas/DenseValidity.lean:433:100: warning: This line exceeds the 100 character limit, please shorten it!
Theories/Bimodal/Metalogic/SoundnessLemmas/DenseValidity.lean::
Theories/Bimodal/Metalogic/SoundnessLemmas/DenseValidity.lean::Note: This linter can be disabled with `set_option linter.style.longLine false`
Theories/Bimodal/Metalogic/SoundnessLemmas/DenseValidity.lean::Theories/Bimodal/Metalogic/SoundnessLemmas/DenseValidity.lean:630:100: warning: This line exceeds the 100 character limit, please shorten it!
Theories/Bimodal/Metalogic/SoundnessLemmas/DenseValidity.lean::
Theories/Bimodal/Metalogic/SoundnessLemmas/DenseValidity.lean::Note: This linter can be disabled with `set_option linter.style.longLine false`
Theories/Bimodal/Metalogic/SoundnessLemmas/DenseValidity.lean::Theories/Bimodal/Metalogic/SoundnessLemmas/DenseValidity.lean:644:100: warning: This line exceeds the 100 character limit, please shorten it!
Theories/Bimodal/Metalogic/SoundnessLemmas/DenseValidity.lean::
Theories/Bimodal/Metalogic/SoundnessLemmas/DenseValidity.lean::Note: This linter can be disabled with `set_option linter.style.longLine false`
Theories/Bimodal/Metalogic/SoundnessLemmas/DenseValidity.lean::Theories/Bimodal/Metalogic/SoundnessLemmas/DenseValidity.lean:558:6: warning: Try this: intro _ _
Theories/Bimodal/Metalogic/SoundnessLemmas/DenseValidity.lean::Theories/Bimodal/Metalogic/SoundnessLemmas/DenseValidity.lean:565:6: warning: Try this: intro _ h_neg_second
Theories/Bimodal/Metalogic/SoundnessLemmas/DenseValidity.lean::Theories/Bimodal/Metalogic/SoundnessLemmas/DenseValidity.lean:582:6: warning: Try this: intro _ h_neg_second
Theories/Bimodal/Metalogic/SoundnessLemmas/DenseValiditTheories/Bimodal/Metalogic/SoundnessLemmas/FrameClassVariants.lean::Theories/Bimodal/Metalogic/SoundnessLemmas/FrameClassVariants.lean:86:73: warning: This simp argument is unused:
Theories/Bimodal/Metalogic/SoundnessLemmas/FrameClassVariants.lean::  Formula.neg
Theories/Bimodal/Metalogic/SoundnessLemmas/FrameClassVariants.lean::
Theories/Bimodal/Metalogic/SoundnessLemmas/FrameClassVariants.lean::Hint: Omit it from the simp argument list.
Theories/Bimodal/Metalogic/SoundnessLemmas/FrameClassVariants.lean::  [apply] simp only [Formula.swap_temporal_some_future, Formula.swap_temporal]
Theories/Bimodal/Metalogic/SoundnessLemmas/FrameClassVariants.lean::
Theories/Bimodal/Metalogic/SoundnessLemmas/FrameClassVariants.lean::Note: This linter can be disabled with `set_option linter.unusedSimpArgs false`
Theories/Bimodal/Metalogic/SoundnessLemmas/FrameClassVariants.lean::Theories/Bimodal/Metalogic/SoundnessLemmas/FrameClassVariants.lean:94:71: warning: This simp argument is unused:
Theories/Bimodal/Metalogic/SoundnessLemmas/FrameClassVariants.lean::  Formula.neg
Theories/Bimodal/Metalogic/SoundnessLemmas/FrameClassVariants.lean::
Theories/Bimodal/Metalogic/SoundnessLemmas/FrameClassVariants.lean::Hint: Omit it from the simp argument list.
Theories/Bimodal/Metalogic/SoundnessLemmas/FrameClassVariants.lean::  [apply] simp only [Formula.swap_temporal_some_past, Formula.swap_temporal]
Theories/Bimodal/Metalogic/SoundnessLemmas/FrameClassVariants.lean::
Theories/Bimodal/Metalogic/SoundnessLemmas/FrameClassVariants.lean::Note: This linter can be disabled with `set_option linter.unusedSimpArgs false`
Theories/Bimodal/Metalogic/SoundnessLemmas/FrameClassVariants.lean::Theories/Bimodal/Metalogic/SoundnessLemmas/FrameClassVariants.lean:131:29: warning: This simp argument is unused:
Theories/Bimodal/Metalogic/SoundnessLemmas/FrameClassVariants.lean::  Formula.neg
Theories/Bimodal/Metalogic/SoundnessLemmas/FrameClassVariants.lean::
Theories/Bimodal/Metalogic/SoundnessLemmas/FrameClassVariants.lean::Hint: Omit it from the simp argument list.
Theories/Bimodal/Metalogic/SoundnessLemmas/FrameClassVariants.lean::  [apply] simp only [Formula.swap_temporal_some_past, Formula.swap_temporal_all_future, Formula.swap_temporal]
Theories/Bimodal/Metalogic/SoundnessLemmas/FrameClassVariants.lean::
Theories/Bimodal/Metalogic/SoundnessLemmas/FrameClassVariants.lean::Note: This linter can be disabled with `set_option linter.unusedSimpArgs false`
Theories/Bimodal/Metalogic/SoundnessLemmas/FrameClassVariants.lean::Theories/Bimodal/Metalogic/SoundnessLemmas/FrameClassVariants.lean:139:29: warning: This simp argument is unused:
Theories/Bimodal/Metalogic/SoundnessLemmas/FrameClassVariants.lean::  Formula.neg
Theories/Bimodal/Metalogic/SoundnessLemmas/FrameClassVariants.lean::
Theories/Bimodal/Metalogic/SoundnessLemmas/FrameClassVariants.lean::Hint: Omit it from the simp argument list.
Theories/Bimodal/Metalogic/SoundnessLemmas/FrameClassVariants.lean::  [apply] simp only [Formula.swap_temporal_some_future, Formula.swap_temporal_all_past, Formula.swap_temporal]
Theories/Bimodal/Metalogic/SoundnessLemmas/FrameClassVariants.lean::
Theories/Bimodal/Metalogic/SoundnessLemmas/FrameClassVariants.lean::Note: This linter can be disabled with `set_option linter.unusedSimpArgs false`
Theories/Bimodal/Metalogic/SoundnessLemmas/FrameClassVariants.lean::Theories/Bimodal/Metalogic/SoundnessLemmas/FrameClassVariants.lean:34:100: warning: This line exceeds the 100 character limit, please shorten it!
Theories/Bimodal/Metalogic/SoundnessLemmas/FrameClassVariants.lean::
Theories/Bimodal/Metalogic/SoundnessLemmas/FrameClassVariants.lean::Note: This linter can be disabled with `set_option linter.style.longLine false`
Theories/Bimodal/Metalogic/SoundnessLemmas/FrameClassVariants.lean::Theories/Bimodal/Metalogic/SoundnessLemmas/FrameClassVariants.lean:177:100: warning: This line exceeds the 100 character limit, please shorten it!
Theories/Bimodal/Metalogic/SoundnessLemmas/FrameClassVariants.lean::
Theories/Bimodal/Metalogic/SoundnessLemmas/FrameClassVariants.lean::Note: This linter can be disabled with `set_option linter.style.longLine false`
Theories/Bimodal/Metalogic/SoundnessLemmas/FrameClassVariants.lean::Theories/Bimodal/Metalogic/SoundnessLemmas/FrameClassVariants.lean:184:100: warning: This line exceeds the 100 character limit, please shorten it!
Theories/Bimodal/Metalogic/SoundnessLemmas/FrameClassVariants.lean::
Theories/Bimodal/Metalogic/SoundnessLemmas/FrameClassVariants.lean::Note: This linter can be disabled with `set_option linter.style.longLine false`
Theories/Bimodal/Metalogic/SoundnessLemmas/FrameClassVariants.lean::Theories/Bimodal/Metalogic/SoundnessLemmas/FrameClassVariants.lean:336:100: warning: This line exceeds the 100 character limit, please shorten it!
Theories/Bimodal/Metalogic/SoundnessLemmas/FrameClassVariants.lean::
Theories/Bimodal/Metalogic/SoundnessLemmas/FrameClassVariants.lean::Note: This linter can be disabled with `set_option linter.style.longLine false`
Theories/Bimodal/Metalogic/SoundnessLemmas/FrameClassVariants.lean::Theories/Bimodal/Metalogic/SoundnessLemmas/FrameClassVariants.lean:349:100: warning: This line exceeds the 100 character limit, please shorten it!
Theories/Bimodal/Metalogic/SoundnessLemmas/FrameClassVariants.lean::
Theories/Bimodal/Metalogic/SoundnessLemmas/FrameClassVariants.lean::Note: This linter can be disabled with `set_option linter.style.longLine false`
Theories/Bimodal/Metalogic/SoundnessLemmas/FrameClassVariants.lean::Theories/Bimodal/Metalogic/SoundnessLemmas/FrameClassVariants.lean:382:15: warning: This simp argument is unused:
Theories/Bimodal/Metalogic/SoundnessLemmas/FrameClassVariants.lean::  Formula.neg
Theories/Bimodal/Metalogic/SoundnessLemmas/FrameClassVariants.lean::
Theories/Bimodal/Metalogic/SoundnessLemmas/FrameClassVariants.lean::Hint: Omit it from the simp argument list.
Theories/Bimodal/Metalogic/SoundnessLemmas/FrameClassVariants.lean::  [apply] simp only [truth_at, Truth.some_future_iff]
Theories/Bimodal/Metalogic/SoundnessLemmas/FrameClassVariants.lean::
Theories/Bimodal/Metalogic/SoundnessLemmas/FrameClassVariants.lean::Note: This linter can be disabled with `set_option linter.unusedSimpArgs false`
Theories/Bimodal/Metalogic/SoundnessLemmas/FrameClassVariants.lean::Theories/Bimodal/Metalogic/SoundnessLemmas/FrameClassVariants.lean:388:15: warning: This simp argument is unused:
Theories/Bimodal/Metalogic/SoundnessLemmas/FrameClassVariants.lean::  Formula.neg
Theories/Bimodal/Metalogic/SoundnessLemmas/FrameClassVariants.lean::
Theories/Bimodal/Metalogic/SoundnessLemmas/FrameClassVariants.lean::Hint: Omit it from the simp argument list.
Theories/Bimodal/Metalogic/SoundnessLemmas/FrameClassVariants.lean::  [apply] simp only [truth_at, Truth.some_past_iff]
Theories/Bimodal/Metalogic/SoundnessLemmas/FrameClassVariants.lean::
Theories/Bimodal/Metalogic/SoundnessLemmas/FrameClassVariants.lean::Note: This linter can be disabled with `set_option linter.unusedSimpArgs false`
Theories/Bimodal/Metalogic/SoundnessLemmas/FrameClassVariants.lean::Theories/Bimodal/Metalogic/SoundnessLemmas/FrameClassVariants.lean:458:100: warning: This line exceeds the 100 character limit, please shorten it!
Theories/Bimodal/Metalogic/SoundnessLemmas/FrameClassVariants.lean::
Theories/Bimodal/Metalogic/SoundnessLemmas/FrameClassVariants.lean::Note: This linter can be disabled with `set_option linter.style.longLine false`
Theories/Bimodal/Metalogic/SoundnessLemmas/FrameClassVariants.lean::Theories/Bimodal/Metalogic/SoundnessLemmas/FrameClassVariants.lean:465:100: warning: This line exceeds the 100 character limit, please shorten it!
Theories/Bimodal/Metalogic/SoundnessLemmas/FrameClassVariants.lean::
Theories/Bimodal/Metalogic/SoundnessLemmas/FrameClassVariants.lean::Note: This linter can be disabled with `set_option linter.style.longLine false`
Theories/Bimodal/Metalogic/SoundnessLemmas/FrameClassVariants.lean::Theories/Bimodal/Metalogic/SoundnessLemmas/FrameClassVariants.lean:612:100: warning: This line exceeds the 100 character limit, please shorten it!
Theories/Bimodal/Metalogic/SoundnessLemmas/FrameClassVariants.lean::
Theories/Bimodal/Metalogic/SoundnessLemmas/FrameClassVariants.lean::Note: This linter can be disabled with `set_option linter.style.longLine false`
Theories/Bimodal/Metalogic/SoundnessLemmas/FrameClassVariants.lean::Theories/Bimodal/Metalogic/SoundnessLemmas/FrameClassVariants.lean:624:100: warning: This line exceeds the 100 character limit, please shorten it!
Theories/Bimodal/Metalogic/SoundnessLemmas/FrameClassVariants.lean::
Theories/Bimodal/Metalogic/SoundnessLemmas/FrameClassVariants.lean::Note: This linter can be disabled with `set_option linter.style.longLine false`
Theories/Bimodal/Metalogic/SoundnessLemmas/FrameClassVariants.lean::Theories/Bimodal/Metalogic/SoundnessLemmas/FrameClassVariants.lean:661:100: warning: This line exceeds the 100 character limit, please shorten it!
Theories/Bimodal/Metalogic/SoundnessLemmas/FrameClassVariants.lean::
Theories/Bimodal/Metalogic/SoundnessLemmas/FrameClassVariants.lean::Note: This linter can be disabled with `set_option linter.style.longLine false`
Theories/Bimodal/Metalogic/SoundnessLemmas/FrameClassVariants.lean::Theories/Bimodal/Metalogic/SoundnessLemmas/FrameClassVariants.lean:729:6: warning: `push_neg` has been deprecated. Prefer using `push Not` instead.
Theories/Bimodal/Metalogic/SoundnessLemmas/FrameClassVariants.lean::If you'd rather continue using `push_neg` in your project, you can implement it as follows:
Theories/Bimodal/Metalogic/SoundnessLemmas/FrameClassVariants.lean::```
Theories/Bimodal/Metalogic/SoundnessLemmas/FrameClassVariants.lean::open Lean.Parser.Tactic in
Theories/Bimodal/Metalogic/SoundnessLemmas/FrameClassVariants.lean::macro "push_neg" cfg:optConfig loc:(location)? : tactic =>
Theories/Bimodal/Metalogic/SoundnessLemmas/FrameClassVariants.lean::  `(tactic| push $cfg:optConfig Not $[$loc]?)
Theories/Bimodal/Metalogic/SoundnessLemmas/FrameClassVariants.lean::```
Theories/Bimodal/Metalogic/SoundnessLemmas/FrameClassVariants.lean::Theories/Bimodal/Metalogic/SoundnessLemmas/FrameClassVariants.lean:707:4: warning: `simp` is a flexible tactic modifying `⊢`. Try `simp?` and use the suggested `simp only [...]`. Alternatively, use `suffices` to explicitly state the simplified form.
Theories/Bimodal/Metalogic/SoundnessLemmas/FrameClassVariants.lean::
Theories/Bimodal/Metalogic/SoundnessLemmas/FrameClassVariants.lean::Note: This linter can be disabled with `set_option linter.flexible false`
Theories/Bimodal/Metalogic/SoundnessLemmas/FrameClassVariants.lean::Try this:
Theories/Bimodal/Metalogic/SoundnessLemmas/FrameClassVariants.lean::  [apply] simp only [Function.iterate_succ, Function.comp_apply]
Theories/Bimodal/Metalogic/SoundnessLemmas/FrameClassVariants.lean::`exact hn`
Theories/Bimodal/Metalogic/SoundnessLemmas/FrameClassVariants.lean::modifies the current goal, which was modified by the flexible tactic `simp` on line 707!
Theories/Bimodal/Metalogic/SoundnessLemmas/FrameClassVariants.lean::Theories/Bimodal/Metalogic/SoundnessLemmas/FrameClassVariants.lean:726:6: warning: `simp` is a flexible tactic modifying `⊢`. Try `simp?` and use the suggested `simp only [...]`. Alternatively, use `suffices` to explicitly state the simplified form.
Theories/Bimodal/Metalogic/SoundnessLemmas/FrameClassVariants.lean::
Theories/Bimodal/Metalogic/SoundnessLemmas/FrameClassVariants.lean::Note: This linter can be disabled with `set_option linter.flexible false`
Theories/Bimodal/Metalogic/SoundnessLemmas/FrameClassVariants.lean::Try this:
Theories/Bimodal/Metalogic/SoundnessLemmas/FrameClassVariants.lean::  [apply] simp only [Function.iterate_succ, Function.comp_apply]
Theories/Bimodal/Metalogic/SoundnessLemmas/FrameClassVariants.lean::`exact hj`
Theories/Bimodal/Metalogic/SoundnessLemmas/FrameClassVariants.lean::modifies the current goal, which was modified by the flexible tactic `simp` on line 726!
Theories/Bimodal/Metalogic/SoundnessLemmas/FrameClassVariants.lean::Theories/Bimodal/Metalogic/SoundnessLemmas/FrameClassVariants.lean:768:6: warning: `push_neg` has been deprecated. Prefer using `push Not` instead.
Theories/Bimodal/Metalogic/SoundnessLemmas/FrameClassVariants.lean::If you'd rather continue using `push_neg` in your project, you can implement it as follows:
Theories/Bimodal/Metalogic/SoundnessLemmas/FrameClassVariants.lean::```
Theories/Bimodal/Metalogic/SoundnessLemmas/FrameClassVariants.lean::open Lean.Parser.Tactic in
Theories/Bimodal/Metalogic/SoundnessLemmas/FrameClassVariants.lean::macro "push_neg" cfg:optConfig loc:(location)? : tactic =>
Theories/Bimodal/Metalogic/SoundnessLemmas/FrameClassVariants.lean::  `(tactic| push $cfg:optConfig Not $[$loc]?)
Theories/Bimodal/Metalogic/SoundnessLemmas/FrameClassVariants.lean::```
Theories/Bimodal/Metalogic/SoundnessLemmas/FrameClassVariants.lean::Theories/Bimodal/Metalogic/SoundnessLemmas/FrameClassVariants.lean:747:4: warning: `simp` is a flexible tactic modifying `⊢`. Try `simp?` and use the suggested `simp only [...]`. Alternatively, use `suffices` to explicitly state the simplified form.
Theories/Bimodal/Metalogic/SoundnessLemmas/FrameClassVariants.lean::
Theories/Bimodal/Metalogic/SoundnessLemmas/FrameClassVariants.lean::Note: This linter can be disabled with `set_option linter.flexible false`
Theories/Bimodal/Metalogic/SoundnessLemmas/FrameClassVariants.lean::Try this:
Theories/Bimodal/Metalogic/SoundnessLemmas/FrameClassVariants.lean::  [apply] simp only [Function.iterate_succ, Function.comp_apply]
Theories/Bimodal/Metalogic/SoundnessLemmas/FrameClassVariants.lean::`exact hn`
Theories/Bimodal/Metalogic/SoundnessLemmas/FrameClassVariants.lean::modifies the current goal, which was modified by the flexible tactic `simp` on line 747!
Theories/Bimodal/Metalogic/SoundnessLemmas/FrameClassVariants.lean::Theories/Bimodal/Metalogic/SoundnessLemmas/FrameClassVariants.lean:765:6: warning: `simp` is a flexible tactic modifying `⊢`. Try `simp?` and use the suggested `simp only [...]`. Alternatively, use `suffices` to explicitly state the simplified form.
Theories/Bimodal/Metalogic/SoundnessLemmas/FrameClassVariants.lean::
Theories/Bimodal/Metalogic/SoundnessLemmas/FrameClassVariants.lean::Note: This linter can be disabled with `set_option linter.flexible false`
Theories/Bimodal/Metalogic/SoundnessLemmas/FrameClassVariants.lean::Try this:
Theories/Bimodal/Metalogic/SoundnessLemmas/FrameClassVariants.lean::  [apply] simp only [Function.iterate_succ, Function.comp_apply]
Theories/Bimodal/Metalogic/SoundnessLemmas/FrameClassVariants.lean::`exact hj`
Theories/Bimodal/Metalogic/SoundnessLemmas/FrameClassVariants.lean::modifies the current goal, which was modified by the flexible tactic `simp` on line 765!
Theories/Bimodal/Metalogic/SoundnessLemmas/FrameClassVariants.lean::Theories/Bimodal/Metalogic/SoundnessLemmas/FrameClassVariants.lean:783:13: warning: This simp argument is unused:
Theories/Bimodal/Metalogic/SoundnessLemmas/FrameClassVariants.lean::  Formula.neg
Theories/Bimodal/Metalogic/SoundnessLemmas/FrameClassVariants.lean::
Theories/Bimodal/Metalogic/SoundnessLemmas/FrameClassVariants.lean::Hint: Omit it from the simp argument list.
Theories/Bimodal/Metalogic/SoundnessLemmas/FrameClassVariants.lean::  [apply] simp only [truth_at, Truth.future_iff, Truth.some_future_iff]
Theories/Bimodal/Metalogic/SoundnessLemmas/FrameClassVariants.lean::
Theories/Bimodal/Metalogic/SoundnessLemmas/FrameClassVariants.lean::Note: This linter can be disabled with `set_option linter.unusedSimpArgs false`
Theories/Bimodal/Metalogic/SoundnessLemmas/FrameClassVariants.lean::Theories/Bimodal/Metalogic/SoundnessLemmas/FrameClassVariants.lean:787:4: warning: The `show` tactic should only be used to indicate intermediate goal states for readability.
Theories/Bimodal/Metalogic/SoundnessLemmas/FrameClassVariants.lean::However, this tactic invocation changed the goal. Please use `change` instead for these purposes.
Theories/Bimodal/Metalogic/SoundnessLemmas/FrameClassVariants.lean::
Theories/Bimodal/Metalogic/SoundnessLemmas/FrameClassVariants.lean::Note: This linter can be disabled with `set_option linter.style.show false`
Theories/Bimodal/Metalogic/SoundnessLemmas/FrameClassVariants.lean::Theories/Bimodal/Metalogic/SoundnessLemmas/FrameClassVariants.lean:824:12: warning: The `show` tactic should only be used to indicate intermediate goal states for readability.
Theories/Bimodal/Metalogic/SoundnessLemmas/FrameClassVariants.lean::However, this tactic invocation changed the goal. Please use `change` instead for these purposes.
Theories/Bimodal/Metalogic/SoundnessLemmas/FrameClassVariants.lean::
Theories/Bimodal/Metalogic/SoundnessLemmas/FrameClassVariants.lean::Note: This linter can be disabled with `set_option linter.style.show false`
Theories/Bimodal/Metalogic/SoundnessLemmas/FrameClassVariants.lean::Theories/Bimodal/Metalogic/SoundnessLemmas/FrameClassVariants.lean:845:13: warning: This simp argument is unused:
Theories/Bimodal/Metalogic/SoundnessLemmas/FrameClassVariants.lean::  Formula.neg
Theories/Bimodal/Metalogic/SoundnessLemmas/FrameClassVariants.lean::
Theories/Bimodal/Metalogic/SoundnessLemmas/FrameClassVariants.lean::Hint: Omit it from the simp argument list.
Theories/Bimodal/Metalogic/SoundnessLemmas/FrameClassVariants.lean::  [apply] simp only [truth_at, Truth.past_iff, Truth.some_past_iff]
Theories/Bimodal/Metalogic/SoundnessLemmas/FrameClassVariants.lean::
Theories/Bimodal/Metalogic/SoundnessLemmas/FrameClassVariants.lean::Note: This linter can be disabled with `set_option linter.unusedSimpArgs false`
Theories/Bimodal/Metalogic/SoundnessLemmas/FrameClassVariants.lean::Theories/Bimodal/Metalogic/SoundnessLemmas/FrameClassVariants.lean:849:4: warning: The `show` tactic should only be used to indicate intermediate goal states for readability.
Theories/Bimodal/Metalogic/SoundnessLemmas/FrameClassVariants.lean::However, this tactic invocation changed the goal. Please use `change` instead for these purposes.
Theories/Bimodal/Metalogic/SoundnessLemmas/FrameClassVariants.lean::
Theories/Bimodal/Metalogic/SoundnessLemmas/FrameClassVariants.lean::Note: This linter can be disabled with `set_option linter.style.show false`
Theories/Bimodal/Metalogic/SoundnessLemmas/FrameClassVariants.lean::Theories/Bimodal/Metalogic/SoundnessLemmas/FrameClassVariants.lean:876:12: warning: The `show` tactic should only be used to indicate intermediate goal states for readability.
Theories/Bimodal/Metalogic/SoundnessLemmas/FrameClassVariants.lean::However, this tactic invocation changed the goal. Please use `change` instead for these purposes.
Theories/Bimodal/Metalogic/SoundnessLemmas/FrameClassVariants.lean::
Theories/Bimodal/Metalogic/SoundnessLemmas/FrameClassVariants.lean::Note: This linter can be disabled with `set_option linter.style.show false`
Theories/Bimodal/Metalogic/SoundnessLemmas/FrameClassVariants.lean::Theories/Bimodal/Metalogic/SoundnessLemmas/FrameClassVariants.lean:899:6: warning: The `show` tactic should only be used to indicate intermediate goal states for readability.
Theories/Bimodal/Metalogic/SoundnessLemmas/FrameClassVariants.lean::However, this tactic invocation changed the goal. Please use `change` instead for these purposes.
Theories/Bimodal/Metalogic/SoundnessLemmas/FrameClassVariants.lean::
Theories/Bimodal/Metalogic/SoundnessLemmas/FrameClassVariants.lean::Note: This linter can be disabled with `set_option linter.style.show false`
Theories/Bimodal/Metalogic/SoundnessLemmas/FrameClassVariants.lean::Theories/Bimodal/Metalogic/SoundnessLemmas/FrameClassVariants.lean:902:6: warning: The `show` tactic should only be used to indicate intermediate goal states for readability.
Theories/Bimodal/Metalogic/SoundnessLemmas/FrameClassVariants.lean::However, this tactic invocation changed the goal. Please use `change` instead for these purposes.
Theories/Bimodal/Metalogic/SoundnessLemmas/FrameClassVariants.lean::
Theories/Bimodal/Metalogic/SoundnessLemmas/FrameClassVariants.lean::Note: This linter can be disabled with `set_option linter.style.show false`
Theories/Bimodal/Metalogic/SoundnessLemmas/FrameClassVariants.lean::Theories/Bimodal/Metalogic/SoundnessLemmas/FrameClassVariants.lean:905:6: warning: The `show` tactic should only be used to indicate intermediate goal states for readability.
Theories/Bimodal/Metalogic/SoundnessLemmas/FrameClassVariants.lean::However, this tactic invocation changey.lean::Theories/Bimodal/Metalogic/SoundnessLemmas/DenseValidity.lean:589:6: warning: Try this: intro _ _
Theories/Bimodal/Metalogic/SoundnessLemmas/DenseValidity.lean::Theories/Bimodal/Metalogic/SoundnessLemmas/DenseValidity.lean:817:21: warning: `push_neg` has been deprecated. Prefer using `push Not` instead.
Theories/Bimodal/Metalogic/SoundnessLemmas/DenseValidity.lean::If you'd rather continue using `push_neg` in your project, you can implement it as follows:
Theories/Bimodal/Metalogic/SoundnessLemmas/DenseValidity.lean::```
Theories/Bimodal/Metalogic/SoundnessLemmas/DenseValidity.lean::open Lean.Parser.Tactic in
Theories/Bimodal/Metalogic/SoundnessLemmas/DenseValidity.lean::macro "push_neg" cfg:optConfig loc:(location)? : tactic =>
Theories/Bimodal/Metalogic/SoundnessLemmas/DenseValidity.lean::  `(tactic| push $cfg:optConfig Not $[$loc]?)
Theories/Bimodal/Metalogic/SoundnessLemmas/DenseValidity.lean::```
Theories/Bimodal/Metalogic/SoundnessLemmas/DenseValidity.lean::Theories/Bimodal/Metalogic/SoundnessLemmas/DenseValidity.lean:824:21: warning: `push_neg` has been deprecated. Prefer using `push Not` instead.
Theories/Bimodal/Metalogic/SoundnessLemmas/DenseValidity.lean::If you'd rather continue using `push_neg` in your project, you can implement it as follows:
Theories/Bimodal/Metalogic/SoundnessLemmas/DenseValidity.lean::```
Theories/Bimodal/Metalogic/SoundnessLemmas/DenseValidity.lean::open Lean.Parser.Tactic in
Theories/Bimodal/Metalogic/SoundnessLemmas/DenseValidity.lean::macro "push_neg" cfg:optConfig loc:(location)? : tactic =>
Theories/Bimodal/Metalogic/SoundnessLemmas/DenseValidity.lean::  `(tactic| push $cfg:optConfig Not $[$loc]?)
Theories/Bimodal/Metalogic/SoundnessLemmas/DenseValidity.lean::```
Theories/Bimodal/Metalogic/SoundnessLemmas/DenseValidity.lean::Theories/Bimodal/Metalogic/SoundnessLemmas/DenseValidity.lean:862:20: warning: `push_neg` has been deprecated. Prefer using `push Not` instead.
Theories/Bimodal/Metalogic/SoundnessLemmas/DenseValidity.lean::If you'd rather continue using `push_neg` in your project, you can implement it as follows:
Theories/Bimodal/Metalogic/SoundnessLemmas/DenseValidity.lean::```
Theories/Bimodal/Metalogic/SoundnessLemmas/DenseValidity.lean::open Lean.Parser.Tactic in
Theories/Bimodal/Metalogic/SoundnessLemmas/DenseValidity.lean::macro "push_neg" cfg:optConfig loc:(location)? : tactic =>
Theories/Bimodal/Metalogic/SoundnessLemmas/DenseValidity.lean::  `(tactic| push $cfg:optConfig Not $[$loc]?)
Theories/Bimodal/Metalogic/SoundnessLemmas/DenseValidity.lean::```
Theories/Bimodal/Metalogic/SoundnessLemmas/DenseValidity.lean::Theories/Bimodal/Metalogic/SoundnessLemmas/DenseValidity.lean:866:20: warning: `push_neg` has been deprecated. Prefer using `push Not` instead.
Theories/Bimodal/Metalogic/SoundnessLemmas/DenseValidity.lean::If you'd rather continue using `push_neg` in your project, you can implement it as follows:
Theories/Bimodal/Metalogic/SoundnessLemmas/DenseValidity.lean::```
Theories/Bimodal/Metalogic/SoundnessLemmas/DenseValidity.lean::open Lean.Parser.Tactic in
Theories/Bimodal/Metalogic/SoundnessLemmas/DenseValidity.lean::macro "push_neg" cfg:optConfig loc:(location)? : tactic =>
Theories/Bimodal/Metalogic/SoundnessLemmas/DenseValidity.lean::  `(tactic| push $cfg:optConfig Not $[$loc]?)
Theories/Bimodal/Metalogic/SoundnessLemmas/DenseValidity.lean::```
Theories/Bimodal/Metalogic/SoundnessLemmas/DenseValidity.lean::Theories/Bimodal/Metalogic/SoundnessLemmas/DenseValidity.lean:858:27: warning: This simp argument is unused:
Theories/Bimodal/Metalogic/SoundnessLemmas/DenseValidity.lean::  Truth.some_past_iff
Theories/Bimodal/Metalogic/SoundnessLemmas/DenseValidity.lean::
Theories/Bimodal/Metalogic/SoundnessLemmas/DenseValidity.lean::Hint: Omit it from the simp argument list.
Theories/Bimodal/Metalogic/SoundnessLemmas/DenseValidity.lean::  [apply] simp only [Formula.and, Formula.or, Formula.neg, truth_at, Truth.some_future_iff]
Theories/Bimodal/Metalogic/SoundnessLemmas/DenseValidity.lean::
Theories/Bimodal/Metalogic/SoundnessLemmas/DenseValidity.lean::Note: This linter can be disabled with `set_option linter.unusedSimpArgs false`
Theories/Bimodal/Metalogic/SoundnessLemmas/DenseValidity.lean::Theories/Bimodal/Metalogic/SoundnessLemmas/DenseValidity.lean:870:4: warning: Try this: intro _ h_neg_second
Theories/Bimodal/Metalogic/SoundnessLemmas/DenseValidity.lean::Theories/Bimodal/Metalogic/SoundnessLemmas/DenseValidity.lean:877:4: warning: Try this: intro _ _
Theories/Bimodal/Metalogic/SoundnessLemmas/DenseValidity.lean::Theories/Bimodal/Metalogic/SoundnessLemmas/DenseValidity.lean:894:20: warning: `push_neg` has been deprecated. Prefer using `push Not` instead.
Theories/Bimodal/Metalogic/SoundnessLemmas/DenseValidity.lean::If you'd rather continue using `push_neg` in your project, you can implement it as follows:
Theories/Bimodal/Metalogic/SoundnessLemmas/DenseValidity.lean::```
Theories/Bimodal/Metalogic/SoundnessLemmas/DenseValidity.lean::open Lean.Parser.Tactic in
Theories/Bimodal/Metalogic/SoundnessLemmas/DenseValidity.lean::macro "push_neg" cfg:optConfig loc:(location)? : tactic =>
Theories/Bimodal/Metalogic/SoundnessLemmas/DenseValidity.lean::  `(tactic| push $cfg:optConfig Not $[$loc]?)
Theories/Bimodal/Metalogic/SoundnessLemmas/DenseValidity.lean::```
Theories/Bimodal/Metalogic/SoundnessLemmas/DenseValidity.lean::Theories/Bimodal/Metalogic/SoundnessLemmas/DenseValidity.lean:898:20: warning: `push_neg` has been deprecated. Prefer using `push Not` instead.
Theories/Bimodal/Metalogic/SoundnessLemmas/DenseValidity.lean::If you'd rather continue using `push_neg` in your project, you can implement it as follows:
Theories/Bimodal/Metalogic/SoundnessLemmas/DenseValidity.lean::```
Theories/Bimodal/Metalogic/SoundnessLemmas/DenseValidity.lean::open Lean.Parser.Tactic in
Theories/Bimodal/Metalogic/SoundnessLemmas/DenseValidity.lean::macro "push_neg" cfg:optConfig loc:(location)? : tactic =>
Theories/Bimodal/Metalogic/SoundnessLemmas/DenseValidity.lean::  `(tactic| push $cfg:optConfig Not $[$loc]?)
Theories/Bimodal/Metalogic/SoundnessLemmas/DenseValidity.lean::```
Theories/Bimodal/Metalogic/SoundnessLemmas/DenseValidity.lean::Theories/Bimodal/Metalogic/SoundnessLemmas/DenseValidity.lean:890:4: warning: This simp argument is unused:
Theories/Bimodal/Metalogic/SoundnessLemmas/DenseValidity.lean::  Truth.some_future_iff
Theories/Bimodal/Metalogic/SoundnessLemmas/DenseValidity.lean::
Theories/Bimodal/Metalogic/SoundnessLemmas/DenseValidity.lean::Hint: Omit it from the simp argument list.
Theories/Bimodal/Metalogic/SoundnessLemmas/DenseValidity.lean::  [apply] simp only [Formula.and, Formula.or, Formula.neg, truth_at, Truth.some_past_iff]
Theories/Bimodal/Metalogic/SoundnessLemmas/DenseValidity.lean::
Theories/Bimodal/Metalogic/SoundnessLemmas/DenseValidity.lean::Note: This linter can be disabled with `set_option linter.unusedSimpArgs false`
Theories/Bimodal/Metalogic/SoundnessLemmas/DenseValidity.lean::Theories/Bimodal/Metalogic/SoundnessLemmas/DenseValidity.lean:902:4: warning: Try this: intro _ _
Theories/Bimodal/Metalogic/SoundnessLemmas/DenseValidity.lean::Theories/Bimodal/Metalogic/SoundnessLemmas/DenseValidity.lean:909:4: warning: Try this: intro _ h_neg_second
Theories/Bimodal/Metalogic/SoundnessLemmas/DenseValidity.lean::Theories/Bimodal/Metalogic/SoundnessLemmas/DenseValidity.lean:914:100: warning: This line exceeds the 100 character limit, please shorten it!
Theories/Bimodal/Metalogic/SoundnessLemmas/DenseValidity.lean::
Theories/Bimodal/Metalogic/SoundnessLemmas/DenseValidity.lean::Note: This linter can be disabled with `set_option linter.style.longLine false`
Theories/Bimodal/Metalogic/SoundnessLemmas/DenseValidity.lean::Theories/Bimodal/Metalogic/SoundnessLemmas/DenseValidity.lean:959:15: warning: This simp argument is unused:
Theories/Bimodal/Metalogic/SoundnessLemmas/DenseValidity.lean::  Formula.neg
Theories/Bimodal/Metalogic/SoundnessLemmas/DenseValidity.lean::
Theories/Bimodal/Metalogic/SoundnessLemmas/DenseValidity.lean::Hint: Omit it from the simp argument list.
Theories/Bimodal/Metalogic/SoundnessLemmas/DenseValidity.lean::  [apply] simp only [truth_at, Truth.some_future_iff]
Theories/Bimodal/Metalogic/SoundnessLemmas/DenseValidity.lean::
Theories/Bimodal/Metalogic/SoundnessLemmas/DenseValidity.lean::Note: This linter can be disabled with `set_option linter.unusedSimpArgs false`
Theories/Bimodal/Metalogic/SoundnessLemmas/DenseValidity.lean::Theories/Bimodal/Metalogic/SoundnessLemmas/DenseValidity.lean:965:15: warning: This simp argument is unused:
Theories/Bimodal/Metalogic/SoundnessLemmas/DenseValidity.lean::  Formula.neg
Theories/Bimodal/Metalogic/SoundnessLemmas/DenseValidity.lean::
Theories/Bimodal/Metalogic/SoundnessLemmas/DenseValidity.lean::Hint: Omit it from the simp argument list.
Theories/Bimodal/Metalogic/SoundnessLemmas/DenseValidity.lean::  [apply] simp only [truth_at, Truth.some_past_iff]
Theories/Bimodal/Metalogic/SoundnessLemmas/DenseValidity.lean::
Theories/Bimodal/Metalogic/SoundnessLemmas/DenseValidity.lean::Note: This linter can be disabled with `set_option linter.unusedSimpArgs false`
Theories/Bimodal/Metalogic/SoundnessLemmas/DenseValidity.lean::Theories/Bimodal/Metalogic/SoundnessLemmas/DenseValidity.lean:1213:43: warning: This simp argument is unused:
Theories/Bimodal/Metalogic/SoundnessLemmas/DenseValidity.lean::  Truth.past_iff
Theories/Bimodal/Metalogic/SoundnessLemmas/DenseValidity.lean::
Theories/Bimodal/Metalogic/SoundnessLemmas/DenseValidity.lean::Hint: Omit it from the simp argument list.
Theories/Bimodal/Metalogic/SoundnessLemmas/DenseValidity.lean::  [apply] simp only [truth_at, Truth.future_iff, Truth.some_future_iff, Truth.some_past_iff]
Theories/Bimodal/Metalogic/SoundnessLemmas/DenseValidity.lean::
Theories/Bimodal/Metalogic/SoundnessLemmas/DenseValidity.lean::Note: This linter can be disabled with `set_option linter.unusedSimpArgs false`
Theories/Bimodal/Metalogic/SoundnessLemmas/DenseValidity.lean::Theories/Bimodal/Metalogic/SoundnessLemmas/DenseValidity.lean:1213:59: warning: This simp argument is unused:
Theories/Bimodal/Metalogic/SoundnessLemmas/DenseValidity.lean::  Truth.some_future_iff
Theories/Bimodal/Metalogic/SoundnessLemmas/DenseValidity.lean::
Theories/Bimodal/Metalogic/SoundnessLemmas/DenseValidity.lean::Hint: Omit it from the simp argument list.
Theories/Bimodal/Metalogic/SoundnessLemmas/DenseValidity.lean::  [apply] simp only [truth_at, Truth.future_iff, Truth.past_iff, Truth.some_past_iff]
Theories/Bimodal/Metalogic/SoundnessLemmas/DenseValidity.lean::
Theories/Bimodal/Metalogic/SoundnessLemmas/DenseValidity.lean::Note: This linter can be disabled with `set_option linter.unusedSimpArgs false`
Theories/Bimodal/Metalogic/SoundnessLemmas/DenseValidity.lean::Theories/Bimodal/Metalogic/SoundnessLemmas/DenseValidity.lean:1213:82: warning: This simp argument is unused:
Theories/Bimodal/Metalogic/SoundnessLemmas/DenseValidity.lean::  Truth.some_past_iff
Theories/Bimodal/Metalogic/SoundnessLemmas/DenseValidity.lean::
Theories/Bimodal/Metalogic/SoundnessLemmas/DenseValidity.lean::Hint: Omit it from the simp argument list.
Theories/Bimodal/Metalogic/SoundnessLemmas/DenseValidity.lean::  [apply] simp only [truth_at, Truth.future_iff, Truth.past_iff, Truth.some_future_iff]
Theories/Bimodal/Metalogic/SoundnessLemmas/DenseValidity.lean::
Theories/Bimodal/Metalogic/SoundnessLemmas/DenseValidity.lean::Note: This linter can be disabled with `set_option linter.unusedSimpArgs false`
Theories/Bimodal/Metalogic/SoundnessLemmas/DenseValidity.lean::Theories/Bimodal/Metalogic/SoundnessLemmas/DenseValidity.lean:1220:38: warning: This simp argument is unused:
Theories/Bimodal/Metalogic/SoundnessLemmas/DenseValidity.lean::  Truth.future_iff
Theories/Bimodal/Metalogic/SoundnessLemmas/DenseValidity.lean::
Theories/Bimodal/Metalogic/SoundnessLemmas/DenseValidity.lean::Hint: Omit it from the simp argument list.
Theories/Bimodal/Metalogic/SoundnessLemmas/DenseValidity.lean::  [apply] simp only [Formula.neg, truth_at, Truth.past_iff, Truth.some_future_iff, Truth.some_past_iff]
Theories/Bimodal/Metalogic/SoundnessLemmas/DenseValidity.lean::
Theories/Bimodal/Metalogic/SoundnessLemmas/DenseValidity.lean::Note: This linter can be disabled with `set_option linter.unusedSimpArgs false`
Theories/Bimodal/Metalogic/SoundnessLemmas/DenseValidity.lean::Theories/Bimodal/Metalogic/SoundnessLemmas/DenseValidity.lean:1220:56: warning: This simp argument is unused:
Theories/Bimodal/Metalogic/SoundnessLemmas/DenseValidity.lean::  Truth.past_iff
Theories/Bimodal/Metalogic/SoundnessLemmas/DenseValidity.lean::
Theories/Bimodal/Metalogic/SoundnessLemmas/DenseValidity.lean::Hint: Omit it from the simp argument list.
Theories/Bimodal/Metalogic/SoundnessLemmas/DenseValidity.lean::  [apply] simp only [Formula.neg, truth_at, Truth.future_iff, Truth.some_future_iff, Truth.some_past_iff]
Theories/Bimodal/Metalogic/SoundnessLemmas/DenseValidity.lean::
Theories/Bimodal/Metalogic/SoundnessLemmas/DenseValidity.lean::Note: This linter can be disabled with `set_option linter.unusedSimpArgs false`
Theories/Bimodal/Metalogic/SoundnessLemmas/DenseValidity.lean::Theories/Bimodal/Metalogic/SoundnessLemmas/DenseValidity.lean:1220:72: warning: This simp argument is unused:
Theories/Bimodal/Metalogic/SoundnessLemmas/DenseValidity.lean::  Truth.some_future_iff
Theories/Bimodal/Metalogic/SoundnessLemmas/DenseValidity.lean::
Theories/Bimodal/Metalogic/SoundnessLemmas/DenseValidity.lean::Hint: Omit it from the simp argument list.
Theories/Bimodal/Metalogic/SoundnessLemmas/DenseValidity.lean::  [apply] simp only [Formula.neg, truth_at, Truth.future_iff, Truth.past_iff, Truth.some_past_iff]
Theories/Bimodal/Metalogic/SoundnessLemmas/DenseValidity.lean::
Theories/Bimodal/Metalogic/SoundnessLemmas/DenseValidity.lean::Note: This linter can be disabled with `set_option linter.unusedSimpArgs false`
Theories/Bimodal/Metalogic/SoundnessLemmas/DenseValidity.lean::Theories/Bimodal/Metalogic/SoundnessLemmas/DenseValidity.lean:1220:95: warning: This simp argument is unused:
Theories/Bimodal/Metalogic/SoundnessLemmas/DenseValidity.lean::  Truth.some_past_iff
Theories/Bimodal/Metalogic/SoundnessLemmas/DenseValidity.lean::
Theories/Bimodal/Metalogic/SoundnessLemmas/DenseValidity.lean::Hint: Omit it from the simp argument list.
Theories/Bimodal/Metalogic/SoundnessLemmas/DenseValidity.lean::  [apply] simp only [Formula.neg, truth_at, Truth.future_iff, Truth.past_iff, Truth.some_future_iff]
Theories/Bimodal/Metalogic/SoundnessLemmas/DenseValidity.lean::
Theories/Bimodal/Metalogic/SoundnessLemmas/DenseValidity.lean::Note: This linter can be disabled with `set_option linter.unusedSimpArgs false`
Theories/Bimodal/Metalogic/SoundnessLemmas/DenseValidity.lean::Theories/Bimodal/Metalogic/SoundnessLemmas/DenseValidity.lean:1035:100: warning: This line exceeds the 100 character limit, please shorten it!
Theories/Bimodal/Metalogic/SoundnessLemmas/DenseValidity.lean::
Theories/Bimodal/Metalogic/SoundnessLemmas/DenseValidity.lean::Note: This linter can be disabled with `set_option linter.style.longLine false`
Theories/Bimodal/Metalogic/SoundnessLemmas/DenseValidity.lean::Theories/Bimodal/Metalogic/SoundnessLemmas/DenseValidity.lean:1042:100: warning: This line exceeds the 100 character limit, please shorten it!
Theories/Bimodal/Metalogic/SoundnessLemmas/DenseValidity.lean::
Theories/Bimodal/Metalogic/SoundnessLemmas/DenseValidity.lean::Note: This linter can be disabled with `set_option linter.style.longLine false`
Theories/Bimodal/Metalogic/SoundnessLemmas/DenseValidity.lean::Theories/Bimodal/Metalogic/SoundnessLemmas/DenseValidity.lean:1189:100: warning: This line exceeds the 100 character limit, please shorten it!
Theories/Bimodal/Metalogic/SoundnessLemmas/DenseValidity.lean::
Theories/Bimodal/Metalogic/SoundnessLemmas/DenseValidity.lean::Note: This linter can be disabled with `set_option linter.style.longLine false`
Theories/Bimodal/Metalogic/SoundnessLemmas/DenseValidity.lean::Theories/Bimodal/Metalogic/SoundnessLemmas/DenseValidity.lean:1201:100: warning: This line exceeds the 100 character limit, please shorten it!
Theories/Bimodal/Metalogic/SoundnessLemmas/DenseValidity.lean::
Theories/Bimodal/Metalogic/SoundnessLemmas/DenseValidity.lean::Note: This linter can be disabled with `set_option linter.style.longLine false`
Theories/Bimodal/Metalogic/Sound the goal. Please use `change` instead for these purposes.
Theories/Bimodal/Metalogic/SoundnessLemmas/FrameClassVariants.lean::
Theories/Bimodal/Metalogic/SoundnessLemmas/FrameClassVariants.lean::Note: This linter can be disabled with `set_option linter.style.show false`
Theories/Bimodal/Metalogic/SoundnessLemmas/FrameClassVariants.lean::Theories/Bimodal/Metalogic/SoundnessLemmas/FrameClassVariants.lean:935:100: warning: This line exceeds the 100 character limit, please shorten it!
Theories/Bimodal/Metalogic/SoundnessLemmas/FrameClassVariants.lean::
Theories/Bimodal/Metalogic/SoundnessLemmas/FrameClassVariants.lean::Note: This linter can be disabled with `set_option linter.style.longLine false`
Theories/Bimodal/Metalogic/SoundnessLemmas/FrameClassVariants.lean::Theories/Bimodal/Metalogic/SoundnessLemmas/FrameClassVariants.lean:946:100: warning: This line exceeds the 100 character limit, please shorten it!
Theories/Bimodal/Metalogic/SoundnessLemmas/FrameClassVariants.lean::
Theories/Bimodal/Metalogic/SoundnessLemmas/FrameClassVariants.lean::Note: This linter can be disabled with `set_option linter.style.longLine false`
dnessLemmas/DenseValidity.lean::Theories/Bimodal/Metalogic/SoundnessLemmas/DenseValidity.lean:1213:100: warning: This line exceeds the 100 character limit, please shorten it!
Theories/Bimodal/Metalogic/SoundnessLemmas/DenseValidity.lean::
Theories/Bimodal/Metalogic/SoundnessLemmas/DenseValidity.lean::Note: This linter can be disabled with `set_option linter.style.longLine false`
Theories/Bimodal/Metalogic/SoundnessLemmas/DenseValidity.lean::Theories/Bimodal/Metalogic/SoundnessLemmas/DenseValidity.lean:1220:100: warning: This line exceeds the 100 character limit, please shorten it!
Theories/Bimodal/Metalogic/SoundnessLemmas/DenseValidity.lean::
Theories/Bimodal/Metalogic/SoundnessLemmas/DenseValidity.lean::Note: This linter can be disabled with `set_option linter.style.longLine false`
Theories/Bimodal/Metalogic/SoundnessLemmas/DenseValidity.lean::Theories/Bimodal/Metalogic/SoundnessLemmas/DenseValidity.lean:1258:13: warning: This simp argument is unused:
Theories/Bimodal/Metalogic/SoundnessLemmas/DenseValidity.lean::  truth_at
Theories/Bimodal/Metalogic/SoundnessLemmas/DenseValidity.lean::
Theories/Bimodal/Metalogic/SoundnessLemmas/DenseValidity.lean::Hint: Omit it from the simp argument list.
Theories/Bimodal/Metalogic/SoundnessLemmas/DenseValidity.lean::  [apply] simp only [Truth.future_iff]
Theories/Bimodal/Metalogic/SoundnessLemmas/DenseValidity.lean::
Theories/Bimodal/Metalogic/SoundnessLemmas/DenseValidity.lean::Note: This linter can be disabled with `set_option linter.unusedSimpArgs false`
Theories/Bimodal/Metalogic/SoundnessLemmas/DenseValidity.lean::Theories/Bimodal/Metalogic/SoundnessLemmas/DenseValidity.lean:1303:100: warning: This line exceeds the 100 character limit, please shorten it!
Theories/Bimodal/Metalogic/SoundnessLemmas/DenseValidity.lean::
Theories/Bimodal/Metalogic/SoundnessLemmas/DenseValidity.lean::Note: This linter can be disabled with `set_option linter.style.longLine false`
Theories/Bimodal/Metalogic/Decidability/CountermodelExtraction.lean::Theories/Bimodal/Metalogic/Decidability/CountermodelExtraction.lean:355:36: warning: This simp argument is unused:
Theories/Bimodal/Metalogic/Decidability/CountermodelExtraction.lean::  Option.isSome_some
Theories/Bimodal/Metalogic/Decidability/CountermodelExtraction.lean::
Theories/Bimodal/Metalogic/Decidability/CountermodelExtraction.lean::Hint: Omit it from the simp argument list.
Theories/Bimodal/Metalogic/Decidability/CountermodelExtraction.lean::  [apply] simp only [SignedFormula.isPos]
Theories/Bimodal/Metalogic/Decidability/CountermodelExtraction.lean::
Theories/Bimodal/Metalogic/Decidability/CountermodelExtraction.lean::Note: This linter can be disabled with `set_option linter.unusedSimpArgs false`
Theories/Bimodal/Metalogic/Decidability/CountermodelExtraction.lean::Theories/Bimodal/Metalogic/Decidability/CountermodelExtraction.lean:367:4: warning: `simp [hb] at hOpen` is a flexible tactic modifying `hOpen`. Try `simp?` and use the suggested `simp only [...]`. Alternatively, use `suffices` to explicitly state the simplified form.
Theories/Bimodal/Metalogic/Decidability/CountermodelExtraction.lean::
Theories/Bimodal/Metalogic/Decidability/CountermodelExtraction.lean::Note: This linter can be disabled with `set_option linter.flexible false`
Theories/Bimodal/Metalogic/Decidability/CountermodelExtraction.lean::`cases hc : checkContradiction b with
Theories/Bimodal/Metalogic/Decidability/CountermodelExtraction.lean::| some r => simp [hc] at hOpen
Theories/Bimodal/Metalogic/Decidability/CountermodelExtraction.lean::| none => simp [hc] at hContra`
Theories/Bimodal/Metalogic/Decidability/CountermodelExtraction.lean::uses `hOpen`, which was modified by the flexible tactic `simp` on line 367!
Theories/Bimodal/Metalogic/Decidability/CountermodelExtraction.lean::Theories/Bimodal/Metalogic/Decidability/CountermodelExtraction.lean:421:2: warning: `push_neg` has been deprecated. Prefer using `push Not` instead.
Theories/Bimodal/Metalogic/Decidability/CountermodelExtraction.lean::If you'd rather continue using `push_neg` in your project, you can implement it as follows:
Theories/Bimodal/Metalogic/Decidability/CountermodelExtraction.lean::```
Theories/Bimodal/Metalogic/Decidability/CountermodelExtraction.lean::open Lean.Parser.Tactic in
Theories/Bimodal/Metalogic/Decidability/CountermodelExtraction.lean::macro "push_neg" cfg:optConfig loc:(location)? : tactic =>
Theories/Bimodal/Metalogic/Decidability/CountermodelExtraction.lean::  `(tactic| push $cfg:optConfig Not $[$loc]?)
Theories/Bimodal/Metalogic/Decidability/CountermodelExtraction.lean::```
Theories/Bimodal/Metalogic/Decidability/CountermodelExtraction.lean::Theories/Bimodal/Metalogic/Decidability/CountermodelExtraction.lean:442:2: warning: `simp [Bool.not_eq_true] at h` is a flexible tactic modifying `h`. Try `simp?` and use the suggested `simp only [...]`. Alternatively, use `suffices` to explicitly state the simplified form.
Theories/Bimodal/Metalogic/Decidability/CountermodelExtraction.lean::
Theories/Bimodal/Metalogic/Decidability/CountermodelExtraction.lean::Note: This linter can be disabled with `set_option linter.flexible false`
Theories/Bimodal/Metalogic/Decidability/CountermodelExtraction.lean::`exact h`
Theories/Bimodal/Metalogic/Decidability/CountermodelExtraction.lean::uses `h`, which was modified by the flexible tactic `simp` on line 442!
Theories/Bimodal/Metalogic/Decidability/CountermodelExtraction.lean::Theories/Bimodal/Metalogic/Decidability/CountermodelExtraction.lean:465:13: warning: This simp argument is unused:
Theories/Bimodal/Metalogic/Decidability/CountermodelExtraction.lean::  List.findSome?
Theories/Bimodal/Metalogic/Decidability/CountermodelExtraction.lean::
Theories/Bimodal/Metalogic/Decidability/CountermodelExtraction.lean::Hint: Omit it from the simp argument list.
Theories/Bimodal/Metalogic/Decidability/CountermodelExtraction.lean::  [apply] simp only [isApplicable, asNeg?, asAnd?, asOr?, asDiamond?, applyRule]
Theories/Bimodal/Metalogic/Decidability/CountermodelExtraction.lean::
Theories/Bimodal/Metalogic/Decidability/CountermodelExtraction.lean::Note: This linter can be disabled with `set_option linter.unusedSimpArgs false`
Theories/Bimodal/Metalogic/Decidability/CountermodelExtraction.lean::Theories/Bimodal/Metalogic/Decidability/CountermodelExtraction.lean:462:100: warning: This line exceeds the 100 character limit, please shorten it!
Theories/Bimodal/Metalogic/Decidability/CountermodelExtraction.lean::
Theories/Bimodal/Metalogic/Decidability/CountermodelExtraction.lean::Note: This linter can be disabled with `set_option linter.style.longLine false`
Theories/Bimodal/Metalogic/Decidability/CountermodelExtraction.lean::Theories/Bimodal/Metalogic/Decidability/CountermodelExtraction.lean:472:13: warning: This simp argument is unused:
Theories/Bimodal/Metalogic/Decidability/CountermodelExtraction.lean::  List.findSome?
Theories/Bimodal/Metalogic/Decidability/CountermodelExtraction.lean::
Theories/Bimodal/Metalogic/Decidability/CountermodelExtraction.lean::Hint: Omit it from the simp argument list.
Theories/Bimodal/Metalogic/Decidability/CountermodelExtraction.lean::  [apply] simp only [isApplicable, asNeg?, asAnd?, asOr?, asDiamond?, applyRule]
Theories/Bimodal/Metalogic/Decidability/CountermodelExtraction.lean::
Theories/Bimodal/Metalogic/Decidability/CountermodelExtraction.lean::Note: This linter can be disabled with `set_option linter.unusedSimpArgs false`
Theories/Bimodal/Metalogic/Decidability/CountermodelExtraction.lean::Theories/Bimodal/Metalogic/Decidability/CountermodelExtraction.lean:469:100: warning: This line exceeds the 100 character limit, please shorten it!
Theories/Bimodal/Metalogic/Decidability/CountermodelExtraction.lean::
Theories/Bimodal/Metalogic/Decidability/CountermodelExtraction.lean::Note: This linter can be disabled with `set_option linter.style.longLine false`
Theories/Bimodal/Metalogic/Decidability/CountermodelExtraction.lean::Theories/Bimodal/Metalogic/Decidability/CountermodelExtraction.lean:498:0: warning: Please, add a comment explaining the need for modifying the maxHeartbeat limit, as in
Theories/Bimodal/Metalogic/Decidability/CountermodelExtraction.lean::set_option maxHeartbeats 1600000 in
Theories/Bimodal/Metalogic/Decidability/CountermodelExtraction.lean::-- reason for change
Theories/Bimodal/Metalogic/Decidability/CountermodelExtraction.lean::...
Theories/Bimodal/Metalogic/Decidability/CountermodelExtraction.lean::
Theories/Bimodal/Metalogic/Decidability/CountermodelExtraction.lean::Note: This linter can be disabled with `set_option linter.style.maxHeartbeats false`
Theories/Bimodal/Metalogic/Decidability/CountermodelExtraction.lean::Theories/Bimodal/Metalogic/Decidability/CountermodelExtraction.lean:540:13: warning: This simp argument is unused:
Theories/Bimodal/Metalogic/Decidability/CountermodelExtraction.lean::  List.findSome?
Theories/Bimodal/Metalogic/Decidability/CountermodelExtraction.lean::
Theories/Bimodal/Metalogic/Decidability/CountermodelExtraction.lean::Hint: Omit it from the simp argument list.
Theories/Bimodal/Metalogic/Decidability/CountermodelExtraction.lean::  [apply] simp only [isApplicable, asNeg?, asAnd?, asOr?, asDiamond?, applyRule]
Theories/Bimodal/Metalogic/Decidability/CountermodelExtraction.lean::
Theories/Bimodal/Metalogic/Decidability/CountermodelExtraction.lean::Note: This linter can be disabled with `set_option linter.unusedSimpArgs false`
Theories/Bimodal/Metalogic/Decidability/CountermodelExtraction.lean::Theories/Bimodal/Metalogic/Decidability/CountermodelExtraction.lean:537:100: warning: This line exceeds the 100 character limit, please shorten it!
Theories/Bimodal/Metalogic/Decidability/CountermodelExtraction.lean::
Theories/Bimodal/Metalogic/Decidability/CountermodelExtraction.lean::Note: This linter can be disabled with `set_option linter.style.longLine false`
Theories/Bimodal/Metalogic/Decidability/CountermodelExtraction.lean::Theories/Bimodal/Metalogic/Decidability/CountermodelExtraction.lean:552:0: warning: Please, add a comment explaining the need for modifying the maxHeartbeat limit, as in
Theories/Bimodal/Metalogic/Decidability/CountermodelExtraction.lean::set_option maxHeartbeats 800000 in
Theories/Bimodal/Metalogic/Decidability/CountermodelExtraction.lean::-- reason for change
Theories/Bimodal/Metalogic/Decidability/CountermodelExtraction.lean::...
Theories/Bimodal/Metalogic/Decidability/CountermodelExtraction.lean::
Theories/Bimodal/Metalogic/Decidability/CountermodelExtraction.lean::Note: This linter can be disabled with `set_option linter.style.maxHeartbeats false`
Theories/Bimodal/Metalogic/Decidability/CountermodelExtraction.lean::Theories/Bimodal/Metalogic/Decidability/CountermodelExtraction.lean:559:100: warning: This line exceeds the 100 character limit, please shorten it!
Theories/Bimodal/Metalogic/Decidability/CountermodelExtraction.lean::
Theories/Bimodal/Metalogic/Decidability/CountermodelExtraction.lean::Note: This linter can be disabled with `set_option linter.style.longLine false`
Theories/Bimodal/Metalogic/Decidability/CountermodelExtraction.lean::Theories/Bimodal/Metalogic/Decidability/CountermodelExtraction.lean:585:100: warning: This line exceeds the 100 character limit, please shorten it!
Theories/Bimodal/Metalogic/Decidability/CountermodelExtraction.lean::
Theories/Bimodal/Metalogic/Decidability/CountermodelExtraction.lean::Note: This linter can be disabled with `set_option linter.style.longLine false`
Theories/Bimodal/Metalogic/Decidability/CountermodelExtraction.lean::Theories/Bimodal/Metalogic/Decidability/CountermodelExtraction.lean:602:61: warning: This simp argument is unused:
Theories/Bimodal/Metalogic/Decidability/CountermodelExtraction.lean::  Formula.some_past
Theories/Bimodal/Metalogic/Decidability/CountermodelExtraction.lean::
Theories/Bimodal/Metalogic/Decidability/CountermodelExtraction.lean::Hint: Omit it from the simp argument list.
Theories/Bimodal/Metalogic/Decidability/CountermodelExtraction.lean::  [apply] simp [isApplicable, asSomePast?, Formula.top, applyRule] at this
Theories/Bimodal/Metalogic/Decidability/CountermodelExtraction.lean::
Theories/Bimodal/Metalogic/Decidability/CountermodelExtraction.lean::Note: This linter can be disabled with `set_option linter.unusedSimpArgs false`
Theories/Bimodal/Metalogic/Decidability/CountermodelExtraction.lean::Theories/Bimodal/Metalogic/Decidability/CountermodelExtraction.lean:588:0: warning: Please, add a comment explaining the need for modifying the maxHeartbeat limit, as in
Theories/Bimodal/Metalogic/Decidability/CountermodelExtraction.lean::set_option maxHeartbeats 800000 in
Theories/Bimodal/Metalogic/Decidability/CountermodelExtraction.lean::-- reason for change
Theories/Bimodal/Metalogic/Decidability/CountermodelExtraction.lean::...
Theories/Bimodal/Metalogic/Decidability/CountermodelExtraction.lean::
Theories/Bimodal/Metalogic/Decidability/CountermodelExtraction.lean::Note: This linter can be disabled with `set_option linter.style.maxHeartbeats false`
Theories/Bimodal/Metalogic/Decidability/CountermodelExtraction.lean::Theories/Bimodal/Metalogic/Decidability/CountermodelExtraction.lean:593:100: warning: This line exceeds the 100 character limit, please shorten it!
Theories/Bimodal/Metalogic/Decidability/CountermodelExtraction.lean::
Theories/Bimodal/Metalogic/Decidability/CountermodelExtraction.lean::Note: This linter can be disabled with `set_option linter.style.longLine false`
Theories/Bimodal/Metalogic/Decidability/CountermodelExtraction.lean::Theories/Bimodal/Metalogic/Decidability/CountermodelExtraction.lean:618:100: warning: This line exceeds the 100 character limit, please shorten it!
Theories/Bimodal/Metalogic/Decidability/CountermodelExtraction.lean::
Theories/Bimodal/Metalogic/Decidability/CountermodelExtraction.lean::Note: This linter can be disabled with `set_option linter.style.longLine false`
Theories/Bimodal/Metalogic/Decidability/CountermodelExtraction.lean::Theories/Bimodal/Metalogic/Decidability/CountermodelExtraction.lean:621:0: warning: Please, add a comment explaining the need for modifying the maxHeartbeat limit, as in
Theories/Bimodal/Metalogic/Decidability/CountermodelExtraction.lean::set_option maxHeartbeats 3200000 in
Theories/Bimodal/Metalogic/Decidability/CountermodelExtraction.lean::-- reason for change
Theories/Bimodal/Metalogic/Decidability/CountermodelExtraction.lean::...
Theories/Bimodal/Metalogic/Decidability/CountermodelExtraction.lean::
Theories/Bimodal/Metalogic/Decidability/CountermodelExtraction.lean::Note: This linter can be disabled with `set_option linter.style.maxHeartbeats false`
Theories/Bimodal/Metalogic/Decidability/CountermodelExtraction.lean::Theories/Bimodal/Metalogic/Decidability/CountermodelExtraction.lean:645:100: warning: This line exceeds the 100 character limit, please shorten it!
Theories/Bimodal/Metalogic/Decidability/CountermodelExtraction.lean::
Theories/Bimodal/Metalogic/Decidability/CountermodelExtraction.lean::Note: This linter can be disabled with `set_option linter.style.longLine false`
Theories/Bimodal/Metalogic/Decidability/CountermodelExtraction.lean::Theories/Bimodal/Metalogic/Decidability/CountermodelExtraction.lean:658:100: warning: This line exceeds the 100 character limit, please shorten it!
Theories/Bimodal/Metalogic/Decidability/CountermodelExtraction.lean::
Theories/Bimodal/Metalogic/Decidability/CountermodelExtraction.lean::Note: This linter can be disabled with `set_option linter.style.longLine false`
Theories/Bimodal/Metalogic/Decidability/CountermodelExtraction.lean::Theories/Bimodal/Metalogic/Decidability/CountermodelExtraction.lean:671:100: warning: This line exceeds the 100 character limit, please shorten it!
Theories/Bimodal/Metalogic/Decidability/CountermodelExtraction.lean::
Theories/Bimodal/Metalogic/Decidability/CountermodelExtraction.lean::Note: This linter can be disabled with `set_option linter.style.longLine false`
Theories/Bimodal/Metalogic/Decidability/CountermodelExtraction.lean::Theories/Bimodal/Metalogic/Decidability/CountermodelExtraction.lean:679:0: warning: Please, add a comment explaining the need for modifying the maxHeartbeat limit, as in
Theories/Bimodal/Metalogic/Decidability/CountermodelExtraction.lean::set_option maxHeartbeats 3200000 in
Theories/Bimodal/Metalogic/Decidability/CountermodelExtraction.lean::-- reason for change
Theories/Bimodal/Metalogic/Decidability/CountermodelExtraction.lean::...
Theories/Bimodal/Metalogic/Decidability/CountermodelExtraction.lean::
Theories/Bimodal/Metalogic/Decidability/CountermodelExtraction.lean::Note: This linter can be disabled with `set_option linter.style.maxHeartbeats false`
Theories/Bimodal/Metalogic/Decidability/CountermodelExtraction.lean::Theories/Bimodal/Metalogic/Decidability/CountermodelExtraction.lean:702:100: warning: This line exceeds the 100 character limit, please shorten it!
Theories/Bimodal/Metalogic/Decidability/CountermodelExtraction.lean::
Theories/Bimodal/Metalogic/Decidability/CountermodelExtraction.lean::Note: This linter can be disabled with `set_option linter.style.longLine false`
Theories/Bimodal/Metalogic/Decidability/CountermodelExtraction.lean::Theories/Bimodal/Metalogic/Decidability/CountermodelExtraction.lean:713:100: warning: This line exceeds the 100 character limit, please shorten it!
Theories/Bimodal/Metalogic/Decidability/CountermodelExtraction.lean::
Theories/Bimodal/Metalogic/Decidability/CountermodelExtraction.lean::Note: This linter can be disabled with `set_option linter.style.longLine false`
Theories/Bimodal/Metalogic/Decidability/CountermodelExtraction.lean::Theories/Bimodal/Metalogic/Decidability/CountermodelExtraction.lean:725:100: warning: This line exceeds the 100 character limit, please shorten it!
Theories/Bimodal/Metalogic/Decidability/CountermodelExtraction.lean::
Theories/Bimodal/Metalogic/Decidability/CountermodelExtraction.lean::Note: This linter can be disabled with `set_option linter.style.longLine false`
Theories/Bimodal/Metalogic/Decidability/CountermodelExtraction.lean::Theories/Bimodal/Metalogic/Decidability/CountermodelExtraction.lean:773:2: warning: `push_neg` has been deprecated. Prefer using `push Not` instead.
Theories/Bimodal/Metalogic/Decidability/CountermodelExtraction.lean::If you'd rather continue using `push_neg` in your project, you can implement it as follows:
Theories/Bimodal/Metalogic/Decidability/CountermodelExtraction.lean::```
Theories/Bimodal/Metalogic/Decidability/CountermodelExtraction.lean::open Lean.Parser.Tactic in
Theories/Bimodal/Metalogic/Decidability/CountermodelExtraction.lean::macro "push_neg" cfg:optConfig loc:(location)? : tactic =>
Theories/Bimodal/Metalogic/Decidability/CountermodelExtraction.lean::  `(tactic| push $cfg:optConfig Not $[$loc]?)
Theories/Bimodal/Metalogic/Decidability/CountermodelExtraction.lean::```
Theories/Bimodal/Metalogic/Decidability/CountermodelExtraction.lean::Theories/Bimodal/Metalogic/Decidability/CountermodelExtraction.lean:733:0: warning: Please, add a comment explaining the need for modifying the maxHeartbeat limit, as in
Theories/Bimodal/Metalogic/Decidability/CountermodelExtraction.lean::set_option maxHeartbeats 3200000 in
Theories/Bimodal/Metalogic/Decidability/CountermodelExtraction.lean::-- reason for change
Theories/Bimodal/Metalogic/Decidability/CountermodelExtraction.lean::...
Theories/Bimodal/Metalogic/Decidability/CountermodelExtraction.lean::
Theories/Bimodal/Metalogic/Decidability/CountermodelExtraction.lean::Note: This linter can be disabled with `set_option linter.style.maxHeartbeats false`
Theories/Bimodal/Metalogic/Decidability/CountermodelExtraction.lean::Theories/Bimodal/Metalogic/Decidability/CountermodelExtraction.lean:747:100: warning: This line exceeds the 100 character limit, please shorten it!
Theories/Bimodal/Metalogic/Decidability/CountermodelExtraction.lean::
Theories/Bimodal/Metalogic/Decidability/CountermodelExtraction.lean::Note: This linter can be disabled with `set_option linter.style.longLine false`
Theories/Bimodal/Metalogic/Decidability/CountermodelExtraction.lean::Theories/Bimodal/Metalogic/Decidability/CountermodelExtraction.lean:756:100: warning: This line exceeds the 100 character limit, please shorten it!
Theories/Bimodal/Metalogic/Decidability/CountermodelExtraction.lean::
Theories/Bimodal/Metalogic/Decidability/CountermodelExtraction.lean::Note: This linter can be disabled with `set_option linter.style.longLine false`
Theories/Bimodal/Metalogic/Decidability/CountermodelExtraction.lean::Theories/Bimodal/Metalogic/Decidability/CountermodelExtraction.lean:760:100: warning: This line exceeds the 100 character limit, please shorten it!
Theories/Bimodal/Metalogic/Decidability/CountermodelExtraction.lean::
Theories/Bimodal/Metalogic/Decidability/CountermodelExtraction.lean::Note: This linter can be disabled with `set_option linter.style.longLine false`
Theories/Bimodal/Metalogic/Decidability/CountermodelExtraction.lean::Theories/Bimodal/Metalogic/Decidability/CountermodelExtraction.lean:828:2: warning: `push_neg` has been deprecated. Prefer using `push Not` instead.
Theories/Bimodal/Metalogic/Decidability/CountermodelExtraction.lean::If you'd rather continue using `push_neg` in your project, you can implement it as follows:
Theories/Bimodal/Metalogic/Decidability/CountermodelExtraction.lean::```
Theories/Bimodal/Metalogic/Decidability/CountermodelExtraction.lean::open Lean.Parser.Tactic in
Theories/Bimodal/Metalogic/Decidability/CountermodelExtraction.lean::macro "push_neg" cfg:optConfig loc:(location)? : tactic =>
Theories/Bimodal/Metalogic/Decidability/CountermodelExtraction.lean::  `(tactic| push $cfg:optConfig Not $[$loc]?)
Theories/Bimodal/Metalogic/Decidability/CountermodelExtraction.lean::```
Theories/Bimodal/Metalogic/Decidability/CountermodelExtraction.lean::Theories/Bimodal/Metalogic/Decidability/CountermodelExtraction.lean:795:0: warning: Please, add a comment explaining the need for modifying the maxHeartbeat limit, as in
Theories/Bimodal/Metalogic/Decidability/CountermodelExtraction.lean::set_option maxHeartbeats 3200000 in
Theories/Bimodal/Metalogic/Decidability/CountermodelExtraction.lean::-- reason for change
Theories/Bimodal/Metalogic/Decidability/CountermodelExtraction.lean::...
Theories/Bimodal/Metalogic/Decidability/CountermodelExtraction.lean::
Theories/Bimodal/Metalogic/Decidability/CountermodelExtraction.lean::Note: This linter can be disabled with `set_option linter.style.maxHeartbeats false`
Theories/Bimodal/Metalogic/Decidability/CountermodelExtraction.lean::Theories/Bimodal/Metalogic/Decidability/CountermodelExtraction.lean:807:100: warning: This line exceeds the 100 character limit, please shorten it!
Theories/Bimodal/Metalogic/Decidability/CountermodelExtraction.lean::
Theories/Bimodal/Metalogic/Decidability/CountermodelExtraction.lean::Note: This linter can be disabled with `set_option linter.style.longLine false`
Theories/Bimodal/Metalogic/Decidability/CountermodelExtraction.lean::Theories/Bimodal/Metalogic/Decidability/CountermodelExtraction.lean:816:100: warning: This line exceeds the 100 character limit, please shorten it!
Theories/Bimodal/Metalogic/Decidability/CountermodelExtraction.lean::
Theories/Bimodal/Metalogic/Decidability/CountermodelExtraction.lean::Note: This linter can be disabled with `set_option linter.style.longLine false`
Theories/Bimodal/Metalogic/Decidability/CountermodelExtraction.lean::Theories/Bimodal/Metalogic/Decidability/CountermodelExtraction.lean:893:4: warning: `simp [extractSemanticCountermodel] at hw'` is a flexible tactic modifying `hw'`. Try `simp?` and use the suggested `simp only [...]`. Alternatively, use `suffices` to explicitly state the simplified form.
Theories/Bimodal/Metalogic/Decidability/CountermodelExtraction.lean::
Theories/Bimodal/Metalogic/Decidability/CountermodelExtraction.lean::Note: This linter can be disabled with `set_option linter.flexible false`
Theories/Bimodal/Metalogic/Decidability/CountermodelExtraction.lean::`exact ih w' t (hbox w' hw')`
Theories/Bimodal/Metalogic/Decidability/CountermodelExtraction.lean::uses `hw'`, which was modified by the flexible tactic `simp` on line 893!
Theories/Bimodal/Metalogic/Decidability/CountermodelExtraction.lean::Theories/Bimodal/Metalogic/Decidability/CountermodelExtraction.lean:900:100: warning: This line exceeds the 100 character limit, please shorten it!
Theories/Bimodal/Metalogic/Decidability/CountermodelExtraction.lean::
Theories/Bimodal/Metalogic/Decidability/CountermodelExtraction.lean::Note: This linter can be disabled with `set_option linter.style.longLine false`
Theories/Bimodal/Metalogic/Decidability/CountermodelExtraction.lean::Theories/Bimodal/Metalogic/Decidability/CountermodelExtraction.lean:905:100: warning: This line exceeds the 100 character limit, please shorten it!
Theories/Bimodal/Metalogic/Decidability/CountermodelExtraction.lean::
Theories/Bimodal/Metalogic/Decidability/CountermodelExtraction.lean::Note: This linter can be disabled with `set_option linter.style.longLine false`
Theories/Bimodal/Metalogic/Decidability/CountermodelExtraction.lean::Theories/Bimodal/Metalogic/Decidability/CountermodelExtraction.lean:949:16: warning: `simp [extractSemanticCountermodel]` is a flexible tactic modifying `⊢`. Try `simp?` and use the suggested `simp only [...]`. Alternatively, use `suffices` to explicitly state the simplified form.
Theories/Bimodal/Metalogic/Decidability/CountermodelExtraction.lean::
Theories/Bimodal/Metalogic/Decidability/CountermodelExtraction.lean::Note: This linter can be disabled with `set_option linter.flexible false`
Theories/Bimodal/Metalogic/Decidability/CountermodelExtraction.lean::`exact hw'mem`
Theories/Bimodal/Metalogic/Decidability/CountermodelExtraction.lean::modifies the current goal, which was modified by the flexible tactic `simp` on line 949!
