name	category	kind	module
FormalSystem.Automation.axiom_modal_t	data	def	FormalSystem.Automation.AesopRules
FormalSystem.Automation.axiom_prop_k	data	def	FormalSystem.Automation.AesopRules
FormalSystem.Automation.axiom_prop_s	data	def	FormalSystem.Automation.AesopRules
FormalSystem.Automation.axiom_modal_4	data	def	FormalSystem.Automation.AesopRules
FormalSystem.Automation.axiom_modal_b	data	def	FormalSystem.Automation.AesopRules
FormalSystem.Automation.axiom_temp_4	data	def	FormalSystem.Automation.AesopRules
FormalSystem.Automation.axiom_temp_a	data	def	FormalSystem.Automation.AesopRules
FormalSystem.Automation.modal_t_forward	data	def	FormalSystem.Automation.AesopRules
FormalSystem.Automation.modal_4_forward	data	def	FormalSystem.Automation.AesopRules
FormalSystem.Automation.modal_b_forward	data	def	FormalSystem.Automation.AesopRules
FormalSystem.Automation.temp_4_forward	data	def	FormalSystem.Automation.AesopRules
FormalSystem.Automation.temp_a_forward	data	def	FormalSystem.Automation.AesopRules
FormalSystem.Automation.prop_k_forward	data	def	FormalSystem.Automation.AesopRules
FormalSystem.Automation.prop_s_forward	data	def	FormalSystem.Automation.AesopRules
FormalSystem.Automation.apply_modus_ponens	data	def	FormalSystem.Automation.AesopRules
FormalSystem.Automation.apply_modal_k	data	def	FormalSystem.Automation.AesopRules
FormalSystem.Automation.apply_temporal_k	data	def	FormalSystem.Automation.AesopRules
FormalSystem.Automation.normalize_diamond	data	def	FormalSystem.Automation.AesopRules
FormalSystem.Automation.normalize_always	data	def	FormalSystem.Automation.AesopRules
FormalSystem.Automation.normalize_sometimes	data	def	FormalSystem.Automation.AesopRules
FormalSystem.Automation.normalize_some_past	data	def	FormalSystem.Automation.AesopRules
FormalSystem.Automation.ProofTrace.axioms_used	data	def	FormalSystem.Automation.DatasetGenerator
FormalSystem.Automation.ProofTrace.rules_applied	data	def	FormalSystem.Automation.DatasetGenerator
FormalSystem.Automation.InterestingnessMetrics.ProofData.axioms_used	data	def	FormalSystem.Automation.InterestingnessMetrics
FormalSystem.Automation.InterestingnessMetrics.ProofData.rules_applied	data	def	FormalSystem.Automation.InterestingnessMetrics
FormalSystem.Automation.InterestingnessMetrics.InterestingnessWeights.w_OD	data	def	FormalSystem.Automation.InterestingnessMetrics
FormalSystem.Automation.InterestingnessMetrics.InterestingnessWeights.w_PDR	data	def	FormalSystem.Automation.InterestingnessMetrics
FormalSystem.Automation.InterestingnessMetrics.InterestingnessWeights.w_PRD	data	def	FormalSystem.Automation.InterestingnessMetrics
FormalSystem.Automation.InterestingnessMetrics.InterestingnessWeights.w_ALD	data	def	FormalSystem.Automation.InterestingnessMetrics
FormalSystem.Automation.InterestingnessMetrics.InterestingnessWeights.w_IAD	data	def	FormalSystem.Automation.InterestingnessMetrics
FormalSystem.Automation.InterestingnessMetrics.InterestingnessWeights.w_SS	data	def	FormalSystem.Automation.InterestingnessMetrics
FormalSystem.Automation.InterestingnessMetrics.InterestingnessWeights.w_PR	data	def	FormalSystem.Automation.InterestingnessMetrics
FormalSystem.Automation.LemmaDB.Parser.Attr.tm_lemma	data	def	FormalSystem.Automation.LemmaDB
FormalSystem.Automation.Normalization.tacticModal_norm	data	def	FormalSystem.Automation.Normalization
FormalSystem.Automation.Normalization.tacticProp_norm	data	def	FormalSystem.Automation.Normalization
FormalSystem.Automation.Normalization.tacticModal_op_norm	data	def	FormalSystem.Automation.Normalization
FormalSystem.Automation.Normalization.tacticTemporal_norm	data	def	FormalSystem.Automation.Normalization
FormalSystem.Automation.Normalization.tacticModal_norm_all	data	def	FormalSystem.Automation.Normalization
FormalSystem.Automation.Normalization.tacticModal_fold	data	def	FormalSystem.Automation.Normalization
FormalSystem.Automation.matches_axiom	data	def	FormalSystem.Automation.ProofSearch.Core
FormalSystem.Automation.find_implications_to	data	def	FormalSystem.Automation.ProofSearch.Core
FormalSystem.Automation.box_context	data	def	FormalSystem.Automation.ProofSearch.Core
FormalSystem.Automation.future_context	data	def	FormalSystem.Automation.ProofSearch.Core
FormalSystem.Automation.modal_heuristic_bonus	data	def	FormalSystem.Automation.ProofSearch.Core
FormalSystem.Automation.temporal_heuristic_bonus	data	def	FormalSystem.Automation.ProofSearch.Core
FormalSystem.Automation.structure_heuristic	data	def	FormalSystem.Automation.ProofSearch.Core
FormalSystem.Automation.heuristic_score	data	def	FormalSystem.Automation.ProofSearch.Core
FormalSystem.Automation.advanced_heuristic_score	data	def	FormalSystem.Automation.ProofSearch.Core
FormalSystem.Automation.pattern_aware_score	data	def	FormalSystem.Automation.ProofSearch.Core
FormalSystem.Automation.bounded_search	data	def	FormalSystem.Automation.ProofSearch.Core
FormalSystem.Automation.bounded_search_with_proof	data	def	FormalSystem.Automation.ProofSearch.Core
FormalSystem.Automation.iddfs_search	data	def	FormalSystem.Automation.ProofSearch.Core
FormalSystem.Automation.iddfs_search.iterate	data	def	FormalSystem.Automation.ProofSearch.Core
FormalSystem.Automation.bestFirst_search	data	def	FormalSystem.Automation.ProofSearch.Strategies
FormalSystem.Automation.bestFirst_search.searchLoop	data	def	FormalSystem.Automation.ProofSearch.Strategies
FormalSystem.Automation.search_with_heuristics	data	def	FormalSystem.Automation.ProofSearch.Strategies
FormalSystem.Automation.search_with_cache	data	def	FormalSystem.Automation.ProofSearch.Strategies
FormalSystem.Automation.search_with_learning	data	def	FormalSystem.Automation.ProofSearch.Strategies
FormalSystem.Automation.batch_search_with_learning	data	def	FormalSystem.Automation.ProofSearch.Strategies
FormalSystem.Automation.pattern_stats	data	def	FormalSystem.Automation.ProofSearch.Strategies
FormalSystem.Automation.ProofStepExtractor.ProofStep.goal_folded_json	data	def	FormalSystem.Automation.ProofStepExtractor
FormalSystem.Automation.tacticApply_axiom	data	def	FormalSystem.Automation.Tactics.Helpers
FormalSystem.Automation.tacticModal_t	data	def	FormalSystem.Automation.Tactics.Helpers
FormalSystem.Automation.tacticAssumption_search	data	def	FormalSystem.Automation.Tactics.Helpers
FormalSystem.Automation.is_box_formula	data	def	FormalSystem.Automation.Tactics.Helpers
FormalSystem.Automation.is_future_formula	data	def	FormalSystem.Automation.Tactics.Helpers
FormalSystem.Automation.extract_from_box	data	def	FormalSystem.Automation.Tactics.Helpers
FormalSystem.Automation.extract_from_future	data	def	FormalSystem.Automation.Tactics.Helpers
FormalSystem.Automation.tacticModal_k_tactic	data	def	FormalSystem.Automation.Tactics.Helpers
FormalSystem.Automation.tacticTemporal_k_tactic	data	def	FormalSystem.Automation.Tactics.Helpers
FormalSystem.Automation.tacticModal_4_tactic	data	def	FormalSystem.Automation.Tactics.Helpers
FormalSystem.Automation.tacticModal_b_tactic	data	def	FormalSystem.Automation.Tactics.Helpers
FormalSystem.Automation.tacticProp_decide	data	def	FormalSystem.Automation.Tactics.PropDecide
FormalSystem.FrameConditions.valid_over	prop_valued_definition	def	FormalSystem.FrameConditions.Validity
FormalSystem.FrameConditions.valid_linear	prop_valued_definition	def	FormalSystem.FrameConditions.Validity
FormalSystem.FrameConditions.valid_dense_fc	prop_valued_definition	def	FormalSystem.FrameConditions.Validity
FormalSystem.FrameConditions.valid_discrete_fc	prop_valued_definition	def	FormalSystem.FrameConditions.Validity
FormalSystem.FrameConditions.valid_over_Int	prop_valued_definition	def	FormalSystem.FrameConditions.Validity
FormalSystem.Metalogic.Algebraic.InteriorOperators.box_interior	data	def	FormalSystem.Metalogic.Algebraic.InteriorOperators
FormalSystem.Metalogic.Algebraic.LindenbaumQuotient.neg_quot	data	def	FormalSystem.Metalogic.Algebraic.LindenbaumQuotient
FormalSystem.Metalogic.Algebraic.LindenbaumQuotient.imp_quot	data	def	FormalSystem.Metalogic.Algebraic.LindenbaumQuotient
FormalSystem.Metalogic.Algebraic.LindenbaumQuotient.and_quot	data	def	FormalSystem.Metalogic.Algebraic.LindenbaumQuotient
FormalSystem.Metalogic.Algebraic.LindenbaumQuotient.or_quot	data	def	FormalSystem.Metalogic.Algebraic.LindenbaumQuotient
FormalSystem.Metalogic.Algebraic.LindenbaumQuotient.box_quot	data	def	FormalSystem.Metalogic.Algebraic.LindenbaumQuotient
FormalSystem.Metalogic.Algebraic.LindenbaumQuotient.H_quot	data	def	FormalSystem.Metalogic.Algebraic.LindenbaumQuotient
FormalSystem.Metalogic.Algebraic.LindenbaumQuotient.top_quot	data	def	FormalSystem.Metalogic.Algebraic.LindenbaumQuotient
FormalSystem.Metalogic.Algebraic.LindenbaumQuotient.bot_quot	data	def	FormalSystem.Metalogic.Algebraic.LindenbaumQuotient
FormalSystem.Metalogic.Algebraic.LindenbaumQuotient.sigma_quot	data	def	FormalSystem.Metalogic.Algebraic.LindenbaumQuotient
FormalSystem.Metalogic.Algebraic.ParametricCanonical.parametric_canonical_task_rel	prop_valued_definition	def	FormalSystem.Metalogic.Algebraic.ParametricCanonical
FormalSystem.Metalogic.Algebraic.ParametricHistory.parametric_to_history	data	def	FormalSystem.Metalogic.Algebraic.ParametricHistory
FormalSystem.Metalogic.Algebraic.UltrafilterMCS.ultrafilter_to_mcs	data	def	FormalSystem.Metalogic.Algebraic.UltrafilterMCS
FormalSystem.Metalogic.BXCanonical.fwd_succ	prop_valued_definition	def	FormalSystem.Metalogic.BXCanonical.CanonicalModel
FormalSystem.Metalogic.BXCanonical.bwd_pred	prop_valued_definition	def	FormalSystem.Metalogic.BXCanonical.CanonicalModel
FormalSystem.Metalogic.BXCanonical.fwd_chain	data	def	FormalSystem.Metalogic.BXCanonical.CanonicalModel
FormalSystem.Metalogic.BXCanonical.bwd_chain	data	def	FormalSystem.Metalogic.BXCanonical.CanonicalModel
FormalSystem.Metalogic.BXCanonical.int_chain	prop_valued_definition	def	FormalSystem.Metalogic.BXCanonical.CanonicalModel
FormalSystem.Metalogic.BXCanonical.bx_fmcs	data	def	FormalSystem.Metalogic.BXCanonical.CanonicalModel
FormalSystem.Metalogic.BXCanonical.shifted_bx_fmcs	data	def	FormalSystem.Metalogic.BXCanonical.CanonicalModel
FormalSystem.Metalogic.BXCanonical.fwd_succ_fc	prop_valued_definition	def	FormalSystem.Metalogic.BXCanonical.CanonicalModel
FormalSystem.Metalogic.BXCanonical.bwd_pred_fc	prop_valued_definition	def	FormalSystem.Metalogic.BXCanonical.CanonicalModel
FormalSystem.Metalogic.BXCanonical.fwd_chain_fc	data	def	FormalSystem.Metalogic.BXCanonical.CanonicalModel
FormalSystem.Metalogic.BXCanonical.bwd_chain_fc	data	def	FormalSystem.Metalogic.BXCanonical.CanonicalModel
FormalSystem.Metalogic.BXCanonical.int_chain_fc	prop_valued_definition	def	FormalSystem.Metalogic.BXCanonical.CanonicalModel
FormalSystem.Metalogic.BXCanonical.bx_fmcs_fc	data	def	FormalSystem.Metalogic.BXCanonical.CanonicalModel
FormalSystem.Metalogic.BXCanonical.shifted_bx_fmcs_fc	data	def	FormalSystem.Metalogic.BXCanonical.CanonicalModel
FormalSystem.Metalogic.BXCanonical.henkin_bfmcs	data	def	FormalSystem.Metalogic.BXCanonical.CanonicalModel
FormalSystem.Metalogic.BXCanonical.Chronicle.singleton_chronicle	data	def	FormalSystem.Metalogic.BXCanonical.Chronicle.ChronicleConstruction
FormalSystem.Metalogic.BXCanonical.Chronicle.counterexample_enum	data	def	FormalSystem.Metalogic.BXCanonical.Chronicle.ChronicleConstruction
FormalSystem.Metalogic.BXCanonical.Chronicle.omega_chain	data	def	FormalSystem.Metalogic.BXCanonical.Chronicle.ChronicleConstruction
FormalSystem.Metalogic.BXCanonical.Chronicle.omega_chain_val	data	def	FormalSystem.Metalogic.BXCanonical.Chronicle.ChronicleConstruction
FormalSystem.Metalogic.BXCanonical.Chronicle.omega_chain_elim_result	data	def	FormalSystem.Metalogic.BXCanonical.Chronicle.ChronicleConstruction
FormalSystem.Metalogic.BXCanonical.Chronicle.limit_dom	prop_valued_definition	def	FormalSystem.Metalogic.BXCanonical.Chronicle.ChronicleConstruction
FormalSystem.Metalogic.BXCanonical.Chronicle.limit_f	prop_valued_definition	def	FormalSystem.Metalogic.BXCanonical.Chronicle.ChronicleConstruction
FormalSystem.Metalogic.BXCanonical.Chronicle.limit_g	prop_valued_definition	def	FormalSystem.Metalogic.BXCanonical.Chronicle.ChronicleConstruction
FormalSystem.Metalogic.BXCanonical.Chronicle.collapse_equiv	prop_valued_definition	def	FormalSystem.Metalogic.BXCanonical.Chronicle.ChronicleToCountermodel
FormalSystem.Metalogic.BXCanonical.Chronicle.collapse_setoid	data	def	FormalSystem.Metalogic.BXCanonical.Chronicle.ChronicleToCountermodel
FormalSystem.Metalogic.BXCanonical.Chronicle.collapseClass_linearOrder	data	def	FormalSystem.Metalogic.BXCanonical.Chronicle.ChronicleToCountermodel
FormalSystem.Metalogic.BXCanonical.Chronicle.embed_forward	data	def	FormalSystem.Metalogic.BXCanonical.Chronicle.ChronicleToCountermodel
FormalSystem.Metalogic.BXCanonical.Chronicle.embed_backward	data	def	FormalSystem.Metalogic.BXCanonical.Chronicle.ChronicleToCountermodel
FormalSystem.Metalogic.BXCanonical.Chronicle.discrete_embed	data	def	FormalSystem.Metalogic.BXCanonical.Chronicle.ChronicleToCountermodel
FormalSystem.Metalogic.BXCanonical.Chronicle.discrete_f	prop_valued_definition	def	FormalSystem.Metalogic.BXCanonical.Chronicle.ChronicleToCountermodel
FormalSystem.Metalogic.BXCanonical.Chronicle.discrete_zero	data	def	FormalSystem.Metalogic.BXCanonical.Chronicle.ChronicleToCountermodel
FormalSystem.Metalogic.BXCanonical.Chronicle.discrete_fmcs	data	def	FormalSystem.Metalogic.BXCanonical.Chronicle.ChronicleToCountermodel
FormalSystem.Metalogic.BXCanonical.Chronicle.succ_embed	data	def	FormalSystem.Metalogic.BXCanonical.Chronicle.ChronicleToCountermodel
FormalSystem.Metalogic.BXCanonical.Chronicle.succ_discrete_f	prop_valued_definition	def	FormalSystem.Metalogic.BXCanonical.Chronicle.ChronicleToCountermodel
FormalSystem.Metalogic.BXCanonical.Chronicle.succ_discrete_fmcs	data	def	FormalSystem.Metalogic.BXCanonical.Chronicle.ChronicleToCountermodel
FormalSystem.Metalogic.BXCanonical.Chronicle.shifted_succ_discrete_fmcs	data	def	FormalSystem.Metalogic.BXCanonical.Chronicle.ChronicleToCountermodel
FormalSystem.Metalogic.BXCanonical.Chronicle.rooted_succ_discrete_fmcs	data	def	FormalSystem.Metalogic.BXCanonical.Chronicle.ChronicleToCountermodel
FormalSystem.Metalogic.BXCanonical.Chronicle.cantor_bfmcs_discrete	data	def	FormalSystem.Metalogic.BXCanonical.Chronicle.ChronicleToCountermodel
FormalSystem.Metalogic.BXCanonical.Chronicle.top_formula	data	def	FormalSystem.Metalogic.BXCanonical.Chronicle.ChronicleToCountermodelBasic
FormalSystem.Metalogic.BXCanonical.Chronicle.next_top	data	def	FormalSystem.Metalogic.BXCanonical.Chronicle.ChronicleToCountermodelBasic
FormalSystem.Metalogic.BXCanonical.Chronicle.cantor_iso_dense	data	def	FormalSystem.Metalogic.BXCanonical.Chronicle.ChronicleToCountermodelBasic
FormalSystem.Metalogic.BXCanonical.Chronicle.cantor_f_dense	prop_valued_definition	def	FormalSystem.Metalogic.BXCanonical.Chronicle.ChronicleToCountermodelBasic
FormalSystem.Metalogic.BXCanonical.Chronicle.cantor_zero_dense	data	def	FormalSystem.Metalogic.BXCanonical.Chronicle.ChronicleToCountermodelBasic
FormalSystem.Metalogic.BXCanonical.Chronicle.cantor_fmcs_dense	data	def	FormalSystem.Metalogic.BXCanonical.Chronicle.ChronicleToCountermodelBasic
FormalSystem.Metalogic.BXCanonical.Chronicle.shifted_cantor_fmcs_dense'	data	def	FormalSystem.Metalogic.BXCanonical.Chronicle.ChronicleToCountermodelBasic
FormalSystem.Metalogic.BXCanonical.Chronicle.rooted_cantor_fmcs_dense	data	def	FormalSystem.Metalogic.BXCanonical.Chronicle.ChronicleToCountermodelBasic
FormalSystem.Metalogic.BXCanonical.Chronicle.cantor_bfmcs_dense	data	def	FormalSystem.Metalogic.BXCanonical.Chronicle.ChronicleToCountermodelBasic
FormalSystem.Metalogic.BXCanonical.Chronicle.limitDomSubtype_succ	data	def	FormalSystem.Metalogic.BXCanonical.Chronicle.ChronicleToCountermodelBasic
FormalSystem.Metalogic.BXCanonical.Chronicle.limitDomSubtype_succOrder	data	def	FormalSystem.Metalogic.BXCanonical.Chronicle.ChronicleToCountermodelBasic
FormalSystem.Metalogic.BXCanonical.Chronicle.limitDomSubtype_pred	data	def	FormalSystem.Metalogic.BXCanonical.Chronicle.ChronicleToCountermodelBasic
FormalSystem.Metalogic.BXCanonical.Chronicle.limitDomSubtype_predOrder	data	def	FormalSystem.Metalogic.BXCanonical.Chronicle.ChronicleToCountermodelBasic
FormalSystem.Metalogic.BXCanonical.Chronicle.eliminate_potential_counterexample	data	def	FormalSystem.Metalogic.BXCanonical.Chronicle.CounterexampleElimination
FormalSystem.Metalogic.BXCanonical.Chronicle.EnrichedEvent.h_impl	data	def	FormalSystem.Metalogic.BXCanonical.Chronicle.PointInsertion
FormalSystem.Metalogic.BXCanonical.Chronicle.EnrichedEvent.h_snce	data	def	FormalSystem.Metalogic.BXCanonical.Chronicle.PointInsertion
FormalSystem.Metalogic.BXCanonical.Chronicle.EnrichedEventSince.h_impl	data	def	FormalSystem.Metalogic.BXCanonical.Chronicle.PointInsertion
FormalSystem.Metalogic.BXCanonical.Chronicle.EnrichedEventSince.h_untl	data	def	FormalSystem.Metalogic.BXCanonical.Chronicle.PointInsertion
FormalSystem.Metalogic.BXCanonical.Chronicle.derivation_from_singleton_list	data	def	FormalSystem.Metalogic.BXCanonical.Chronicle.RRelation
FormalSystem.Metalogic.BXCanonical.Filtration.is_until_defect	prop_valued_definition	def	FormalSystem.Metalogic.BXCanonical.Filtration.DefectChain
FormalSystem.Metalogic.BXCanonical.Filtration.sigma_defect_count	data	def	FormalSystem.Metalogic.BXCanonical.Filtration.DefectChain
FormalSystem.Metalogic.BXCanonical.Filtration.sigma_since_defect_count	data	def	FormalSystem.Metalogic.BXCanonical.Filtration.DefectChain
FormalSystem.Metalogic.BXCanonical.bx_le	prop_valued_definition	def	FormalSystem.Metalogic.BXCanonical.Frame
FormalSystem.Metalogic.BXCanonical.bx_modal_equiv	prop_valued_definition	def	FormalSystem.Metalogic.BXCanonical.Frame
FormalSystem.Metalogic.BXCanonical.neg_box_to_box_neg_box	data	def	FormalSystem.Metalogic.BXCanonical.Frame
FormalSystem.Metalogic.BXCanonical.enriched_resolving_seed	prop_valued_definition	def	FormalSystem.Metalogic.BXCanonical.OrderedSeedConsistency
FormalSystem.Metalogic.BXCanonical.Quasimodel.hintikka_step	prop_valued_definition	def	FormalSystem.Metalogic.BXCanonical.Quasimodel.Construction
FormalSystem.Metalogic.BXCanonical.Quasimodel.defect_count	data	def	FormalSystem.Metalogic.BXCanonical.Quasimodel.Construction
FormalSystem.Metalogic.BXCanonical.Quasimodel.since_defect_count	data	def	FormalSystem.Metalogic.BXCanonical.Quasimodel.Construction
FormalSystem.Metalogic.BXCanonical.Quasimodel.sigma_signature_formulas	data	def	FormalSystem.Metalogic.BXCanonical.Quasimodel.HintikkaPoint
FormalSystem.Metalogic.BXCanonical.Quasimodel.sigma_signature	data	def	FormalSystem.Metalogic.BXCanonical.Quasimodel.HintikkaPoint
FormalSystem.Metalogic.BXCanonical.Quasimodel.bigconj_intro	data	def	FormalSystem.Metalogic.BXCanonical.Quasimodel.Realization
FormalSystem.Metalogic.BXCanonical.Quasimodel.bigconj_mem_iff	data	def	FormalSystem.Metalogic.BXCanonical.Quasimodel.Realization
FormalSystem.Metalogic.BXCanonical.Quasimodel.g_content_sigma	prop_valued_definition	def	FormalSystem.Metalogic.BXCanonical.Quasimodel.Realization
FormalSystem.Metalogic.BXCanonical.bx_lt	prop_valued_definition	def	FormalSystem.Metalogic.BXCanonical.TruthLemma
FormalSystem.Metalogic.Bundle.BFMCS.eval_family	data	def	FormalSystem.Metalogic.Bundle.BFMCS
FormalSystem.Metalogic.Bundle.ExistsTask_past	prop_valued_definition	def	FormalSystem.Metalogic.Bundle.CanonicalFrame
FormalSystem.Metalogic.Bundle.iter_F	data	def	FormalSystem.Metalogic.Bundle.CanonicalTaskRelation
FormalSystem.Metalogic.Bundle.closure_F_bound	data	def	FormalSystem.Metalogic.Bundle.CanonicalTaskRelation
FormalSystem.Metalogic.Bundle.iter_P	data	def	FormalSystem.Metalogic.Bundle.CanonicalTaskRelation
FormalSystem.Metalogic.Bundle.closure_P_bound	data	def	FormalSystem.Metalogic.Bundle.CanonicalTaskRelation
FormalSystem.Metalogic.Bundle.lindenbaumMCS_set	prop_valued_definition	def	FormalSystem.Metalogic.Bundle.Construction
FormalSystem.Metalogic.Bundle.is_modally_saturated	prop_valued_definition	def	FormalSystem.Metalogic.Bundle.ModalSaturation
FormalSystem.Metalogic.Bundle.dne_theorem	data	def	FormalSystem.Metalogic.Bundle.ModalSaturation
FormalSystem.Metalogic.Bundle.dni_theorem	data	def	FormalSystem.Metalogic.Bundle.ModalSaturation
FormalSystem.Metalogic.Bundle.box_dne_theorem	data	def	FormalSystem.Metalogic.Bundle.ModalSaturation
FormalSystem.Metalogic.Bundle.modal_5_collapse_theorem	data	def	FormalSystem.Metalogic.Bundle.ModalSaturation
FormalSystem.Metalogic.Bundle.axiom_5_negative_introspection	data	def	FormalSystem.Metalogic.Bundle.ModalSaturation
FormalSystem.Metalogic.Bundle.neg_box_to_box_neg_box	data	def	FormalSystem.Metalogic.Bundle.ModalSaturation
FormalSystem.Metalogic.Bundle.G_dne_theorem	data	def	FormalSystem.Metalogic.Bundle.TemporalCoherence
FormalSystem.Metalogic.Bundle.H_dne_theorem	data	def	FormalSystem.Metalogic.Bundle.TemporalCoherence
FormalSystem.Metalogic.Bundle.BFMCS.temporally_coherent	prop_valued_definition	def	FormalSystem.Metalogic.Bundle.TemporalCoherence
FormalSystem.Metalogic.Bundle.BFMCS.restricted_temporally_coherent	prop_valued_definition	def	FormalSystem.Metalogic.Bundle.TemporalCoherence
FormalSystem.Metalogic.Bundle.BFMCS.until_since_coherent	prop_valued_definition	def	FormalSystem.Metalogic.Bundle.TemporalCoherence
FormalSystem.Metalogic.Bundle.BFMCS.backward_until_since_coherent	prop_valued_definition	def	FormalSystem.Metalogic.Bundle.TemporalCoherence
FormalSystem.Metalogic.Bundle.BFMCS.forward_until_since_coherent	prop_valued_definition	def	FormalSystem.Metalogic.Bundle.TemporalCoherence
FormalSystem.Metalogic.Bundle.BFMCS.restricted_forward_until_since_coherent	prop_valued_definition	def	FormalSystem.Metalogic.Bundle.TemporalCoherence
FormalSystem.Metalogic.Bundle.BFMCS.restricted_backward_until_since_coherent	prop_valued_definition	def	FormalSystem.Metalogic.Bundle.TemporalCoherence
FormalSystem.Metalogic.Bundle.g_content	prop_valued_definition	def	FormalSystem.Metalogic.Bundle.TemporalContent
FormalSystem.Metalogic.Bundle.h_content	prop_valued_definition	def	FormalSystem.Metalogic.Bundle.TemporalContent
FormalSystem.Metalogic.Bundle.f_content	prop_valued_definition	def	FormalSystem.Metalogic.Bundle.TemporalContent
FormalSystem.Metalogic.Bundle.p_content	prop_valued_definition	def	FormalSystem.Metalogic.Bundle.TemporalContent
FormalSystem.Metalogic.Bundle.u_content	prop_valued_definition	def	FormalSystem.Metalogic.Bundle.TemporalContent
FormalSystem.Metalogic.Bundle.s_content	prop_valued_definition	def	FormalSystem.Metalogic.Bundle.TemporalContent
FormalSystem.Metalogic.Bundle.forward_temporal_witness_seed	prop_valued_definition	def	FormalSystem.Metalogic.Bundle.WitnessSeed
FormalSystem.Metalogic.Bundle.past_temporal_witness_seed	prop_valued_definition	def	FormalSystem.Metalogic.Bundle.WitnessSeed
FormalSystem.Metalogic.Bundle.until_witness_seed	prop_valued_definition	def	FormalSystem.Metalogic.Bundle.WitnessSeed
FormalSystem.Metalogic.Bundle.past_temp_a	data	def	FormalSystem.Metalogic.Bundle.WitnessSeed
FormalSystem.Metalogic.Core.deduction_axiom	data	def	FormalSystem.Metalogic.Core.DeductionTheorem
FormalSystem.Metalogic.Core.deduction_assumption_same	data	def	FormalSystem.Metalogic.Core.DeductionTheorem
FormalSystem.Metalogic.Core.deduction_assumption_other	data	def	FormalSystem.Metalogic.Core.DeductionTheorem
FormalSystem.Metalogic.Core.deduction_mp	data	def	FormalSystem.Metalogic.Core.DeductionTheorem
FormalSystem.Metalogic.Core.deduction_theorem	data	def	FormalSystem.Metalogic.Core.DeductionTheorem
FormalSystem.Metalogic.Core.deduction_converse	data	def	FormalSystem.Metalogic.Core.DeductionTheorem
FormalSystem.Metalogic.Core.derivation_exchange	data	def	FormalSystem.Metalogic.Core.MCSProperties
FormalSystem.Metalogic.Core.temp_4_past	data	def	FormalSystem.Metalogic.Core.MCSProperties
FormalSystem.Metalogic.Core.derives_bot_from_phi_neg_phi	data	def	FormalSystem.Metalogic.Core.MaximalConsistent
FormalSystem.Metalogic.Decidability.FMP.subformulaClosure_fintype	data	def	FormalSystem.Metalogic.Decidability.FMP.FiniteModel
FormalSystem.Metalogic.Decidability.Propositional.neg_imp_intro	data	def	FormalSystem.Metalogic.Decidability.Propositional.Kalmar
FormalSystem.Metalogic.Decidability.Propositional.kalmar_step	data	def	FormalSystem.Metalogic.Decidability.Propositional.Kalmar
FormalSystem.Metalogic.Decidability.Propositional.elim_vars	data	def	FormalSystem.Metalogic.Decidability.Propositional.Kalmar
FormalSystem.Metalogic.Decidability.Propositional.tautology_derivable'	data	def	FormalSystem.Metalogic.Decidability.Propositional.Kalmar
FormalSystem.Metalogic.Decidability.Propositional.tautology_derivable_fc'	data	def	FormalSystem.Metalogic.Decidability.Propositional.Kalmar
FormalSystem.Metalogic.Decidability.expandOnceWithApplied_tracedImpl	data	def	FormalSystem.Metalogic.Decidability.Saturation
FormalSystem.Metalogic.Decidability.expandBranchWithFuel_tracedImpl	data	def	FormalSystem.Metalogic.Decidability.Saturation
FormalSystem.Metalogic.Decidability.expandBranchWithFuel_traced	data	def	FormalSystem.Metalogic.Decidability.Saturation
FormalSystem.Metalogic.SoundnessLemmas.is_valid	prop_valued_definition	def	FormalSystem.Metalogic.SoundnessLemmas.Core
FormalSystem.Metalogic.WeakCanonical.ChronicleAsPriorModel.domain_lo	data	def	FormalSystem.Metalogic.WeakCanonical.ChronicleExtraction
FormalSystem.Metalogic.WeakCanonical.ChronicleAsPriorModel.domain_succ	data	def	FormalSystem.Metalogic.WeakCanonical.ChronicleExtraction
FormalSystem.Metalogic.WeakCanonical.ChronicleAsPriorModel.domain_pred	data	def	FormalSystem.Metalogic.WeakCanonical.ChronicleExtraction
FormalSystem.Metalogic.WeakCanonical.ChronicleAsPriorModel.root_point	data	def	FormalSystem.Metalogic.WeakCanonical.ChronicleExtraction
FormalSystem.Metalogic.WeakCanonical.chronicle_prior_domain_linear_order	data	def	FormalSystem.Metalogic.WeakCanonical.ChronicleExtraction
FormalSystem.Metalogic.WeakCanonical.chronicle_discrete_succ	data	def	FormalSystem.Metalogic.WeakCanonical.ChronicleExtraction
FormalSystem.Metalogic.WeakCanonical.chronicle_discrete_pred	data	def	FormalSystem.Metalogic.WeakCanonical.ChronicleExtraction
FormalSystem.Metalogic.WeakCanonical.tacticOrder_refl	data	def	FormalSystem.Metalogic.WeakCanonical.EFGameTactics
FormalSystem.Metalogic.WeakCanonical.tacticOrder_rev	data	def	FormalSystem.Metalogic.WeakCanonical.EFGameTactics
FormalSystem.Metalogic.WeakCanonical.tacticSame_order_type_grid	data	def	FormalSystem.Metalogic.WeakCanonical.EFGameTactics
FormalSystem.Metalogic.WeakCanonical.tacticSame_order_type_grid_uh	data	def	FormalSystem.Metalogic.WeakCanonical.EFGameTactics
FormalSystem.Metalogic.WeakCanonical.sf_disj	data	def	FormalSystem.Metalogic.WeakCanonical.EFGames.CharacteristicFormula
FormalSystem.Metalogic.WeakCanonical.sf_disjList	data	def	FormalSystem.Metalogic.WeakCanonical.EFGames.CharacteristicFormula
FormalSystem.Metalogic.WeakCanonical.sf_conjList	data	def	FormalSystem.Metalogic.WeakCanonical.EFGames.CharacteristicFormula
FormalSystem.Metalogic.WeakCanonical.nf_profile	data	def	FormalSystem.Metalogic.WeakCanonical.EFGames.CharacteristicFormula
FormalSystem.Metalogic.WeakCanonical.x_t_formula	data	def	FormalSystem.Metalogic.WeakCanonical.EFGames.CharacteristicFormula
FormalSystem.Metalogic.WeakCanonical.x_interval_formula	data	def	FormalSystem.Metalogic.WeakCanonical.EFGames.CharacteristicFormula
FormalSystem.Metalogic.WeakCanonical.sf_untl	data	def	FormalSystem.Metalogic.WeakCanonical.EFGames.CharacteristicFormula
FormalSystem.Metalogic.WeakCanonical.sf_snce	data	def	FormalSystem.Metalogic.WeakCanonical.EFGames.CharacteristicFormula
FormalSystem.Metalogic.WeakCanonical.game_tuple	data	def	FormalSystem.Metalogic.WeakCanonical.EFGames.CustomGame
FormalSystem.Metalogic.WeakCanonical.same_order_type	prop_valued_definition	def	FormalSystem.Metalogic.WeakCanonical.EFGames.CustomGame
FormalSystem.Metalogic.WeakCanonical.formula_agreement	prop_valued_definition	def	FormalSystem.Metalogic.WeakCanonical.EFGames.CustomGame
FormalSystem.Metalogic.WeakCanonical.gap_point_agreement	prop_valued_definition	def	FormalSystem.Metalogic.WeakCanonical.EFGames.CustomGame
FormalSystem.Metalogic.WeakCanonical.ghr93_winning_condition	prop_valued_definition	def	FormalSystem.Metalogic.WeakCanonical.EFGames.CustomGame
FormalSystem.Metalogic.WeakCanonical.ghr93_duplicator_wins	prop_valued_definition	def	FormalSystem.Metalogic.WeakCanonical.EFGames.CustomGame
FormalSystem.Metalogic.WeakCanonical.sf_verum	data	def	FormalSystem.Metalogic.WeakCanonical.EFGames.CustomGame
FormalSystem.Metalogic.WeakCanonical.sf_K_plus	data	def	FormalSystem.Metalogic.WeakCanonical.EFGames.CustomGame
FormalSystem.Metalogic.WeakCanonical.sf_K_minus	data	def	FormalSystem.Metalogic.WeakCanonical.EFGames.CustomGame
FormalSystem.Metalogic.WeakCanonical.gap_char_formula	data	def	FormalSystem.Metalogic.WeakCanonical.EFGames.CustomGame
FormalSystem.Metalogic.WeakCanonical.in_rank_embed_range	prop_valued_definition	def	FormalSystem.Metalogic.WeakCanonical.EFGames.CustomGame
FormalSystem.Metalogic.WeakCanonical.decomposition_agreement	prop_valued_definition	def	FormalSystem.Metalogic.WeakCanonical.EFGames.Decomposition
FormalSystem.Metalogic.WeakCanonical.EFPosition.selected_M	data	def	FormalSystem.Metalogic.WeakCanonical.EFGames.Defs
FormalSystem.Metalogic.WeakCanonical.EFPosition.selected_N	data	def	FormalSystem.Metalogic.WeakCanonical.EFGames.Defs
FormalSystem.Metalogic.WeakCanonical.ef_duplicator_wins	prop_valued_definition	def	FormalSystem.Metalogic.WeakCanonical.EFGames.Defs
FormalSystem.Metalogic.WeakCanonical.game_depth	data	def	FormalSystem.Metalogic.WeakCanonical.EFGames.Defs
FormalSystem.Metalogic.WeakCanonical.stavi_depth	data	def	FormalSystem.Metalogic.WeakCanonical.EFGames.Defs
FormalSystem.Metalogic.WeakCanonical.stavi_n_equiv	prop_valued_definition	def	FormalSystem.Metalogic.WeakCanonical.EFGames.Defs
FormalSystem.Metalogic.WeakCanonical.gap_definable_on_left	prop_valued_definition	def	FormalSystem.Metalogic.WeakCanonical.EFGames.Defs
FormalSystem.Metalogic.WeakCanonical.gap_definable_on_right	prop_valued_definition	def	FormalSystem.Metalogic.WeakCanonical.EFGames.Defs
FormalSystem.Metalogic.WeakCanonical.r_definable_gap	prop_valued_definition	def	FormalSystem.Metalogic.WeakCanonical.EFGames.Defs
FormalSystem.Metalogic.WeakCanonical.left_formula_base	data	def	FormalSystem.Metalogic.WeakCanonical.EFGames.GapDetection
FormalSystem.Metalogic.WeakCanonical.left_formula	data	def	FormalSystem.Metalogic.WeakCanonical.EFGames.GapDetection
FormalSystem.Metalogic.WeakCanonical.right_formula_base	data	def	FormalSystem.Metalogic.WeakCanonical.EFGames.GapDetection
FormalSystem.Metalogic.WeakCanonical.right_formula	data	def	FormalSystem.Metalogic.WeakCanonical.EFGames.GapDetection
FormalSystem.Metalogic.WeakCanonical.table_mu	data	def	FormalSystem.Metalogic.WeakCanonical.EFGames.StaviCompleteness
FormalSystem.Metalogic.WeakCanonical.stavi_table_mu	data	def	FormalSystem.Metalogic.WeakCanonical.EFGames.StaviCompleteness
FormalSystem.Metalogic.WeakCanonical.stavi_fo_depth	data	def	FormalSystem.Metalogic.WeakCanonical.EFGames.StaviCompleteness
FormalSystem.Metalogic.WeakCanonical.atomKind_to_sf_literal	data	def	FormalSystem.Metalogic.WeakCanonical.EFGames.StaviCompleteness
FormalSystem.Metalogic.WeakCanonical.nf_t_consistent	data	def	FormalSystem.Metalogic.WeakCanonical.EFGames.StaviCompleteness
FormalSystem.Metalogic.WeakCanonical.interval_nf_types	data	def	FormalSystem.Metalogic.WeakCanonical.EFGames.StaviCompleteness
FormalSystem.Metalogic.WeakCanonical.interval_2var_nf_types	data	def	FormalSystem.Metalogic.WeakCanonical.EFGames.StaviCompleteness
FormalSystem.Metalogic.WeakCanonical.rank_embed_gap	data	def	FormalSystem.Metalogic.WeakCanonical.EFGames.TypeFormulas
FormalSystem.Metalogic.WeakCanonical.rank_embed	data	def	FormalSystem.Metalogic.WeakCanonical.EFGames.TypeFormulas
FormalSystem.Metalogic.WeakCanonical.muSig_fintypePreds	data	def	FormalSystem.Metalogic.WeakCanonical.EFGames.TypeFormulas
FormalSystem.Metalogic.WeakCanonical.muSig_decEqPreds	data	def	FormalSystem.Metalogic.WeakCanonical.EFGames.TypeFormulas
FormalSystem.Metalogic.WeakCanonical.mu_holds	prop_valued_definition	def	FormalSystem.Metalogic.WeakCanonical.EFGames.TypeFormulas
FormalSystem.Metalogic.WeakCanonical.temporal_truth_mu	prop_valued_definition	def	FormalSystem.Metalogic.WeakCanonical.EFGames.TypeFormulas
FormalSystem.Metalogic.WeakCanonical.stavi_temporal_truth_mu	prop_valued_definition	def	FormalSystem.Metalogic.WeakCanonical.EFGames.TypeFormulas
FormalSystem.Metalogic.WeakCanonical.rank_type	prop_valued_definition	def	FormalSystem.Metalogic.WeakCanonical.EFGames.TypeFormulas
FormalSystem.Metalogic.WeakCanonical.interval_types	prop_valued_definition	def	FormalSystem.Metalogic.WeakCanonical.EFGames.TypeFormulas
FormalSystem.Metalogic.WeakCanonical.base_case_emb	data	def	FormalSystem.Metalogic.WeakCanonical.Expressiveness.Claim1
FormalSystem.Metalogic.WeakCanonical.cont_holds	prop_valued_definition	def	FormalSystem.Metalogic.WeakCanonical.Expressiveness.Claim1
FormalSystem.Metalogic.WeakCanonical.cont_holds_cross	prop_valued_definition	def	FormalSystem.Metalogic.WeakCanonical.Expressiveness.Claim1
FormalSystem.Metalogic.WeakCanonical.continuation_set_cross	prop_valued_definition	def	FormalSystem.Metalogic.WeakCanonical.Expressiveness.Claim1
FormalSystem.Metalogic.WeakCanonical.continuation_set	prop_valued_definition	def	FormalSystem.Metalogic.WeakCanonical.Expressiveness.Claim1
FormalSystem.Metalogic.WeakCanonical.inf_carrier_cut	prop_valued_definition	def	FormalSystem.Metalogic.WeakCanonical.Expressiveness.Claim1
FormalSystem.Metalogic.WeakCanonical.infimum_gap	data	def	FormalSystem.Metalogic.WeakCanonical.Expressiveness.Claim1
FormalSystem.Metalogic.WeakCanonical.ZIntervalStructure.intervalCarrier_linearOrder	data	def	FormalSystem.Metalogic.WeakCanonical.IntegerModel.GoodStructures
FormalSystem.Metalogic.WeakCanonical.very_good	prop_valued_definition	def	FormalSystem.Metalogic.WeakCanonical.IntegerModel.GoodStructures
FormalSystem.Metalogic.WeakCanonical.contemp_equiv	prop_valued_definition	def	FormalSystem.Metalogic.WeakCanonical.IntegerModel.GoodStructures
FormalSystem.Metalogic.WeakCanonical.predicate_accessible	prop_valued_definition	def	FormalSystem.Metalogic.WeakCanonical.IntegerModel.GoodStructuresModelSurgery
FormalSystem.Metalogic.WeakCanonical.all_predicates_accessible	prop_valued_definition	def	FormalSystem.Metalogic.WeakCanonical.IntegerModel.GoodStructuresModelSurgery
FormalSystem.Metalogic.WeakCanonical.limitdom_monadic_structure	data	def	FormalSystem.Metalogic.WeakCanonical.IntegerModel.ReynoldsBridge
FormalSystem.Metalogic.WeakCanonical.limitdom_monadic_structure_succOrder	data	def	FormalSystem.Metalogic.WeakCanonical.IntegerModel.ReynoldsBridge
FormalSystem.Metalogic.WeakCanonical.limitdom_monadic_structure_predOrder	data	def	FormalSystem.Metalogic.WeakCanonical.IntegerModel.ReynoldsBridge
FormalSystem.Metalogic.WeakCanonical.limitdom_effectiveFormula	data	def	FormalSystem.Metalogic.WeakCanonical.IntegerModel.ReynoldsBridge
FormalSystem.Metalogic.WeakCanonical.zTaskFrame_v2	data	def	FormalSystem.Metalogic.WeakCanonical.IntegerModel.ReynoldsBridge
FormalSystem.Metalogic.WeakCanonical.zHistory_v2	data	def	FormalSystem.Metalogic.WeakCanonical.IntegerModel.ReynoldsBridge
FormalSystem.Metalogic.WeakCanonical.zOmega_v2	prop_valued_definition	def	FormalSystem.Metalogic.WeakCanonical.IntegerModel.ReynoldsBridge
FormalSystem.Metalogic.WeakCanonical.zTaskModel_v2	data	def	FormalSystem.Metalogic.WeakCanonical.IntegerModel.ReynoldsBridge
FormalSystem.Metalogic.WeakCanonical.Kamp.inf_bracket_formula	data	def	FormalSystem.Metalogic.WeakCanonical.Kamp.EANegationClosure
FormalSystem.Metalogic.WeakCanonical.Kamp.neg_b2_bracket_formula	data	def	FormalSystem.Metalogic.WeakCanonical.Kamp.EANegationClosure
FormalSystem.Metalogic.WeakCanonical.Kamp.NegFixGateProbe.caseA_Z	data	def	FormalSystem.Metalogic.WeakCanonical.Kamp.EANegationFix.NegFixOne
FormalSystem.Metalogic.WeakCanonical.Kamp.NegFixGateProbe.caseB1_Z	data	def	FormalSystem.Metalogic.WeakCanonical.Kamp.EANegationFix.NegFixOne
FormalSystem.Metalogic.WeakCanonical.Kamp.NegFixGateProbe.caseB2_Z	data	def	FormalSystem.Metalogic.WeakCanonical.Kamp.EANegationFix.NegFixOne
FormalSystem.Metalogic.WeakCanonical.Kamp.NegFixGateProbe.caseB3_Z	data	def	FormalSystem.Metalogic.WeakCanonical.Kamp.EANegationFix.NegFixOne
FormalSystem.Metalogic.WeakCanonical.Kamp.NegFixGateProbe.caseB4_Z	data	def	FormalSystem.Metalogic.WeakCanonical.Kamp.EANegationFix.NegFixOne
FormalSystem.Metalogic.WeakCanonical.sigE_decEqPreds	data	def	FormalSystem.Metalogic.WeakCanonical.Kamp.ESigmaExpansion
FormalSystem.Metalogic.WeakCanonical.Kamp.TemporalPred.eval_at	prop_valued_definition	def	FormalSystem.Metalogic.WeakCanonical.Kamp.ExistsForallNF
FormalSystem.Metalogic.WeakCanonical.Kamp.kvE2_futAnyBit	data	def	FormalSystem.Metalogic.WeakCanonical.Kamp.ExteriorNegation
FormalSystem.Metalogic.WeakCanonical.Kamp.kvE2_futSpikeBase	data	def	FormalSystem.Metalogic.WeakCanonical.Kamp.ExteriorNegation
FormalSystem.Metalogic.WeakCanonical.Kamp.kvE2_futSpikeZoneBit	data	def	FormalSystem.Metalogic.WeakCanonical.Kamp.ExteriorNegation
FormalSystem.Metalogic.WeakCanonical.Kamp.kvE2_futSpikeSigma	data	def	FormalSystem.Metalogic.WeakCanonical.Kamp.ExteriorNegation
FormalSystem.Metalogic.WeakCanonical.Kamp.kvE2_futSpikeEnd	data	def	FormalSystem.Metalogic.WeakCanonical.Kamp.ExteriorNegation
FormalSystem.Metalogic.WeakCanonical.Kamp.kvE2_futSpikePos	data	def	FormalSystem.Metalogic.WeakCanonical.Kamp.ExteriorNegation
FormalSystem.Metalogic.WeakCanonical.Kamp.kvE2_extNegFutSpike	data	def	FormalSystem.Metalogic.WeakCanonical.Kamp.ExteriorNegation
FormalSystem.Metalogic.WeakCanonical.Kamp.kvE2_futGapBit	data	def	FormalSystem.Metalogic.WeakCanonical.Kamp.ExteriorNegation
FormalSystem.Metalogic.WeakCanonical.Kamp.kvE2_futRayBit	data	def	FormalSystem.Metalogic.WeakCanonical.Kamp.ExteriorNegation
FormalSystem.Metalogic.WeakCanonical.Kamp.kvE2_futSelfBit	data	def	FormalSystem.Metalogic.WeakCanonical.Kamp.ExteriorNegation
FormalSystem.Metalogic.WeakCanonical.Kamp.kvE2_futGapList	data	def	FormalSystem.Metalogic.WeakCanonical.Kamp.ExteriorNegation
FormalSystem.Metalogic.WeakCanonical.Kamp.kvE2_futRayList	data	def	FormalSystem.Metalogic.WeakCanonical.Kamp.ExteriorNegation
FormalSystem.Metalogic.WeakCanonical.Kamp.kvE2_futPossibleZones	data	def	FormalSystem.Metalogic.WeakCanonical.Kamp.ExteriorNegation
FormalSystem.Metalogic.WeakCanonical.Kamp.kvE2_futAdmissible	data	def	FormalSystem.Metalogic.WeakCanonical.Kamp.ExteriorNegation
FormalSystem.Metalogic.WeakCanonical.Kamp.kvE2_futGapD	data	def	FormalSystem.Metalogic.WeakCanonical.Kamp.ExteriorNegation
FormalSystem.Metalogic.WeakCanonical.Kamp.kvE2_futRayD	data	def	FormalSystem.Metalogic.WeakCanonical.Kamp.ExteriorNegation
FormalSystem.Metalogic.WeakCanonical.Kamp.kvE2_futRayForm	data	def	FormalSystem.Metalogic.WeakCanonical.Kamp.ExteriorNegation
FormalSystem.Metalogic.WeakCanonical.Kamp.kvE2_futEnd	data	def	FormalSystem.Metalogic.WeakCanonical.Kamp.ExteriorNegation
FormalSystem.Metalogic.WeakCanonical.Kamp.kvE2_futChain	data	def	FormalSystem.Metalogic.WeakCanonical.Kamp.ExteriorNegation
FormalSystem.Metalogic.WeakCanonical.Kamp.kvE2_futPos	data	def	FormalSystem.Metalogic.WeakCanonical.Kamp.ExteriorNegation
FormalSystem.Metalogic.WeakCanonical.Kamp.kvE2_extNegFut	data	def	FormalSystem.Metalogic.WeakCanonical.Kamp.ExteriorNegation
FormalSystem.Metalogic.WeakCanonical.Kamp.kvE2_pastGapBit	data	def	FormalSystem.Metalogic.WeakCanonical.Kamp.ExteriorNegationPast
FormalSystem.Metalogic.WeakCanonical.Kamp.kvE2_pastRayBit	data	def	FormalSystem.Metalogic.WeakCanonical.Kamp.ExteriorNegationPast
FormalSystem.Metalogic.WeakCanonical.Kamp.kvE2_pastSelfBit	data	def	FormalSystem.Metalogic.WeakCanonical.Kamp.ExteriorNegationPast
FormalSystem.Metalogic.WeakCanonical.Kamp.kvE2_pastGapList	data	def	FormalSystem.Metalogic.WeakCanonical.Kamp.ExteriorNegationPast
FormalSystem.Metalogic.WeakCanonical.Kamp.kvE2_pastRayList	data	def	FormalSystem.Metalogic.WeakCanonical.Kamp.ExteriorNegationPast
FormalSystem.Metalogic.WeakCanonical.Kamp.kvE2_pastPossibleZones	data	def	FormalSystem.Metalogic.WeakCanonical.Kamp.ExteriorNegationPast
FormalSystem.Metalogic.WeakCanonical.Kamp.kvE2_pastAdmissible	data	def	FormalSystem.Metalogic.WeakCanonical.Kamp.ExteriorNegationPast
FormalSystem.Metalogic.WeakCanonical.Kamp.kvE2_pastGapD	data	def	FormalSystem.Metalogic.WeakCanonical.Kamp.ExteriorNegationPast
FormalSystem.Metalogic.WeakCanonical.Kamp.kvE2_pastRayD	data	def	FormalSystem.Metalogic.WeakCanonical.Kamp.ExteriorNegationPast
FormalSystem.Metalogic.WeakCanonical.Kamp.kvE2_pastRayForm	data	def	FormalSystem.Metalogic.WeakCanonical.Kamp.ExteriorNegationPast
FormalSystem.Metalogic.WeakCanonical.Kamp.kvE2_pastEnd	data	def	FormalSystem.Metalogic.WeakCanonical.Kamp.ExteriorNegationPast
FormalSystem.Metalogic.WeakCanonical.Kamp.kvE2_pastChain	data	def	FormalSystem.Metalogic.WeakCanonical.Kamp.ExteriorNegationPast
FormalSystem.Metalogic.WeakCanonical.Kamp.kvE2_pastPos	data	def	FormalSystem.Metalogic.WeakCanonical.Kamp.ExteriorNegationPast
FormalSystem.Metalogic.WeakCanonical.Kamp.kvE2_extNegPast	data	def	FormalSystem.Metalogic.WeakCanonical.Kamp.ExteriorNegationPast
FormalSystem.Metalogic.WeakCanonical.Kamp.nf_succ_char_formula	data	def	FormalSystem.Metalogic.WeakCanonical.Kamp.KampPrior
FormalSystem.Metalogic.WeakCanonical.Kamp.nf_2var_exist_depth0_tl_fn	data	def	FormalSystem.Metalogic.WeakCanonical.Kamp.KampPrior
FormalSystem.Metalogic.WeakCanonical.Kamp.nf_nvar_exist_all_depths_fn	data	def	FormalSystem.Metalogic.WeakCanonical.Kamp.KampPrior
FormalSystem.Metalogic.WeakCanonical.Kamp.nf_characterizable_temporal_prior	data	def	FormalSystem.Metalogic.WeakCanonical.Kamp.KampPrior
FormalSystem.Metalogic.WeakCanonical.Kamp.kamp_prior_expressive_completeness	data	def	FormalSystem.Metalogic.WeakCanonical.Kamp.KampPrior
FormalSystem.Metalogic.WeakCanonical.Kamp.kampPrior_existProviders_of_ih	data	def	FormalSystem.Metalogic.WeakCanonical.Kamp.KampPrior
FormalSystem.Metalogic.WeakCanonical.Kamp.kampPrior_existProviders_one_of_ih	data	def	FormalSystem.Metalogic.WeakCanonical.Kamp.KampPrior
FormalSystem.Metalogic.WeakCanonical.Kamp.kampPrior_existProviders_zero	data	def	FormalSystem.Metalogic.WeakCanonical.Kamp.KampPrior
FormalSystem.Metalogic.WeakCanonical.Kamp.O_zero	data	def	FormalSystem.Metalogic.WeakCanonical.Kamp.Lemma53
FormalSystem.Metalogic.WeakCanonical.Kamp.O_one	data	def	FormalSystem.Metalogic.WeakCanonical.Kamp.Lemma53
FormalSystem.Metalogic.WeakCanonical.Kamp.mergeNF_succ	data	def	FormalSystem.Metalogic.WeakCanonical.Kamp.NfDepth0Generalized
FormalSystem.Metalogic.WeakCanonical.Kamp.nf_nvar_exist_depth0_tl_fn	data	def	FormalSystem.Metalogic.WeakCanonical.Kamp.NfDepth0Generalized
FormalSystem.Metalogic.WeakCanonical.Kamp.nf_quant_clause_tl	data	def	FormalSystem.Metalogic.WeakCanonical.Kamp.NfDepth0Generalized
FormalSystem.Metalogic.WeakCanonical.Kamp.nf_eval_efold	prop_valued_definition	def	FormalSystem.Metalogic.WeakCanonical.Kamp.NfEFold
FormalSystem.Metalogic.WeakCanonical.Kamp.nf0_zoneSpec	data	def	FormalSystem.Metalogic.WeakCanonical.Kamp.NfEFold
FormalSystem.Metalogic.WeakCanonical.Kamp.nf0_projFresh	data	def	FormalSystem.Metalogic.WeakCanonical.Kamp.NfEFold
FormalSystem.Metalogic.WeakCanonical.Kamp.nf0_dropFresh	data	def	FormalSystem.Metalogic.WeakCanonical.Kamp.NfEFold
FormalSystem.Metalogic.WeakCanonical.Kamp.nf0_assemble	data	def	FormalSystem.Metalogic.WeakCanonical.Kamp.NfEFold
FormalSystem.Metalogic.WeakCanonical.Kamp.efold_of_nf1	data	def	FormalSystem.Metalogic.WeakCanonical.Kamp.NfEFold
FormalSystem.Metalogic.WeakCanonical.Kamp.nfk_dropFresh	data	def	FormalSystem.Metalogic.WeakCanonical.Kamp.NfEFold
FormalSystem.Metalogic.WeakCanonical.Kamp.nfk_zoneSpec	data	def	FormalSystem.Metalogic.WeakCanonical.Kamp.NfEFold
FormalSystem.Metalogic.WeakCanonical.Kamp.nf_eval_efold_k	prop_valued_definition	def	FormalSystem.Metalogic.WeakCanonical.Kamp.NfEFold
FormalSystem.Metalogic.WeakCanonical.Kamp.kampArm_past_k0	data	def	FormalSystem.Metalogic.WeakCanonical.Kamp.NfMultiAnchorBridge.AggregateHookDischarge
FormalSystem.Metalogic.WeakCanonical.Kamp.kampArm_diag_k0	data	def	FormalSystem.Metalogic.WeakCanonical.Kamp.NfMultiAnchorBridge.AggregateHookDischarge
FormalSystem.Metalogic.WeakCanonical.Kamp.kampArm_future_k0	data	def	FormalSystem.Metalogic.WeakCanonical.Kamp.NfMultiAnchorBridge.AggregateHookDischarge
FormalSystem.Metalogic.WeakCanonical.Kamp.kampArm_diag_k1	data	def	FormalSystem.Metalogic.WeakCanonical.Kamp.NfMultiAnchorBridge.AggregateHookDischarge
FormalSystem.Metalogic.WeakCanonical.Kamp.kampArm_past_k1	data	def	FormalSystem.Metalogic.WeakCanonical.Kamp.NfMultiAnchorBridge.AggregateOffDiagK1
FormalSystem.Metalogic.WeakCanonical.Kamp.kampArm_future_k1	data	def	FormalSystem.Metalogic.WeakCanonical.Kamp.NfMultiAnchorBridge.AggregateOffDiagK1
FormalSystem.Metalogic.WeakCanonical.Kamp.nf_char2_diag_exist_tl	data	def	FormalSystem.Metalogic.WeakCanonical.Kamp.NfMultiAnchorBridge.Base
FormalSystem.Metalogic.WeakCanonical.Kamp.nf_char2_atom_part	data	def	FormalSystem.Metalogic.WeakCanonical.Kamp.NfMultiAnchorBridge.Base
FormalSystem.Metalogic.WeakCanonical.Kamp.nf2_locus	data	def	FormalSystem.Metalogic.WeakCanonical.Kamp.NfMultiAnchorBridge.Base
FormalSystem.Metalogic.WeakCanonical.Kamp.nf_char2_atom_offdiag_endpoint	data	def	FormalSystem.Metalogic.WeakCanonical.Kamp.NfMultiAnchorBridge.Base
FormalSystem.Metalogic.WeakCanonical.Kamp.nf_char2_atom_offdiag_origin	data	def	FormalSystem.Metalogic.WeakCanonical.Kamp.NfMultiAnchorBridge.Base
FormalSystem.Metalogic.WeakCanonical.Kamp.nf_char2_formula	data	def	FormalSystem.Metalogic.WeakCanonical.Kamp.NfMultiAnchorBridge.Base
FormalSystem.Metalogic.WeakCanonical.Kamp.nf_zone_flatten_navigable	prop_valued_definition	def	FormalSystem.Metalogic.WeakCanonical.Kamp.NfMultiAnchorBridge.Base
FormalSystem.Metalogic.WeakCanonical.Kamp.A_diag	data	def	FormalSystem.Metalogic.WeakCanonical.Kamp.NfMultiAnchorBridge.Base
FormalSystem.Metalogic.WeakCanonical.Kamp.nf_char3_endpoint_tl	data	def	FormalSystem.Metalogic.WeakCanonical.Kamp.NfMultiAnchorBridge.Base
FormalSystem.Metalogic.WeakCanonical.Kamp.nf3_locus0	data	def	FormalSystem.Metalogic.WeakCanonical.Kamp.NfMultiAnchorBridge.Base
FormalSystem.Metalogic.WeakCanonical.Kamp.nf_char2_past_formula	data	def	FormalSystem.Metalogic.WeakCanonical.Kamp.NfMultiAnchorBridge.Base
FormalSystem.Metalogic.WeakCanonical.Kamp.nf_char2_atom_offdiag_origin_future	data	def	FormalSystem.Metalogic.WeakCanonical.Kamp.NfMultiAnchorBridge.Base
FormalSystem.Metalogic.WeakCanonical.Kamp.nf_char2_future_formula	data	def	FormalSystem.Metalogic.WeakCanonical.Kamp.NfMultiAnchorBridge.Base
FormalSystem.Metalogic.WeakCanonical.Kamp.nfN_locus0	data	def	FormalSystem.Metalogic.WeakCanonical.Kamp.NfMultiAnchorBridge.Base
FormalSystem.Metalogic.WeakCanonical.Kamp.nf_endpoint_tl_gen	data	def	FormalSystem.Metalogic.WeakCanonical.Kamp.NfMultiAnchorBridge.Base
FormalSystem.Metalogic.WeakCanonical.Kamp.bracketEndChar_k0	data	def	FormalSystem.Metalogic.WeakCanonical.Kamp.NfMultiAnchorBridge.CarrierK1V
FormalSystem.Metalogic.WeakCanonical.Kamp.bracketEndChar_k1	data	def	FormalSystem.Metalogic.WeakCanonical.Kamp.NfMultiAnchorBridge.CarrierK1V
FormalSystem.Metalogic.WeakCanonical.Kamp.bracketEndChar_k1v	data	def	FormalSystem.Metalogic.WeakCanonical.Kamp.NfMultiAnchorBridge.CarrierK1V
FormalSystem.Metalogic.WeakCanonical.Kamp.atomKind_castLE	data	def	FormalSystem.Metalogic.WeakCanonical.Kamp.NfMultiAnchorBridge.CarrierKv
FormalSystem.Metalogic.WeakCanonical.Kamp.nfk_take	data	def	FormalSystem.Metalogic.WeakCanonical.Kamp.NfMultiAnchorBridge.CarrierKv
FormalSystem.Metalogic.WeakCanonical.Kamp.nfk_projFresh	data	def	FormalSystem.Metalogic.WeakCanonical.Kamp.NfMultiAnchorBridge.CarrierKv
FormalSystem.Metalogic.WeakCanonical.Kamp.bracketEndChar_kv	data	def	FormalSystem.Metalogic.WeakCanonical.Kamp.NfMultiAnchorBridge.CarrierKv
FormalSystem.Metalogic.WeakCanonical.Kamp.bracketEndChar_kvFib	data	def	FormalSystem.Metalogic.WeakCanonical.Kamp.NfMultiAnchorBridge.CarrierKv
FormalSystem.Metalogic.WeakCanonical.Kamp.kvE_ambientDeepAnchor	data	def	FormalSystem.Metalogic.WeakCanonical.Kamp.NfMultiAnchorBridge.ExteriorAmbientDeepAnchorK
FormalSystem.Metalogic.WeakCanonical.Kamp.kvE2_futBelowZones	data	def	FormalSystem.Metalogic.WeakCanonical.Kamp.NfMultiAnchorBridge.ExteriorBracket
FormalSystem.Metalogic.WeakCanonical.Kamp.kvE2_pastAboveZones	data	def	FormalSystem.Metalogic.WeakCanonical.Kamp.NfMultiAnchorBridge.ExteriorBracket
FormalSystem.Metalogic.WeakCanonical.Kamp.kvE2_futMarked	data	def	FormalSystem.Metalogic.WeakCanonical.Kamp.NfMultiAnchorBridge.ExteriorBracket
FormalSystem.Metalogic.WeakCanonical.Kamp.kvE2_pastMarked	data	def	FormalSystem.Metalogic.WeakCanonical.Kamp.NfMultiAnchorBridge.ExteriorBracket
FormalSystem.Metalogic.WeakCanonical.Kamp.kvE2_extBracketFut	data	def	FormalSystem.Metalogic.WeakCanonical.Kamp.NfMultiAnchorBridge.ExteriorBracket
FormalSystem.Metalogic.WeakCanonical.Kamp.kvE2_extBracketPast	data	def	FormalSystem.Metalogic.WeakCanonical.Kamp.NfMultiAnchorBridge.ExteriorBracket
FormalSystem.Metalogic.WeakCanonical.Kamp.bracketEndChar_kvE2Ext	data	def	FormalSystem.Metalogic.WeakCanonical.Kamp.NfMultiAnchorBridge.ExteriorBracket
FormalSystem.Metalogic.WeakCanonical.Kamp.kvE_extBracketFut	data	def	FormalSystem.Metalogic.WeakCanonical.Kamp.NfMultiAnchorBridge.ExteriorBracketAssembleK
FormalSystem.Metalogic.WeakCanonical.Kamp.kvE_extBracketPast	data	def	FormalSystem.Metalogic.WeakCanonical.Kamp.NfMultiAnchorBridge.ExteriorBracketAssembleK
FormalSystem.Metalogic.WeakCanonical.Kamp.nfk_truncD	data	def	FormalSystem.Metalogic.WeakCanonical.Kamp.NfMultiAnchorBridge.ExteriorBracketK
FormalSystem.Metalogic.WeakCanonical.Kamp.kvE_sepPos	data	def	FormalSystem.Metalogic.WeakCanonical.Kamp.NfMultiAnchorBridge.ExteriorBracketK
FormalSystem.Metalogic.WeakCanonical.Kamp.kvE_projFreshD	data	def	FormalSystem.Metalogic.WeakCanonical.Kamp.NfMultiAnchorBridge.ExteriorBracketK
FormalSystem.Metalogic.WeakCanonical.Kamp.kvE_futAnyBit	data	def	FormalSystem.Metalogic.WeakCanonical.Kamp.NfMultiAnchorBridge.ExteriorBracketK
FormalSystem.Metalogic.WeakCanonical.Kamp.kvE_subBit	data	def	FormalSystem.Metalogic.WeakCanonical.Kamp.NfMultiAnchorBridge.ExteriorBracketK
FormalSystem.Metalogic.WeakCanonical.Kamp.kvE_fiberElemConsistent	data	def	FormalSystem.Metalogic.WeakCanonical.Kamp.NfMultiAnchorBridge.ExteriorFiberConsistencyK
FormalSystem.Metalogic.WeakCanonical.Kamp.kvE_fiberConsistent	data	def	FormalSystem.Metalogic.WeakCanonical.Kamp.NfMultiAnchorBridge.ExteriorFiberConsistencyK
FormalSystem.Metalogic.WeakCanonical.Kamp.kvE_deepOnFiber	data	def	FormalSystem.Metalogic.WeakCanonical.Kamp.NfMultiAnchorBridge.ExteriorFiberDeepAnchorK
FormalSystem.Metalogic.WeakCanonical.Kamp.kvE_fiber	data	def	FormalSystem.Metalogic.WeakCanonical.Kamp.NfMultiAnchorBridge.ExteriorFiberK
FormalSystem.Metalogic.WeakCanonical.Kamp.kvE_fiberPosOn	data	def	FormalSystem.Metalogic.WeakCanonical.Kamp.NfMultiAnchorBridge.ExteriorFiberK
FormalSystem.Metalogic.WeakCanonical.Kamp.kvE_fiberPos	data	def	FormalSystem.Metalogic.WeakCanonical.Kamp.NfMultiAnchorBridge.ExteriorFiberK
FormalSystem.Metalogic.WeakCanonical.Kamp.kvE_fiberBucket	data	def	FormalSystem.Metalogic.WeakCanonical.Kamp.NfMultiAnchorBridge.ExteriorFiberK
FormalSystem.Metalogic.WeakCanonical.Kamp.kvE_fiberZoneList	data	def	FormalSystem.Metalogic.WeakCanonical.Kamp.NfMultiAnchorBridge.ExteriorFiberK
FormalSystem.Metalogic.WeakCanonical.Kamp.kvE_fiberPosOnShift	data	def	FormalSystem.Metalogic.WeakCanonical.Kamp.NfMultiAnchorBridge.ExteriorFiberK
FormalSystem.Metalogic.WeakCanonical.Kamp.kvE_ambientGuardForm	data	def	FormalSystem.Metalogic.WeakCanonical.Kamp.NfMultiAnchorBridge.ExteriorGateAssembleK
FormalSystem.Metalogic.WeakCanonical.Kamp.bracketEndChar_kvExt	data	def	FormalSystem.Metalogic.WeakCanonical.Kamp.NfMultiAnchorBridge.ExteriorGateAssembleK
FormalSystem.Metalogic.WeakCanonical.Kamp.bracketEndChar_kvExtFib	data	def	FormalSystem.Metalogic.WeakCanonical.Kamp.NfMultiAnchorBridge.ExteriorGateAssembleK
FormalSystem.Metalogic.WeakCanonical.Kamp.kvE_futPossibleZones	data	def	FormalSystem.Metalogic.WeakCanonical.Kamp.NfMultiAnchorBridge.ExteriorNegationK
FormalSystem.Metalogic.WeakCanonical.Kamp.kvE_futSelfZone	data	def	FormalSystem.Metalogic.WeakCanonical.Kamp.NfMultiAnchorBridge.ExteriorNegationK
FormalSystem.Metalogic.WeakCanonical.Kamp.kvE_futAdmissible	data	def	FormalSystem.Metalogic.WeakCanonical.Kamp.NfMultiAnchorBridge.ExteriorNegationK
FormalSystem.Metalogic.WeakCanonical.Kamp.kvE_futChainG	data	def	FormalSystem.Metalogic.WeakCanonical.Kamp.NfMultiAnchorBridge.ExteriorNegationK
FormalSystem.Metalogic.WeakCanonical.Kamp.kvE_futGapZone	data	def	FormalSystem.Metalogic.WeakCanonical.Kamp.NfMultiAnchorBridge.ExteriorNegationK
FormalSystem.Metalogic.WeakCanonical.Kamp.kvE_futRayZone	data	def	FormalSystem.Metalogic.WeakCanonical.Kamp.NfMultiAnchorBridge.ExteriorNegationK
FormalSystem.Metalogic.WeakCanonical.Kamp.kvE_futItemShift	data	def	FormalSystem.Metalogic.WeakCanonical.Kamp.NfMultiAnchorBridge.ExteriorNegationK
FormalSystem.Metalogic.WeakCanonical.Kamp.kvE_futGapD	data	def	FormalSystem.Metalogic.WeakCanonical.Kamp.NfMultiAnchorBridge.ExteriorNegationK
FormalSystem.Metalogic.WeakCanonical.Kamp.kvE_futRayD	data	def	FormalSystem.Metalogic.WeakCanonical.Kamp.NfMultiAnchorBridge.ExteriorNegationK
FormalSystem.Metalogic.WeakCanonical.Kamp.kvE_futRayForm	data	def	FormalSystem.Metalogic.WeakCanonical.Kamp.NfMultiAnchorBridge.ExteriorNegationK
FormalSystem.Metalogic.WeakCanonical.Kamp.kvE_futEnd	data	def	FormalSystem.Metalogic.WeakCanonical.Kamp.NfMultiAnchorBridge.ExteriorNegationK
FormalSystem.Metalogic.WeakCanonical.Kamp.kvE_futChain	data	def	FormalSystem.Metalogic.WeakCanonical.Kamp.NfMultiAnchorBridge.ExteriorNegationK
FormalSystem.Metalogic.WeakCanonical.Kamp.kvE_futPos	data	def	FormalSystem.Metalogic.WeakCanonical.Kamp.NfMultiAnchorBridge.ExteriorNegationK
FormalSystem.Metalogic.WeakCanonical.Kamp.kvE_extNegFut	data	def	FormalSystem.Metalogic.WeakCanonical.Kamp.NfMultiAnchorBridge.ExteriorNegationK
FormalSystem.Metalogic.WeakCanonical.Kamp.kvE_pastPossibleZones	data	def	FormalSystem.Metalogic.WeakCanonical.Kamp.NfMultiAnchorBridge.ExteriorNegationPastK
FormalSystem.Metalogic.WeakCanonical.Kamp.kvE_pastSelfZone	data	def	FormalSystem.Metalogic.WeakCanonical.Kamp.NfMultiAnchorBridge.ExteriorNegationPastK
FormalSystem.Metalogic.WeakCanonical.Kamp.kvE_pastAdmissible	data	def	FormalSystem.Metalogic.WeakCanonical.Kamp.NfMultiAnchorBridge.ExteriorNegationPastK
FormalSystem.Metalogic.WeakCanonical.Kamp.kvE_pastGapZone	data	def	FormalSystem.Metalogic.WeakCanonical.Kamp.NfMultiAnchorBridge.ExteriorNegationPastK
FormalSystem.Metalogic.WeakCanonical.Kamp.kvE_pastRayZone	data	def	FormalSystem.Metalogic.WeakCanonical.Kamp.NfMultiAnchorBridge.ExteriorNegationPastK
FormalSystem.Metalogic.WeakCanonical.Kamp.kvE_pastChainG	data	def	FormalSystem.Metalogic.WeakCanonical.Kamp.NfMultiAnchorBridge.ExteriorNegationPastK
FormalSystem.Metalogic.WeakCanonical.Kamp.kvE_pastGapD	data	def	FormalSystem.Metalogic.WeakCanonical.Kamp.NfMultiAnchorBridge.ExteriorNegationPastK
FormalSystem.Metalogic.WeakCanonical.Kamp.kvE_pastRayD	data	def	FormalSystem.Metalogic.WeakCanonical.Kamp.NfMultiAnchorBridge.ExteriorNegationPastK
FormalSystem.Metalogic.WeakCanonical.Kamp.kvE_pastRayForm	data	def	FormalSystem.Metalogic.WeakCanonical.Kamp.NfMultiAnchorBridge.ExteriorNegationPastK
FormalSystem.Metalogic.WeakCanonical.Kamp.kvE_pastEnd	data	def	FormalSystem.Metalogic.WeakCanonical.Kamp.NfMultiAnchorBridge.ExteriorNegationPastK
FormalSystem.Metalogic.WeakCanonical.Kamp.kvE_pastChain	data	def	FormalSystem.Metalogic.WeakCanonical.Kamp.NfMultiAnchorBridge.ExteriorNegationPastK
FormalSystem.Metalogic.WeakCanonical.Kamp.kvE_pastPos	data	def	FormalSystem.Metalogic.WeakCanonical.Kamp.NfMultiAnchorBridge.ExteriorNegationPastK
FormalSystem.Metalogic.WeakCanonical.Kamp.kvE_extNegPast	data	def	FormalSystem.Metalogic.WeakCanonical.Kamp.NfMultiAnchorBridge.ExteriorNegationPastK
FormalSystem.Metalogic.WeakCanonical.Kamp.kvE_futSliceEq	data	def	FormalSystem.Metalogic.WeakCanonical.Kamp.NfMultiAnchorBridge.ExteriorPinnedConverseK
FormalSystem.Metalogic.WeakCanonical.Kamp.kvE_futSliceMarked	data	def	FormalSystem.Metalogic.WeakCanonical.Kamp.NfMultiAnchorBridge.ExteriorPinnedConverseK
FormalSystem.Metalogic.WeakCanonical.Kamp.kvE_pastSliceEq	data	def	FormalSystem.Metalogic.WeakCanonical.Kamp.NfMultiAnchorBridge.ExteriorPinnedConversePastK
FormalSystem.Metalogic.WeakCanonical.Kamp.kvE_pastSliceMarked	data	def	FormalSystem.Metalogic.WeakCanonical.Kamp.NfMultiAnchorBridge.ExteriorPinnedConversePastK
FormalSystem.Metalogic.WeakCanonical.Kamp.bracketEndChar_kvE2	data	def	FormalSystem.Metalogic.WeakCanonical.Kamp.NfMultiAnchorBridge.OuterGate
FormalSystem.Metalogic.WeakCanonical.Kamp.kvE2_sepFragment	prop_valued_definition	def	FormalSystem.Metalogic.WeakCanonical.Kamp.NfMultiAnchorBridge.OuterGate
FormalSystem.Metalogic.WeakCanonical.Kamp.kvE2_sepBody	data	def	FormalSystem.Metalogic.WeakCanonical.Kamp.NfMultiAnchorBridge.SharedWitness.Carrier
FormalSystem.Metalogic.WeakCanonical.Kamp.kvE2_sepCoincidentOrder	data	def	FormalSystem.Metalogic.WeakCanonical.Kamp.NfMultiAnchorBridge.SharedWitness.Completeness
FormalSystem.Metalogic.WeakCanonical.Kamp.kvE2_sepAnchorVal	data	def	FormalSystem.Metalogic.WeakCanonical.Kamp.NfMultiAnchorBridge.SharedWitness.Completeness
FormalSystem.Metalogic.WeakCanonical.Kamp.kvE2_sepAnchorFam	data	def	FormalSystem.Metalogic.WeakCanonical.Kamp.NfMultiAnchorBridge.SharedWitness.Completeness
FormalSystem.Metalogic.WeakCanonical.Kamp.kvE2_sepSlotValue	data	def	FormalSystem.Metalogic.WeakCanonical.Kamp.NfMultiAnchorBridge.SharedWitness.Completeness
FormalSystem.Metalogic.WeakCanonical.Kamp.kvE2_sepSlotG	data	def	FormalSystem.Metalogic.WeakCanonical.Kamp.NfMultiAnchorBridge.SharedWitness.Completeness
FormalSystem.Metalogic.WeakCanonical.Kamp.kvE2_sepSlotHonestGIdx	data	def	FormalSystem.Metalogic.WeakCanonical.Kamp.NfMultiAnchorBridge.SharedWitness.Completeness
FormalSystem.Metalogic.WeakCanonical.Kamp.kvE2_sepHonestOrder	data	def	FormalSystem.Metalogic.WeakCanonical.Kamp.NfMultiAnchorBridge.SharedWitness.Completeness
FormalSystem.Metalogic.WeakCanonical.Kamp.kvE2_sepSpikeDisjValid	data	def	FormalSystem.Metalogic.WeakCanonical.Kamp.NfMultiAnchorBridge.SharedWitness.DisjunctionSpikes
FormalSystem.Metalogic.WeakCanonical.Kamp.kvE2_sepSpikeArr	data	def	FormalSystem.Metalogic.WeakCanonical.Kamp.NfMultiAnchorBridge.SharedWitness.DisjunctionSpikes
FormalSystem.Metalogic.WeakCanonical.Kamp.kvE2_sepSegLForSub'	data	def	FormalSystem.Metalogic.WeakCanonical.Kamp.NfMultiAnchorBridge.SharedWitness.DisjunctionSpikes
FormalSystem.Metalogic.WeakCanonical.Kamp.kvE2_sepSegRForSub'	data	def	FormalSystem.Metalogic.WeakCanonical.Kamp.NfMultiAnchorBridge.SharedWitness.DisjunctionSpikes
FormalSystem.Metalogic.WeakCanonical.Kamp.kvE2_sepGapTypes	data	def	FormalSystem.Metalogic.WeakCanonical.Kamp.NfMultiAnchorBridge.SharedWitness.EngineInputs
FormalSystem.Metalogic.WeakCanonical.Kamp.kvE2_sepGapRegions	data	def	FormalSystem.Metalogic.WeakCanonical.Kamp.NfMultiAnchorBridge.SharedWitness.EngineInputs
FormalSystem.Metalogic.WeakCanonical.Kamp.kvE2_sepHonestBasePairsL	data	def	FormalSystem.Metalogic.WeakCanonical.Kamp.NfMultiAnchorBridge.SharedWitness.EngineInputs
FormalSystem.Metalogic.WeakCanonical.Kamp.kvE2_sepHonestBasePairsR	data	def	FormalSystem.Metalogic.WeakCanonical.Kamp.NfMultiAnchorBridge.SharedWitness.EngineInputs
FormalSystem.Metalogic.WeakCanonical.Kamp.kvE2_sepHonestAnchorsL	data	def	FormalSystem.Metalogic.WeakCanonical.Kamp.NfMultiAnchorBridge.SharedWitness.EngineInputs
FormalSystem.Metalogic.WeakCanonical.Kamp.kvE2_sepHonestAnchorsR	data	def	FormalSystem.Metalogic.WeakCanonical.Kamp.NfMultiAnchorBridge.SharedWitness.EngineInputs
FormalSystem.Metalogic.WeakCanonical.Kamp.kvE2_sepHonestRegionsL	data	def	FormalSystem.Metalogic.WeakCanonical.Kamp.NfMultiAnchorBridge.SharedWitness.EngineInputs
FormalSystem.Metalogic.WeakCanonical.Kamp.kvE2_sepHonestRegionsR	data	def	FormalSystem.Metalogic.WeakCanonical.Kamp.NfMultiAnchorBridge.SharedWitness.EngineInputs
FormalSystem.Metalogic.WeakCanonical.Kamp.kvE2_sepFragment_frag	prop_valued_definition	def	FormalSystem.Metalogic.WeakCanonical.Kamp.NfMultiAnchorBridge.SharedWitness.KitFold
FormalSystem.Metalogic.WeakCanonical.Kamp.kvE2_sepSlotChi	data	def	FormalSystem.Metalogic.WeakCanonical.Kamp.NfMultiAnchorBridge.SharedWitness.OrderGate
FormalSystem.Metalogic.WeakCanonical.Kamp.kvE2_sepFreshZoneBefore	data	def	FormalSystem.Metalogic.WeakCanonical.Kamp.NfMultiAnchorBridge.SharedWitness.OrderGate
FormalSystem.Metalogic.WeakCanonical.Kamp.kvE2_sepFreshZoneAfter	data	def	FormalSystem.Metalogic.WeakCanonical.Kamp.NfMultiAnchorBridge.SharedWitness.OrderGate
FormalSystem.Metalogic.WeakCanonical.Kamp.kvE2_sepCompat	data	def	FormalSystem.Metalogic.WeakCanonical.Kamp.NfMultiAnchorBridge.SharedWitness.OrderGate
FormalSystem.Metalogic.WeakCanonical.Kamp.kvE2_sepSlotLe	data	def	FormalSystem.Metalogic.WeakCanonical.Kamp.NfMultiAnchorBridge.SharedWitness.OrderGate
FormalSystem.Metalogic.WeakCanonical.Kamp.kvE2_sepEpL	data	def	FormalSystem.Metalogic.WeakCanonical.Kamp.NfMultiAnchorBridge.SharedWitness.OrderGate
FormalSystem.Metalogic.WeakCanonical.Kamp.kvE2_sepEpR	data	def	FormalSystem.Metalogic.WeakCanonical.Kamp.NfMultiAnchorBridge.SharedWitness.OrderGate
FormalSystem.Metalogic.WeakCanonical.Kamp.kvE2_sepPtW	data	def	FormalSystem.Metalogic.WeakCanonical.Kamp.NfMultiAnchorBridge.SharedWitness.OrderGate
FormalSystem.Metalogic.WeakCanonical.Kamp.kvE2_sepSegLForSub	data	def	FormalSystem.Metalogic.WeakCanonical.Kamp.NfMultiAnchorBridge.SharedWitness.OrderGate
FormalSystem.Metalogic.WeakCanonical.Kamp.kvE2_sepSegRForSub	data	def	FormalSystem.Metalogic.WeakCanonical.Kamp.NfMultiAnchorBridge.SharedWitness.OrderGate
FormalSystem.Metalogic.WeakCanonical.Kamp.kvE2_sepSegLAt	data	def	FormalSystem.Metalogic.WeakCanonical.Kamp.NfMultiAnchorBridge.SharedWitness.OrderGate
FormalSystem.Metalogic.WeakCanonical.Kamp.kvE2_sepSegRAt	data	def	FormalSystem.Metalogic.WeakCanonical.Kamp.NfMultiAnchorBridge.SharedWitness.OrderGate
FormalSystem.Metalogic.WeakCanonical.Kamp.kvE2_sepSegs	data	def	FormalSystem.Metalogic.WeakCanonical.Kamp.NfMultiAnchorBridge.SharedWitness.OrderGate
FormalSystem.Metalogic.WeakCanonical.Kamp.kvE2_sepBracketN	data	def	FormalSystem.Metalogic.WeakCanonical.Kamp.NfMultiAnchorBridge.SharedWitness.OrderGate
FormalSystem.Metalogic.WeakCanonical.Kamp.kvE2_sepDisjunct	data	def	FormalSystem.Metalogic.WeakCanonical.Kamp.NfMultiAnchorBridge.SharedWitness.OrderGate
FormalSystem.Metalogic.WeakCanonical.Kamp.kvE2_sepOuterConsistent	prop_valued_definition	def	FormalSystem.Metalogic.WeakCanonical.Kamp.NfMultiAnchorBridge.SharedWitness.OrderGate
FormalSystem.Metalogic.WeakCanonical.Kamp.kvE2_sepInnerConsistentL	prop_valued_definition	def	FormalSystem.Metalogic.WeakCanonical.Kamp.NfMultiAnchorBridge.SharedWitness.OrderGate
FormalSystem.Metalogic.WeakCanonical.Kamp.kvE2_sepInnerConsistentR	prop_valued_definition	def	FormalSystem.Metalogic.WeakCanonical.Kamp.NfMultiAnchorBridge.SharedWitness.OrderGate
FormalSystem.Metalogic.WeakCanonical.Kamp.kvE2_sepGate	prop_valued_definition	def	FormalSystem.Metalogic.WeakCanonical.Kamp.NfMultiAnchorBridge.SharedWitness.OrderGate
FormalSystem.Metalogic.WeakCanonical.Kamp.kvE2_sepSpikeOrderTypes	data	def	FormalSystem.Metalogic.WeakCanonical.Kamp.NfMultiAnchorBridge.SharedWitness.OrderGate
FormalSystem.Metalogic.WeakCanonical.Kamp.kvE2_sepPlaceholderTuple	data	def	FormalSystem.Metalogic.WeakCanonical.Kamp.NfMultiAnchorBridge.SharedWitness.OrderGate
FormalSystem.Metalogic.WeakCanonical.Kamp.kvE2_sepIdxTuples	data	def	FormalSystem.Metalogic.WeakCanonical.Kamp.NfMultiAnchorBridge.SharedWitness.OrderGate
FormalSystem.Metalogic.WeakCanonical.Kamp.kvE2_sepIdxTuplesN	data	def	FormalSystem.Metalogic.WeakCanonical.Kamp.NfMultiAnchorBridge.SharedWitness.OrderGate
FormalSystem.Metalogic.WeakCanonical.Kamp.kvE2_ordRank	data	def	FormalSystem.Metalogic.WeakCanonical.Kamp.NfMultiAnchorBridge.SharedWitness.OrderGate
FormalSystem.Metalogic.WeakCanonical.Kamp.kvE2_sepOrderTypes	data	def	FormalSystem.Metalogic.WeakCanonical.Kamp.NfMultiAnchorBridge.SharedWitness.OrderGate
FormalSystem.Metalogic.WeakCanonical.Kamp.kvE2_sepModelTag	data	def	FormalSystem.Metalogic.WeakCanonical.Kamp.NfMultiAnchorBridge.SharedWitness.OrderGate
FormalSystem.Metalogic.WeakCanonical.Kamp.kvE2_sepModelOrder	data	def	FormalSystem.Metalogic.WeakCanonical.Kamp.NfMultiAnchorBridge.SharedWitness.OrderGate
FormalSystem.Metalogic.WeakCanonical.Kamp.kvE2_sepClosedLeafStub	data	def	FormalSystem.Metalogic.WeakCanonical.Kamp.NfMultiAnchorBridge.SharedWitness.OrderGate
FormalSystem.Metalogic.WeakCanonical.Kamp.kvE2_sepClosedLeafAt	data	def	FormalSystem.Metalogic.WeakCanonical.Kamp.NfMultiAnchorBridge.SharedWitness.OrderGate
FormalSystem.Metalogic.WeakCanonical.Kamp.kvE2_sepSlotIsAnchor	data	def	FormalSystem.Metalogic.WeakCanonical.Kamp.NfMultiAnchorBridge.SharedWitness.OrderGate
FormalSystem.Metalogic.WeakCanonical.Kamp.kvE2_sepSlotBaseType	data	def	FormalSystem.Metalogic.WeakCanonical.Kamp.NfMultiAnchorBridge.SharedWitness.OrderGate
FormalSystem.Metalogic.WeakCanonical.Kamp.kvE2_sepAnchorSlot	data	def	FormalSystem.Metalogic.WeakCanonical.Kamp.NfMultiAnchorBridge.SharedWitness.OrderGate
FormalSystem.Metalogic.WeakCanonical.Kamp.kvE2_sepAnchorPayload	data	def	FormalSystem.Metalogic.WeakCanonical.Kamp.NfMultiAnchorBridge.SharedWitness.OrderGate
FormalSystem.Metalogic.WeakCanonical.Kamp.kvE2_sepAnchorDistinct	data	def	FormalSystem.Metalogic.WeakCanonical.Kamp.NfMultiAnchorBridge.SharedWitness.OrderGate
FormalSystem.Metalogic.WeakCanonical.Kamp.kvE2_sepTieRead	data	def	FormalSystem.Metalogic.WeakCanonical.Kamp.NfMultiAnchorBridge.SharedWitness.OrderGate
FormalSystem.Metalogic.WeakCanonical.Kamp.kvE2_sepDisjValidOwner	data	def	FormalSystem.Metalogic.WeakCanonical.Kamp.NfMultiAnchorBridge.SharedWitness.OrderGate
FormalSystem.Metalogic.WeakCanonical.Kamp.kvE2_sepConsistentTuple	data	def	FormalSystem.Metalogic.WeakCanonical.Kamp.NfMultiAnchorBridge.SharedWitness.OrderGate
FormalSystem.Metalogic.WeakCanonical.Kamp.kvE2_sepDisjValid	data	def	FormalSystem.Metalogic.WeakCanonical.Kamp.NfMultiAnchorBridge.SharedWitness.OrderGate
FormalSystem.Metalogic.WeakCanonical.Kamp.kvE2_sepArr'	data	def	FormalSystem.Metalogic.WeakCanonical.Kamp.NfMultiAnchorBridge.SharedWitness.OrderGate
FormalSystem.Metalogic.WeakCanonical.Kamp.kvE2_sepArr'_decidable	data	def	FormalSystem.Metalogic.WeakCanonical.Kamp.NfMultiAnchorBridge.SharedWitness.OrderGate
FormalSystem.Metalogic.WeakCanonical.Kamp.kvE2_sepOrderOwners	data	def	FormalSystem.Metalogic.WeakCanonical.Kamp.NfMultiAnchorBridge.SharedWitness.OrderGate
FormalSystem.Metalogic.WeakCanonical.Kamp.kvE2_sepOwnerRank	data	def	FormalSystem.Metalogic.WeakCanonical.Kamp.NfMultiAnchorBridge.SharedWitness.OrderGate
FormalSystem.Metalogic.WeakCanonical.Kamp.kvE2_sepSlotGIdx	data	def	FormalSystem.Metalogic.WeakCanonical.Kamp.NfMultiAnchorBridge.SharedWitness.OrderGate
FormalSystem.Metalogic.WeakCanonical.Kamp.kvE2_sepSlotMergeLe	data	def	FormalSystem.Metalogic.WeakCanonical.Kamp.NfMultiAnchorBridge.SharedWitness.OrderGate
FormalSystem.Metalogic.WeakCanonical.Kamp.kvE2_sepSlotsLOf	data	def	FormalSystem.Metalogic.WeakCanonical.Kamp.NfMultiAnchorBridge.SharedWitness.OrderGate
FormalSystem.Metalogic.WeakCanonical.Kamp.kvE2_sepSlotsROf	data	def	FormalSystem.Metalogic.WeakCanonical.Kamp.NfMultiAnchorBridge.SharedWitness.OrderGate
FormalSystem.Metalogic.WeakCanonical.Kamp.kvE2_sepTieRuns	data	def	FormalSystem.Metalogic.WeakCanonical.Kamp.NfMultiAnchorBridge.SharedWitness.OrderGate
FormalSystem.Metalogic.WeakCanonical.Kamp.kvE2_sepTieGroupedL	data	def	FormalSystem.Metalogic.WeakCanonical.Kamp.NfMultiAnchorBridge.SharedWitness.OrderGate
FormalSystem.Metalogic.WeakCanonical.Kamp.kvE2_sepTieGroupedR	data	def	FormalSystem.Metalogic.WeakCanonical.Kamp.NfMultiAnchorBridge.SharedWitness.OrderGate
FormalSystem.Metalogic.WeakCanonical.Kamp.kvE2_sepClassType	data	def	FormalSystem.Metalogic.WeakCanonical.Kamp.NfMultiAnchorBridge.SharedWitness.OrderGate
FormalSystem.Metalogic.WeakCanonical.Kamp.kvE2_sepSegsG	data	def	FormalSystem.Metalogic.WeakCanonical.Kamp.NfMultiAnchorBridge.SharedWitness.OrderGate
FormalSystem.Metalogic.WeakCanonical.Kamp.kvE2_sepDisjunct'	data	def	FormalSystem.Metalogic.WeakCanonical.Kamp.NfMultiAnchorBridge.SharedWitness.OrderGate
FormalSystem.Metalogic.WeakCanonical.Kamp.kvE2_sep_zPastX3	data	def	FormalSystem.Metalogic.WeakCanonical.Kamp.NfMultiAnchorBridge.SharedWitness.Slots
FormalSystem.Metalogic.WeakCanonical.Kamp.kvE2_sep_zAtX3	data	def	FormalSystem.Metalogic.WeakCanonical.Kamp.NfMultiAnchorBridge.SharedWitness.Slots
FormalSystem.Metalogic.WeakCanonical.Kamp.kvE2_sep_zXW3	data	def	FormalSystem.Metalogic.WeakCanonical.Kamp.NfMultiAnchorBridge.SharedWitness.Slots
FormalSystem.Metalogic.WeakCanonical.Kamp.kvE2_sep_zAtW3	data	def	FormalSystem.Metalogic.WeakCanonical.Kamp.NfMultiAnchorBridge.SharedWitness.Slots
FormalSystem.Metalogic.WeakCanonical.Kamp.kvE2_sep_zWT3	data	def	FormalSystem.Metalogic.WeakCanonical.Kamp.NfMultiAnchorBridge.SharedWitness.Slots
FormalSystem.Metalogic.WeakCanonical.Kamp.kvE2_sep_zAtT3	data	def	FormalSystem.Metalogic.WeakCanonical.Kamp.NfMultiAnchorBridge.SharedWitness.Slots
FormalSystem.Metalogic.WeakCanonical.Kamp.kvE2_sep_zFutT3	data	def	FormalSystem.Metalogic.WeakCanonical.Kamp.NfMultiAnchorBridge.SharedWitness.Slots
FormalSystem.Metalogic.WeakCanonical.Kamp.kvE2_sep_zWX1	data	def	FormalSystem.Metalogic.WeakCanonical.Kamp.NfMultiAnchorBridge.SharedWitness.Slots
FormalSystem.Metalogic.WeakCanonical.Kamp.kvE2_sep_zAtX1L	data	def	FormalSystem.Metalogic.WeakCanonical.Kamp.NfMultiAnchorBridge.SharedWitness.Slots
FormalSystem.Metalogic.WeakCanonical.Kamp.kvE2_sep_zAtWL	data	def	FormalSystem.Metalogic.WeakCanonical.Kamp.NfMultiAnchorBridge.SharedWitness.Slots
FormalSystem.Metalogic.WeakCanonical.Kamp.kvE2_sep_zAtX1R	data	def	FormalSystem.Metalogic.WeakCanonical.Kamp.NfMultiAnchorBridge.SharedWitness.Slots
FormalSystem.Metalogic.WeakCanonical.Kamp.kvE2_sep_zAtWR	data	def	FormalSystem.Metalogic.WeakCanonical.Kamp.NfMultiAnchorBridge.SharedWitness.Slots
FormalSystem.Metalogic.WeakCanonical.Kamp.kvE2_sep_zPastX4	data	def	FormalSystem.Metalogic.WeakCanonical.Kamp.NfMultiAnchorBridge.SharedWitness.Slots
FormalSystem.Metalogic.WeakCanonical.Kamp.kvE2_sep_zAtX4	data	def	FormalSystem.Metalogic.WeakCanonical.Kamp.NfMultiAnchorBridge.SharedWitness.Slots
FormalSystem.Metalogic.WeakCanonical.Kamp.kvE2_sep_zAtT4	data	def	FormalSystem.Metalogic.WeakCanonical.Kamp.NfMultiAnchorBridge.SharedWitness.Slots
FormalSystem.Metalogic.WeakCanonical.Kamp.kvE2_sep_zFutT4	data	def	FormalSystem.Metalogic.WeakCanonical.Kamp.NfMultiAnchorBridge.SharedWitness.Slots
FormalSystem.Metalogic.WeakCanonical.Kamp.kvE2_sepBits	data	def	FormalSystem.Metalogic.WeakCanonical.Kamp.NfMultiAnchorBridge.SharedWitness.Slots
FormalSystem.Metalogic.WeakCanonical.Kamp.kvE2_sepProj4	data	def	FormalSystem.Metalogic.WeakCanonical.Kamp.NfMultiAnchorBridge.SharedWitness.Slots
FormalSystem.Metalogic.WeakCanonical.Kamp.kvE2_sepProj3	data	def	FormalSystem.Metalogic.WeakCanonical.Kamp.NfMultiAnchorBridge.SharedWitness.Slots
FormalSystem.Metalogic.WeakCanonical.Kamp.kvE2_sepLit	data	def	FormalSystem.Metalogic.WeakCanonical.Kamp.NfMultiAnchorBridge.SharedWitness.Slots
FormalSystem.Metalogic.WeakCanonical.Kamp.kvE2_sepS	data	def	FormalSystem.Metalogic.WeakCanonical.Kamp.NfMultiAnchorBridge.SharedWitness.Slots
FormalSystem.Metalogic.WeakCanonical.Kamp.kvE2_sepSegForm	data	def	FormalSystem.Metalogic.WeakCanonical.Kamp.NfMultiAnchorBridge.SharedWitness.Slots
FormalSystem.Metalogic.WeakCanonical.Kamp.kvE2_sepPos	data	def	FormalSystem.Metalogic.WeakCanonical.Kamp.NfMultiAnchorBridge.SharedWitness.Slots
FormalSystem.Metalogic.WeakCanonical.Kamp.kvE2_sepPosIn	data	def	FormalSystem.Metalogic.WeakCanonical.Kamp.NfMultiAnchorBridge.SharedWitness.Slots
FormalSystem.Metalogic.WeakCanonical.Kamp.kvE2_sepPosI	data	def	FormalSystem.Metalogic.WeakCanonical.Kamp.NfMultiAnchorBridge.SharedWitness.Slots
FormalSystem.Metalogic.WeakCanonical.Kamp.kvE2_sepHasPos	data	def	FormalSystem.Metalogic.WeakCanonical.Kamp.NfMultiAnchorBridge.SharedWitness.Slots
FormalSystem.Metalogic.WeakCanonical.Kamp.kvE2_sepSlotSub	data	def	FormalSystem.Metalogic.WeakCanonical.Kamp.NfMultiAnchorBridge.SharedWitness.Slots
FormalSystem.Metalogic.WeakCanonical.Kamp.kvE2_sepSlotRank	data	def	FormalSystem.Metalogic.WeakCanonical.Kamp.NfMultiAnchorBridge.SharedWitness.Slots
FormalSystem.Metalogic.WeakCanonical.Kamp.kvE2_sepPtX1L	data	def	FormalSystem.Metalogic.WeakCanonical.Kamp.NfMultiAnchorBridge.SharedWitness.Slots
FormalSystem.Metalogic.WeakCanonical.Kamp.kvE2_sepPtX1R	data	def	FormalSystem.Metalogic.WeakCanonical.Kamp.NfMultiAnchorBridge.SharedWitness.Slots
FormalSystem.Metalogic.WeakCanonical.Kamp.kvE2_sepSlotType	data	def	FormalSystem.Metalogic.WeakCanonical.Kamp.NfMultiAnchorBridge.SharedWitness.Slots
FormalSystem.Metalogic.WeakCanonical.Kamp.kvE2_sepSlotsLFor	data	def	FormalSystem.Metalogic.WeakCanonical.Kamp.NfMultiAnchorBridge.SharedWitness.Slots
FormalSystem.Metalogic.WeakCanonical.Kamp.kvE2_sepSlotsRFor	data	def	FormalSystem.Metalogic.WeakCanonical.Kamp.NfMultiAnchorBridge.SharedWitness.Slots
FormalSystem.Metalogic.WeakCanonical.Kamp.kvE2_sepSlotsL	data	def	FormalSystem.Metalogic.WeakCanonical.Kamp.NfMultiAnchorBridge.SharedWitness.Slots
FormalSystem.Metalogic.WeakCanonical.Kamp.kvE2_sepSlotsR	data	def	FormalSystem.Metalogic.WeakCanonical.Kamp.NfMultiAnchorBridge.SharedWitness.Slots
FormalSystem.Metalogic.WeakCanonical.Kamp.kvE2_sepSlotBlock	data	def	FormalSystem.Metalogic.WeakCanonical.Kamp.NfMultiAnchorBridge.SharedWitness.Slots
FormalSystem.Metalogic.WeakCanonical.Kamp.kvE2_sepAllSlots	data	def	FormalSystem.Metalogic.WeakCanonical.Kamp.NfMultiAnchorBridge.SharedWitness.Slots
FormalSystem.Metalogic.WeakCanonical.Kamp.kvE2_sepSlotIndexOf	data	def	FormalSystem.Metalogic.WeakCanonical.Kamp.NfMultiAnchorBridge.SharedWitness.Slots
FormalSystem.Metalogic.WeakCanonical.Kamp.kvE2_sepBlockPos	data	def	FormalSystem.Metalogic.WeakCanonical.Kamp.NfMultiAnchorBridge.SharedWitness.Slots
FormalSystem.Metalogic.WeakCanonical.Kamp.kvE2_sepSlotRegionLeft	data	def	FormalSystem.Metalogic.WeakCanonical.Kamp.NfMultiAnchorBridge.SharedWitness.Slots
FormalSystem.Metalogic.WeakCanonical.Kamp.kvE2_sepConsistentBlock	data	def	FormalSystem.Metalogic.WeakCanonical.Kamp.NfMultiAnchorBridge.SharedWitness.Slots
FormalSystem.Metalogic.WeakCanonical.Kamp.kvE2_sepBundleL	prop_valued_definition	def	FormalSystem.Metalogic.WeakCanonical.Kamp.NfMultiAnchorBridge.SharedWitness.Soundness
FormalSystem.Metalogic.WeakCanonical.Kamp.kvE2_sepBundleR	prop_valued_definition	def	FormalSystem.Metalogic.WeakCanonical.Kamp.NfMultiAnchorBridge.SharedWitness.Soundness
FormalSystem.Metalogic.WeakCanonical.Kamp.kvE2_sepCastBracket	data	def	FormalSystem.Metalogic.WeakCanonical.Kamp.NfMultiAnchorBridge.SharedWitness.Soundness
FormalSystem.Metalogic.WeakCanonical.Kamp.kvE2_sepSlotV	data	def	FormalSystem.Metalogic.WeakCanonical.Kamp.NfMultiAnchorBridge.SharedWitness.Soundness
FormalSystem.Metalogic.WeakCanonical.Kamp.kvE2_sepSlotHonestVIdx	data	def	FormalSystem.Metalogic.WeakCanonical.Kamp.NfMultiAnchorBridge.SharedWitness.Soundness
FormalSystem.Metalogic.WeakCanonical.Kamp.kvE2_sepHonestOrder'	data	def	FormalSystem.Metalogic.WeakCanonical.Kamp.NfMultiAnchorBridge.SharedWitness.Soundness
FormalSystem.Metalogic.WeakCanonical.Kamp.kvE_subFoldBits	data	def	FormalSystem.Metalogic.WeakCanonical.Kamp.NfMultiAnchorBridge.SubBracket
FormalSystem.Metalogic.WeakCanonical.Kamp.kvE_subInteriorZones	data	def	FormalSystem.Metalogic.WeakCanonical.Kamp.NfMultiAnchorBridge.SubBracket
FormalSystem.Metalogic.WeakCanonical.Kamp.kvE_subBracket	data	def	FormalSystem.Metalogic.WeakCanonical.Kamp.NfMultiAnchorBridge.SubBracket
FormalSystem.Metalogic.WeakCanonical.Kamp.kvE_subChain	data	def	FormalSystem.Metalogic.WeakCanonical.Kamp.NfMultiAnchorBridge.SubBracket
FormalSystem.Metalogic.WeakCanonical.Kamp.kvE_subBracket2	data	def	FormalSystem.Metalogic.WeakCanonical.Kamp.NfMultiAnchorBridge.SubBracket2
FormalSystem.Metalogic.WeakCanonical.Kamp.kvE_subChain2	data	def	FormalSystem.Metalogic.WeakCanonical.Kamp.NfMultiAnchorBridge.SubBracket2
FormalSystem.Metalogic.WeakCanonical.Kamp.kvE_sub2_zXU	data	def	FormalSystem.Metalogic.WeakCanonical.Kamp.NfMultiAnchorBridge.SubBracket2
FormalSystem.Metalogic.WeakCanonical.Kamp.kvE_sub2_zUW	data	def	FormalSystem.Metalogic.WeakCanonical.Kamp.NfMultiAnchorBridge.SubBracket2
FormalSystem.Metalogic.WeakCanonical.Kamp.kvE_sub2_zWT	data	def	FormalSystem.Metalogic.WeakCanonical.Kamp.NfMultiAnchorBridge.SubBracket2
FormalSystem.Metalogic.WeakCanonical.Kamp.kvE_subBracket2V	data	def	FormalSystem.Metalogic.WeakCanonical.Kamp.NfMultiAnchorBridge.SubBracket2V
FormalSystem.Metalogic.WeakCanonical.Kamp.kvE_subChain2V	data	def	FormalSystem.Metalogic.WeakCanonical.Kamp.NfMultiAnchorBridge.SubBracket2V
FormalSystem.Metalogic.WeakCanonical.Kamp.nf_x_proj'	data	def	FormalSystem.Metalogic.WeakCanonical.Kamp.NfToVecEA
FormalSystem.Metalogic.WeakCanonical.Kamp.nf_t_proj	data	def	FormalSystem.Metalogic.WeakCanonical.Kamp.NfToVecEA
FormalSystem.Metalogic.WeakCanonical.Kamp.nf_vecEA2_future	data	def	FormalSystem.Metalogic.WeakCanonical.Kamp.NfToVecEA
FormalSystem.Metalogic.WeakCanonical.Kamp.nf_vecEA2_past	data	def	FormalSystem.Metalogic.WeakCanonical.Kamp.NfToVecEA
FormalSystem.Metalogic.WeakCanonical.Kamp.A_past	data	def	FormalSystem.Metalogic.WeakCanonical.Kamp.NfZoneFlattenNavigable
FormalSystem.Metalogic.WeakCanonical.Kamp.A_future	data	def	FormalSystem.Metalogic.WeakCanonical.Kamp.NfZoneFlattenNavigable
FormalSystem.Metalogic.WeakCanonical.Kamp.kplus_formula	data	def	FormalSystem.Metalogic.WeakCanonical.Kamp.PriorINF
FormalSystem.Metalogic.WeakCanonical.Kamp.buildRight_spec	prop_valued_definition	def	FormalSystem.Metalogic.WeakCanonical.Kamp.Translation
FormalSystem.Metalogic.WeakCanonical.Kamp.buildLeft_spec	prop_valued_definition	def	FormalSystem.Metalogic.WeakCanonical.Kamp.Translation
FormalSystem.Metalogic.WeakCanonical.Kamp.ef1_to_temporal	data	def	FormalSystem.Metalogic.WeakCanonical.Kamp.Translation
FormalSystem.Metalogic.WeakCanonical.Kamp.VBracketFormula.conj_struct	data	def	FormalSystem.Metalogic.WeakCanonical.Kamp.VecEAClosure
FormalSystem.Metalogic.WeakCanonical.Kamp.VVecEA2.conj_struct	data	def	FormalSystem.Metalogic.WeakCanonical.Kamp.VecEAClosure
FormalSystem.Metalogic.WeakCanonical.Kamp.nf_y_proj	data	def	FormalSystem.Metalogic.WeakCanonical.Kamp.VecEADecomp
FormalSystem.Metalogic.WeakCanonical.Kamp.nf_x_proj3	data	def	FormalSystem.Metalogic.WeakCanonical.Kamp.VecEADecomp
FormalSystem.Metalogic.WeakCanonical.Kamp.nf_t_proj3	data	def	FormalSystem.Metalogic.WeakCanonical.Kamp.VecEADecomp
FormalSystem.Metalogic.WeakCanonical.Kamp.nf_3var_bracket_tyx	data	def	FormalSystem.Metalogic.WeakCanonical.Kamp.VecEADecomp
FormalSystem.Metalogic.WeakCanonical.Kamp.nf_3var_bracket_xyt	data	def	FormalSystem.Metalogic.WeakCanonical.Kamp.VecEADecomp
FormalSystem.Metalogic.WeakCanonical.Kamp.nf_3var_zone_ytx	data	def	FormalSystem.Metalogic.WeakCanonical.Kamp.VecEADecomp
FormalSystem.Metalogic.WeakCanonical.Kamp.nf_3var_zone_txy	data	def	FormalSystem.Metalogic.WeakCanonical.Kamp.VecEADecomp
FormalSystem.Metalogic.WeakCanonical.Kamp.nf_3var_zone_yxt	data	def	FormalSystem.Metalogic.WeakCanonical.Kamp.VecEADecomp
FormalSystem.Metalogic.WeakCanonical.Kamp.nf_3var_zone_xty	data	def	FormalSystem.Metalogic.WeakCanonical.Kamp.VecEADecomp
FormalSystem.Metalogic.WeakCanonical.MonadicFormula.quantifier_depth	data	def	FormalSystem.Metalogic.WeakCanonical.MonadicFO
FormalSystem.Metalogic.WeakCanonical.OrderedMonadicStructure.carrier_order	data	def	FormalSystem.Metalogic.WeakCanonical.MonadicFO
FormalSystem.Metalogic.WeakCanonical.relativize_sentence	data	def	FormalSystem.Metalogic.WeakCanonical.MonadicFO
FormalSystem.Metalogic.WeakCanonical.relativize_env	data	def	FormalSystem.Metalogic.WeakCanonical.MonadicFO
FormalSystem.Metalogic.WeakCanonical.k_type_of	data	def	FormalSystem.Metalogic.WeakCanonical.NEquivalence
FormalSystem.Metalogic.WeakCanonical.k_equiv	prop_valued_definition	def	FormalSystem.Metalogic.WeakCanonical.NEquivalence
FormalSystem.Metalogic.WeakCanonical.KEquivalenceFramework.equiv_at	prop_valued_definition	def	FormalSystem.Metalogic.WeakCanonical.NEquivalence
FormalSystem.Metalogic.WeakCanonical.KEquivalenceFramework.finite_types	data	def	FormalSystem.Metalogic.WeakCanonical.NEquivalence
FormalSystem.Metalogic.WeakCanonical.chronicleAsMonadicStructure_succ	data	def	FormalSystem.Metalogic.WeakCanonical.NEquivalence
FormalSystem.Metalogic.WeakCanonical.chronicleAsMonadicStructure_pred	data	def	FormalSystem.Metalogic.WeakCanonical.NEquivalence
FormalSystem.Metalogic.WeakCanonical.atomKind_decEq	data	def	FormalSystem.Metalogic.WeakCanonical.NormalForm
FormalSystem.Metalogic.WeakCanonical.atomKind_fintype	data	def	FormalSystem.Metalogic.WeakCanonical.NormalForm
FormalSystem.Metalogic.WeakCanonical.atom_eval	prop_valued_definition	def	FormalSystem.Metalogic.WeakCanonical.NormalForm
FormalSystem.Metalogic.WeakCanonical.NormalForm.atom_assgn	data	def	FormalSystem.Metalogic.WeakCanonical.NormalForm
FormalSystem.Metalogic.WeakCanonical.NormalForm.quant_assgn	data	def	FormalSystem.Metalogic.WeakCanonical.NormalForm
FormalSystem.Metalogic.WeakCanonical.normalForm_fintype	data	def	FormalSystem.Metalogic.WeakCanonical.NormalForm
FormalSystem.Metalogic.WeakCanonical.normalForm_decEq	data	def	FormalSystem.Metalogic.WeakCanonical.NormalForm
FormalSystem.Metalogic.WeakCanonical.nf_eval_nf	prop_valued_definition	def	FormalSystem.Metalogic.WeakCanonical.NormalForm
FormalSystem.Metalogic.WeakCanonical.nf_characteristic	data	def	FormalSystem.Metalogic.WeakCanonical.NormalForm
FormalSystem.Metalogic.WeakCanonical.normalForm_equiv_fin	data	def	FormalSystem.Metalogic.WeakCanonical.NormalForm
FormalSystem.Metalogic.WeakCanonical.atom_to_formula	data	def	FormalSystem.Metalogic.WeakCanonical.NormalForm
FormalSystem.Metalogic.WeakCanonical.atom_cond_formula	data	def	FormalSystem.Metalogic.WeakCanonical.NormalForm
FormalSystem.Metalogic.WeakCanonical.quant_cond_formula	data	def	FormalSystem.Metalogic.WeakCanonical.NormalForm
FormalSystem.Metalogic.WeakCanonical.nf_to_formula	data	def	FormalSystem.Metalogic.WeakCanonical.NormalForm
FormalSystem.Metalogic.WeakCanonical.nf_to_sentence	data	def	FormalSystem.Metalogic.WeakCanonical.NormalForm
FormalSystem.Metalogic.WeakCanonical.semantic_prior_UZ	prop_valued_definition	def	FormalSystem.Metalogic.WeakCanonical.PriorDefs
FormalSystem.Metalogic.WeakCanonical.semantic_prior_SZ	prop_valued_definition	def	FormalSystem.Metalogic.WeakCanonical.PriorDefs
FormalSystem.Metalogic.WeakCanonical.US_expressively_complete_over_prior	data	def	FormalSystem.Metalogic.WeakCanonical.PriorExpressiveness
FormalSystem.Metalogic.WeakCanonical.g_content	prop_valued_definition	def	FormalSystem.Metalogic.WeakCanonical.ReflexiveCanonical
FormalSystem.Metalogic.WeakCanonical.g_w_content	prop_valued_definition	def	FormalSystem.Metalogic.WeakCanonical.ReflexiveCanonical
FormalSystem.Metalogic.WeakCanonical.h_content	prop_valued_definition	def	FormalSystem.Metalogic.WeakCanonical.ReflexiveCanonical
FormalSystem.Metalogic.WeakCanonical.h_w_content	prop_valued_definition	def	FormalSystem.Metalogic.WeakCanonical.ReflexiveCanonical
FormalSystem.Metalogic.WeakCanonical.tempR_fwd	prop_valued_definition	def	FormalSystem.Metalogic.WeakCanonical.ReflexiveCanonical
FormalSystem.Metalogic.WeakCanonical.tempR_bwd	prop_valued_definition	def	FormalSystem.Metalogic.WeakCanonical.ReflexiveCanonical
FormalSystem.Metalogic.WeakCanonical.some_future_mono	data	def	FormalSystem.Metalogic.WeakCanonical.ReflexiveCanonical
FormalSystem.Metalogic.WeakCanonical.next_top	data	def	FormalSystem.Metalogic.WeakCanonical.ReflexiveCanonical
FormalSystem.Metalogic.WeakCanonical.Separation.int_truth	prop_valued_definition	def	FormalSystem.Metalogic.WeakCanonical.Separation.Defs
FormalSystem.Metalogic.WeakCanonical.Separation.formula_atoms	prop_valued_definition	def	FormalSystem.Metalogic.WeakCanonical.Separation.Defs
FormalSystem.Metalogic.WeakCanonical.Separation.int_equiv	prop_valued_definition	def	FormalSystem.Metalogic.WeakCanonical.Separation.Defs
FormalSystem.Metalogic.WeakCanonical.Separation.is_pure_past	prop_valued_definition	def	FormalSystem.Metalogic.WeakCanonical.Separation.Defs
FormalSystem.Metalogic.WeakCanonical.Separation.is_pure_future	prop_valued_definition	def	FormalSystem.Metalogic.WeakCanonical.Separation.Defs
FormalSystem.Metalogic.WeakCanonical.Separation.is_pure_present	prop_valued_definition	def	FormalSystem.Metalogic.WeakCanonical.Separation.Defs
FormalSystem.Metalogic.WeakCanonical.Separation.is_U_free	data	def	FormalSystem.Metalogic.WeakCanonical.Separation.Defs
FormalSystem.Metalogic.WeakCanonical.Separation.is_S_free	data	def	FormalSystem.Metalogic.WeakCanonical.Separation.Defs
FormalSystem.Metalogic.WeakCanonical.Separation.is_syntactically_separated	data	def	FormalSystem.Metalogic.WeakCanonical.Separation.Defs
FormalSystem.Metalogic.WeakCanonical.Separation.is_separable	prop_valued_definition	def	FormalSystem.Metalogic.WeakCanonical.Separation.Defs
FormalSystem.Metalogic.WeakCanonical.Separation.is_future_only	data	def	FormalSystem.Metalogic.WeakCanonical.Separation.Defs
FormalSystem.Metalogic.WeakCanonical.Separation.is_past_only	data	def	FormalSystem.Metalogic.WeakCanonical.Separation.Defs
FormalSystem.Metalogic.WeakCanonical.Separation.is_properly_separated	data	def	FormalSystem.Metalogic.WeakCanonical.Separation.Defs
FormalSystem.Metalogic.WeakCanonical.Separation.is_properly_separable	prop_valued_definition	def	FormalSystem.Metalogic.WeakCanonical.Separation.Defs
FormalSystem.Metalogic.WeakCanonical.Separation.junction_depth	data	def	FormalSystem.Metalogic.WeakCanonical.Separation.Defs
FormalSystem.Metalogic.WeakCanonical.Separation.junction_depth_U	data	def	FormalSystem.Metalogic.WeakCanonical.Separation.Defs
FormalSystem.Metalogic.WeakCanonical.Separation.junction_depth_S	data	def	FormalSystem.Metalogic.WeakCanonical.Separation.Defs
FormalSystem.Metalogic.WeakCanonical.Separation.U_depth_under_S	data	def	FormalSystem.Metalogic.WeakCanonical.Separation.Defs
FormalSystem.Metalogic.WeakCanonical.Separation.count_U_subformulas	data	def	FormalSystem.Metalogic.WeakCanonical.Separation.Defs
FormalSystem.Metalogic.WeakCanonical.Separation.count_U_total	data	def	FormalSystem.Metalogic.WeakCanonical.Separation.Defs
FormalSystem.Metalogic.WeakCanonical.Separation.S_nesting_above_U	data	def	FormalSystem.Metalogic.WeakCanonical.Separation.Defs
FormalSystem.Metalogic.WeakCanonical.Separation.S_nesting_above_U.S_nesting_above_U_inner	data	def	FormalSystem.Metalogic.WeakCanonical.Separation.Defs
FormalSystem.Metalogic.WeakCanonical.Separation.u_appearances_top_level_only	prop_valued_definition	def	FormalSystem.Metalogic.WeakCanonical.Separation.Defs
FormalSystem.Metalogic.WeakCanonical.Separation.u_appears_only_as_top_level	prop_valued_definition	def	FormalSystem.Metalogic.WeakCanonical.Separation.Defs
FormalSystem.Metalogic.WeakCanonical.Separation.no_S_nested_in_U	prop_valued_definition	def	FormalSystem.Metalogic.WeakCanonical.Separation.Defs
FormalSystem.Metalogic.WeakCanonical.Separation.formula_conjList	data	def	FormalSystem.Metalogic.WeakCanonical.Separation.KampTranslation
FormalSystem.Metalogic.WeakCanonical.Separation.formula_disjList	data	def	FormalSystem.Metalogic.WeakCanonical.Separation.KampTranslation
FormalSystem.Metalogic.WeakCanonical.Separation.atom_literal	data	def	FormalSystem.Metalogic.WeakCanonical.Separation.KampTranslation
FormalSystem.Metalogic.WeakCanonical.Separation.nf_depth0_char_formula	data	def	FormalSystem.Metalogic.WeakCanonical.Separation.KampTranslation
FormalSystem.Metalogic.WeakCanonical.Separation.z_structure_to_int	data	def	FormalSystem.Metalogic.WeakCanonical.Separation.SemanticBridge
FormalSystem.Metalogic.WeakCanonical.Separation.is_box_free	data	def	FormalSystem.Metalogic.WeakCanonical.Separation.SemanticBridge
FormalSystem.Metalogic.WeakCanonical.stavi_U_truth	prop_valued_definition	def	FormalSystem.Metalogic.WeakCanonical.StaviConnectives
FormalSystem.Metalogic.WeakCanonical.stavi_S_truth	prop_valued_definition	def	FormalSystem.Metalogic.WeakCanonical.StaviConnectives
FormalSystem.Metalogic.WeakCanonical.stavi_temporal_truth	prop_valued_definition	def	FormalSystem.Metalogic.WeakCanonical.StaviConnectives
FormalSystem.Metalogic.WeakCanonical.flatten_stavi	data	def	FormalSystem.Metalogic.WeakCanonical.StaviConnectives
FormalSystem.Metalogic.WeakCanonical.operator_depth	data	def	FormalSystem.Metalogic.WeakCanonical.Table
FormalSystem.Metalogic.WeakCanonical.temporal_truth	prop_valued_definition	def	FormalSystem.Metalogic.WeakCanonical.Table
FormalSystem.ProofSystem.temp_linearity_derivation	data	def	FormalSystem.ProofSystem.LinearityDerivedFacts
FormalSystem.Semantics.TaskFrame.task_rel	prop_valued_definition	def	FormalSystem.Semantics.TaskFrame
FormalSystem.Semantics.TaskFrame.trivial_frame	data	def	FormalSystem.Semantics.TaskFrame
FormalSystem.Semantics.TaskFrame.identity_frame	data	def	FormalSystem.Semantics.TaskFrame
FormalSystem.Semantics.TaskFrame.nat_frame	data	def	FormalSystem.Semantics.TaskFrame
FormalSystem.Semantics.TaskModel.all_false	data	def	FormalSystem.Semantics.TaskModel
FormalSystem.Semantics.TaskModel.all_true	data	def	FormalSystem.Semantics.TaskModel
FormalSystem.Semantics.TaskModel.from_list	data	def	FormalSystem.Semantics.TaskModel
FormalSystem.Semantics.truth_at	prop_valued_definition	def	FormalSystem.Semantics.Truth
FormalSystem.Semantics.semantic_consequence	prop_valued_definition	def	FormalSystem.Semantics.Validity
FormalSystem.Semantics.satisfiable_abs	prop_valued_definition	def	FormalSystem.Semantics.Validity
FormalSystem.Semantics.formula_satisfiable	prop_valued_definition	def	FormalSystem.Semantics.Validity
FormalSystem.Semantics.valid_dense	prop_valued_definition	def	FormalSystem.Semantics.Validity
FormalSystem.Semantics.valid_discrete	prop_valued_definition	def	FormalSystem.Semantics.Validity
FormalSystem.Semantics.WorldHistory.universal_trivialFrame	data	def	FormalSystem.Semantics.WorldHistory
FormalSystem.Semantics.WorldHistory.universal_natFrame	data	def	FormalSystem.Semantics.WorldHistory
FormalSystem.Semantics.WorldHistory.state_at	data	def	FormalSystem.Semantics.WorldHistory
FormalSystem.Semantics.WorldHistory.time_shift	data	def	FormalSystem.Semantics.WorldHistory
FormalSystem.Syntax.Atom.fresh_index	data	def	FormalSystem.Syntax.Atom
FormalSystem.Syntax.Atom.mk_base	data	def	FormalSystem.Syntax.Atom
FormalSystem.Syntax.Atom.mk_fresh	data	def	FormalSystem.Syntax.Atom
FormalSystem.Syntax.Atom.fresh_base	data	def	FormalSystem.Syntax.Atom
FormalSystem.Syntax.Atom.fresh_for	data	def	FormalSystem.Syntax.Atom
FormalSystem.Syntax.neg_bigconj	data	def	FormalSystem.Syntax.BigConj
FormalSystem.Syntax.Formula.atom_s	data	def	FormalSystem.Syntax.Formula
FormalSystem.Syntax.Formula.some_future	data	def	FormalSystem.Syntax.Formula
FormalSystem.Syntax.Formula.some_past	data	def	FormalSystem.Syntax.Formula
FormalSystem.Syntax.Formula.all_future	data	def	FormalSystem.Syntax.Formula
FormalSystem.Syntax.Formula.all_past	data	def	FormalSystem.Syntax.Formula
FormalSystem.Syntax.Formula.weak_future	data	def	FormalSystem.Syntax.Formula
FormalSystem.Syntax.Formula.weak_past	data	def	FormalSystem.Syntax.Formula
FormalSystem.Syntax.Formula.weak_until	data	def	FormalSystem.Syntax.Formula
FormalSystem.Syntax.Formula.weak_since	data	def	FormalSystem.Syntax.Formula
FormalSystem.Syntax.Formula.strong_release	data	def	FormalSystem.Syntax.Formula
FormalSystem.Syntax.Formula.strong_trigger	data	def	FormalSystem.Syntax.Formula
FormalSystem.Syntax.Formula.swap_temporal	data	def	FormalSystem.Syntax.Formula
FormalSystem.Syntax.f_nesting_depth	data	def	FormalSystem.Syntax.SubformulaClosure.NestingDepth
FormalSystem.Syntax.max_F_depth_in_closure	data	def	FormalSystem.Syntax.SubformulaClosure.NestingDepth
FormalSystem.Syntax.p_nesting_depth	data	def	FormalSystem.Syntax.SubformulaClosure.NestingDepth
FormalSystem.Syntax.max_P_depth_in_closure	data	def	FormalSystem.Syntax.SubformulaClosure.NestingDepth
FormalSystem.Syntax.F_top	data	def	FormalSystem.Syntax.SubformulaClosure.TemporalFormulas
FormalSystem.Syntax.P_top	data	def	FormalSystem.Syntax.SubformulaClosure.TemporalFormulas
FormalSystem.Syntax.neg_neg_bot	data	def	FormalSystem.Syntax.SubformulaClosure.TemporalFormulas
FormalSystem.Syntax.G_neg_neg_bot	data	def	FormalSystem.Syntax.SubformulaClosure.TemporalFormulas
FormalSystem.Syntax.H_neg_neg_bot	data	def	FormalSystem.Syntax.SubformulaClosure.TemporalFormulas
FormalSystem.Syntax.neg_G_neg_neg_bot	data	def	FormalSystem.Syntax.SubformulaClosure.TemporalFormulas
FormalSystem.Syntax.neg_H_neg_neg_bot	data	def	FormalSystem.Syntax.SubformulaClosure.TemporalFormulas
FormalSystem.Syntax.F_top_deferral	data	def	FormalSystem.Syntax.SubformulaClosure.TemporalFormulas
FormalSystem.Syntax.P_top_deferral	data	def	FormalSystem.Syntax.SubformulaClosure.TemporalFormulas
FormalSystem.Theorems.Combinators.imp_trans	data	def	FormalSystem.Theorems.Combinators
FormalSystem.Theorems.Combinators.b_combinator	data	def	FormalSystem.Theorems.Combinators
FormalSystem.Theorems.Combinators.theorem_flip	data	def	FormalSystem.Theorems.Combinators
FormalSystem.Theorems.Combinators.theorem_app1	data	def	FormalSystem.Theorems.Combinators
FormalSystem.Theorems.Combinators.theorem_app2	data	def	FormalSystem.Theorems.Combinators
FormalSystem.Theorems.Combinators.combine_imp_conj	data	def	FormalSystem.Theorems.Combinators
FormalSystem.Theorems.Combinators.combine_imp_conj_3	data	def	FormalSystem.Theorems.Combinators
FormalSystem.Theorems.Combinators.temp_future_derived	data	def	FormalSystem.Theorems.Combinators
FormalSystem.Theorems.reverse_deduction	data	def	FormalSystem.Theorems.GeneralizedNecessitation
FormalSystem.Theorems.past_necessitation	data	def	FormalSystem.Theorems.GeneralizedNecessitation
FormalSystem.Theorems.past_k_dist	data	def	FormalSystem.Theorems.GeneralizedNecessitation
FormalSystem.Theorems.generalized_modal_k	data	def	FormalSystem.Theorems.GeneralizedNecessitation
FormalSystem.Theorems.generalized_temporal_k	data	def	FormalSystem.Theorems.GeneralizedNecessitation
FormalSystem.Theorems.generalized_past_k	data	def	FormalSystem.Theorems.GeneralizedNecessitation
FormalSystem.Theorems.ModalS4.s4_diamond_box_conj	data	def	FormalSystem.Theorems.ModalS4
FormalSystem.Theorems.ModalS4.s4_box_diamond_box	data	def	FormalSystem.Theorems.ModalS4
FormalSystem.Theorems.ModalS4.s4_diamond_box_diamond	data	def	FormalSystem.Theorems.ModalS4
FormalSystem.Theorems.ModalS4.s5_diamond_conj_diamond	data	def	FormalSystem.Theorems.ModalS4
FormalSystem.Theorems.ModalS5.classical_merge	data	def	FormalSystem.Theorems.ModalS5
FormalSystem.Theorems.ModalS5.t_box_to_diamond	data	def	FormalSystem.Theorems.ModalS5
FormalSystem.Theorems.ModalS5.box_disj_intro	data	def	FormalSystem.Theorems.ModalS5
FormalSystem.Theorems.ModalS5.box_contrapose	data	def	FormalSystem.Theorems.ModalS5
FormalSystem.Theorems.ModalS5.k_dist_diamond	data	def	FormalSystem.Theorems.ModalS5
FormalSystem.Theorems.ModalS5.box_iff_intro	data	def	FormalSystem.Theorems.ModalS5
FormalSystem.Theorems.ModalS5.t_box_consistency	data	def	FormalSystem.Theorems.ModalS5
FormalSystem.Theorems.ModalS5.box_conj_iff	data	def	FormalSystem.Theorems.ModalS5
FormalSystem.Theorems.ModalS5.diamond_disj_iff	data	def	FormalSystem.Theorems.ModalS5
FormalSystem.Theorems.ModalS5.s5_diamond_box	data	def	FormalSystem.Theorems.ModalS5
FormalSystem.Theorems.ModalS5.s5_diamond_box_to_truth	data	def	FormalSystem.Theorems.ModalS5
FormalSystem.Theorems.Perpetuity.box_to_future	data	def	FormalSystem.Theorems.Perpetuity.Helpers
FormalSystem.Theorems.Perpetuity.box_to_past	data	def	FormalSystem.Theorems.Perpetuity.Helpers
FormalSystem.Theorems.Perpetuity.box_to_present	data	def	FormalSystem.Theorems.Perpetuity.Helpers
FormalSystem.Theorems.Perpetuity.axiom_in_context	data	def	FormalSystem.Theorems.Perpetuity.Helpers
FormalSystem.Theorems.Perpetuity.apply_axiom_to	data	def	FormalSystem.Theorems.Perpetuity.Helpers
FormalSystem.Theorems.Perpetuity.apply_axiom_in_context	data	def	FormalSystem.Theorems.Perpetuity.Helpers
FormalSystem.Theorems.Perpetuity.modal_duality_neg	data	def	FormalSystem.Theorems.Perpetuity.MonotonicityDuality
FormalSystem.Theorems.Perpetuity.modal_duality_neg_rev	data	def	FormalSystem.Theorems.Perpetuity.MonotonicityDuality
FormalSystem.Theorems.Perpetuity.box_mono	data	def	FormalSystem.Theorems.Perpetuity.MonotonicityDuality
FormalSystem.Theorems.Perpetuity.diamond_mono	data	def	FormalSystem.Theorems.Perpetuity.MonotonicityDuality
FormalSystem.Theorems.Perpetuity.future_mono	data	def	FormalSystem.Theorems.Perpetuity.MonotonicityDuality
FormalSystem.Theorems.Perpetuity.past_mono	data	def	FormalSystem.Theorems.Perpetuity.MonotonicityDuality
FormalSystem.Theorems.Perpetuity.always_to_past	data	def	FormalSystem.Theorems.Perpetuity.MonotonicityDuality
FormalSystem.Theorems.Perpetuity.always_to_present	data	def	FormalSystem.Theorems.Perpetuity.MonotonicityDuality
FormalSystem.Theorems.Perpetuity.always_to_future	data	def	FormalSystem.Theorems.Perpetuity.MonotonicityDuality
FormalSystem.Theorems.Perpetuity.past_present_future_to_always	data	def	FormalSystem.Theorems.Perpetuity.MonotonicityDuality
FormalSystem.Theorems.Perpetuity.always_dni	data	def	FormalSystem.Theorems.Perpetuity.MonotonicityDuality
FormalSystem.Theorems.Perpetuity.temporal_duality_neg	data	def	FormalSystem.Theorems.Perpetuity.MonotonicityDuality
FormalSystem.Theorems.Perpetuity.always_dne	data	def	FormalSystem.Theorems.Perpetuity.MonotonicityDuality
FormalSystem.Theorems.Perpetuity.temporal_duality_neg_rev	data	def	FormalSystem.Theorems.Perpetuity.MonotonicityDuality
FormalSystem.Theorems.Perpetuity.always_mono	data	def	FormalSystem.Theorems.Perpetuity.MonotonicityDuality
FormalSystem.Theorems.Perpetuity.double_contrapose	data	def	FormalSystem.Theorems.Perpetuity.MonotonicityDuality
FormalSystem.Theorems.Perpetuity.perpetuity_6	data	def	FormalSystem.Theorems.Perpetuity.MonotonicityDuality
FormalSystem.Theorems.Perpetuity.diamond_4	data	def	FormalSystem.Theorems.Perpetuity.Principles
FormalSystem.Theorems.Perpetuity.modal_5	data	def	FormalSystem.Theorems.Perpetuity.Principles
FormalSystem.Theorems.Perpetuity.box_to_box_past	data	def	FormalSystem.Theorems.Perpetuity.Principles
FormalSystem.Theorems.Perpetuity.box_conj_intro	data	def	FormalSystem.Theorems.Perpetuity.Principles
FormalSystem.Theorems.Perpetuity.box_conj_intro_imp	data	def	FormalSystem.Theorems.Perpetuity.Principles
FormalSystem.Theorems.Perpetuity.box_conj_intro_imp_3	data	def	FormalSystem.Theorems.Perpetuity.Principles
FormalSystem.Theorems.Perpetuity.perpetuity_3	data	def	FormalSystem.Theorems.Perpetuity.Principles
FormalSystem.Theorems.Perpetuity.box_dne	data	def	FormalSystem.Theorems.Perpetuity.Principles
FormalSystem.Theorems.Perpetuity.perpetuity_4	data	def	FormalSystem.Theorems.Perpetuity.Principles
FormalSystem.Theorems.Perpetuity.mb_diamond	data	def	FormalSystem.Theorems.Perpetuity.Principles
FormalSystem.Theorems.Perpetuity.box_diamond_to_future_box_diamond	data	def	FormalSystem.Theorems.Perpetuity.Principles
FormalSystem.Theorems.Perpetuity.box_diamond_to_past_box_diamond	data	def	FormalSystem.Theorems.Perpetuity.Principles
FormalSystem.Theorems.Perpetuity.future_k_dist	data	def	FormalSystem.Theorems.Perpetuity.Principles
FormalSystem.Theorems.Perpetuity.past_k_dist	data	def	FormalSystem.Theorems.Perpetuity.Principles
FormalSystem.Theorems.Perpetuity.perpetuity_5	data	def	FormalSystem.Theorems.Perpetuity.Principles
FormalSystem.Theorems.Propositional.classical_merge	data	def	FormalSystem.Theorems.Propositional.Connectives
FormalSystem.Theorems.Propositional.iff_intro	data	def	FormalSystem.Theorems.Propositional.Connectives
FormalSystem.Theorems.Propositional.iff_elim_left	data	def	FormalSystem.Theorems.Propositional.Connectives
FormalSystem.Theorems.Propositional.iff_elim_right	data	def	FormalSystem.Theorems.Propositional.Connectives
FormalSystem.Theorems.Propositional.contrapose_imp	data	def	FormalSystem.Theorems.Propositional.Connectives
FormalSystem.Theorems.Propositional.contrapose_iff	data	def	FormalSystem.Theorems.Propositional.Connectives
FormalSystem.Theorems.Propositional.iff_neg_intro	data	def	FormalSystem.Theorems.Propositional.Connectives
FormalSystem.Theorems.Propositional.demorgan_conj_neg_forward	data	def	FormalSystem.Theorems.Propositional.Connectives
FormalSystem.Theorems.Propositional.demorgan_conj_neg_backward	data	def	FormalSystem.Theorems.Propositional.Connectives
FormalSystem.Theorems.Propositional.demorgan_conj_neg	data	def	FormalSystem.Theorems.Propositional.Connectives
FormalSystem.Theorems.Propositional.demorgan_disj_neg_forward	data	def	FormalSystem.Theorems.Propositional.Connectives
FormalSystem.Theorems.Propositional.demorgan_disj_neg_backward	data	def	FormalSystem.Theorems.Propositional.Connectives
FormalSystem.Theorems.Propositional.demorgan_disj_neg	data	def	FormalSystem.Theorems.Propositional.Connectives
FormalSystem.Theorems.Propositional.efq_axiom	data	def	FormalSystem.Theorems.Propositional.Core
FormalSystem.Theorems.Propositional.peirce_axiom	data	def	FormalSystem.Theorems.Propositional.Core
FormalSystem.Theorems.Propositional.double_negation	data	def	FormalSystem.Theorems.Propositional.Core
FormalSystem.Theorems.Propositional.efq_neg	data	def	FormalSystem.Theorems.Propositional.Core
FormalSystem.Theorems.Propositional.lce_imp	data	def	FormalSystem.Theorems.Propositional.Core
FormalSystem.Theorems.Propositional.rce_imp	data	def	FormalSystem.Theorems.Propositional.Core
FormalSystem.Theorems.Propositional.bi_imp	data	def	FormalSystem.Theorems.Propositional.Reasoning
FormalSystem.Theorems.Propositional.or_elim_neg_neg	data	def	FormalSystem.Theorems.Propositional.Reasoning
FormalSystem.Theorems.TemporalDerived.temp_k_dist_derived	data	def	FormalSystem.Theorems.TemporalDerived
FormalSystem.Theorems.TemporalDerived.temp_4_derived	data	def	FormalSystem.Theorems.TemporalDerived
FormalSystem.Theorems.TemporalDerived.G_distribution	data	def	FormalSystem.Theorems.TemporalDerived
FormalSystem.Theorems.TemporalDerived.H_distribution	data	def	FormalSystem.Theorems.TemporalDerived
FormalSystem.Theorems.TemporalDerived.G_transitivity	data	def	FormalSystem.Theorems.TemporalDerived
FormalSystem.Theorems.TemporalDerived.H_transitivity	data	def	FormalSystem.Theorems.TemporalDerived
FormalSystem.Theorems.TemporalDerived.connect_future_thm	data	def	FormalSystem.Theorems.TemporalDerived
FormalSystem.Theorems.TemporalDerived.connect_past_thm	data	def	FormalSystem.Theorems.TemporalDerived
FormalSystem.Theorems.TemporalDerived.G_implies_G_id	data	def	FormalSystem.Theorems.TemporalDerived
FormalSystem.Theorems.TemporalDerived.until_implies_some_future	data	def	FormalSystem.Theorems.TemporalDerived
FormalSystem.Theorems.TemporalDerived.since_implies_some_past	data	def	FormalSystem.Theorems.TemporalDerived
FormalSystem.Theorems.TemporalDerived.until_imp_F	data	def	FormalSystem.Theorems.TemporalDerived
FormalSystem.Theorems.TemporalDerived.since_imp_P	data	def	FormalSystem.Theorems.TemporalDerived
FormalSystem.Theorems.TemporalDerived.formula_or_comm	data	def	FormalSystem.Theorems.TemporalDerived
FormalSystem.Theorems.TemporalDerived.F_mono	data	def	FormalSystem.Theorems.TemporalDerived
FormalSystem.Theorems.TemporalDerived.P_mono	data	def	FormalSystem.Theorems.TemporalDerived
FormalSystem.Theorems.TemporalDerived.G_mono	data	def	FormalSystem.Theorems.TemporalDerived
FormalSystem.Theorems.TemporalDerived.H_mono	data	def	FormalSystem.Theorems.TemporalDerived
FormalSystem.Theorems.TemporalDerived.until_mono_guard	data	def	FormalSystem.Theorems.TemporalDerived
FormalSystem.Theorems.TemporalDerived.since_mono_guard	data	def	FormalSystem.Theorems.TemporalDerived
FormalSystem.Theorems.TemporalDerived.until_mono_event	data	def	FormalSystem.Theorems.TemporalDerived
FormalSystem.Theorems.TemporalDerived.since_mono_event	data	def	FormalSystem.Theorems.TemporalDerived
FormalSystem.Theorems.TemporalDerived.F_neg_G	data	def	FormalSystem.Theorems.TemporalDerived
FormalSystem.Theorems.TemporalDerived.P_neg_H	data	def	FormalSystem.Theorems.TemporalDerived
FormalSystem.Theorems.TemporalDerived.G_and_intro	data	def	FormalSystem.Theorems.TemporalDerived
FormalSystem.Theorems.TemporalDerived.H_and_intro	data	def	FormalSystem.Theorems.TemporalDerived
FormalSystem.Theorems.TemporalDerived.G_imp_trans	data	def	FormalSystem.Theorems.TemporalDerived
FormalSystem.Theorems.TemporalDerived.H_imp_trans	data	def	FormalSystem.Theorems.TemporalDerived
FormalSystem.Theorems.TemporalDerived.G_contrapose	data	def	FormalSystem.Theorems.TemporalDerived
FormalSystem.Theorems.TemporalDerived.H_contrapose	data	def	FormalSystem.Theorems.TemporalDerived
FormalSystem.Theorems.TemporalDerived.connect_future_G	data	def	FormalSystem.Theorems.TemporalDerived
FormalSystem.Theorems.TemporalDerived.connect_past_H	data	def	FormalSystem.Theorems.TemporalDerived
FormalSystem.Theorems.TemporalDerived.connect_future_chain	data	def	FormalSystem.Theorems.TemporalDerived
FormalSystem.Theorems.TemporalDerived.connect_past_chain	data	def	FormalSystem.Theorems.TemporalDerived
FormalSystem.Theorems.TemporalDerived.always_to_present	data	def	FormalSystem.Theorems.TemporalDerived
FormalSystem.Theorems.TemporalDerived.present_to_sometimes	data	def	FormalSystem.Theorems.TemporalDerived
FormalSystem.Theorems.TemporalDerived.weak_future_left	data	def	FormalSystem.Theorems.TemporalDerived
FormalSystem.Theorems.TemporalDerived.weak_future_right	data	def	FormalSystem.Theorems.TemporalDerived
FormalSystem.Theorems.TemporalDerived.weak_past_left	data	def	FormalSystem.Theorems.TemporalDerived
FormalSystem.Theorems.TemporalDerived.weak_past_right	data	def	FormalSystem.Theorems.TemporalDerived
FormalSystem.Theorems.TemporalDerived.always_imp_all_future	data	def	FormalSystem.Theorems.TemporalDerived
FormalSystem.Theorems.TemporalDerived.always_imp_all_past	data	def	FormalSystem.Theorems.TemporalDerived
