old_name	target_final	full_target	category	module	usages	source
FormalSystem.Automation.InterestingnessMetrics.InterestingnessWeights.w_ALD	wALD	FormalSystem.Automation.InterestingnessMetrics.InterestingnessWeights.wALD	data	FormalSystem.Automation.InterestingnessMetrics	2	flagged
FormalSystem.Automation.InterestingnessMetrics.InterestingnessWeights.w_IAD	wIAD	FormalSystem.Automation.InterestingnessMetrics.InterestingnessWeights.wIAD	data	FormalSystem.Automation.InterestingnessMetrics	2	flagged
FormalSystem.Automation.InterestingnessMetrics.InterestingnessWeights.w_OD	wOD	FormalSystem.Automation.InterestingnessMetrics.InterestingnessWeights.wOD	data	FormalSystem.Automation.InterestingnessMetrics	2	flagged
FormalSystem.Automation.InterestingnessMetrics.InterestingnessWeights.w_PDR	wPDR	FormalSystem.Automation.InterestingnessMetrics.InterestingnessWeights.wPDR	data	FormalSystem.Automation.InterestingnessMetrics	2	flagged
FormalSystem.Automation.InterestingnessMetrics.InterestingnessWeights.w_PR	wPR	FormalSystem.Automation.InterestingnessMetrics.InterestingnessWeights.wPR	data	FormalSystem.Automation.InterestingnessMetrics	2	flagged
FormalSystem.Automation.InterestingnessMetrics.InterestingnessWeights.w_PRD	wPRD	FormalSystem.Automation.InterestingnessMetrics.InterestingnessWeights.wPRD	data	FormalSystem.Automation.InterestingnessMetrics	2	flagged
FormalSystem.Automation.InterestingnessMetrics.InterestingnessWeights.w_SS	wSS	FormalSystem.Automation.InterestingnessMetrics.InterestingnessWeights.wSS	data	FormalSystem.Automation.InterestingnessMetrics	2	flagged
FormalSystem.Automation.InterestingnessMetrics.ProofData.axioms_used	axiomsUsed	FormalSystem.Automation.InterestingnessMetrics.ProofData.axiomsUsed	data	FormalSystem.Automation.InterestingnessMetrics	4	flagged
FormalSystem.Automation.InterestingnessMetrics.ProofData.rules_applied	rulesApplied	FormalSystem.Automation.InterestingnessMetrics.ProofData.rulesApplied	data	FormalSystem.Automation.InterestingnessMetrics	3	flagged
FormalSystem.Automation.LemmaDB.Parser.Attr.tm_lemma	tmLemma	FormalSystem.Automation.LemmaDB.Parser.Attr.tmLemma	data	FormalSystem.Automation.LemmaDB	0	flagged
FormalSystem.Automation.ProofStepExtractor.ProofStep.goal_folded_json	goalFoldedJson	FormalSystem.Automation.ProofStepExtractor.ProofStep.goalFoldedJson	data	FormalSystem.Automation.ProofStepExtractor	8	flagged
FormalSystem.Automation.ProofTrace.axioms_used	axiomsUsed	FormalSystem.Automation.ProofTrace.axiomsUsed	data	FormalSystem.Automation.DatasetGenerator	21	flagged
FormalSystem.Automation.ProofTrace.rules_applied	rulesApplied	FormalSystem.Automation.ProofTrace.rulesApplied	data	FormalSystem.Automation.DatasetGenerator	17	flagged
FormalSystem.Automation.advanced_heuristic_score	advancedHeuristicScore	FormalSystem.Automation.advancedHeuristicScore	data	FormalSystem.Automation.ProofSearch.Core	9	flagged
FormalSystem.Automation.apply_modal_k	applyModalK	FormalSystem.Automation.applyModalK	data	FormalSystem.Automation.AesopRules	0	flagged
FormalSystem.Automation.apply_modus_ponens	applyModusPonensRule	FormalSystem.Automation.applyModusPonensRule	data	FormalSystem.Automation.AesopRules	0	flagged
FormalSystem.Automation.apply_temporal_k	applyTemporalK	FormalSystem.Automation.applyTemporalK	data	FormalSystem.Automation.AesopRules	0	flagged
FormalSystem.Automation.axiom_modal_4	axiomModal4	FormalSystem.Automation.axiomModal4	data	FormalSystem.Automation.AesopRules	0	flagged
FormalSystem.Automation.axiom_modal_b	axiomModalB	FormalSystem.Automation.axiomModalB	data	FormalSystem.Automation.AesopRules	0	flagged
FormalSystem.Automation.axiom_modal_t	axiomModalT	FormalSystem.Automation.axiomModalT	data	FormalSystem.Automation.AesopRules	0	flagged
FormalSystem.Automation.axiom_prop_k	axiomPropK	FormalSystem.Automation.axiomPropK	data	FormalSystem.Automation.AesopRules	0	flagged
FormalSystem.Automation.axiom_prop_s	axiomPropS	FormalSystem.Automation.axiomPropS	data	FormalSystem.Automation.AesopRules	0	flagged
FormalSystem.Automation.axiom_temp_4	axiomTemp4	FormalSystem.Automation.axiomTemp4	data	FormalSystem.Automation.AesopRules	1	flagged
FormalSystem.Automation.axiom_temp_a	axiomTempA	FormalSystem.Automation.axiomTempA	data	FormalSystem.Automation.AesopRules	1	flagged
FormalSystem.Automation.batch_search_with_learning	batchSearchWithLearning	FormalSystem.Automation.batchSearchWithLearning	data	FormalSystem.Automation.ProofSearch.Strategies	0	flagged
FormalSystem.Automation.bestFirst_search	bestFirstSearch	FormalSystem.Automation.bestFirstSearch	data	FormalSystem.Automation.ProofSearch.Strategies	1	flagged
FormalSystem.Automation.bounded_search	boundedSearch	FormalSystem.Automation.boundedSearch	data	FormalSystem.Automation.ProofSearch.Core	7	flagged
FormalSystem.Automation.bounded_search_with_proof	boundedSearchWithProof	FormalSystem.Automation.boundedSearchWithProof	data	FormalSystem.Automation.ProofSearch.Core	13	flagged
FormalSystem.Automation.box_context	boxContext	FormalSystem.Automation.boxContext	data	FormalSystem.Automation.ProofSearch.Core	2	flagged
FormalSystem.Automation.extract_from_box	extractFromBox	FormalSystem.Automation.extractFromBox	data	FormalSystem.Automation.Tactics.Helpers	4	flagged
FormalSystem.Automation.extract_from_future	extractFromFuture	FormalSystem.Automation.extractFromFuture	data	FormalSystem.Automation.Tactics.Helpers	4	flagged
FormalSystem.Automation.find_implications_to	findImplicationsTo	FormalSystem.Automation.findImplicationsTo	data	FormalSystem.Automation.ProofSearch.Core	4	flagged
FormalSystem.Automation.future_context	futureContext	FormalSystem.Automation.futureContext	data	FormalSystem.Automation.ProofSearch.Core	2	flagged
FormalSystem.Automation.heuristic_score	heuristicScore	FormalSystem.Automation.heuristicScore	data	FormalSystem.Automation.ProofSearch.Core	10	flagged
FormalSystem.Automation.iddfs_search	iddfsSearch	FormalSystem.Automation.iddfsSearch	data	FormalSystem.Automation.ProofSearch.Core	11	flagged
FormalSystem.Automation.is_box_formula	isBoxFormula	FormalSystem.Automation.isBoxFormula	data	FormalSystem.Automation.Tactics.Helpers	6	flagged
FormalSystem.Automation.is_future_formula	isFutureFormula	FormalSystem.Automation.isFutureFormula	data	FormalSystem.Automation.Tactics.Helpers	5	flagged
FormalSystem.Automation.matches_axiom	matchesAxiom	FormalSystem.Automation.matchesAxiom	data	FormalSystem.Automation.ProofSearch.Core	47	flagged
FormalSystem.Automation.modal_4_forward	modal4Forward	FormalSystem.Automation.modal4Forward	data	FormalSystem.Automation.AesopRules	0	flagged
FormalSystem.Automation.modal_b_forward	modalBForward	FormalSystem.Automation.modalBForward	data	FormalSystem.Automation.AesopRules	0	flagged
FormalSystem.Automation.modal_heuristic_bonus	modalHeuristicBonus	FormalSystem.Automation.modalHeuristicBonus	data	FormalSystem.Automation.ProofSearch.Core	5	flagged
FormalSystem.Automation.modal_t_forward	modalTForward	FormalSystem.Automation.modalTForward	data	FormalSystem.Automation.AesopRules	0	flagged
FormalSystem.Automation.normalize_always	normalizeAlways	FormalSystem.Automation.normalizeAlways	data	FormalSystem.Automation.AesopRules	0	flagged
FormalSystem.Automation.normalize_diamond	normalizeDiamond	FormalSystem.Automation.normalizeDiamond	data	FormalSystem.Automation.AesopRules	0	flagged
FormalSystem.Automation.normalize_some_past	normalizeSomePast	FormalSystem.Automation.normalizeSomePast	data	FormalSystem.Automation.AesopRules	0	flagged
FormalSystem.Automation.normalize_sometimes	normalizeSometimes	FormalSystem.Automation.normalizeSometimes	data	FormalSystem.Automation.AesopRules	0	flagged
FormalSystem.Automation.pattern_aware_score	patternAwareScore	FormalSystem.Automation.patternAwareScore	data	FormalSystem.Automation.ProofSearch.Core	6	flagged
FormalSystem.Automation.pattern_stats	patternStats	FormalSystem.Automation.patternStats	data	FormalSystem.Automation.ProofSearch.Strategies	0	flagged
FormalSystem.Automation.prop_k_forward	propKForward	FormalSystem.Automation.propKForward	data	FormalSystem.Automation.AesopRules	0	flagged
FormalSystem.Automation.prop_s_forward	propSForward	FormalSystem.Automation.propSForward	data	FormalSystem.Automation.AesopRules	0	flagged
FormalSystem.Automation.search_with_cache	searchWithCache	FormalSystem.Automation.searchWithCache	data	FormalSystem.Automation.ProofSearch.Strategies	0	flagged
FormalSystem.Automation.search_with_heuristics	searchWithHeuristics	FormalSystem.Automation.searchWithHeuristics	data	FormalSystem.Automation.ProofSearch.Strategies	0	flagged
FormalSystem.Automation.search_with_learning	searchWithLearning	FormalSystem.Automation.searchWithLearning	data	FormalSystem.Automation.ProofSearch.Strategies	3	flagged
FormalSystem.Automation.structure_heuristic	structureHeuristic	FormalSystem.Automation.structureHeuristic	data	FormalSystem.Automation.ProofSearch.Core	5	flagged
FormalSystem.Automation.temp_4_forward	temporal4Forward	FormalSystem.Automation.temporal4Forward	data	FormalSystem.Automation.AesopRules	0	flagged
FormalSystem.Automation.temp_a_forward	temporalAForward	FormalSystem.Automation.temporalAForward	data	FormalSystem.Automation.AesopRules	0	flagged
FormalSystem.Automation.temporal_heuristic_bonus	temporalHeuristicBonus	FormalSystem.Automation.temporalHeuristicBonus	data	FormalSystem.Automation.ProofSearch.Core	7	flagged
FormalSystem.FrameConditions.valid_dense_fc	ValidDenseFc	FormalSystem.FrameConditions.ValidDenseFc	prop_valued_definition	FormalSystem.FrameConditions.Validity	4	flagged
FormalSystem.FrameConditions.valid_discrete_fc	ValidDiscreteFc	FormalSystem.FrameConditions.ValidDiscreteFc	prop_valued_definition	FormalSystem.FrameConditions.Validity	2	flagged
FormalSystem.FrameConditions.valid_linear	ValidLinear	FormalSystem.FrameConditions.ValidLinear	prop_valued_definition	FormalSystem.FrameConditions.Validity	3	flagged
FormalSystem.FrameConditions.valid_over	ValidOver	FormalSystem.FrameConditions.ValidOver	prop_valued_definition	FormalSystem.FrameConditions.Validity	13	flagged
FormalSystem.FrameConditions.valid_over_Int	ValidOverInt	FormalSystem.FrameConditions.ValidOverInt	prop_valued_definition	FormalSystem.FrameConditions.Validity	1	flagged
FormalSystem.Metalogic.Algebraic.InteriorOperators.box_interior	boxInterior	FormalSystem.Metalogic.Algebraic.InteriorOperators.boxInterior	data	FormalSystem.Metalogic.Algebraic.InteriorOperators	0	flagged
FormalSystem.Metalogic.Algebraic.LindenbaumQuotient.H_quot	hQuot	FormalSystem.Metalogic.Algebraic.LindenbaumQuotient.hQuot	data	FormalSystem.Metalogic.Algebraic.LindenbaumQuotient	2	flagged
FormalSystem.Metalogic.Algebraic.LindenbaumQuotient.and_quot	andQuot	FormalSystem.Metalogic.Algebraic.LindenbaumQuotient.andQuot	data	FormalSystem.Metalogic.Algebraic.LindenbaumQuotient	9	flagged
FormalSystem.Metalogic.Algebraic.LindenbaumQuotient.bot_quot	botQuot	FormalSystem.Metalogic.Algebraic.LindenbaumQuotient.botQuot	data	FormalSystem.Metalogic.Algebraic.LindenbaumQuotient	1	flagged
FormalSystem.Metalogic.Algebraic.LindenbaumQuotient.box_quot	boxQuot	FormalSystem.Metalogic.Algebraic.LindenbaumQuotient.boxQuot	data	FormalSystem.Metalogic.Algebraic.LindenbaumQuotient	10	flagged
FormalSystem.Metalogic.Algebraic.LindenbaumQuotient.imp_quot	impQuot	FormalSystem.Metalogic.Algebraic.LindenbaumQuotient.impQuot	data	FormalSystem.Metalogic.Algebraic.LindenbaumQuotient	0	flagged
FormalSystem.Metalogic.Algebraic.LindenbaumQuotient.neg_quot	negQuot	FormalSystem.Metalogic.Algebraic.LindenbaumQuotient.negQuot	data	FormalSystem.Metalogic.Algebraic.LindenbaumQuotient	8	flagged
FormalSystem.Metalogic.Algebraic.LindenbaumQuotient.or_quot	orQuot	FormalSystem.Metalogic.Algebraic.LindenbaumQuotient.orQuot	data	FormalSystem.Metalogic.Algebraic.LindenbaumQuotient	14	flagged
FormalSystem.Metalogic.Algebraic.LindenbaumQuotient.sigma_quot	sigmaQuot	FormalSystem.Metalogic.Algebraic.LindenbaumQuotient.sigmaQuot	data	FormalSystem.Metalogic.Algebraic.LindenbaumQuotient	9	flagged
FormalSystem.Metalogic.Algebraic.LindenbaumQuotient.top_quot	topQuot	FormalSystem.Metalogic.Algebraic.LindenbaumQuotient.topQuot	data	FormalSystem.Metalogic.Algebraic.LindenbaumQuotient	3	flagged
FormalSystem.Metalogic.Algebraic.ParametricCanonical.parametric_canonical_task_rel	ParametricCanonicalTaskRel	FormalSystem.Metalogic.Algebraic.ParametricCanonical.ParametricCanonicalTaskRel	prop_valued_definition	FormalSystem.Metalogic.Algebraic.ParametricCanonical	18	flagged
FormalSystem.Metalogic.Algebraic.ParametricHistory.parametric_to_history	parametricToHistory	FormalSystem.Metalogic.Algebraic.ParametricHistory.parametricToHistory	data	FormalSystem.Metalogic.Algebraic.ParametricHistory	46	flagged
FormalSystem.Metalogic.Algebraic.UltrafilterMCS.ultrafilter_to_mcs	ultrafilterToMcs	FormalSystem.Metalogic.Algebraic.UltrafilterMCS.ultrafilterToMcs	data	FormalSystem.Metalogic.Algebraic.UltrafilterMCS	5	flagged
FormalSystem.Metalogic.BXCanonical.Chronicle.EnrichedEvent.h_impl	hImpl	FormalSystem.Metalogic.BXCanonical.Chronicle.EnrichedEvent.hImpl	data	FormalSystem.Metalogic.BXCanonical.Chronicle.PointInsertion	4	flagged
FormalSystem.Metalogic.BXCanonical.Chronicle.EnrichedEvent.h_snce	hSnce	FormalSystem.Metalogic.BXCanonical.Chronicle.EnrichedEvent.hSnce	data	FormalSystem.Metalogic.BXCanonical.Chronicle.PointInsertion	3	flagged
FormalSystem.Metalogic.BXCanonical.Chronicle.EnrichedEventSince.h_impl	hImpl	FormalSystem.Metalogic.BXCanonical.Chronicle.EnrichedEventSince.hImpl	data	FormalSystem.Metalogic.BXCanonical.Chronicle.PointInsertion	4	flagged
FormalSystem.Metalogic.BXCanonical.Chronicle.EnrichedEventSince.h_untl	hUntl	FormalSystem.Metalogic.BXCanonical.Chronicle.EnrichedEventSince.hUntl	data	FormalSystem.Metalogic.BXCanonical.Chronicle.PointInsertion	3	flagged
FormalSystem.Metalogic.BXCanonical.Chronicle.cantor_bfmcs_dense	cantorBfmcsDense	FormalSystem.Metalogic.BXCanonical.Chronicle.cantorBfmcsDense	data	FormalSystem.Metalogic.BXCanonical.Chronicle.ChronicleToCountermodelBasic	6	flagged
FormalSystem.Metalogic.BXCanonical.Chronicle.cantor_bfmcs_discrete	cantorBfmcsDiscrete	FormalSystem.Metalogic.BXCanonical.Chronicle.cantorBfmcsDiscrete	data	FormalSystem.Metalogic.BXCanonical.Chronicle.ChronicleToCountermodel	1	flagged
FormalSystem.Metalogic.BXCanonical.Chronicle.cantor_f_dense	CantorFDense	FormalSystem.Metalogic.BXCanonical.Chronicle.CantorFDense	prop_valued_definition	FormalSystem.Metalogic.BXCanonical.Chronicle.ChronicleToCountermodelBasic	16	flagged
FormalSystem.Metalogic.BXCanonical.Chronicle.cantor_fmcs_dense	cantorFmcsDense	FormalSystem.Metalogic.BXCanonical.Chronicle.cantorFmcsDense	data	FormalSystem.Metalogic.BXCanonical.Chronicle.ChronicleToCountermodelBasic	2	flagged
FormalSystem.Metalogic.BXCanonical.Chronicle.cantor_iso_dense	cantorIsoDense	FormalSystem.Metalogic.BXCanonical.Chronicle.cantorIsoDense	data	FormalSystem.Metalogic.BXCanonical.Chronicle.ChronicleToCountermodelBasic	18	flagged
FormalSystem.Metalogic.BXCanonical.Chronicle.cantor_zero_dense	cantorZeroDense	FormalSystem.Metalogic.BXCanonical.Chronicle.cantorZeroDense	data	FormalSystem.Metalogic.BXCanonical.Chronicle.ChronicleToCountermodelBasic	9	flagged
FormalSystem.Metalogic.BXCanonical.Chronicle.collapseClass_linearOrder	collapseClassLinearOrder	FormalSystem.Metalogic.BXCanonical.Chronicle.collapseClassLinearOrder	data	FormalSystem.Metalogic.BXCanonical.Chronicle.ChronicleToCountermodel	0	flagged
FormalSystem.Metalogic.BXCanonical.Chronicle.collapse_equiv	CollapseEquiv	FormalSystem.Metalogic.BXCanonical.Chronicle.CollapseEquiv	prop_valued_definition	FormalSystem.Metalogic.BXCanonical.Chronicle.ChronicleToCountermodel	23	flagged
FormalSystem.Metalogic.BXCanonical.Chronicle.collapse_setoid	collapseSetoid	FormalSystem.Metalogic.BXCanonical.Chronicle.collapseSetoid	data	FormalSystem.Metalogic.BXCanonical.Chronicle.ChronicleToCountermodel	2	flagged
FormalSystem.Metalogic.BXCanonical.Chronicle.counterexample_enum	counterexampleEnum	FormalSystem.Metalogic.BXCanonical.Chronicle.counterexampleEnum	data	FormalSystem.Metalogic.BXCanonical.Chronicle.ChronicleConstruction	49	flagged
FormalSystem.Metalogic.BXCanonical.Chronicle.dd_countermodel_chronicle_mixed_sorry	countermodelChronicleMixed	FormalSystem.Metalogic.BXCanonical.Chronicle.countermodelChronicleMixed	data		0	partC-only
FormalSystem.Metalogic.BXCanonical.Chronicle.derivation_from_singleton_list	derivationFromSingletonList	FormalSystem.Metalogic.BXCanonical.Chronicle.derivationFromSingletonList	data	FormalSystem.Metalogic.BXCanonical.Chronicle.RRelation	1	flagged
FormalSystem.Metalogic.BXCanonical.Chronicle.discrete_embed	discreteEmbed	FormalSystem.Metalogic.BXCanonical.Chronicle.discreteEmbed	data	FormalSystem.Metalogic.BXCanonical.Chronicle.ChronicleToCountermodel	14	flagged
FormalSystem.Metalogic.BXCanonical.Chronicle.discrete_f	DiscreteF	FormalSystem.Metalogic.BXCanonical.Chronicle.DiscreteF	prop_valued_definition	FormalSystem.Metalogic.BXCanonical.Chronicle.ChronicleToCountermodel	4	flagged
FormalSystem.Metalogic.BXCanonical.Chronicle.discrete_fmcs	discreteFmcs	FormalSystem.Metalogic.BXCanonical.Chronicle.discreteFmcs	data	FormalSystem.Metalogic.BXCanonical.Chronicle.ChronicleToCountermodel	0	flagged
FormalSystem.Metalogic.BXCanonical.Chronicle.discrete_zero	discreteZero	FormalSystem.Metalogic.BXCanonical.Chronicle.discreteZero	data	FormalSystem.Metalogic.BXCanonical.Chronicle.ChronicleToCountermodel	2	flagged
FormalSystem.Metalogic.BXCanonical.Chronicle.eliminate_potential_counterexample	eliminatePotentialCounterexample	FormalSystem.Metalogic.BXCanonical.Chronicle.eliminatePotentialCounterexample	data	FormalSystem.Metalogic.BXCanonical.Chronicle.CounterexampleElimination	2	flagged
FormalSystem.Metalogic.BXCanonical.Chronicle.embed_backward	embedBackward	FormalSystem.Metalogic.BXCanonical.Chronicle.embedBackward	data	FormalSystem.Metalogic.BXCanonical.Chronicle.ChronicleToCountermodel	9	flagged
FormalSystem.Metalogic.BXCanonical.Chronicle.embed_forward	embedForward	FormalSystem.Metalogic.BXCanonical.Chronicle.embedForward	data	FormalSystem.Metalogic.BXCanonical.Chronicle.ChronicleToCountermodel	9	flagged
FormalSystem.Metalogic.BXCanonical.Chronicle.limitDomSubtype_pred	limitDomSubtypePred	FormalSystem.Metalogic.BXCanonical.Chronicle.limitDomSubtypePred	data	FormalSystem.Metalogic.BXCanonical.Chronicle.ChronicleToCountermodelBasic	17	flagged
FormalSystem.Metalogic.BXCanonical.Chronicle.limitDomSubtype_predOrder	limitDomSubtypePredOrder	FormalSystem.Metalogic.BXCanonical.Chronicle.limitDomSubtypePredOrder	data	FormalSystem.Metalogic.BXCanonical.Chronicle.ChronicleToCountermodelBasic	2	flagged
FormalSystem.Metalogic.BXCanonical.Chronicle.limitDomSubtype_succ	limitDomSubtypeSucc	FormalSystem.Metalogic.BXCanonical.Chronicle.limitDomSubtypeSucc	data	FormalSystem.Metalogic.BXCanonical.Chronicle.ChronicleToCountermodelBasic	40	flagged
FormalSystem.Metalogic.BXCanonical.Chronicle.limitDomSubtype_succOrder	limitDomSubtypeSuccOrder	FormalSystem.Metalogic.BXCanonical.Chronicle.limitDomSubtypeSuccOrder	data	FormalSystem.Metalogic.BXCanonical.Chronicle.ChronicleToCountermodelBasic	2	flagged
FormalSystem.Metalogic.BXCanonical.Chronicle.limit_dom	LimitDom	FormalSystem.Metalogic.BXCanonical.Chronicle.LimitDom	prop_valued_definition	FormalSystem.Metalogic.BXCanonical.Chronicle.ChronicleConstruction	123	flagged
FormalSystem.Metalogic.BXCanonical.Chronicle.limit_f	LimitF	FormalSystem.Metalogic.BXCanonical.Chronicle.LimitF	prop_valued_definition	FormalSystem.Metalogic.BXCanonical.Chronicle.ChronicleConstruction	174	flagged
FormalSystem.Metalogic.BXCanonical.Chronicle.limit_g	LimitG	FormalSystem.Metalogic.BXCanonical.Chronicle.LimitG	prop_valued_definition	FormalSystem.Metalogic.BXCanonical.Chronicle.ChronicleConstruction	11	flagged
FormalSystem.Metalogic.BXCanonical.Chronicle.next_top	nextTop	FormalSystem.Metalogic.BXCanonical.Chronicle.nextTop	data	FormalSystem.Metalogic.BXCanonical.Chronicle.ChronicleToCountermodelBasic	152	flagged
FormalSystem.Metalogic.BXCanonical.Chronicle.omega_chain	omegaChain	FormalSystem.Metalogic.BXCanonical.Chronicle.omegaChain	data	FormalSystem.Metalogic.BXCanonical.Chronicle.ChronicleConstruction	14	flagged
FormalSystem.Metalogic.BXCanonical.Chronicle.omega_chain_elim_result	omegaChainElimResult	FormalSystem.Metalogic.BXCanonical.Chronicle.omegaChainElimResult	data	FormalSystem.Metalogic.BXCanonical.Chronicle.ChronicleConstruction	26	flagged
FormalSystem.Metalogic.BXCanonical.Chronicle.omega_chain_val	omegaChainVal	FormalSystem.Metalogic.BXCanonical.Chronicle.omegaChainVal	data	FormalSystem.Metalogic.BXCanonical.Chronicle.ChronicleConstruction	167	flagged
FormalSystem.Metalogic.BXCanonical.Chronicle.rooted_cantor_fmcs_dense	rootedCantorFmcsDense	FormalSystem.Metalogic.BXCanonical.Chronicle.rootedCantorFmcsDense	data	FormalSystem.Metalogic.BXCanonical.Chronicle.ChronicleToCountermodelBasic	24	flagged
FormalSystem.Metalogic.BXCanonical.Chronicle.rooted_succ_discrete_fmcs	rootedSuccDiscreteFmcs	FormalSystem.Metalogic.BXCanonical.Chronicle.rootedSuccDiscreteFmcs	data	FormalSystem.Metalogic.BXCanonical.Chronicle.ChronicleToCountermodel	14	flagged
FormalSystem.Metalogic.BXCanonical.Chronicle.shifted_cantor_fmcs_dense'	shiftedCantorFmcsDense'	FormalSystem.Metalogic.BXCanonical.Chronicle.shiftedCantorFmcsDense'	data	FormalSystem.Metalogic.BXCanonical.Chronicle.ChronicleToCountermodelBasic	9	flagged
FormalSystem.Metalogic.BXCanonical.Chronicle.shifted_succ_discrete_fmcs	shiftedSuccDiscreteFmcs	FormalSystem.Metalogic.BXCanonical.Chronicle.shiftedSuccDiscreteFmcs	data	FormalSystem.Metalogic.BXCanonical.Chronicle.ChronicleToCountermodel	3	flagged
FormalSystem.Metalogic.BXCanonical.Chronicle.singleton_chronicle	singletonChronicle	FormalSystem.Metalogic.BXCanonical.Chronicle.singletonChronicle	data	FormalSystem.Metalogic.BXCanonical.Chronicle.ChronicleConstruction	18	flagged
FormalSystem.Metalogic.BXCanonical.Chronicle.succ_discrete_f	SuccDiscreteF	FormalSystem.Metalogic.BXCanonical.Chronicle.SuccDiscreteF	prop_valued_definition	FormalSystem.Metalogic.BXCanonical.Chronicle.ChronicleToCountermodel	6	flagged
FormalSystem.Metalogic.BXCanonical.Chronicle.succ_discrete_fmcs	succDiscreteFmcs	FormalSystem.Metalogic.BXCanonical.Chronicle.succDiscreteFmcs	data	FormalSystem.Metalogic.BXCanonical.Chronicle.ChronicleToCountermodel	2	flagged
FormalSystem.Metalogic.BXCanonical.Chronicle.succ_embed	succEmbed	FormalSystem.Metalogic.BXCanonical.Chronicle.succEmbed	data	FormalSystem.Metalogic.BXCanonical.Chronicle.ChronicleToCountermodel	58	flagged
FormalSystem.Metalogic.BXCanonical.Chronicle.top_formula	topFormula	FormalSystem.Metalogic.BXCanonical.Chronicle.topFormula	data	FormalSystem.Metalogic.BXCanonical.Chronicle.ChronicleToCountermodelBasic	28	flagged
FormalSystem.Metalogic.BXCanonical.Filtration.is_until_defect	IsUntilDefect	FormalSystem.Metalogic.BXCanonical.Filtration.IsUntilDefect	prop_valued_definition	FormalSystem.Metalogic.BXCanonical.Filtration.DefectChain	0	flagged
FormalSystem.Metalogic.BXCanonical.Filtration.sigma_defect_count	sigmaDefectCount	FormalSystem.Metalogic.BXCanonical.Filtration.sigmaDefectCount	data	FormalSystem.Metalogic.BXCanonical.Filtration.DefectChain	2	flagged
FormalSystem.Metalogic.BXCanonical.Filtration.sigma_since_defect_count	sigmaSinceDefectCount	FormalSystem.Metalogic.BXCanonical.Filtration.sigmaSinceDefectCount	data	FormalSystem.Metalogic.BXCanonical.Filtration.DefectChain	0	flagged
FormalSystem.Metalogic.BXCanonical.Quasimodel.bigconj_intro	bigconjIntro	FormalSystem.Metalogic.BXCanonical.Quasimodel.bigconjIntro	data	FormalSystem.Metalogic.BXCanonical.Quasimodel.Realization	1	flagged
FormalSystem.Metalogic.BXCanonical.Quasimodel.bigconj_mem_iff	bigconjMemIff	FormalSystem.Metalogic.BXCanonical.Quasimodel.bigconjMemIff	data	FormalSystem.Metalogic.BXCanonical.Quasimodel.Realization	1	flagged
FormalSystem.Metalogic.BXCanonical.Quasimodel.defect_count	defectCount	FormalSystem.Metalogic.BXCanonical.Quasimodel.defectCount	data	FormalSystem.Metalogic.BXCanonical.Quasimodel.Construction	9	flagged
FormalSystem.Metalogic.BXCanonical.Quasimodel.g_content_sigma	GContentSigma	FormalSystem.Metalogic.BXCanonical.Quasimodel.GContentSigma	prop_valued_definition	FormalSystem.Metalogic.BXCanonical.Quasimodel.Realization	1	flagged
FormalSystem.Metalogic.BXCanonical.Quasimodel.hintikka_step	HintikkaStep	FormalSystem.Metalogic.BXCanonical.Quasimodel.HintikkaStep	prop_valued_definition	FormalSystem.Metalogic.BXCanonical.Quasimodel.Construction	16	flagged
FormalSystem.Metalogic.BXCanonical.Quasimodel.sigma_signature	sigmaSignature	FormalSystem.Metalogic.BXCanonical.Quasimodel.sigmaSignature	data	FormalSystem.Metalogic.BXCanonical.Quasimodel.HintikkaPoint	2	flagged
FormalSystem.Metalogic.BXCanonical.Quasimodel.sigma_signature_formulas	sigmaSignatureFormulas	FormalSystem.Metalogic.BXCanonical.Quasimodel.sigmaSignatureFormulas	data	FormalSystem.Metalogic.BXCanonical.Quasimodel.HintikkaPoint	8	flagged
FormalSystem.Metalogic.BXCanonical.Quasimodel.since_defect_count	sinceDefectCount	FormalSystem.Metalogic.BXCanonical.Quasimodel.sinceDefectCount	data	FormalSystem.Metalogic.BXCanonical.Quasimodel.Construction	9	flagged
FormalSystem.Metalogic.BXCanonical.bwd_chain	bwdChain	FormalSystem.Metalogic.BXCanonical.bwdChain	data	FormalSystem.Metalogic.BXCanonical.CanonicalModel	23	flagged
FormalSystem.Metalogic.BXCanonical.bwd_chain_fc	bwdChainFc	FormalSystem.Metalogic.BXCanonical.bwdChainFc	data	FormalSystem.Metalogic.BXCanonical.CanonicalModel	23	flagged
FormalSystem.Metalogic.BXCanonical.bwd_pred	BwdPred	FormalSystem.Metalogic.BXCanonical.BwdPred	prop_valued_definition	FormalSystem.Metalogic.BXCanonical.CanonicalModel	8	flagged
FormalSystem.Metalogic.BXCanonical.bwd_pred_fc	BwdPredFc	FormalSystem.Metalogic.BXCanonical.BwdPredFc	prop_valued_definition	FormalSystem.Metalogic.BXCanonical.CanonicalModel	8	flagged
FormalSystem.Metalogic.BXCanonical.bx_fmcs	bxFmcs	FormalSystem.Metalogic.BXCanonical.bxFmcs	data	FormalSystem.Metalogic.BXCanonical.CanonicalModel	1	flagged
FormalSystem.Metalogic.BXCanonical.bx_fmcs_fc	bxFmcsFc	FormalSystem.Metalogic.BXCanonical.bxFmcsFc	data	FormalSystem.Metalogic.BXCanonical.CanonicalModel	0	flagged
FormalSystem.Metalogic.BXCanonical.bx_le	BxLe	FormalSystem.Metalogic.BXCanonical.BxLe	prop_valued_definition	FormalSystem.Metalogic.BXCanonical.Frame	30	flagged
FormalSystem.Metalogic.BXCanonical.bx_lt	BxLt	FormalSystem.Metalogic.BXCanonical.BxLt	prop_valued_definition	FormalSystem.Metalogic.BXCanonical.TruthLemma	0	flagged
FormalSystem.Metalogic.BXCanonical.bx_modal_equiv	BxModalEquiv	FormalSystem.Metalogic.BXCanonical.BxModalEquiv	prop_valued_definition	FormalSystem.Metalogic.BXCanonical.Frame	10	flagged
FormalSystem.Metalogic.BXCanonical.enriched_resolving_seed	EnrichedResolvingSeed	FormalSystem.Metalogic.BXCanonical.EnrichedResolvingSeed	prop_valued_definition	FormalSystem.Metalogic.BXCanonical.OrderedSeedConsistency	4	flagged
FormalSystem.Metalogic.BXCanonical.fwd_chain	fwdChain	FormalSystem.Metalogic.BXCanonical.fwdChain	data	FormalSystem.Metalogic.BXCanonical.CanonicalModel	19	flagged
FormalSystem.Metalogic.BXCanonical.fwd_chain_fc	fwdChainFc	FormalSystem.Metalogic.BXCanonical.fwdChainFc	data	FormalSystem.Metalogic.BXCanonical.CanonicalModel	19	flagged
FormalSystem.Metalogic.BXCanonical.fwd_succ	FwdSucc	FormalSystem.Metalogic.BXCanonical.FwdSucc	prop_valued_definition	FormalSystem.Metalogic.BXCanonical.CanonicalModel	8	flagged
FormalSystem.Metalogic.BXCanonical.fwd_succ_fc	FwdSuccFc	FormalSystem.Metalogic.BXCanonical.FwdSuccFc	prop_valued_definition	FormalSystem.Metalogic.BXCanonical.CanonicalModel	8	flagged
FormalSystem.Metalogic.BXCanonical.henkin_bfmcs	henkinBfmcs	FormalSystem.Metalogic.BXCanonical.henkinBfmcs	data	FormalSystem.Metalogic.BXCanonical.CanonicalModel	0	flagged
FormalSystem.Metalogic.BXCanonical.int_chain	IntChain	FormalSystem.Metalogic.BXCanonical.IntChain	prop_valued_definition	FormalSystem.Metalogic.BXCanonical.CanonicalModel	20	flagged
FormalSystem.Metalogic.BXCanonical.int_chain_fc	IntChainFc	FormalSystem.Metalogic.BXCanonical.IntChainFc	prop_valued_definition	FormalSystem.Metalogic.BXCanonical.CanonicalModel	20	flagged
FormalSystem.Metalogic.BXCanonical.neg_box_to_box_neg_box	negBoxToBoxNegBox	FormalSystem.Metalogic.BXCanonical.negBoxToBoxNegBox	data	FormalSystem.Metalogic.BXCanonical.Frame	4	flagged
FormalSystem.Metalogic.BXCanonical.shifted_bx_fmcs	shiftedBxFmcs	FormalSystem.Metalogic.BXCanonical.shiftedBxFmcs	data	FormalSystem.Metalogic.BXCanonical.CanonicalModel	3	flagged
FormalSystem.Metalogic.BXCanonical.shifted_bx_fmcs_fc	shiftedBxFmcsFc	FormalSystem.Metalogic.BXCanonical.shiftedBxFmcsFc	data	FormalSystem.Metalogic.BXCanonical.CanonicalModel	12	flagged
FormalSystem.Metalogic.Bundle.BFMCS.backward_until_since_coherent	BackwardUntilSinceCoherent	FormalSystem.Metalogic.Bundle.BFMCS.BackwardUntilSinceCoherent	prop_valued_definition	FormalSystem.Metalogic.Bundle.TemporalCoherence	11	flagged
FormalSystem.Metalogic.Bundle.BFMCS.eval_family	evalFamily	FormalSystem.Metalogic.Bundle.BFMCS.evalFamily	data	FormalSystem.Metalogic.Bundle.BFMCS	3	flagged
FormalSystem.Metalogic.Bundle.BFMCS.forward_until_since_coherent	ForwardUntilSinceCoherent	FormalSystem.Metalogic.Bundle.BFMCS.ForwardUntilSinceCoherent	prop_valued_definition	FormalSystem.Metalogic.Bundle.TemporalCoherence	11	flagged
FormalSystem.Metalogic.Bundle.BFMCS.restricted_backward_until_since_coherent	RestrictedBackwardUntilSinceCoherent	FormalSystem.Metalogic.Bundle.BFMCS.RestrictedBackwardUntilSinceCoherent	prop_valued_definition	FormalSystem.Metalogic.Bundle.TemporalCoherence	5	flagged
FormalSystem.Metalogic.Bundle.BFMCS.restricted_forward_until_since_coherent	RestrictedForwardUntilSinceCoherent	FormalSystem.Metalogic.Bundle.BFMCS.RestrictedForwardUntilSinceCoherent	prop_valued_definition	FormalSystem.Metalogic.Bundle.TemporalCoherence	4	flagged
FormalSystem.Metalogic.Bundle.BFMCS.restricted_temporally_coherent	RestrictedTemporallyCoherent	FormalSystem.Metalogic.Bundle.BFMCS.RestrictedTemporallyCoherent	prop_valued_definition	FormalSystem.Metalogic.Bundle.TemporalCoherence	6	flagged
FormalSystem.Metalogic.Bundle.BFMCS.temporally_coherent	TemporallyCoherent	FormalSystem.Metalogic.Bundle.BFMCS.TemporallyCoherent	prop_valued_definition	FormalSystem.Metalogic.Bundle.TemporalCoherence	8	flagged
FormalSystem.Metalogic.Bundle.BFMCS.until_since_coherent	UntilSinceCoherent	FormalSystem.Metalogic.Bundle.BFMCS.UntilSinceCoherent	prop_valued_definition	FormalSystem.Metalogic.Bundle.TemporalCoherence	3	flagged
FormalSystem.Metalogic.Bundle.ExistsTask_past	ExistsTaskPast	FormalSystem.Metalogic.Bundle.ExistsTaskPast	prop_valued_definition	FormalSystem.Metalogic.Bundle.CanonicalFrame	4	flagged
FormalSystem.Metalogic.Bundle.G_dne_theorem	gDneTheorem	FormalSystem.Metalogic.Bundle.gDneTheorem	data	FormalSystem.Metalogic.Bundle.TemporalCoherence	0	flagged
FormalSystem.Metalogic.Bundle.H_dne_theorem	hDneTheorem	FormalSystem.Metalogic.Bundle.hDneTheorem	data	FormalSystem.Metalogic.Bundle.TemporalCoherence	0	flagged
FormalSystem.Metalogic.Bundle.axiom_5_negative_introspection	axiom5NegativeIntrospection	FormalSystem.Metalogic.Bundle.axiom5NegativeIntrospection	data	FormalSystem.Metalogic.Bundle.ModalSaturation	2	flagged
FormalSystem.Metalogic.Bundle.box_dne_theorem	boxDneTheorem	FormalSystem.Metalogic.Bundle.boxDneTheorem	data	FormalSystem.Metalogic.Bundle.ModalSaturation	5	flagged
FormalSystem.Metalogic.Bundle.closure_F_bound	closureFBound	FormalSystem.Metalogic.Bundle.closureFBound	data	FormalSystem.Metalogic.Bundle.CanonicalTaskRelation	9	flagged
FormalSystem.Metalogic.Bundle.closure_P_bound	closurePBound	FormalSystem.Metalogic.Bundle.closurePBound	data	FormalSystem.Metalogic.Bundle.CanonicalTaskRelation	9	flagged
FormalSystem.Metalogic.Bundle.dne_theorem	dneTheorem	FormalSystem.Metalogic.Bundle.dneTheorem	data	FormalSystem.Metalogic.Bundle.ModalSaturation	6	flagged
FormalSystem.Metalogic.Bundle.dni_theorem	dniTheorem	FormalSystem.Metalogic.Bundle.dniTheorem	data	FormalSystem.Metalogic.Bundle.ModalSaturation	0	flagged
FormalSystem.Metalogic.Bundle.f_content	FContent	FormalSystem.Metalogic.Bundle.FContent	prop_valued_definition	FormalSystem.Metalogic.Bundle.TemporalContent	8	flagged
FormalSystem.Metalogic.Bundle.forward_temporal_witness_seed	ForwardTemporalWitnessSeed	FormalSystem.Metalogic.Bundle.ForwardTemporalWitnessSeed	prop_valued_definition	FormalSystem.Metalogic.Bundle.WitnessSeed	17	flagged
FormalSystem.Metalogic.Bundle.g_content	GContent	FormalSystem.Metalogic.Bundle.GContent	prop_valued_definition	FormalSystem.Metalogic.Bundle.TemporalContent	96	flagged
FormalSystem.Metalogic.Bundle.h_content	HContent	FormalSystem.Metalogic.Bundle.HContent	prop_valued_definition	FormalSystem.Metalogic.Bundle.TemporalContent	67	flagged
FormalSystem.Metalogic.Bundle.is_modally_saturated	IsModallySaturated	FormalSystem.Metalogic.Bundle.IsModallySaturated	prop_valued_definition	FormalSystem.Metalogic.Bundle.ModalSaturation	3	flagged
FormalSystem.Metalogic.Bundle.iter_F	iterF	FormalSystem.Metalogic.Bundle.iterF	data	FormalSystem.Metalogic.Bundle.CanonicalTaskRelation	33	flagged
FormalSystem.Metalogic.Bundle.iter_P	iterP	FormalSystem.Metalogic.Bundle.iterP	data	FormalSystem.Metalogic.Bundle.CanonicalTaskRelation	37	flagged
FormalSystem.Metalogic.Bundle.lindenbaumMCS_set	LindenbaumMCSSet	FormalSystem.Metalogic.Bundle.LindenbaumMCSSet	prop_valued_definition	FormalSystem.Metalogic.Bundle.Construction	2	flagged
FormalSystem.Metalogic.Bundle.modal_5_collapse_theorem	modal5CollapseTheorem	FormalSystem.Metalogic.Bundle.modal5CollapseTheorem	data	FormalSystem.Metalogic.Bundle.ModalSaturation	1	flagged
FormalSystem.Metalogic.Bundle.neg_box_to_box_neg_box	negBoxToBoxNegBox	FormalSystem.Metalogic.Bundle.negBoxToBoxNegBox	data	FormalSystem.Metalogic.Bundle.ModalSaturation	1	flagged
FormalSystem.Metalogic.Bundle.p_content	PContent	FormalSystem.Metalogic.Bundle.PContent	prop_valued_definition	FormalSystem.Metalogic.Bundle.TemporalContent	9	flagged
FormalSystem.Metalogic.Bundle.past_temp_a	pastTempA	FormalSystem.Metalogic.Bundle.pastTempA	data	FormalSystem.Metalogic.Bundle.WitnessSeed	1	flagged
FormalSystem.Metalogic.Bundle.past_temporal_witness_seed	PastTemporalWitnessSeed	FormalSystem.Metalogic.Bundle.PastTemporalWitnessSeed	prop_valued_definition	FormalSystem.Metalogic.Bundle.WitnessSeed	21	flagged
FormalSystem.Metalogic.Bundle.s_content	SContent	FormalSystem.Metalogic.Bundle.SContent	prop_valued_definition	FormalSystem.Metalogic.Bundle.TemporalContent	1	flagged
FormalSystem.Metalogic.Bundle.u_content	UContent	FormalSystem.Metalogic.Bundle.UContent	prop_valued_definition	FormalSystem.Metalogic.Bundle.TemporalContent	1	flagged
FormalSystem.Metalogic.Bundle.until_witness_seed	UntilWitnessSeed	FormalSystem.Metalogic.Bundle.UntilWitnessSeed	prop_valued_definition	FormalSystem.Metalogic.Bundle.WitnessSeed	7	flagged
FormalSystem.Metalogic.Core.deduction_assumption_other	deductionAssumptionOther	FormalSystem.Metalogic.Core.deductionAssumptionOther	data	FormalSystem.Metalogic.Core.DeductionTheorem	2	flagged
FormalSystem.Metalogic.Core.deduction_assumption_same	deductionAssumptionSame	FormalSystem.Metalogic.Core.deductionAssumptionSame	data	FormalSystem.Metalogic.Core.DeductionTheorem	2	flagged
FormalSystem.Metalogic.Core.deduction_axiom	deductionAxiom	FormalSystem.Metalogic.Core.deductionAxiom	data	FormalSystem.Metalogic.Core.DeductionTheorem	2	flagged
FormalSystem.Metalogic.Core.deduction_converse	deductionConverse	FormalSystem.Metalogic.Core.deductionConverse	data	FormalSystem.Metalogic.Core.DeductionTheorem	3	flagged
FormalSystem.Metalogic.Core.deduction_mp	deductionMp	FormalSystem.Metalogic.Core.deductionMp	data	FormalSystem.Metalogic.Core.DeductionTheorem	2	flagged
FormalSystem.Metalogic.Core.deduction_theorem	deductionTheorem	FormalSystem.Metalogic.Core.deductionTheorem	data	FormalSystem.Metalogic.Core.DeductionTheorem	116	flagged
FormalSystem.Metalogic.Core.derivation_exchange	derivationExchange	FormalSystem.Metalogic.Core.derivationExchange	data	FormalSystem.Metalogic.Core.MCSProperties	13	flagged
FormalSystem.Metalogic.Core.derives_bot_from_phi_neg_phi	derivesBotFromPhiNegPhi	FormalSystem.Metalogic.Core.derivesBotFromPhiNegPhi	data	FormalSystem.Metalogic.Core.MaximalConsistent	6	flagged
FormalSystem.Metalogic.Core.temp_4_past	temporal4Past	FormalSystem.Metalogic.Core.temporal4Past	data	FormalSystem.Metalogic.Core.MCSProperties	3	flagged
FormalSystem.Metalogic.Decidability.FMP.subformulaClosure_fintype	subformulaClosureFintype	FormalSystem.Metalogic.Decidability.FMP.subformulaClosureFintype	data	FormalSystem.Metalogic.Decidability.FMP.FiniteModel	0	flagged
FormalSystem.Metalogic.Decidability.Propositional.elim_vars	elimVars	FormalSystem.Metalogic.Decidability.Propositional.elimVars	data	FormalSystem.Metalogic.Decidability.Propositional.Kalmar	2	flagged
FormalSystem.Metalogic.Decidability.Propositional.kalmar_step	kalmarStep	FormalSystem.Metalogic.Decidability.Propositional.kalmarStep	data	FormalSystem.Metalogic.Decidability.Propositional.Kalmar	1	flagged
FormalSystem.Metalogic.Decidability.Propositional.neg_imp_intro	negImpIntro	FormalSystem.Metalogic.Decidability.Propositional.negImpIntro	data	FormalSystem.Metalogic.Decidability.Propositional.Kalmar	1	flagged
FormalSystem.Metalogic.Decidability.Propositional.tautology_derivable'	tautologyDerivable'	FormalSystem.Metalogic.Decidability.Propositional.tautologyDerivable'	data	FormalSystem.Metalogic.Decidability.Propositional.Kalmar	4	flagged
FormalSystem.Metalogic.Decidability.Propositional.tautology_derivable_fc'	tautologyDerivableFc'	FormalSystem.Metalogic.Decidability.Propositional.tautologyDerivableFc'	data	FormalSystem.Metalogic.Decidability.Propositional.Kalmar	2	flagged
FormalSystem.Metalogic.Decidability.expandBranchWithFuel_traced	expandBranchWithFuelTraced	FormalSystem.Metalogic.Decidability.expandBranchWithFuelTraced	data	FormalSystem.Metalogic.Decidability.Saturation	1	flagged
FormalSystem.Metalogic.Decidability.expandBranchWithFuel_tracedImpl	expandBranchWithFuelTracedImpl	FormalSystem.Metalogic.Decidability.expandBranchWithFuelTracedImpl	data	FormalSystem.Metalogic.Decidability.Saturation	3	flagged
FormalSystem.Metalogic.Decidability.expandOnceWithApplied_tracedImpl	expandOnceWithAppliedTracedImpl	FormalSystem.Metalogic.Decidability.expandOnceWithAppliedTracedImpl	data	FormalSystem.Metalogic.Decidability.Saturation	1	flagged
FormalSystem.Metalogic.SoundnessLemmas.is_valid	IsValid	FormalSystem.Metalogic.SoundnessLemmas.IsValid	prop_valued_definition	FormalSystem.Metalogic.SoundnessLemmas.Core	68	flagged
FormalSystem.Metalogic.WeakCanonical.ChronicleAsPriorModel.domain_lo	domainLo	FormalSystem.Metalogic.WeakCanonical.ChronicleAsPriorModel.domainLo	data	FormalSystem.Metalogic.WeakCanonical.ChronicleExtraction	3	flagged
FormalSystem.Metalogic.WeakCanonical.ChronicleAsPriorModel.domain_pred	domainPred	FormalSystem.Metalogic.WeakCanonical.ChronicleAsPriorModel.domainPred	data	FormalSystem.Metalogic.WeakCanonical.ChronicleExtraction	2	flagged
FormalSystem.Metalogic.WeakCanonical.ChronicleAsPriorModel.domain_succ	domainSucc	FormalSystem.Metalogic.WeakCanonical.ChronicleAsPriorModel.domainSucc	data	FormalSystem.Metalogic.WeakCanonical.ChronicleExtraction	2	flagged
FormalSystem.Metalogic.WeakCanonical.ChronicleAsPriorModel.root_point	rootPoint	FormalSystem.Metalogic.WeakCanonical.ChronicleAsPriorModel.rootPoint	data	FormalSystem.Metalogic.WeakCanonical.ChronicleExtraction	0	flagged
FormalSystem.Metalogic.WeakCanonical.EFPosition.selected_M	selectedM	FormalSystem.Metalogic.WeakCanonical.EFPosition.selectedM	data	FormalSystem.Metalogic.WeakCanonical.EFGames.Defs	3	flagged
FormalSystem.Metalogic.WeakCanonical.EFPosition.selected_N	selectedN	FormalSystem.Metalogic.WeakCanonical.EFPosition.selectedN	data	FormalSystem.Metalogic.WeakCanonical.EFGames.Defs	3	flagged
FormalSystem.Metalogic.WeakCanonical.KEquivalenceFramework.equiv_at	EquivAt	FormalSystem.Metalogic.WeakCanonical.KEquivalenceFramework.EquivAt	prop_valued_definition	FormalSystem.Metalogic.WeakCanonical.NEquivalence	1	flagged
FormalSystem.Metalogic.WeakCanonical.KEquivalenceFramework.finite_types	finiteTypes	FormalSystem.Metalogic.WeakCanonical.KEquivalenceFramework.finiteTypes	data	FormalSystem.Metalogic.WeakCanonical.NEquivalence	1	flagged
FormalSystem.Metalogic.WeakCanonical.Kamp.A_diag	aDiag	FormalSystem.Metalogic.WeakCanonical.Kamp.aDiag	data	FormalSystem.Metalogic.WeakCanonical.Kamp.NfMultiAnchorBridge.Base	2	flagged
FormalSystem.Metalogic.WeakCanonical.Kamp.A_future	aFuture	FormalSystem.Metalogic.WeakCanonical.Kamp.aFuture	data	FormalSystem.Metalogic.WeakCanonical.Kamp.NfZoneFlattenNavigable	3	flagged
FormalSystem.Metalogic.WeakCanonical.Kamp.A_past	aPast	FormalSystem.Metalogic.WeakCanonical.Kamp.aPast	data	FormalSystem.Metalogic.WeakCanonical.Kamp.NfZoneFlattenNavigable	3	flagged
FormalSystem.Metalogic.WeakCanonical.Kamp.NegFixGateProbe.caseA_Z	caseAZ	FormalSystem.Metalogic.WeakCanonical.Kamp.NegFixGateProbe.caseAZ	data	FormalSystem.Metalogic.WeakCanonical.Kamp.EANegationFix.NegFixOne	2	flagged
FormalSystem.Metalogic.WeakCanonical.Kamp.NegFixGateProbe.caseB1_Z	caseB1Z	FormalSystem.Metalogic.WeakCanonical.Kamp.NegFixGateProbe.caseB1Z	data	FormalSystem.Metalogic.WeakCanonical.Kamp.EANegationFix.NegFixOne	1	flagged
FormalSystem.Metalogic.WeakCanonical.Kamp.NegFixGateProbe.caseB2_Z	caseB2Z	FormalSystem.Metalogic.WeakCanonical.Kamp.NegFixGateProbe.caseB2Z	data	FormalSystem.Metalogic.WeakCanonical.Kamp.EANegationFix.NegFixOne	2	flagged
FormalSystem.Metalogic.WeakCanonical.Kamp.NegFixGateProbe.caseB3_Z	caseB3Z	FormalSystem.Metalogic.WeakCanonical.Kamp.NegFixGateProbe.caseB3Z	data	FormalSystem.Metalogic.WeakCanonical.Kamp.EANegationFix.NegFixOne	1	flagged
FormalSystem.Metalogic.WeakCanonical.Kamp.NegFixGateProbe.caseB4_Z	caseB4Z	FormalSystem.Metalogic.WeakCanonical.Kamp.NegFixGateProbe.caseB4Z	data	FormalSystem.Metalogic.WeakCanonical.Kamp.EANegationFix.NegFixOne	1	flagged
FormalSystem.Metalogic.WeakCanonical.Kamp.O_one	oOne	FormalSystem.Metalogic.WeakCanonical.Kamp.oOne	data	FormalSystem.Metalogic.WeakCanonical.Kamp.Lemma53	3	flagged
FormalSystem.Metalogic.WeakCanonical.Kamp.O_zero	oZero	FormalSystem.Metalogic.WeakCanonical.Kamp.oZero	data	FormalSystem.Metalogic.WeakCanonical.Kamp.Lemma53	3	flagged
FormalSystem.Metalogic.WeakCanonical.Kamp.TemporalPred.eval_at	EvalAt	FormalSystem.Metalogic.WeakCanonical.Kamp.TemporalPred.EvalAt	prop_valued_definition	FormalSystem.Metalogic.WeakCanonical.Kamp.ExistsForallNF	871	flagged
FormalSystem.Metalogic.WeakCanonical.Kamp.VBracketFormula.conj_struct	conjStruct	FormalSystem.Metalogic.WeakCanonical.Kamp.VBracketFormula.conjStruct	data	FormalSystem.Metalogic.WeakCanonical.Kamp.VecEAClosure	2	flagged
FormalSystem.Metalogic.WeakCanonical.Kamp.VVecEA2.conj_struct	conjStruct	FormalSystem.Metalogic.WeakCanonical.Kamp.VVecEA2.conjStruct	data	FormalSystem.Metalogic.WeakCanonical.Kamp.VecEAClosure	2	flagged
FormalSystem.Metalogic.WeakCanonical.Kamp.atomKind_castLE	atomKindCastLE	FormalSystem.Metalogic.WeakCanonical.Kamp.atomKindCastLE	data	FormalSystem.Metalogic.WeakCanonical.Kamp.NfMultiAnchorBridge.CarrierKv	2	flagged
FormalSystem.Metalogic.WeakCanonical.Kamp.bracketEndChar_k0	bracketEndCharK0	FormalSystem.Metalogic.WeakCanonical.Kamp.bracketEndCharK0	data	FormalSystem.Metalogic.WeakCanonical.Kamp.NfMultiAnchorBridge.CarrierK1V	7	flagged
FormalSystem.Metalogic.WeakCanonical.Kamp.bracketEndChar_k1	bracketEndCharK1	FormalSystem.Metalogic.WeakCanonical.Kamp.bracketEndCharK1	data	FormalSystem.Metalogic.WeakCanonical.Kamp.NfMultiAnchorBridge.CarrierK1V	0	flagged
FormalSystem.Metalogic.WeakCanonical.Kamp.bracketEndChar_k1v	bracketEndCharK1v	FormalSystem.Metalogic.WeakCanonical.Kamp.bracketEndCharK1v	data	FormalSystem.Metalogic.WeakCanonical.Kamp.NfMultiAnchorBridge.CarrierK1V	9	flagged
FormalSystem.Metalogic.WeakCanonical.Kamp.bracketEndChar_kv	bracketEndCharKv	FormalSystem.Metalogic.WeakCanonical.Kamp.bracketEndCharKv	data	FormalSystem.Metalogic.WeakCanonical.Kamp.NfMultiAnchorBridge.CarrierKv	30	flagged
FormalSystem.Metalogic.WeakCanonical.Kamp.bracketEndChar_kvE2	bracketEndCharKvE2	FormalSystem.Metalogic.WeakCanonical.Kamp.bracketEndCharKvE2	data	FormalSystem.Metalogic.WeakCanonical.Kamp.NfMultiAnchorBridge.OuterGate	6	flagged
FormalSystem.Metalogic.WeakCanonical.Kamp.bracketEndChar_kvE2Ext	bracketEndCharKvE2Ext	FormalSystem.Metalogic.WeakCanonical.Kamp.bracketEndCharKvE2Ext	data	FormalSystem.Metalogic.WeakCanonical.Kamp.NfMultiAnchorBridge.ExteriorBracket	3	flagged
FormalSystem.Metalogic.WeakCanonical.Kamp.bracketEndChar_kvExt	bracketEndCharKvExt	FormalSystem.Metalogic.WeakCanonical.Kamp.bracketEndCharKvExt	data	FormalSystem.Metalogic.WeakCanonical.Kamp.NfMultiAnchorBridge.ExteriorGateAssembleK	6	flagged
FormalSystem.Metalogic.WeakCanonical.Kamp.bracketEndChar_kvExtFib	bracketEndCharKvExtFib	FormalSystem.Metalogic.WeakCanonical.Kamp.bracketEndCharKvExtFib	data	FormalSystem.Metalogic.WeakCanonical.Kamp.NfMultiAnchorBridge.ExteriorGateAssembleK	3	flagged
FormalSystem.Metalogic.WeakCanonical.Kamp.bracketEndChar_kvFib	bracketEndCharKvFib	FormalSystem.Metalogic.WeakCanonical.Kamp.bracketEndCharKvFib	data	FormalSystem.Metalogic.WeakCanonical.Kamp.NfMultiAnchorBridge.CarrierKv	10	flagged
FormalSystem.Metalogic.WeakCanonical.Kamp.buildLeft_spec	BuildLeftSpec	FormalSystem.Metalogic.WeakCanonical.Kamp.BuildLeftSpec	prop_valued_definition	FormalSystem.Metalogic.WeakCanonical.Kamp.Translation	16	flagged
FormalSystem.Metalogic.WeakCanonical.Kamp.buildRight_spec	BuildRightSpec	FormalSystem.Metalogic.WeakCanonical.Kamp.BuildRightSpec	prop_valued_definition	FormalSystem.Metalogic.WeakCanonical.Kamp.Translation	16	flagged
FormalSystem.Metalogic.WeakCanonical.Kamp.ef1_to_temporal	ef1ToTemporal	FormalSystem.Metalogic.WeakCanonical.Kamp.ef1ToTemporal	data	FormalSystem.Metalogic.WeakCanonical.Kamp.Translation	0	flagged
FormalSystem.Metalogic.WeakCanonical.Kamp.efold_of_nf1	efoldOfNf1	FormalSystem.Metalogic.WeakCanonical.Kamp.efoldOfNf1	data	FormalSystem.Metalogic.WeakCanonical.Kamp.NfEFold	45	flagged
FormalSystem.Metalogic.WeakCanonical.Kamp.inf_bracket_formula	infBracketFormula	FormalSystem.Metalogic.WeakCanonical.Kamp.infBracketFormula	data	FormalSystem.Metalogic.WeakCanonical.Kamp.EANegationClosure	5	flagged
FormalSystem.Metalogic.WeakCanonical.Kamp.kampArm_diag_k0	kampArmDiagK0	FormalSystem.Metalogic.WeakCanonical.Kamp.kampArmDiagK0	data	FormalSystem.Metalogic.WeakCanonical.Kamp.NfMultiAnchorBridge.AggregateHookDischarge	6	flagged
FormalSystem.Metalogic.WeakCanonical.Kamp.kampArm_diag_k1	kampArmDiagK1	FormalSystem.Metalogic.WeakCanonical.Kamp.kampArmDiagK1	data	FormalSystem.Metalogic.WeakCanonical.Kamp.NfMultiAnchorBridge.AggregateHookDischarge	5	flagged
FormalSystem.Metalogic.WeakCanonical.Kamp.kampArm_future_k0	kampArmFutureK0	FormalSystem.Metalogic.WeakCanonical.Kamp.kampArmFutureK0	data	FormalSystem.Metalogic.WeakCanonical.Kamp.NfMultiAnchorBridge.AggregateHookDischarge	7	flagged
FormalSystem.Metalogic.WeakCanonical.Kamp.kampArm_future_k1	kampArmFutureK1	FormalSystem.Metalogic.WeakCanonical.Kamp.kampArmFutureK1	data	FormalSystem.Metalogic.WeakCanonical.Kamp.NfMultiAnchorBridge.AggregateOffDiagK1	5	flagged
FormalSystem.Metalogic.WeakCanonical.Kamp.kampArm_past_k0	kampArmPastK0	FormalSystem.Metalogic.WeakCanonical.Kamp.kampArmPastK0	data	FormalSystem.Metalogic.WeakCanonical.Kamp.NfMultiAnchorBridge.AggregateHookDischarge	7	flagged
FormalSystem.Metalogic.WeakCanonical.Kamp.kampArm_past_k1	kampArmPastK1	FormalSystem.Metalogic.WeakCanonical.Kamp.kampArmPastK1	data	FormalSystem.Metalogic.WeakCanonical.Kamp.NfMultiAnchorBridge.AggregateOffDiagK1	5	flagged
FormalSystem.Metalogic.WeakCanonical.Kamp.kampPrior_existProviders_of_ih	kampPriorExistProvidersOfIh	FormalSystem.Metalogic.WeakCanonical.Kamp.kampPriorExistProvidersOfIh	data	FormalSystem.Metalogic.WeakCanonical.Kamp.KampPrior	5	flagged
FormalSystem.Metalogic.WeakCanonical.Kamp.kampPrior_existProviders_one_of_ih	kampPriorExistProvidersOneOfIh	FormalSystem.Metalogic.WeakCanonical.Kamp.kampPriorExistProvidersOneOfIh	data	FormalSystem.Metalogic.WeakCanonical.Kamp.KampPrior	0	flagged
FormalSystem.Metalogic.WeakCanonical.Kamp.kampPrior_existProviders_zero	kampPriorExistProvidersZero	FormalSystem.Metalogic.WeakCanonical.Kamp.kampPriorExistProvidersZero	data	FormalSystem.Metalogic.WeakCanonical.Kamp.KampPrior	0	flagged
FormalSystem.Metalogic.WeakCanonical.Kamp.kamp_prior_expressive_completeness	kampPriorExpressiveCompleteness	FormalSystem.Metalogic.WeakCanonical.Kamp.kampPriorExpressiveCompleteness	data	FormalSystem.Metalogic.WeakCanonical.Kamp.KampPrior	1	flagged
FormalSystem.Metalogic.WeakCanonical.Kamp.kplus_formula	kplusFormula	FormalSystem.Metalogic.WeakCanonical.Kamp.kplusFormula	data	FormalSystem.Metalogic.WeakCanonical.Kamp.PriorINF	2	flagged
FormalSystem.Metalogic.WeakCanonical.Kamp.kvE2_extBracketFut	kvE2ExtBracketFut	FormalSystem.Metalogic.WeakCanonical.Kamp.kvE2ExtBracketFut	data	FormalSystem.Metalogic.WeakCanonical.Kamp.NfMultiAnchorBridge.ExteriorBracket	7	flagged
FormalSystem.Metalogic.WeakCanonical.Kamp.kvE2_extBracketPast	kvE2ExtBracketPast	FormalSystem.Metalogic.WeakCanonical.Kamp.kvE2ExtBracketPast	data	FormalSystem.Metalogic.WeakCanonical.Kamp.NfMultiAnchorBridge.ExteriorBracket	7	flagged
FormalSystem.Metalogic.WeakCanonical.Kamp.kvE2_extNegFut	kvE2ExtNegFut	FormalSystem.Metalogic.WeakCanonical.Kamp.kvE2ExtNegFut	data	FormalSystem.Metalogic.WeakCanonical.Kamp.ExteriorNegation	5	flagged
FormalSystem.Metalogic.WeakCanonical.Kamp.kvE2_extNegFutSpike	kvE2ExtNegFutSpike	FormalSystem.Metalogic.WeakCanonical.Kamp.kvE2ExtNegFutSpike	data	FormalSystem.Metalogic.WeakCanonical.Kamp.ExteriorNegation	2	flagged
FormalSystem.Metalogic.WeakCanonical.Kamp.kvE2_extNegPast	kvE2ExtNegPast	FormalSystem.Metalogic.WeakCanonical.Kamp.kvE2ExtNegPast	data	FormalSystem.Metalogic.WeakCanonical.Kamp.ExteriorNegationPast	5	flagged
FormalSystem.Metalogic.WeakCanonical.Kamp.kvE2_futAdmissible	kvE2FutAdmissible	FormalSystem.Metalogic.WeakCanonical.Kamp.kvE2FutAdmissible	data	FormalSystem.Metalogic.WeakCanonical.Kamp.ExteriorNegation	6	flagged
FormalSystem.Metalogic.WeakCanonical.Kamp.kvE2_futAnyBit	kvE2FutAnyBit	FormalSystem.Metalogic.WeakCanonical.Kamp.kvE2FutAnyBit	data	FormalSystem.Metalogic.WeakCanonical.Kamp.ExteriorNegation	29	flagged
FormalSystem.Metalogic.WeakCanonical.Kamp.kvE2_futBelowZones	kvE2FutBelowZones	FormalSystem.Metalogic.WeakCanonical.Kamp.kvE2FutBelowZones	data	FormalSystem.Metalogic.WeakCanonical.Kamp.NfMultiAnchorBridge.ExteriorBracket	6	flagged
FormalSystem.Metalogic.WeakCanonical.Kamp.kvE2_futChain	kvE2FutChain	FormalSystem.Metalogic.WeakCanonical.Kamp.kvE2FutChain	data	FormalSystem.Metalogic.WeakCanonical.Kamp.ExteriorNegation	10	flagged
FormalSystem.Metalogic.WeakCanonical.Kamp.kvE2_futEnd	kvE2FutEnd	FormalSystem.Metalogic.WeakCanonical.Kamp.kvE2FutEnd	data	FormalSystem.Metalogic.WeakCanonical.Kamp.ExteriorNegation	6	flagged
FormalSystem.Metalogic.WeakCanonical.Kamp.kvE2_futGapBit	kvE2FutGapBit	FormalSystem.Metalogic.WeakCanonical.Kamp.kvE2FutGapBit	data	FormalSystem.Metalogic.WeakCanonical.Kamp.ExteriorNegation	6	flagged
FormalSystem.Metalogic.WeakCanonical.Kamp.kvE2_futGapD	kvE2FutGapD	FormalSystem.Metalogic.WeakCanonical.Kamp.kvE2FutGapD	data	FormalSystem.Metalogic.WeakCanonical.Kamp.ExteriorNegation	8	flagged
FormalSystem.Metalogic.WeakCanonical.Kamp.kvE2_futGapList	kvE2FutGapList	FormalSystem.Metalogic.WeakCanonical.Kamp.kvE2FutGapList	data	FormalSystem.Metalogic.WeakCanonical.Kamp.ExteriorNegation	7	flagged
FormalSystem.Metalogic.WeakCanonical.Kamp.kvE2_futMarked	kvE2FutMarked	FormalSystem.Metalogic.WeakCanonical.Kamp.kvE2FutMarked	data	FormalSystem.Metalogic.WeakCanonical.Kamp.NfMultiAnchorBridge.ExteriorBracket	8	flagged
FormalSystem.Metalogic.WeakCanonical.Kamp.kvE2_futPos	kvE2FutPos	FormalSystem.Metalogic.WeakCanonical.Kamp.kvE2FutPos	data	FormalSystem.Metalogic.WeakCanonical.Kamp.ExteriorNegation	7	flagged
FormalSystem.Metalogic.WeakCanonical.Kamp.kvE2_futPossibleZones	kvE2FutPossibleZones	FormalSystem.Metalogic.WeakCanonical.Kamp.kvE2FutPossibleZones	data	FormalSystem.Metalogic.WeakCanonical.Kamp.ExteriorNegation	11	flagged
FormalSystem.Metalogic.WeakCanonical.Kamp.kvE2_futRayBit	kvE2FutRayBit	FormalSystem.Metalogic.WeakCanonical.Kamp.kvE2FutRayBit	data	FormalSystem.Metalogic.WeakCanonical.Kamp.ExteriorNegation	5	flagged
FormalSystem.Metalogic.WeakCanonical.Kamp.kvE2_futRayD	kvE2FutRayD	FormalSystem.Metalogic.WeakCanonical.Kamp.kvE2FutRayD	data	FormalSystem.Metalogic.WeakCanonical.Kamp.ExteriorNegation	5	flagged
FormalSystem.Metalogic.WeakCanonical.Kamp.kvE2_futRayForm	kvE2FutRayForm	FormalSystem.Metalogic.WeakCanonical.Kamp.kvE2FutRayForm	data	FormalSystem.Metalogic.WeakCanonical.Kamp.ExteriorNegation	4	flagged
FormalSystem.Metalogic.WeakCanonical.Kamp.kvE2_futRayList	kvE2FutRayList	FormalSystem.Metalogic.WeakCanonical.Kamp.kvE2FutRayList	data	FormalSystem.Metalogic.WeakCanonical.Kamp.ExteriorNegation	3	flagged
FormalSystem.Metalogic.WeakCanonical.Kamp.kvE2_futSelfBit	kvE2FutSelfBit	FormalSystem.Metalogic.WeakCanonical.Kamp.kvE2FutSelfBit	data	FormalSystem.Metalogic.WeakCanonical.Kamp.ExteriorNegation	4	flagged
FormalSystem.Metalogic.WeakCanonical.Kamp.kvE2_futSpikeBase	kvE2FutSpikeBase	FormalSystem.Metalogic.WeakCanonical.Kamp.kvE2FutSpikeBase	data	FormalSystem.Metalogic.WeakCanonical.Kamp.ExteriorNegation	7	flagged
FormalSystem.Metalogic.WeakCanonical.Kamp.kvE2_futSpikeEnd	kvE2FutSpikeEnd	FormalSystem.Metalogic.WeakCanonical.Kamp.kvE2FutSpikeEnd	data	FormalSystem.Metalogic.WeakCanonical.Kamp.ExteriorNegation	4	flagged
FormalSystem.Metalogic.WeakCanonical.Kamp.kvE2_futSpikePos	kvE2FutSpikePos	FormalSystem.Metalogic.WeakCanonical.Kamp.kvE2FutSpikePos	data	FormalSystem.Metalogic.WeakCanonical.Kamp.ExteriorNegation	3	flagged
FormalSystem.Metalogic.WeakCanonical.Kamp.kvE2_futSpikeSigma	kvE2FutSpikeSigma	FormalSystem.Metalogic.WeakCanonical.Kamp.kvE2FutSpikeSigma	data	FormalSystem.Metalogic.WeakCanonical.Kamp.ExteriorNegation	9	flagged
FormalSystem.Metalogic.WeakCanonical.Kamp.kvE2_futSpikeZoneBit	kvE2FutSpikeZoneBit	FormalSystem.Metalogic.WeakCanonical.Kamp.kvE2FutSpikeZoneBit	data	FormalSystem.Metalogic.WeakCanonical.Kamp.ExteriorNegation	10	flagged
FormalSystem.Metalogic.WeakCanonical.Kamp.kvE2_ordRank	kvE2OrdRank	FormalSystem.Metalogic.WeakCanonical.Kamp.kvE2OrdRank	data	FormalSystem.Metalogic.WeakCanonical.Kamp.NfMultiAnchorBridge.SharedWitness.OrderGate	12	flagged
FormalSystem.Metalogic.WeakCanonical.Kamp.kvE2_pastAboveZones	kvE2PastAboveZones	FormalSystem.Metalogic.WeakCanonical.Kamp.kvE2PastAboveZones	data	FormalSystem.Metalogic.WeakCanonical.Kamp.NfMultiAnchorBridge.ExteriorBracket	6	flagged
FormalSystem.Metalogic.WeakCanonical.Kamp.kvE2_pastAdmissible	kvE2PastAdmissible	FormalSystem.Metalogic.WeakCanonical.Kamp.kvE2PastAdmissible	data	FormalSystem.Metalogic.WeakCanonical.Kamp.ExteriorNegationPast	6	flagged
FormalSystem.Metalogic.WeakCanonical.Kamp.kvE2_pastChain	kvE2PastChain	FormalSystem.Metalogic.WeakCanonical.Kamp.kvE2PastChain	data	FormalSystem.Metalogic.WeakCanonical.Kamp.ExteriorNegationPast	10	flagged
FormalSystem.Metalogic.WeakCanonical.Kamp.kvE2_pastEnd	kvE2PastEnd	FormalSystem.Metalogic.WeakCanonical.Kamp.kvE2PastEnd	data	FormalSystem.Metalogic.WeakCanonical.Kamp.ExteriorNegationPast	6	flagged
FormalSystem.Metalogic.WeakCanonical.Kamp.kvE2_pastGapBit	kvE2PastGapBit	FormalSystem.Metalogic.WeakCanonical.Kamp.kvE2PastGapBit	data	FormalSystem.Metalogic.WeakCanonical.Kamp.ExteriorNegationPast	6	flagged
FormalSystem.Metalogic.WeakCanonical.Kamp.kvE2_pastGapD	kvE2PastGapD	FormalSystem.Metalogic.WeakCanonical.Kamp.kvE2PastGapD	data	FormalSystem.Metalogic.WeakCanonical.Kamp.ExteriorNegationPast	8	flagged
FormalSystem.Metalogic.WeakCanonical.Kamp.kvE2_pastGapList	kvE2PastGapList	FormalSystem.Metalogic.WeakCanonical.Kamp.kvE2PastGapList	data	FormalSystem.Metalogic.WeakCanonical.Kamp.ExteriorNegationPast	7	flagged
FormalSystem.Metalogic.WeakCanonical.Kamp.kvE2_pastMarked	kvE2PastMarked	FormalSystem.Metalogic.WeakCanonical.Kamp.kvE2PastMarked	data	FormalSystem.Metalogic.WeakCanonical.Kamp.NfMultiAnchorBridge.ExteriorBracket	8	flagged
FormalSystem.Metalogic.WeakCanonical.Kamp.kvE2_pastPos	kvE2PastPos	FormalSystem.Metalogic.WeakCanonical.Kamp.kvE2PastPos	data	FormalSystem.Metalogic.WeakCanonical.Kamp.ExteriorNegationPast	7	flagged
FormalSystem.Metalogic.WeakCanonical.Kamp.kvE2_pastPossibleZones	kvE2PastPossibleZones	FormalSystem.Metalogic.WeakCanonical.Kamp.kvE2PastPossibleZones	data	FormalSystem.Metalogic.WeakCanonical.Kamp.ExteriorNegationPast	11	flagged
FormalSystem.Metalogic.WeakCanonical.Kamp.kvE2_pastRayBit	kvE2PastRayBit	FormalSystem.Metalogic.WeakCanonical.Kamp.kvE2PastRayBit	data	FormalSystem.Metalogic.WeakCanonical.Kamp.ExteriorNegationPast	5	flagged
FormalSystem.Metalogic.WeakCanonical.Kamp.kvE2_pastRayD	kvE2PastRayD	FormalSystem.Metalogic.WeakCanonical.Kamp.kvE2PastRayD	data	FormalSystem.Metalogic.WeakCanonical.Kamp.ExteriorNegationPast	5	flagged
FormalSystem.Metalogic.WeakCanonical.Kamp.kvE2_pastRayForm	kvE2PastRayForm	FormalSystem.Metalogic.WeakCanonical.Kamp.kvE2PastRayForm	data	FormalSystem.Metalogic.WeakCanonical.Kamp.ExteriorNegationPast	4	flagged
FormalSystem.Metalogic.WeakCanonical.Kamp.kvE2_pastRayList	kvE2PastRayList	FormalSystem.Metalogic.WeakCanonical.Kamp.kvE2PastRayList	data	FormalSystem.Metalogic.WeakCanonical.Kamp.ExteriorNegationPast	3	flagged
FormalSystem.Metalogic.WeakCanonical.Kamp.kvE2_pastSelfBit	kvE2PastSelfBit	FormalSystem.Metalogic.WeakCanonical.Kamp.kvE2PastSelfBit	data	FormalSystem.Metalogic.WeakCanonical.Kamp.ExteriorNegationPast	4	flagged
FormalSystem.Metalogic.WeakCanonical.Kamp.kvE2_sepAllSlots	kvE2SepAllSlots	FormalSystem.Metalogic.WeakCanonical.Kamp.kvE2SepAllSlots	data	FormalSystem.Metalogic.WeakCanonical.Kamp.NfMultiAnchorBridge.SharedWitness.Slots	63	flagged
FormalSystem.Metalogic.WeakCanonical.Kamp.kvE2_sepAnchorDistinct	kvE2SepAnchorDistinct	FormalSystem.Metalogic.WeakCanonical.Kamp.kvE2SepAnchorDistinct	data	FormalSystem.Metalogic.WeakCanonical.Kamp.NfMultiAnchorBridge.SharedWitness.OrderGate	6	flagged
FormalSystem.Metalogic.WeakCanonical.Kamp.kvE2_sepAnchorFam	kvE2SepAnchorFam	FormalSystem.Metalogic.WeakCanonical.Kamp.kvE2SepAnchorFam	data	FormalSystem.Metalogic.WeakCanonical.Kamp.NfMultiAnchorBridge.SharedWitness.Completeness	6	flagged
FormalSystem.Metalogic.WeakCanonical.Kamp.kvE2_sepAnchorPayload	kvE2SepAnchorPayload	FormalSystem.Metalogic.WeakCanonical.Kamp.kvE2SepAnchorPayload	data	FormalSystem.Metalogic.WeakCanonical.Kamp.NfMultiAnchorBridge.SharedWitness.OrderGate	5	flagged
FormalSystem.Metalogic.WeakCanonical.Kamp.kvE2_sepAnchorSlot	kvE2SepAnchorSlot	FormalSystem.Metalogic.WeakCanonical.Kamp.kvE2SepAnchorSlot	data	FormalSystem.Metalogic.WeakCanonical.Kamp.NfMultiAnchorBridge.SharedWitness.OrderGate	20	flagged
FormalSystem.Metalogic.WeakCanonical.Kamp.kvE2_sepAnchorVal	kvE2SepAnchorVal	FormalSystem.Metalogic.WeakCanonical.Kamp.kvE2SepAnchorVal	data	FormalSystem.Metalogic.WeakCanonical.Kamp.NfMultiAnchorBridge.SharedWitness.Completeness	58	flagged
FormalSystem.Metalogic.WeakCanonical.Kamp.kvE2_sepArr'	kvE2SepArr'	FormalSystem.Metalogic.WeakCanonical.Kamp.kvE2SepArr'	data	FormalSystem.Metalogic.WeakCanonical.Kamp.NfMultiAnchorBridge.SharedWitness.OrderGate	19	flagged
FormalSystem.Metalogic.WeakCanonical.Kamp.kvE2_sepArr'_decidable	kvE2SepArr'Decidable	FormalSystem.Metalogic.WeakCanonical.Kamp.kvE2SepArr'Decidable	data	FormalSystem.Metalogic.WeakCanonical.Kamp.NfMultiAnchorBridge.SharedWitness.OrderGate	0	flagged
FormalSystem.Metalogic.WeakCanonical.Kamp.kvE2_sepBits	kvE2SepBits	FormalSystem.Metalogic.WeakCanonical.Kamp.kvE2SepBits	data	FormalSystem.Metalogic.WeakCanonical.Kamp.NfMultiAnchorBridge.SharedWitness.Slots	118	flagged
FormalSystem.Metalogic.WeakCanonical.Kamp.kvE2_sepBlockPos	kvE2SepBlockPos	FormalSystem.Metalogic.WeakCanonical.Kamp.kvE2SepBlockPos	data	FormalSystem.Metalogic.WeakCanonical.Kamp.NfMultiAnchorBridge.SharedWitness.Slots	13	flagged
FormalSystem.Metalogic.WeakCanonical.Kamp.kvE2_sepBody	kvE2SepBody	FormalSystem.Metalogic.WeakCanonical.Kamp.kvE2SepBody	data	FormalSystem.Metalogic.WeakCanonical.Kamp.NfMultiAnchorBridge.SharedWitness.Carrier	17	flagged
FormalSystem.Metalogic.WeakCanonical.Kamp.kvE2_sepBracketN	kvE2SepBracketN	FormalSystem.Metalogic.WeakCanonical.Kamp.kvE2SepBracketN	data	FormalSystem.Metalogic.WeakCanonical.Kamp.NfMultiAnchorBridge.SharedWitness.OrderGate	12	flagged
FormalSystem.Metalogic.WeakCanonical.Kamp.kvE2_sepBundleL	KvE2SepBundleL	FormalSystem.Metalogic.WeakCanonical.Kamp.KvE2SepBundleL	prop_valued_definition	FormalSystem.Metalogic.WeakCanonical.Kamp.NfMultiAnchorBridge.SharedWitness.Soundness	5	flagged
FormalSystem.Metalogic.WeakCanonical.Kamp.kvE2_sepBundleR	KvE2SepBundleR	FormalSystem.Metalogic.WeakCanonical.Kamp.KvE2SepBundleR	prop_valued_definition	FormalSystem.Metalogic.WeakCanonical.Kamp.NfMultiAnchorBridge.SharedWitness.Soundness	5	flagged
FormalSystem.Metalogic.WeakCanonical.Kamp.kvE2_sepCastBracket	kvE2SepCastBracket	FormalSystem.Metalogic.WeakCanonical.Kamp.kvE2SepCastBracket	data	FormalSystem.Metalogic.WeakCanonical.Kamp.NfMultiAnchorBridge.SharedWitness.Soundness	4	flagged
FormalSystem.Metalogic.WeakCanonical.Kamp.kvE2_sepClassType	kvE2SepClassType	FormalSystem.Metalogic.WeakCanonical.Kamp.kvE2SepClassType	data	FormalSystem.Metalogic.WeakCanonical.Kamp.NfMultiAnchorBridge.SharedWitness.OrderGate	117	flagged
FormalSystem.Metalogic.WeakCanonical.Kamp.kvE2_sepClosedLeafAt	kvE2SepClosedLeafAt	FormalSystem.Metalogic.WeakCanonical.Kamp.kvE2SepClosedLeafAt	data	FormalSystem.Metalogic.WeakCanonical.Kamp.NfMultiAnchorBridge.SharedWitness.OrderGate	7	flagged
FormalSystem.Metalogic.WeakCanonical.Kamp.kvE2_sepClosedLeafStub	kvE2SepClosedLeafStub	FormalSystem.Metalogic.WeakCanonical.Kamp.kvE2SepClosedLeafStub	data	FormalSystem.Metalogic.WeakCanonical.Kamp.NfMultiAnchorBridge.SharedWitness.OrderGate	6	flagged
FormalSystem.Metalogic.WeakCanonical.Kamp.kvE2_sepCoincidentOrder	kvE2SepCoincidentOrder	FormalSystem.Metalogic.WeakCanonical.Kamp.kvE2SepCoincidentOrder	data	FormalSystem.Metalogic.WeakCanonical.Kamp.NfMultiAnchorBridge.SharedWitness.Completeness	12	flagged
FormalSystem.Metalogic.WeakCanonical.Kamp.kvE2_sepCompat	kvE2SepCompat	FormalSystem.Metalogic.WeakCanonical.Kamp.kvE2SepCompat	data	FormalSystem.Metalogic.WeakCanonical.Kamp.NfMultiAnchorBridge.SharedWitness.OrderGate	10	flagged
FormalSystem.Metalogic.WeakCanonical.Kamp.kvE2_sepConsistentBlock	kvE2SepConsistentBlock	FormalSystem.Metalogic.WeakCanonical.Kamp.kvE2SepConsistentBlock	data	FormalSystem.Metalogic.WeakCanonical.Kamp.NfMultiAnchorBridge.SharedWitness.Slots	9	flagged
FormalSystem.Metalogic.WeakCanonical.Kamp.kvE2_sepConsistentTuple	kvE2SepConsistentTuple	FormalSystem.Metalogic.WeakCanonical.Kamp.kvE2SepConsistentTuple	data	FormalSystem.Metalogic.WeakCanonical.Kamp.NfMultiAnchorBridge.SharedWitness.OrderGate	0	flagged
FormalSystem.Metalogic.WeakCanonical.Kamp.kvE2_sepDisjValid	kvE2SepDisjValid	FormalSystem.Metalogic.WeakCanonical.Kamp.kvE2SepDisjValid	data	FormalSystem.Metalogic.WeakCanonical.Kamp.NfMultiAnchorBridge.SharedWitness.OrderGate	12	flagged
FormalSystem.Metalogic.WeakCanonical.Kamp.kvE2_sepDisjValidOwner	kvE2SepDisjValidOwner	FormalSystem.Metalogic.WeakCanonical.Kamp.kvE2SepDisjValidOwner	data	FormalSystem.Metalogic.WeakCanonical.Kamp.NfMultiAnchorBridge.SharedWitness.OrderGate	6	flagged
FormalSystem.Metalogic.WeakCanonical.Kamp.kvE2_sepDisjunct	kvE2SepDisjunct	FormalSystem.Metalogic.WeakCanonical.Kamp.kvE2SepDisjunct	data	FormalSystem.Metalogic.WeakCanonical.Kamp.NfMultiAnchorBridge.SharedWitness.OrderGate	15	flagged
FormalSystem.Metalogic.WeakCanonical.Kamp.kvE2_sepDisjunct'	kvE2SepDisjunct'	FormalSystem.Metalogic.WeakCanonical.Kamp.kvE2SepDisjunct'	data	FormalSystem.Metalogic.WeakCanonical.Kamp.NfMultiAnchorBridge.SharedWitness.OrderGate	11	flagged
FormalSystem.Metalogic.WeakCanonical.Kamp.kvE2_sepEpL	kvE2SepEpL	FormalSystem.Metalogic.WeakCanonical.Kamp.kvE2SepEpL	data	FormalSystem.Metalogic.WeakCanonical.Kamp.NfMultiAnchorBridge.SharedWitness.OrderGate	23	flagged
FormalSystem.Metalogic.WeakCanonical.Kamp.kvE2_sepEpR	kvE2SepEpR	FormalSystem.Metalogic.WeakCanonical.Kamp.kvE2SepEpR	data	FormalSystem.Metalogic.WeakCanonical.Kamp.NfMultiAnchorBridge.SharedWitness.OrderGate	23	flagged
FormalSystem.Metalogic.WeakCanonical.Kamp.kvE2_sepFragment	KvE2SepFragment	FormalSystem.Metalogic.WeakCanonical.Kamp.KvE2SepFragment	prop_valued_definition	FormalSystem.Metalogic.WeakCanonical.Kamp.NfMultiAnchorBridge.OuterGate	6	flagged
FormalSystem.Metalogic.WeakCanonical.Kamp.kvE2_sepFragment_frag	KvE2SepFragmentFrag	FormalSystem.Metalogic.WeakCanonical.Kamp.KvE2SepFragmentFrag	prop_valued_definition	FormalSystem.Metalogic.WeakCanonical.Kamp.NfMultiAnchorBridge.SharedWitness.KitFold	1	flagged
FormalSystem.Metalogic.WeakCanonical.Kamp.kvE2_sepFreshZoneAfter	kvE2SepFreshZoneAfter	FormalSystem.Metalogic.WeakCanonical.Kamp.kvE2SepFreshZoneAfter	data	FormalSystem.Metalogic.WeakCanonical.Kamp.NfMultiAnchorBridge.SharedWitness.OrderGate	5	flagged
FormalSystem.Metalogic.WeakCanonical.Kamp.kvE2_sepFreshZoneBefore	kvE2SepFreshZoneBefore	FormalSystem.Metalogic.WeakCanonical.Kamp.kvE2SepFreshZoneBefore	data	FormalSystem.Metalogic.WeakCanonical.Kamp.NfMultiAnchorBridge.SharedWitness.OrderGate	5	flagged
FormalSystem.Metalogic.WeakCanonical.Kamp.kvE2_sepGapRegions	kvE2SepGapRegions	FormalSystem.Metalogic.WeakCanonical.Kamp.kvE2SepGapRegions	data	FormalSystem.Metalogic.WeakCanonical.Kamp.NfMultiAnchorBridge.SharedWitness.EngineInputs	27	flagged
FormalSystem.Metalogic.WeakCanonical.Kamp.kvE2_sepGapTypes	kvE2SepGapTypes	FormalSystem.Metalogic.WeakCanonical.Kamp.kvE2SepGapTypes	data	FormalSystem.Metalogic.WeakCanonical.Kamp.NfMultiAnchorBridge.SharedWitness.EngineInputs	6	flagged
FormalSystem.Metalogic.WeakCanonical.Kamp.kvE2_sepGate	KvE2SepGate	FormalSystem.Metalogic.WeakCanonical.Kamp.KvE2SepGate	prop_valued_definition	FormalSystem.Metalogic.WeakCanonical.Kamp.NfMultiAnchorBridge.SharedWitness.OrderGate	13	flagged
FormalSystem.Metalogic.WeakCanonical.Kamp.kvE2_sepHasPos	kvE2SepHasPos	FormalSystem.Metalogic.WeakCanonical.Kamp.kvE2SepHasPos	data	FormalSystem.Metalogic.WeakCanonical.Kamp.NfMultiAnchorBridge.SharedWitness.Slots	25	flagged
FormalSystem.Metalogic.WeakCanonical.Kamp.kvE2_sepHonestAnchorsL	kvE2SepHonestAnchorsL	FormalSystem.Metalogic.WeakCanonical.Kamp.kvE2SepHonestAnchorsL	data	FormalSystem.Metalogic.WeakCanonical.Kamp.NfMultiAnchorBridge.SharedWitness.EngineInputs	4	flagged
FormalSystem.Metalogic.WeakCanonical.Kamp.kvE2_sepHonestAnchorsR	kvE2SepHonestAnchorsR	FormalSystem.Metalogic.WeakCanonical.Kamp.kvE2SepHonestAnchorsR	data	FormalSystem.Metalogic.WeakCanonical.Kamp.NfMultiAnchorBridge.SharedWitness.EngineInputs	4	flagged
FormalSystem.Metalogic.WeakCanonical.Kamp.kvE2_sepHonestBasePairsL	kvE2SepHonestBasePairsL	FormalSystem.Metalogic.WeakCanonical.Kamp.kvE2SepHonestBasePairsL	data	FormalSystem.Metalogic.WeakCanonical.Kamp.NfMultiAnchorBridge.SharedWitness.EngineInputs	3	flagged
FormalSystem.Metalogic.WeakCanonical.Kamp.kvE2_sepHonestBasePairsR	kvE2SepHonestBasePairsR	FormalSystem.Metalogic.WeakCanonical.Kamp.kvE2SepHonestBasePairsR	data	FormalSystem.Metalogic.WeakCanonical.Kamp.NfMultiAnchorBridge.SharedWitness.EngineInputs	3	flagged
FormalSystem.Metalogic.WeakCanonical.Kamp.kvE2_sepHonestOrder	kvE2SepHonestOrder	FormalSystem.Metalogic.WeakCanonical.Kamp.kvE2SepHonestOrder	data	FormalSystem.Metalogic.WeakCanonical.Kamp.NfMultiAnchorBridge.SharedWitness.Completeness	36	flagged
FormalSystem.Metalogic.WeakCanonical.Kamp.kvE2_sepHonestOrder'	kvE2SepHonestOrder'	FormalSystem.Metalogic.WeakCanonical.Kamp.kvE2SepHonestOrder'	data	FormalSystem.Metalogic.WeakCanonical.Kamp.NfMultiAnchorBridge.SharedWitness.Soundness	76	flagged
FormalSystem.Metalogic.WeakCanonical.Kamp.kvE2_sepHonestRegionsL	kvE2SepHonestRegionsL	FormalSystem.Metalogic.WeakCanonical.Kamp.kvE2SepHonestRegionsL	data	FormalSystem.Metalogic.WeakCanonical.Kamp.NfMultiAnchorBridge.SharedWitness.EngineInputs	12	flagged
FormalSystem.Metalogic.WeakCanonical.Kamp.kvE2_sepHonestRegionsR	kvE2SepHonestRegionsR	FormalSystem.Metalogic.WeakCanonical.Kamp.kvE2SepHonestRegionsR	data	FormalSystem.Metalogic.WeakCanonical.Kamp.NfMultiAnchorBridge.SharedWitness.EngineInputs	12	flagged
FormalSystem.Metalogic.WeakCanonical.Kamp.kvE2_sepIdxTuples	kvE2SepIdxTuples	FormalSystem.Metalogic.WeakCanonical.Kamp.kvE2SepIdxTuples	data	FormalSystem.Metalogic.WeakCanonical.Kamp.NfMultiAnchorBridge.SharedWitness.OrderGate	7	flagged
FormalSystem.Metalogic.WeakCanonical.Kamp.kvE2_sepIdxTuplesN	kvE2SepIdxTuplesN	FormalSystem.Metalogic.WeakCanonical.Kamp.kvE2SepIdxTuplesN	data	FormalSystem.Metalogic.WeakCanonical.Kamp.NfMultiAnchorBridge.SharedWitness.OrderGate	5	flagged
FormalSystem.Metalogic.WeakCanonical.Kamp.kvE2_sepInnerConsistentL	KvE2SepInnerConsistentL	FormalSystem.Metalogic.WeakCanonical.Kamp.KvE2SepInnerConsistentL	prop_valued_definition	FormalSystem.Metalogic.WeakCanonical.Kamp.NfMultiAnchorBridge.SharedWitness.OrderGate	5	flagged
FormalSystem.Metalogic.WeakCanonical.Kamp.kvE2_sepInnerConsistentR	KvE2SepInnerConsistentR	FormalSystem.Metalogic.WeakCanonical.Kamp.KvE2SepInnerConsistentR	prop_valued_definition	FormalSystem.Metalogic.WeakCanonical.Kamp.NfMultiAnchorBridge.SharedWitness.OrderGate	4	flagged
FormalSystem.Metalogic.WeakCanonical.Kamp.kvE2_sepLit	kvE2SepLit	FormalSystem.Metalogic.WeakCanonical.Kamp.kvE2SepLit	data	FormalSystem.Metalogic.WeakCanonical.Kamp.NfMultiAnchorBridge.SharedWitness.Slots	66	flagged
FormalSystem.Metalogic.WeakCanonical.Kamp.kvE2_sepModelOrder	kvE2SepModelOrder	FormalSystem.Metalogic.WeakCanonical.Kamp.kvE2SepModelOrder	data	FormalSystem.Metalogic.WeakCanonical.Kamp.NfMultiAnchorBridge.SharedWitness.OrderGate	4	flagged
FormalSystem.Metalogic.WeakCanonical.Kamp.kvE2_sepModelTag	kvE2SepModelTag	FormalSystem.Metalogic.WeakCanonical.Kamp.kvE2SepModelTag	data	FormalSystem.Metalogic.WeakCanonical.Kamp.NfMultiAnchorBridge.SharedWitness.OrderGate	2	flagged
FormalSystem.Metalogic.WeakCanonical.Kamp.kvE2_sepOrderOwners	kvE2SepOrderOwners	FormalSystem.Metalogic.WeakCanonical.Kamp.kvE2SepOrderOwners	data	FormalSystem.Metalogic.WeakCanonical.Kamp.NfMultiAnchorBridge.SharedWitness.OrderGate	13	flagged
FormalSystem.Metalogic.WeakCanonical.Kamp.kvE2_sepOrderTypes	kvE2SepOrderTypes	FormalSystem.Metalogic.WeakCanonical.Kamp.kvE2SepOrderTypes	data	FormalSystem.Metalogic.WeakCanonical.Kamp.NfMultiAnchorBridge.SharedWitness.OrderGate	20	flagged
FormalSystem.Metalogic.WeakCanonical.Kamp.kvE2_sepOuterConsistent	KvE2SepOuterConsistent	FormalSystem.Metalogic.WeakCanonical.Kamp.KvE2SepOuterConsistent	prop_valued_definition	FormalSystem.Metalogic.WeakCanonical.Kamp.NfMultiAnchorBridge.SharedWitness.OrderGate	2	flagged
FormalSystem.Metalogic.WeakCanonical.Kamp.kvE2_sepOwnerRank	kvE2SepOwnerRank	FormalSystem.Metalogic.WeakCanonical.Kamp.kvE2SepOwnerRank	data	FormalSystem.Metalogic.WeakCanonical.Kamp.NfMultiAnchorBridge.SharedWitness.OrderGate	0	flagged
FormalSystem.Metalogic.WeakCanonical.Kamp.kvE2_sepPlaceholderTuple	kvE2SepPlaceholderTuple	FormalSystem.Metalogic.WeakCanonical.Kamp.kvE2SepPlaceholderTuple	data	FormalSystem.Metalogic.WeakCanonical.Kamp.NfMultiAnchorBridge.SharedWitness.OrderGate	2	flagged
FormalSystem.Metalogic.WeakCanonical.Kamp.kvE2_sepPos	kvE2SepPos	FormalSystem.Metalogic.WeakCanonical.Kamp.kvE2SepPos	data	FormalSystem.Metalogic.WeakCanonical.Kamp.NfMultiAnchorBridge.SharedWitness.Slots	135	flagged
FormalSystem.Metalogic.WeakCanonical.Kamp.kvE2_sepPosI	kvE2SepPosI	FormalSystem.Metalogic.WeakCanonical.Kamp.kvE2SepPosI	data	FormalSystem.Metalogic.WeakCanonical.Kamp.NfMultiAnchorBridge.SharedWitness.Slots	103	flagged
FormalSystem.Metalogic.WeakCanonical.Kamp.kvE2_sepPosIn	kvE2SepPosIn	FormalSystem.Metalogic.WeakCanonical.Kamp.kvE2SepPosIn	data	FormalSystem.Metalogic.WeakCanonical.Kamp.NfMultiAnchorBridge.SharedWitness.Slots	35	flagged
FormalSystem.Metalogic.WeakCanonical.Kamp.kvE2_sepProj3	kvE2SepProj3	FormalSystem.Metalogic.WeakCanonical.Kamp.kvE2SepProj3	data	FormalSystem.Metalogic.WeakCanonical.Kamp.NfMultiAnchorBridge.SharedWitness.Slots	19	flagged
FormalSystem.Metalogic.WeakCanonical.Kamp.kvE2_sepProj4	kvE2SepProj4	FormalSystem.Metalogic.WeakCanonical.Kamp.kvE2SepProj4	data	FormalSystem.Metalogic.WeakCanonical.Kamp.NfMultiAnchorBridge.SharedWitness.Slots	5	flagged
FormalSystem.Metalogic.WeakCanonical.Kamp.kvE2_sepPtW	kvE2SepPtW	FormalSystem.Metalogic.WeakCanonical.Kamp.kvE2SepPtW	data	FormalSystem.Metalogic.WeakCanonical.Kamp.NfMultiAnchorBridge.SharedWitness.OrderGate	56	flagged
FormalSystem.Metalogic.WeakCanonical.Kamp.kvE2_sepPtX1L	kvE2SepPtX1L	FormalSystem.Metalogic.WeakCanonical.Kamp.kvE2SepPtX1L	data	FormalSystem.Metalogic.WeakCanonical.Kamp.NfMultiAnchorBridge.SharedWitness.Slots	9	flagged
FormalSystem.Metalogic.WeakCanonical.Kamp.kvE2_sepPtX1R	kvE2SepPtX1R	FormalSystem.Metalogic.WeakCanonical.Kamp.kvE2SepPtX1R	data	FormalSystem.Metalogic.WeakCanonical.Kamp.NfMultiAnchorBridge.SharedWitness.Slots	9	flagged
FormalSystem.Metalogic.WeakCanonical.Kamp.kvE2_sepS	kvE2SepS	FormalSystem.Metalogic.WeakCanonical.Kamp.kvE2SepS	data	FormalSystem.Metalogic.WeakCanonical.Kamp.NfMultiAnchorBridge.SharedWitness.Slots	32	flagged
FormalSystem.Metalogic.WeakCanonical.Kamp.kvE2_sepSegForm	kvE2SepSegForm	FormalSystem.Metalogic.WeakCanonical.Kamp.kvE2SepSegForm	data	FormalSystem.Metalogic.WeakCanonical.Kamp.NfMultiAnchorBridge.SharedWitness.Slots	26	flagged
FormalSystem.Metalogic.WeakCanonical.Kamp.kvE2_sepSegLAt	kvE2SepSegLAt	FormalSystem.Metalogic.WeakCanonical.Kamp.kvE2SepSegLAt	data	FormalSystem.Metalogic.WeakCanonical.Kamp.NfMultiAnchorBridge.SharedWitness.OrderGate	9	flagged
FormalSystem.Metalogic.WeakCanonical.Kamp.kvE2_sepSegLForSub	kvE2SepSegLForSub	FormalSystem.Metalogic.WeakCanonical.Kamp.kvE2SepSegLForSub	data	FormalSystem.Metalogic.WeakCanonical.Kamp.NfMultiAnchorBridge.SharedWitness.OrderGate	6	flagged
FormalSystem.Metalogic.WeakCanonical.Kamp.kvE2_sepSegLForSub'	kvE2SepSegLForSub'	FormalSystem.Metalogic.WeakCanonical.Kamp.kvE2SepSegLForSub'	data	FormalSystem.Metalogic.WeakCanonical.Kamp.NfMultiAnchorBridge.SharedWitness.DisjunctionSpikes	2	flagged
FormalSystem.Metalogic.WeakCanonical.Kamp.kvE2_sepSegRAt	kvE2SepSegRAt	FormalSystem.Metalogic.WeakCanonical.Kamp.kvE2SepSegRAt	data	FormalSystem.Metalogic.WeakCanonical.Kamp.NfMultiAnchorBridge.SharedWitness.OrderGate	9	flagged
FormalSystem.Metalogic.WeakCanonical.Kamp.kvE2_sepSegRForSub	kvE2SepSegRForSub	FormalSystem.Metalogic.WeakCanonical.Kamp.kvE2SepSegRForSub	data	FormalSystem.Metalogic.WeakCanonical.Kamp.NfMultiAnchorBridge.SharedWitness.OrderGate	6	flagged
FormalSystem.Metalogic.WeakCanonical.Kamp.kvE2_sepSegRForSub'	kvE2SepSegRForSub'	FormalSystem.Metalogic.WeakCanonical.Kamp.kvE2SepSegRForSub'	data	FormalSystem.Metalogic.WeakCanonical.Kamp.NfMultiAnchorBridge.SharedWitness.DisjunctionSpikes	2	flagged
FormalSystem.Metalogic.WeakCanonical.Kamp.kvE2_sepSegs	kvE2SepSegs	FormalSystem.Metalogic.WeakCanonical.Kamp.kvE2SepSegs	data	FormalSystem.Metalogic.WeakCanonical.Kamp.NfMultiAnchorBridge.SharedWitness.OrderGate	4	flagged
FormalSystem.Metalogic.WeakCanonical.Kamp.kvE2_sepSegsG	kvE2SepSegsG	FormalSystem.Metalogic.WeakCanonical.Kamp.kvE2SepSegsG	data	FormalSystem.Metalogic.WeakCanonical.Kamp.NfMultiAnchorBridge.SharedWitness.OrderGate	17	flagged
FormalSystem.Metalogic.WeakCanonical.Kamp.kvE2_sepSlotBaseType	kvE2SepSlotBaseType	FormalSystem.Metalogic.WeakCanonical.Kamp.kvE2SepSlotBaseType	data	FormalSystem.Metalogic.WeakCanonical.Kamp.NfMultiAnchorBridge.SharedWitness.OrderGate	14	flagged
FormalSystem.Metalogic.WeakCanonical.Kamp.kvE2_sepSlotBlock	kvE2SepSlotBlock	FormalSystem.Metalogic.WeakCanonical.Kamp.kvE2SepSlotBlock	data	FormalSystem.Metalogic.WeakCanonical.Kamp.NfMultiAnchorBridge.SharedWitness.Slots	177	flagged
FormalSystem.Metalogic.WeakCanonical.Kamp.kvE2_sepSlotChi	kvE2SepSlotChi	FormalSystem.Metalogic.WeakCanonical.Kamp.kvE2SepSlotChi	data	FormalSystem.Metalogic.WeakCanonical.Kamp.NfMultiAnchorBridge.SharedWitness.OrderGate	10	flagged
FormalSystem.Metalogic.WeakCanonical.Kamp.kvE2_sepSlotG	kvE2SepSlotG	FormalSystem.Metalogic.WeakCanonical.Kamp.kvE2SepSlotG	data	FormalSystem.Metalogic.WeakCanonical.Kamp.NfMultiAnchorBridge.SharedWitness.Completeness	5	flagged
FormalSystem.Metalogic.WeakCanonical.Kamp.kvE2_sepSlotGIdx	kvE2SepSlotGIdx	FormalSystem.Metalogic.WeakCanonical.Kamp.kvE2SepSlotGIdx	data	FormalSystem.Metalogic.WeakCanonical.Kamp.NfMultiAnchorBridge.SharedWitness.OrderGate	93	flagged
FormalSystem.Metalogic.WeakCanonical.Kamp.kvE2_sepSlotHonestGIdx	kvE2SepSlotHonestGIdx	FormalSystem.Metalogic.WeakCanonical.Kamp.kvE2SepSlotHonestGIdx	data	FormalSystem.Metalogic.WeakCanonical.Kamp.NfMultiAnchorBridge.SharedWitness.Completeness	20	flagged
FormalSystem.Metalogic.WeakCanonical.Kamp.kvE2_sepSlotHonestVIdx	kvE2SepSlotHonestVIdx	FormalSystem.Metalogic.WeakCanonical.Kamp.kvE2SepSlotHonestVIdx	data	FormalSystem.Metalogic.WeakCanonical.Kamp.NfMultiAnchorBridge.SharedWitness.Soundness	23	flagged
FormalSystem.Metalogic.WeakCanonical.Kamp.kvE2_sepSlotIndexOf	kvE2SepSlotIndexOf	FormalSystem.Metalogic.WeakCanonical.Kamp.kvE2SepSlotIndexOf	data	FormalSystem.Metalogic.WeakCanonical.Kamp.NfMultiAnchorBridge.SharedWitness.Slots	37	flagged
FormalSystem.Metalogic.WeakCanonical.Kamp.kvE2_sepSlotIsAnchor	kvE2SepSlotIsAnchor	FormalSystem.Metalogic.WeakCanonical.Kamp.kvE2SepSlotIsAnchor	data	FormalSystem.Metalogic.WeakCanonical.Kamp.NfMultiAnchorBridge.SharedWitness.OrderGate	10	flagged
FormalSystem.Metalogic.WeakCanonical.Kamp.kvE2_sepSlotLe	kvE2SepSlotLe	FormalSystem.Metalogic.WeakCanonical.Kamp.kvE2SepSlotLe	data	FormalSystem.Metalogic.WeakCanonical.Kamp.NfMultiAnchorBridge.SharedWitness.OrderGate	13	flagged
FormalSystem.Metalogic.WeakCanonical.Kamp.kvE2_sepSlotMergeLe	kvE2SepSlotMergeLe	FormalSystem.Metalogic.WeakCanonical.Kamp.kvE2SepSlotMergeLe	data	FormalSystem.Metalogic.WeakCanonical.Kamp.NfMultiAnchorBridge.SharedWitness.OrderGate	29	flagged
FormalSystem.Metalogic.WeakCanonical.Kamp.kvE2_sepSlotRank	kvE2SepSlotRank	FormalSystem.Metalogic.WeakCanonical.Kamp.kvE2SepSlotRank	data	FormalSystem.Metalogic.WeakCanonical.Kamp.NfMultiAnchorBridge.SharedWitness.Slots	54	flagged
FormalSystem.Metalogic.WeakCanonical.Kamp.kvE2_sepSlotRegionLeft	kvE2SepSlotRegionLeft	FormalSystem.Metalogic.WeakCanonical.Kamp.kvE2SepSlotRegionLeft	data	FormalSystem.Metalogic.WeakCanonical.Kamp.NfMultiAnchorBridge.SharedWitness.Slots	34	flagged
FormalSystem.Metalogic.WeakCanonical.Kamp.kvE2_sepSlotSub	kvE2SepSlotSub	FormalSystem.Metalogic.WeakCanonical.Kamp.kvE2SepSlotSub	data	FormalSystem.Metalogic.WeakCanonical.Kamp.NfMultiAnchorBridge.SharedWitness.Slots	41	flagged
FormalSystem.Metalogic.WeakCanonical.Kamp.kvE2_sepSlotType	kvE2SepSlotType	FormalSystem.Metalogic.WeakCanonical.Kamp.kvE2SepSlotType	data	FormalSystem.Metalogic.WeakCanonical.Kamp.NfMultiAnchorBridge.SharedWitness.Slots	49	flagged
FormalSystem.Metalogic.WeakCanonical.Kamp.kvE2_sepSlotV	kvE2SepSlotV	FormalSystem.Metalogic.WeakCanonical.Kamp.kvE2SepSlotV	data	FormalSystem.Metalogic.WeakCanonical.Kamp.NfMultiAnchorBridge.SharedWitness.Soundness	2	flagged
FormalSystem.Metalogic.WeakCanonical.Kamp.kvE2_sepSlotValue	kvE2SepSlotValue	FormalSystem.Metalogic.WeakCanonical.Kamp.kvE2SepSlotValue	data	FormalSystem.Metalogic.WeakCanonical.Kamp.NfMultiAnchorBridge.SharedWitness.Completeness	92	flagged
FormalSystem.Metalogic.WeakCanonical.Kamp.kvE2_sepSlotsL	kvE2SepSlotsL	FormalSystem.Metalogic.WeakCanonical.Kamp.kvE2SepSlotsL	data	FormalSystem.Metalogic.WeakCanonical.Kamp.NfMultiAnchorBridge.SharedWitness.Slots	0	flagged
FormalSystem.Metalogic.WeakCanonical.Kamp.kvE2_sepSlotsLFor	kvE2SepSlotsLFor	FormalSystem.Metalogic.WeakCanonical.Kamp.kvE2SepSlotsLFor	data	FormalSystem.Metalogic.WeakCanonical.Kamp.NfMultiAnchorBridge.SharedWitness.Slots	54	flagged
FormalSystem.Metalogic.WeakCanonical.Kamp.kvE2_sepSlotsLOf	kvE2SepSlotsLOf	FormalSystem.Metalogic.WeakCanonical.Kamp.kvE2SepSlotsLOf	data	FormalSystem.Metalogic.WeakCanonical.Kamp.NfMultiAnchorBridge.SharedWitness.OrderGate	45	flagged
FormalSystem.Metalogic.WeakCanonical.Kamp.kvE2_sepSlotsR	kvE2SepSlotsR	FormalSystem.Metalogic.WeakCanonical.Kamp.kvE2SepSlotsR	data	FormalSystem.Metalogic.WeakCanonical.Kamp.NfMultiAnchorBridge.SharedWitness.Slots	0	flagged
FormalSystem.Metalogic.WeakCanonical.Kamp.kvE2_sepSlotsRFor	kvE2SepSlotsRFor	FormalSystem.Metalogic.WeakCanonical.Kamp.kvE2SepSlotsRFor	data	FormalSystem.Metalogic.WeakCanonical.Kamp.NfMultiAnchorBridge.SharedWitness.Slots	54	flagged
FormalSystem.Metalogic.WeakCanonical.Kamp.kvE2_sepSlotsROf	kvE2SepSlotsROf	FormalSystem.Metalogic.WeakCanonical.Kamp.kvE2SepSlotsROf	data	FormalSystem.Metalogic.WeakCanonical.Kamp.NfMultiAnchorBridge.SharedWitness.OrderGate	45	flagged
FormalSystem.Metalogic.WeakCanonical.Kamp.kvE2_sepSpikeArr	kvE2SepSpikeArr	FormalSystem.Metalogic.WeakCanonical.Kamp.kvE2SepSpikeArr	data	FormalSystem.Metalogic.WeakCanonical.Kamp.NfMultiAnchorBridge.SharedWitness.DisjunctionSpikes	2	flagged
FormalSystem.Metalogic.WeakCanonical.Kamp.kvE2_sepSpikeDisjValid	kvE2SepSpikeDisjValid	FormalSystem.Metalogic.WeakCanonical.Kamp.kvE2SepSpikeDisjValid	data	FormalSystem.Metalogic.WeakCanonical.Kamp.NfMultiAnchorBridge.SharedWitness.DisjunctionSpikes	6	flagged
FormalSystem.Metalogic.WeakCanonical.Kamp.kvE2_sepSpikeOrderTypes	kvE2SepSpikeOrderTypes	FormalSystem.Metalogic.WeakCanonical.Kamp.kvE2SepSpikeOrderTypes	data	FormalSystem.Metalogic.WeakCanonical.Kamp.NfMultiAnchorBridge.SharedWitness.OrderGate	7	flagged
FormalSystem.Metalogic.WeakCanonical.Kamp.kvE2_sepTieGroupedL	kvE2SepTieGroupedL	FormalSystem.Metalogic.WeakCanonical.Kamp.kvE2SepTieGroupedL	data	FormalSystem.Metalogic.WeakCanonical.Kamp.NfMultiAnchorBridge.SharedWitness.OrderGate	119	flagged
FormalSystem.Metalogic.WeakCanonical.Kamp.kvE2_sepTieGroupedR	kvE2SepTieGroupedR	FormalSystem.Metalogic.WeakCanonical.Kamp.kvE2SepTieGroupedR	data	FormalSystem.Metalogic.WeakCanonical.Kamp.NfMultiAnchorBridge.SharedWitness.OrderGate	82	flagged
FormalSystem.Metalogic.WeakCanonical.Kamp.kvE2_sepTieRead	kvE2SepTieRead	FormalSystem.Metalogic.WeakCanonical.Kamp.kvE2SepTieRead	data	FormalSystem.Metalogic.WeakCanonical.Kamp.NfMultiAnchorBridge.SharedWitness.OrderGate	7	flagged
FormalSystem.Metalogic.WeakCanonical.Kamp.kvE2_sepTieRuns	kvE2SepTieRuns	FormalSystem.Metalogic.WeakCanonical.Kamp.kvE2SepTieRuns	data	FormalSystem.Metalogic.WeakCanonical.Kamp.NfMultiAnchorBridge.SharedWitness.OrderGate	30	flagged
FormalSystem.Metalogic.WeakCanonical.Kamp.kvE2_sep_zAtT3	kvE2SepZAtT3	FormalSystem.Metalogic.WeakCanonical.Kamp.kvE2SepZAtT3	data	FormalSystem.Metalogic.WeakCanonical.Kamp.NfMultiAnchorBridge.SharedWitness.Slots	28	flagged
FormalSystem.Metalogic.WeakCanonical.Kamp.kvE2_sep_zAtT4	kvE2SepZAtT4	FormalSystem.Metalogic.WeakCanonical.Kamp.kvE2SepZAtT4	data	FormalSystem.Metalogic.WeakCanonical.Kamp.NfMultiAnchorBridge.SharedWitness.Slots	19	flagged
FormalSystem.Metalogic.WeakCanonical.Kamp.kvE2_sep_zAtW3	kvE2SepZAtW3	FormalSystem.Metalogic.WeakCanonical.Kamp.kvE2SepZAtW3	data	FormalSystem.Metalogic.WeakCanonical.Kamp.NfMultiAnchorBridge.SharedWitness.Slots	28	flagged
FormalSystem.Metalogic.WeakCanonical.Kamp.kvE2_sep_zAtWL	kvE2SepZAtWL	FormalSystem.Metalogic.WeakCanonical.Kamp.kvE2SepZAtWL	data	FormalSystem.Metalogic.WeakCanonical.Kamp.NfMultiAnchorBridge.SharedWitness.Slots	13	flagged
FormalSystem.Metalogic.WeakCanonical.Kamp.kvE2_sep_zAtWR	kvE2SepZAtWR	FormalSystem.Metalogic.WeakCanonical.Kamp.kvE2SepZAtWR	data	FormalSystem.Metalogic.WeakCanonical.Kamp.NfMultiAnchorBridge.SharedWitness.Slots	13	flagged
FormalSystem.Metalogic.WeakCanonical.Kamp.kvE2_sep_zAtX1L	kvE2SepZAtX1L	FormalSystem.Metalogic.WeakCanonical.Kamp.kvE2SepZAtX1L	data	FormalSystem.Metalogic.WeakCanonical.Kamp.NfMultiAnchorBridge.SharedWitness.Slots	20	flagged
FormalSystem.Metalogic.WeakCanonical.Kamp.kvE2_sep_zAtX1R	kvE2SepZAtX1R	FormalSystem.Metalogic.WeakCanonical.Kamp.kvE2SepZAtX1R	data	FormalSystem.Metalogic.WeakCanonical.Kamp.NfMultiAnchorBridge.SharedWitness.Slots	17	flagged
FormalSystem.Metalogic.WeakCanonical.Kamp.kvE2_sep_zAtX3	kvE2SepZAtX3	FormalSystem.Metalogic.WeakCanonical.Kamp.kvE2SepZAtX3	data	FormalSystem.Metalogic.WeakCanonical.Kamp.NfMultiAnchorBridge.SharedWitness.Slots	28	flagged
FormalSystem.Metalogic.WeakCanonical.Kamp.kvE2_sep_zAtX4	kvE2SepZAtX4	FormalSystem.Metalogic.WeakCanonical.Kamp.kvE2SepZAtX4	data	FormalSystem.Metalogic.WeakCanonical.Kamp.NfMultiAnchorBridge.SharedWitness.Slots	19	flagged
FormalSystem.Metalogic.WeakCanonical.Kamp.kvE2_sep_zFutT3	kvE2SepZFutT3	FormalSystem.Metalogic.WeakCanonical.Kamp.kvE2SepZFutT3	data	FormalSystem.Metalogic.WeakCanonical.Kamp.NfMultiAnchorBridge.SharedWitness.Slots	85	flagged
FormalSystem.Metalogic.WeakCanonical.Kamp.kvE2_sep_zFutT4	kvE2SepZFutT4	FormalSystem.Metalogic.WeakCanonical.Kamp.kvE2SepZFutT4	data	FormalSystem.Metalogic.WeakCanonical.Kamp.NfMultiAnchorBridge.SharedWitness.Slots	19	flagged
FormalSystem.Metalogic.WeakCanonical.Kamp.kvE2_sep_zPastX3	kvE2SepZPastX3	FormalSystem.Metalogic.WeakCanonical.Kamp.kvE2SepZPastX3	data	FormalSystem.Metalogic.WeakCanonical.Kamp.NfMultiAnchorBridge.SharedWitness.Slots	71	flagged
FormalSystem.Metalogic.WeakCanonical.Kamp.kvE2_sep_zPastX4	kvE2SepZPastX4	FormalSystem.Metalogic.WeakCanonical.Kamp.kvE2SepZPastX4	data	FormalSystem.Metalogic.WeakCanonical.Kamp.NfMultiAnchorBridge.SharedWitness.Slots	19	flagged
FormalSystem.Metalogic.WeakCanonical.Kamp.kvE2_sep_zWT3	kvE2SepZWT3	FormalSystem.Metalogic.WeakCanonical.Kamp.kvE2SepZWT3	data	FormalSystem.Metalogic.WeakCanonical.Kamp.NfMultiAnchorBridge.SharedWitness.Slots	123	flagged
FormalSystem.Metalogic.WeakCanonical.Kamp.kvE2_sep_zWX1	kvE2SepZWX1	FormalSystem.Metalogic.WeakCanonical.Kamp.kvE2SepZWX1	data	FormalSystem.Metalogic.WeakCanonical.Kamp.NfMultiAnchorBridge.SharedWitness.Slots	35	flagged
FormalSystem.Metalogic.WeakCanonical.Kamp.kvE2_sep_zXW3	kvE2SepZXW3	FormalSystem.Metalogic.WeakCanonical.Kamp.kvE2SepZXW3	data	FormalSystem.Metalogic.WeakCanonical.Kamp.NfMultiAnchorBridge.SharedWitness.Slots	132	flagged
FormalSystem.Metalogic.WeakCanonical.Kamp.kvE_ambientDeepAnchor	kvEAmbientDeepAnchor	FormalSystem.Metalogic.WeakCanonical.Kamp.kvEAmbientDeepAnchor	data	FormalSystem.Metalogic.WeakCanonical.Kamp.NfMultiAnchorBridge.ExteriorAmbientDeepAnchorK	38	flagged
FormalSystem.Metalogic.WeakCanonical.Kamp.kvE_ambientGuardForm	kvEAmbientGuardForm	FormalSystem.Metalogic.WeakCanonical.Kamp.kvEAmbientGuardForm	data	FormalSystem.Metalogic.WeakCanonical.Kamp.NfMultiAnchorBridge.ExteriorGateAssembleK	6	flagged
FormalSystem.Metalogic.WeakCanonical.Kamp.kvE_deepOnFiber	kvEDeepOnFiber	FormalSystem.Metalogic.WeakCanonical.Kamp.kvEDeepOnFiber	data	FormalSystem.Metalogic.WeakCanonical.Kamp.NfMultiAnchorBridge.ExteriorFiberDeepAnchorK	37	flagged
FormalSystem.Metalogic.WeakCanonical.Kamp.kvE_extBracketFut	kvEExtBracketFut	FormalSystem.Metalogic.WeakCanonical.Kamp.kvEExtBracketFut	data	FormalSystem.Metalogic.WeakCanonical.Kamp.NfMultiAnchorBridge.ExteriorBracketAssembleK	10	flagged
FormalSystem.Metalogic.WeakCanonical.Kamp.kvE_extBracketPast	kvEExtBracketPast	FormalSystem.Metalogic.WeakCanonical.Kamp.kvEExtBracketPast	data	FormalSystem.Metalogic.WeakCanonical.Kamp.NfMultiAnchorBridge.ExteriorBracketAssembleK	10	flagged
FormalSystem.Metalogic.WeakCanonical.Kamp.kvE_extNegFut	kvEExtNegFut	FormalSystem.Metalogic.WeakCanonical.Kamp.kvEExtNegFut	data	FormalSystem.Metalogic.WeakCanonical.Kamp.NfMultiAnchorBridge.ExteriorNegationK	12	flagged
FormalSystem.Metalogic.WeakCanonical.Kamp.kvE_extNegPast	kvEExtNegPast	FormalSystem.Metalogic.WeakCanonical.Kamp.kvEExtNegPast	data	FormalSystem.Metalogic.WeakCanonical.Kamp.NfMultiAnchorBridge.ExteriorNegationPastK	13	flagged
FormalSystem.Metalogic.WeakCanonical.Kamp.kvE_fiber	kvEFiber	FormalSystem.Metalogic.WeakCanonical.Kamp.kvEFiber	data	FormalSystem.Metalogic.WeakCanonical.Kamp.NfMultiAnchorBridge.ExteriorFiberK	10	flagged
FormalSystem.Metalogic.WeakCanonical.Kamp.kvE_fiberBucket	kvEFiberBucket	FormalSystem.Metalogic.WeakCanonical.Kamp.kvEFiberBucket	data	FormalSystem.Metalogic.WeakCanonical.Kamp.NfMultiAnchorBridge.ExteriorFiberK	4	flagged
FormalSystem.Metalogic.WeakCanonical.Kamp.kvE_fiberConsistent	kvEFiberConsistent	FormalSystem.Metalogic.WeakCanonical.Kamp.kvEFiberConsistent	data	FormalSystem.Metalogic.WeakCanonical.Kamp.NfMultiAnchorBridge.ExteriorFiberConsistencyK	16	flagged
FormalSystem.Metalogic.WeakCanonical.Kamp.kvE_fiberElemConsistent	kvEFiberElemConsistent	FormalSystem.Metalogic.WeakCanonical.Kamp.kvEFiberElemConsistent	data	FormalSystem.Metalogic.WeakCanonical.Kamp.NfMultiAnchorBridge.ExteriorFiberConsistencyK	8	flagged
FormalSystem.Metalogic.WeakCanonical.Kamp.kvE_fiberPos	kvEFiberPos	FormalSystem.Metalogic.WeakCanonical.Kamp.kvEFiberPos	data	FormalSystem.Metalogic.WeakCanonical.Kamp.NfMultiAnchorBridge.ExteriorFiberK	2	flagged
FormalSystem.Metalogic.WeakCanonical.Kamp.kvE_fiberPosOn	kvEFiberPosOn	FormalSystem.Metalogic.WeakCanonical.Kamp.kvEFiberPosOn	data	FormalSystem.Metalogic.WeakCanonical.Kamp.NfMultiAnchorBridge.ExteriorFiberK	4	flagged
FormalSystem.Metalogic.WeakCanonical.Kamp.kvE_fiberPosOnShift	kvEFiberPosOnShift	FormalSystem.Metalogic.WeakCanonical.Kamp.kvEFiberPosOnShift	data	FormalSystem.Metalogic.WeakCanonical.Kamp.NfMultiAnchorBridge.ExteriorFiberK	16	flagged
FormalSystem.Metalogic.WeakCanonical.Kamp.kvE_fiberZoneList	kvEFiberZoneList	FormalSystem.Metalogic.WeakCanonical.Kamp.kvEFiberZoneList	data	FormalSystem.Metalogic.WeakCanonical.Kamp.NfMultiAnchorBridge.ExteriorFiberK	90	flagged
FormalSystem.Metalogic.WeakCanonical.Kamp.kvE_futAdmissible	kvEFutAdmissible	FormalSystem.Metalogic.WeakCanonical.Kamp.kvEFutAdmissible	data	FormalSystem.Metalogic.WeakCanonical.Kamp.NfMultiAnchorBridge.ExteriorNegationK	64	flagged
FormalSystem.Metalogic.WeakCanonical.Kamp.kvE_futAnyBit	kvEFutAnyBit	FormalSystem.Metalogic.WeakCanonical.Kamp.kvEFutAnyBit	data	FormalSystem.Metalogic.WeakCanonical.Kamp.NfMultiAnchorBridge.ExteriorBracketK	3	flagged
FormalSystem.Metalogic.WeakCanonical.Kamp.kvE_futChain	kvEFutChain	FormalSystem.Metalogic.WeakCanonical.Kamp.kvEFutChain	data	FormalSystem.Metalogic.WeakCanonical.Kamp.NfMultiAnchorBridge.ExteriorNegationK	9	flagged
FormalSystem.Metalogic.WeakCanonical.Kamp.kvE_futChainG	kvEFutChainG	FormalSystem.Metalogic.WeakCanonical.Kamp.kvEFutChainG	data	FormalSystem.Metalogic.WeakCanonical.Kamp.NfMultiAnchorBridge.ExteriorNegationK	10	flagged
FormalSystem.Metalogic.WeakCanonical.Kamp.kvE_futEnd	kvEFutEnd	FormalSystem.Metalogic.WeakCanonical.Kamp.kvEFutEnd	data	FormalSystem.Metalogic.WeakCanonical.Kamp.NfMultiAnchorBridge.ExteriorNegationK	31	flagged
FormalSystem.Metalogic.WeakCanonical.Kamp.kvE_futGapD	kvEFutGapD	FormalSystem.Metalogic.WeakCanonical.Kamp.kvEFutGapD	data	FormalSystem.Metalogic.WeakCanonical.Kamp.NfMultiAnchorBridge.ExteriorNegationK	30	flagged
FormalSystem.Metalogic.WeakCanonical.Kamp.kvE_futGapZone	kvEFutGapZone	FormalSystem.Metalogic.WeakCanonical.Kamp.kvEFutGapZone	data	FormalSystem.Metalogic.WeakCanonical.Kamp.NfMultiAnchorBridge.ExteriorNegationK	43	flagged
FormalSystem.Metalogic.WeakCanonical.Kamp.kvE_futItemShift	kvEFutItemShift	FormalSystem.Metalogic.WeakCanonical.Kamp.kvEFutItemShift	data	FormalSystem.Metalogic.WeakCanonical.Kamp.NfMultiAnchorBridge.ExteriorNegationK	19	flagged
FormalSystem.Metalogic.WeakCanonical.Kamp.kvE_futPos	kvEFutPos	FormalSystem.Metalogic.WeakCanonical.Kamp.kvEFutPos	data	FormalSystem.Metalogic.WeakCanonical.Kamp.NfMultiAnchorBridge.ExteriorNegationK	31	flagged
FormalSystem.Metalogic.WeakCanonical.Kamp.kvE_futPossibleZones	kvEFutPossibleZones	FormalSystem.Metalogic.WeakCanonical.Kamp.kvEFutPossibleZones	data	FormalSystem.Metalogic.WeakCanonical.Kamp.NfMultiAnchorBridge.ExteriorNegationK	3	flagged
FormalSystem.Metalogic.WeakCanonical.Kamp.kvE_futRayD	kvEFutRayD	FormalSystem.Metalogic.WeakCanonical.Kamp.kvEFutRayD	data	FormalSystem.Metalogic.WeakCanonical.Kamp.NfMultiAnchorBridge.ExteriorNegationK	10	flagged
FormalSystem.Metalogic.WeakCanonical.Kamp.kvE_futRayForm	kvEFutRayForm	FormalSystem.Metalogic.WeakCanonical.Kamp.kvEFutRayForm	data	FormalSystem.Metalogic.WeakCanonical.Kamp.NfMultiAnchorBridge.ExteriorNegationK	9	flagged
FormalSystem.Metalogic.WeakCanonical.Kamp.kvE_futRayZone	kvEFutRayZone	FormalSystem.Metalogic.WeakCanonical.Kamp.kvEFutRayZone	data	FormalSystem.Metalogic.WeakCanonical.Kamp.NfMultiAnchorBridge.ExteriorNegationK	26	flagged
FormalSystem.Metalogic.WeakCanonical.Kamp.kvE_futSelfZone	kvEFutSelfZone	FormalSystem.Metalogic.WeakCanonical.Kamp.kvEFutSelfZone	data	FormalSystem.Metalogic.WeakCanonical.Kamp.NfMultiAnchorBridge.ExteriorNegationK	41	flagged
FormalSystem.Metalogic.WeakCanonical.Kamp.kvE_futSliceEq	kvEFutSliceEq	FormalSystem.Metalogic.WeakCanonical.Kamp.kvEFutSliceEq	data	FormalSystem.Metalogic.WeakCanonical.Kamp.NfMultiAnchorBridge.ExteriorPinnedConverseK	15	flagged
FormalSystem.Metalogic.WeakCanonical.Kamp.kvE_futSliceMarked	kvEFutSliceMarked	FormalSystem.Metalogic.WeakCanonical.Kamp.kvEFutSliceMarked	data	FormalSystem.Metalogic.WeakCanonical.Kamp.NfMultiAnchorBridge.ExteriorPinnedConverseK	16	flagged
FormalSystem.Metalogic.WeakCanonical.Kamp.kvE_pastAdmissible	kvEPastAdmissible	FormalSystem.Metalogic.WeakCanonical.Kamp.kvEPastAdmissible	data	FormalSystem.Metalogic.WeakCanonical.Kamp.NfMultiAnchorBridge.ExteriorNegationPastK	58	flagged
FormalSystem.Metalogic.WeakCanonical.Kamp.kvE_pastChain	kvEPastChain	FormalSystem.Metalogic.WeakCanonical.Kamp.kvEPastChain	data	FormalSystem.Metalogic.WeakCanonical.Kamp.NfMultiAnchorBridge.ExteriorNegationPastK	5	flagged
FormalSystem.Metalogic.WeakCanonical.Kamp.kvE_pastChainG	kvEPastChainG	FormalSystem.Metalogic.WeakCanonical.Kamp.kvEPastChainG	data	FormalSystem.Metalogic.WeakCanonical.Kamp.NfMultiAnchorBridge.ExteriorNegationPastK	10	flagged
FormalSystem.Metalogic.WeakCanonical.Kamp.kvE_pastEnd	kvEPastEnd	FormalSystem.Metalogic.WeakCanonical.Kamp.kvEPastEnd	data	FormalSystem.Metalogic.WeakCanonical.Kamp.NfMultiAnchorBridge.ExteriorNegationPastK	24	flagged
FormalSystem.Metalogic.WeakCanonical.Kamp.kvE_pastGapD	kvEPastGapD	FormalSystem.Metalogic.WeakCanonical.Kamp.kvEPastGapD	data	FormalSystem.Metalogic.WeakCanonical.Kamp.NfMultiAnchorBridge.ExteriorNegationPastK	23	flagged
FormalSystem.Metalogic.WeakCanonical.Kamp.kvE_pastGapZone	kvEPastGapZone	FormalSystem.Metalogic.WeakCanonical.Kamp.kvEPastGapZone	data	FormalSystem.Metalogic.WeakCanonical.Kamp.NfMultiAnchorBridge.ExteriorNegationPastK	32	flagged
FormalSystem.Metalogic.WeakCanonical.Kamp.kvE_pastPos	kvEPastPos	FormalSystem.Metalogic.WeakCanonical.Kamp.kvEPastPos	data	FormalSystem.Metalogic.WeakCanonical.Kamp.NfMultiAnchorBridge.ExteriorNegationPastK	25	flagged
FormalSystem.Metalogic.WeakCanonical.Kamp.kvE_pastPossibleZones	kvEPastPossibleZones	FormalSystem.Metalogic.WeakCanonical.Kamp.kvEPastPossibleZones	data	FormalSystem.Metalogic.WeakCanonical.Kamp.NfMultiAnchorBridge.ExteriorNegationPastK	5	flagged
FormalSystem.Metalogic.WeakCanonical.Kamp.kvE_pastRayD	kvEPastRayD	FormalSystem.Metalogic.WeakCanonical.Kamp.kvEPastRayD	data	FormalSystem.Metalogic.WeakCanonical.Kamp.NfMultiAnchorBridge.ExteriorNegationPastK	7	flagged
FormalSystem.Metalogic.WeakCanonical.Kamp.kvE_pastRayForm	kvEPastRayForm	FormalSystem.Metalogic.WeakCanonical.Kamp.kvEPastRayForm	data	FormalSystem.Metalogic.WeakCanonical.Kamp.NfMultiAnchorBridge.ExteriorNegationPastK	6	flagged
FormalSystem.Metalogic.WeakCanonical.Kamp.kvE_pastRayZone	kvEPastRayZone	FormalSystem.Metalogic.WeakCanonical.Kamp.kvEPastRayZone	data	FormalSystem.Metalogic.WeakCanonical.Kamp.NfMultiAnchorBridge.ExteriorNegationPastK	17	flagged
FormalSystem.Metalogic.WeakCanonical.Kamp.kvE_pastSelfZone	kvEPastSelfZone	FormalSystem.Metalogic.WeakCanonical.Kamp.kvEPastSelfZone	data	FormalSystem.Metalogic.WeakCanonical.Kamp.NfMultiAnchorBridge.ExteriorNegationPastK	34	flagged
FormalSystem.Metalogic.WeakCanonical.Kamp.kvE_pastSliceEq	kvEPastSliceEq	FormalSystem.Metalogic.WeakCanonical.Kamp.kvEPastSliceEq	data	FormalSystem.Metalogic.WeakCanonical.Kamp.NfMultiAnchorBridge.ExteriorPinnedConversePastK	15	flagged
FormalSystem.Metalogic.WeakCanonical.Kamp.kvE_pastSliceMarked	kvEPastSliceMarked	FormalSystem.Metalogic.WeakCanonical.Kamp.kvEPastSliceMarked	data	FormalSystem.Metalogic.WeakCanonical.Kamp.NfMultiAnchorBridge.ExteriorPinnedConversePastK	15	flagged
FormalSystem.Metalogic.WeakCanonical.Kamp.kvE_projFreshD	kvEProjFreshD	FormalSystem.Metalogic.WeakCanonical.Kamp.kvEProjFreshD	data	FormalSystem.Metalogic.WeakCanonical.Kamp.NfMultiAnchorBridge.ExteriorBracketK	4	flagged
FormalSystem.Metalogic.WeakCanonical.Kamp.kvE_sepPos	kvESepPos	FormalSystem.Metalogic.WeakCanonical.Kamp.kvESepPos	data	FormalSystem.Metalogic.WeakCanonical.Kamp.NfMultiAnchorBridge.ExteriorBracketK	4	flagged
FormalSystem.Metalogic.WeakCanonical.Kamp.kvE_sub2_zUW	kvESub2ZUW	FormalSystem.Metalogic.WeakCanonical.Kamp.kvESub2ZUW	data	FormalSystem.Metalogic.WeakCanonical.Kamp.NfMultiAnchorBridge.SubBracket2	41	flagged
FormalSystem.Metalogic.WeakCanonical.Kamp.kvE_sub2_zWT	kvESub2ZWT	FormalSystem.Metalogic.WeakCanonical.Kamp.kvESub2ZWT	data	FormalSystem.Metalogic.WeakCanonical.Kamp.NfMultiAnchorBridge.SubBracket2	66	flagged
FormalSystem.Metalogic.WeakCanonical.Kamp.kvE_sub2_zXU	kvESub2ZXU	FormalSystem.Metalogic.WeakCanonical.Kamp.kvESub2ZXU	data	FormalSystem.Metalogic.WeakCanonical.Kamp.NfMultiAnchorBridge.SubBracket2	89	flagged
FormalSystem.Metalogic.WeakCanonical.Kamp.kvE_subBit	kvESubBit	FormalSystem.Metalogic.WeakCanonical.Kamp.kvESubBit	data	FormalSystem.Metalogic.WeakCanonical.Kamp.NfMultiAnchorBridge.ExteriorBracketK	21	flagged
FormalSystem.Metalogic.WeakCanonical.Kamp.kvE_subBracket	kvESubBracket	FormalSystem.Metalogic.WeakCanonical.Kamp.kvESubBracket	data	FormalSystem.Metalogic.WeakCanonical.Kamp.NfMultiAnchorBridge.SubBracket	9	flagged
FormalSystem.Metalogic.WeakCanonical.Kamp.kvE_subBracket2	kvESubBracket2	FormalSystem.Metalogic.WeakCanonical.Kamp.kvESubBracket2	data	FormalSystem.Metalogic.WeakCanonical.Kamp.NfMultiAnchorBridge.SubBracket2	16	flagged
FormalSystem.Metalogic.WeakCanonical.Kamp.kvE_subBracket2V	kvESubBracket2V	FormalSystem.Metalogic.WeakCanonical.Kamp.kvESubBracket2V	data	FormalSystem.Metalogic.WeakCanonical.Kamp.NfMultiAnchorBridge.SubBracket2V	18	flagged
FormalSystem.Metalogic.WeakCanonical.Kamp.kvE_subChain	kvESubChain	FormalSystem.Metalogic.WeakCanonical.Kamp.kvESubChain	data	FormalSystem.Metalogic.WeakCanonical.Kamp.NfMultiAnchorBridge.SubBracket	1	flagged
FormalSystem.Metalogic.WeakCanonical.Kamp.kvE_subChain2	kvESubChain2	FormalSystem.Metalogic.WeakCanonical.Kamp.kvESubChain2	data	FormalSystem.Metalogic.WeakCanonical.Kamp.NfMultiAnchorBridge.SubBracket2	2	flagged
FormalSystem.Metalogic.WeakCanonical.Kamp.kvE_subChain2V	kvESubChain2V	FormalSystem.Metalogic.WeakCanonical.Kamp.kvESubChain2V	data	FormalSystem.Metalogic.WeakCanonical.Kamp.NfMultiAnchorBridge.SubBracket2V	5	flagged
FormalSystem.Metalogic.WeakCanonical.Kamp.kvE_subFoldBits	kvESubFoldBits	FormalSystem.Metalogic.WeakCanonical.Kamp.kvESubFoldBits	data	FormalSystem.Metalogic.WeakCanonical.Kamp.NfMultiAnchorBridge.SubBracket	3	flagged
FormalSystem.Metalogic.WeakCanonical.Kamp.kvE_subInteriorZones	kvESubInteriorZones	FormalSystem.Metalogic.WeakCanonical.Kamp.kvESubInteriorZones	data	FormalSystem.Metalogic.WeakCanonical.Kamp.NfMultiAnchorBridge.SubBracket	3	flagged
FormalSystem.Metalogic.WeakCanonical.Kamp.mergeNF_succ	mergeNFSucc	FormalSystem.Metalogic.WeakCanonical.Kamp.mergeNFSucc	data	FormalSystem.Metalogic.WeakCanonical.Kamp.NfDepth0Generalized	2	flagged
FormalSystem.Metalogic.WeakCanonical.Kamp.neg_b2_bracket_formula	negB2BracketFormula	FormalSystem.Metalogic.WeakCanonical.Kamp.negB2BracketFormula	data	FormalSystem.Metalogic.WeakCanonical.Kamp.EANegationClosure	4	flagged
FormalSystem.Metalogic.WeakCanonical.Kamp.nf0_assemble	nf0Assemble	FormalSystem.Metalogic.WeakCanonical.Kamp.nf0Assemble	data	FormalSystem.Metalogic.WeakCanonical.Kamp.NfEFold	238	flagged
FormalSystem.Metalogic.WeakCanonical.Kamp.nf0_dropFresh	nf0DropFresh	FormalSystem.Metalogic.WeakCanonical.Kamp.nf0DropFresh	data	FormalSystem.Metalogic.WeakCanonical.Kamp.NfEFold	155	flagged
FormalSystem.Metalogic.WeakCanonical.Kamp.nf0_projFresh	nf0ProjFresh	FormalSystem.Metalogic.WeakCanonical.Kamp.nf0ProjFresh	data	FormalSystem.Metalogic.WeakCanonical.Kamp.NfEFold	81	flagged
FormalSystem.Metalogic.WeakCanonical.Kamp.nf0_zoneSpec	nf0ZoneSpec	FormalSystem.Metalogic.WeakCanonical.Kamp.nf0ZoneSpec	data	FormalSystem.Metalogic.WeakCanonical.Kamp.NfEFold	357	flagged
FormalSystem.Metalogic.WeakCanonical.Kamp.nf2_locus	nf2Locus	FormalSystem.Metalogic.WeakCanonical.Kamp.nf2Locus	data	FormalSystem.Metalogic.WeakCanonical.Kamp.NfMultiAnchorBridge.Base	7	flagged
FormalSystem.Metalogic.WeakCanonical.Kamp.nf3_locus0	nf3Locus0	FormalSystem.Metalogic.WeakCanonical.Kamp.nf3Locus0	data	FormalSystem.Metalogic.WeakCanonical.Kamp.NfMultiAnchorBridge.Base	3	flagged
FormalSystem.Metalogic.WeakCanonical.Kamp.nfN_locus0	nfNLocus0	FormalSystem.Metalogic.WeakCanonical.Kamp.nfNLocus0	data	FormalSystem.Metalogic.WeakCanonical.Kamp.NfMultiAnchorBridge.Base	3	flagged
FormalSystem.Metalogic.WeakCanonical.Kamp.nf_2var_exist_depth0_tl_fn	nf2varExistDepth0TlFn	FormalSystem.Metalogic.WeakCanonical.Kamp.nf2varExistDepth0TlFn	data	FormalSystem.Metalogic.WeakCanonical.Kamp.KampPrior	1	flagged
FormalSystem.Metalogic.WeakCanonical.Kamp.nf_3var_bracket_tyx	nf3varBracketTyx	FormalSystem.Metalogic.WeakCanonical.Kamp.nf3varBracketTyx	data	FormalSystem.Metalogic.WeakCanonical.Kamp.VecEADecomp	2	flagged
FormalSystem.Metalogic.WeakCanonical.Kamp.nf_3var_bracket_xyt	nf3varBracketXyt	FormalSystem.Metalogic.WeakCanonical.Kamp.nf3varBracketXyt	data	FormalSystem.Metalogic.WeakCanonical.Kamp.VecEADecomp	3	flagged
FormalSystem.Metalogic.WeakCanonical.Kamp.nf_3var_zone_txy	nf3varZoneTxy	FormalSystem.Metalogic.WeakCanonical.Kamp.nf3varZoneTxy	data	FormalSystem.Metalogic.WeakCanonical.Kamp.VecEADecomp	2	flagged
FormalSystem.Metalogic.WeakCanonical.Kamp.nf_3var_zone_xty	nf3varZoneXty	FormalSystem.Metalogic.WeakCanonical.Kamp.nf3varZoneXty	data	FormalSystem.Metalogic.WeakCanonical.Kamp.VecEADecomp	2	flagged
FormalSystem.Metalogic.WeakCanonical.Kamp.nf_3var_zone_ytx	nf3varZoneYtx	FormalSystem.Metalogic.WeakCanonical.Kamp.nf3varZoneYtx	data	FormalSystem.Metalogic.WeakCanonical.Kamp.VecEADecomp	2	flagged
FormalSystem.Metalogic.WeakCanonical.Kamp.nf_3var_zone_yxt	nf3varZoneYxt	FormalSystem.Metalogic.WeakCanonical.Kamp.nf3varZoneYxt	data	FormalSystem.Metalogic.WeakCanonical.Kamp.VecEADecomp	2	flagged
FormalSystem.Metalogic.WeakCanonical.Kamp.nf_char2_atom_offdiag_endpoint	nfChar2AtomOffdiagEndpoint	FormalSystem.Metalogic.WeakCanonical.Kamp.nfChar2AtomOffdiagEndpoint	data	FormalSystem.Metalogic.WeakCanonical.Kamp.NfMultiAnchorBridge.Base	15	flagged
FormalSystem.Metalogic.WeakCanonical.Kamp.nf_char2_atom_offdiag_origin	nfChar2AtomOffdiagOrigin	FormalSystem.Metalogic.WeakCanonical.Kamp.nfChar2AtomOffdiagOrigin	data	FormalSystem.Metalogic.WeakCanonical.Kamp.NfMultiAnchorBridge.Base	8	flagged
FormalSystem.Metalogic.WeakCanonical.Kamp.nf_char2_atom_offdiag_origin_future	nfChar2AtomOffdiagOriginFuture	FormalSystem.Metalogic.WeakCanonical.Kamp.nfChar2AtomOffdiagOriginFuture	data	FormalSystem.Metalogic.WeakCanonical.Kamp.NfMultiAnchorBridge.Base	7	flagged
FormalSystem.Metalogic.WeakCanonical.Kamp.nf_char2_atom_part	nfChar2AtomPart	FormalSystem.Metalogic.WeakCanonical.Kamp.nfChar2AtomPart	data	FormalSystem.Metalogic.WeakCanonical.Kamp.NfMultiAnchorBridge.Base	6	flagged
FormalSystem.Metalogic.WeakCanonical.Kamp.nf_char2_diag_exist_tl	nfChar2DiagExistTl	FormalSystem.Metalogic.WeakCanonical.Kamp.nfChar2DiagExistTl	data	FormalSystem.Metalogic.WeakCanonical.Kamp.NfMultiAnchorBridge.Base	6	flagged
FormalSystem.Metalogic.WeakCanonical.Kamp.nf_char2_formula	nfChar2Formula	FormalSystem.Metalogic.WeakCanonical.Kamp.nfChar2Formula	data	FormalSystem.Metalogic.WeakCanonical.Kamp.NfMultiAnchorBridge.Base	3	flagged
FormalSystem.Metalogic.WeakCanonical.Kamp.nf_char2_future_formula	nfChar2FutureFormula	FormalSystem.Metalogic.WeakCanonical.Kamp.nfChar2FutureFormula	data	FormalSystem.Metalogic.WeakCanonical.Kamp.NfMultiAnchorBridge.Base	2	flagged
FormalSystem.Metalogic.WeakCanonical.Kamp.nf_char2_past_formula	nfChar2PastFormula	FormalSystem.Metalogic.WeakCanonical.Kamp.nfChar2PastFormula	data	FormalSystem.Metalogic.WeakCanonical.Kamp.NfMultiAnchorBridge.Base	2	flagged
FormalSystem.Metalogic.WeakCanonical.Kamp.nf_char3_endpoint_tl	nfChar3EndpointTl	FormalSystem.Metalogic.WeakCanonical.Kamp.nfChar3EndpointTl	data	FormalSystem.Metalogic.WeakCanonical.Kamp.NfMultiAnchorBridge.Base	2	flagged
FormalSystem.Metalogic.WeakCanonical.Kamp.nf_characterizable_temporal_prior	nfCharacterizableTemporalPrior	FormalSystem.Metalogic.WeakCanonical.Kamp.nfCharacterizableTemporalPrior	data	FormalSystem.Metalogic.WeakCanonical.Kamp.KampPrior	1	flagged
FormalSystem.Metalogic.WeakCanonical.Kamp.nf_endpoint_tl_gen	nfEndpointTlGen	FormalSystem.Metalogic.WeakCanonical.Kamp.nfEndpointTlGen	data	FormalSystem.Metalogic.WeakCanonical.Kamp.NfMultiAnchorBridge.Base	2	flagged
FormalSystem.Metalogic.WeakCanonical.Kamp.nf_eval_efold	NfEvalEfold	FormalSystem.Metalogic.WeakCanonical.Kamp.NfEvalEfold	prop_valued_definition	FormalSystem.Metalogic.WeakCanonical.Kamp.NfEFold	4	flagged
FormalSystem.Metalogic.WeakCanonical.Kamp.nf_eval_efold_k	NfEvalEfoldK	FormalSystem.Metalogic.WeakCanonical.Kamp.NfEvalEfoldK	prop_valued_definition	FormalSystem.Metalogic.WeakCanonical.Kamp.NfEFold	3	flagged
FormalSystem.Metalogic.WeakCanonical.Kamp.nf_nvar_exist_all_depths_fn	nfNvarExistAllDepthsFn	FormalSystem.Metalogic.WeakCanonical.Kamp.nfNvarExistAllDepthsFn	data	FormalSystem.Metalogic.WeakCanonical.Kamp.KampPrior	2	flagged
FormalSystem.Metalogic.WeakCanonical.Kamp.nf_nvar_exist_depth0_tl_fn	nfNvarExistDepth0TlFn	FormalSystem.Metalogic.WeakCanonical.Kamp.nfNvarExistDepth0TlFn	data	FormalSystem.Metalogic.WeakCanonical.Kamp.NfDepth0Generalized	3	flagged
FormalSystem.Metalogic.WeakCanonical.Kamp.nf_quant_clause_tl	nfQuantClauseTl	FormalSystem.Metalogic.WeakCanonical.Kamp.nfQuantClauseTl	data	FormalSystem.Metalogic.WeakCanonical.Kamp.NfDepth0Generalized	14	flagged
FormalSystem.Metalogic.WeakCanonical.Kamp.nf_succ_char_formula	nfSuccCharFormula	FormalSystem.Metalogic.WeakCanonical.Kamp.nfSuccCharFormula	data	FormalSystem.Metalogic.WeakCanonical.Kamp.KampPrior	4	flagged
FormalSystem.Metalogic.WeakCanonical.Kamp.nf_t_proj	nfTProj	FormalSystem.Metalogic.WeakCanonical.Kamp.nfTProj	data	FormalSystem.Metalogic.WeakCanonical.Kamp.NfToVecEA	12	flagged
FormalSystem.Metalogic.WeakCanonical.Kamp.nf_t_proj3	nfTProj3	FormalSystem.Metalogic.WeakCanonical.Kamp.nfTProj3	data	FormalSystem.Metalogic.WeakCanonical.Kamp.VecEADecomp	28	flagged
FormalSystem.Metalogic.WeakCanonical.Kamp.nf_vecEA2_future	nfVecEA2Future	FormalSystem.Metalogic.WeakCanonical.Kamp.nfVecEA2Future	data	FormalSystem.Metalogic.WeakCanonical.Kamp.NfToVecEA	4	flagged
FormalSystem.Metalogic.WeakCanonical.Kamp.nf_vecEA2_past	nfVecEA2Past	FormalSystem.Metalogic.WeakCanonical.Kamp.nfVecEA2Past	data	FormalSystem.Metalogic.WeakCanonical.Kamp.NfToVecEA	4	flagged
FormalSystem.Metalogic.WeakCanonical.Kamp.nf_x_proj'	nfXProj'	FormalSystem.Metalogic.WeakCanonical.Kamp.nfXProj'	data	FormalSystem.Metalogic.WeakCanonical.Kamp.NfToVecEA	11	flagged
FormalSystem.Metalogic.WeakCanonical.Kamp.nf_x_proj3	nfXProj3	FormalSystem.Metalogic.WeakCanonical.Kamp.nfXProj3	data	FormalSystem.Metalogic.WeakCanonical.Kamp.VecEADecomp	28	flagged
FormalSystem.Metalogic.WeakCanonical.Kamp.nf_y_proj	nfYProj	FormalSystem.Metalogic.WeakCanonical.Kamp.nfYProj	data	FormalSystem.Metalogic.WeakCanonical.Kamp.VecEADecomp	32	flagged
FormalSystem.Metalogic.WeakCanonical.Kamp.nf_zone_flatten_navigable	NfZoneFlattenNavigable	FormalSystem.Metalogic.WeakCanonical.Kamp.NfZoneFlattenNavigable	prop_valued_definition	FormalSystem.Metalogic.WeakCanonical.Kamp.NfMultiAnchorBridge.Base	3	flagged
FormalSystem.Metalogic.WeakCanonical.Kamp.nfk_dropFresh	nfkDropFresh	FormalSystem.Metalogic.WeakCanonical.Kamp.nfkDropFresh	data	FormalSystem.Metalogic.WeakCanonical.Kamp.NfEFold	85	flagged
FormalSystem.Metalogic.WeakCanonical.Kamp.nfk_projFresh	nfkProjFresh	FormalSystem.Metalogic.WeakCanonical.Kamp.nfkProjFresh	data	FormalSystem.Metalogic.WeakCanonical.Kamp.NfMultiAnchorBridge.CarrierKv	97	flagged
FormalSystem.Metalogic.WeakCanonical.Kamp.nfk_take	nfkTake	FormalSystem.Metalogic.WeakCanonical.Kamp.nfkTake	data	FormalSystem.Metalogic.WeakCanonical.Kamp.NfMultiAnchorBridge.CarrierKv	4	flagged
FormalSystem.Metalogic.WeakCanonical.Kamp.nfk_truncD	nfkTruncD	FormalSystem.Metalogic.WeakCanonical.Kamp.nfkTruncD	data	FormalSystem.Metalogic.WeakCanonical.Kamp.NfMultiAnchorBridge.ExteriorBracketK	4	flagged
FormalSystem.Metalogic.WeakCanonical.Kamp.nfk_zoneSpec	nfkZoneSpec	FormalSystem.Metalogic.WeakCanonical.Kamp.nfkZoneSpec	data	FormalSystem.Metalogic.WeakCanonical.Kamp.NfEFold	36	flagged
FormalSystem.Metalogic.WeakCanonical.MonadicFormula.quantifier_depth	quantifierDepth	FormalSystem.Metalogic.WeakCanonical.MonadicFormula.quantifierDepth	data	FormalSystem.Metalogic.WeakCanonical.MonadicFO	85	flagged
FormalSystem.Metalogic.WeakCanonical.NormalForm.atom_assgn	atomAssgn	FormalSystem.Metalogic.WeakCanonical.NormalForm.atomAssgn	data	FormalSystem.Metalogic.WeakCanonical.NormalForm	184	flagged
FormalSystem.Metalogic.WeakCanonical.NormalForm.quant_assgn	quantAssgn	FormalSystem.Metalogic.WeakCanonical.NormalForm.quantAssgn	data	FormalSystem.Metalogic.WeakCanonical.NormalForm	7	flagged
FormalSystem.Metalogic.WeakCanonical.OrderedMonadicStructure.carrier_order	carrierOrder	FormalSystem.Metalogic.WeakCanonical.OrderedMonadicStructure.carrierOrder	data	FormalSystem.Metalogic.WeakCanonical.MonadicFO	39	flagged
FormalSystem.Metalogic.WeakCanonical.Separation.S_nesting_above_U	sNestingAboveU	FormalSystem.Metalogic.WeakCanonical.Separation.sNestingAboveU	data	FormalSystem.Metalogic.WeakCanonical.Separation.Defs	3	flagged
FormalSystem.Metalogic.WeakCanonical.Separation.U_depth_under_S	uDepthUnderS	FormalSystem.Metalogic.WeakCanonical.Separation.uDepthUnderS	data	FormalSystem.Metalogic.WeakCanonical.Separation.Defs	5	flagged
FormalSystem.Metalogic.WeakCanonical.Separation.atom_literal	atomLiteral	FormalSystem.Metalogic.WeakCanonical.Separation.atomLiteral	data	FormalSystem.Metalogic.WeakCanonical.Separation.KampTranslation	9	flagged
FormalSystem.Metalogic.WeakCanonical.Separation.count_U_subformulas	countUSubformulas	FormalSystem.Metalogic.WeakCanonical.Separation.countUSubformulas	data	FormalSystem.Metalogic.WeakCanonical.Separation.Defs	5	flagged
FormalSystem.Metalogic.WeakCanonical.Separation.count_U_total	countUTotal	FormalSystem.Metalogic.WeakCanonical.Separation.countUTotal	data	FormalSystem.Metalogic.WeakCanonical.Separation.Defs	14	flagged
FormalSystem.Metalogic.WeakCanonical.Separation.formula_atoms	FormulaAtoms	FormalSystem.Metalogic.WeakCanonical.Separation.FormulaAtoms	prop_valued_definition	FormalSystem.Metalogic.WeakCanonical.Separation.Defs	15	flagged
FormalSystem.Metalogic.WeakCanonical.Separation.formula_conjList	formulaConjList	FormalSystem.Metalogic.WeakCanonical.Separation.formulaConjList	data	FormalSystem.Metalogic.WeakCanonical.Separation.KampTranslation	150	flagged
FormalSystem.Metalogic.WeakCanonical.Separation.formula_disjList	formulaDisjList	FormalSystem.Metalogic.WeakCanonical.Separation.formulaDisjList	data	FormalSystem.Metalogic.WeakCanonical.Separation.KampTranslation	27	flagged
FormalSystem.Metalogic.WeakCanonical.Separation.int_equiv	IntEquiv	FormalSystem.Metalogic.WeakCanonical.Separation.IntEquiv	prop_valued_definition	FormalSystem.Metalogic.WeakCanonical.Separation.Defs	10	flagged
FormalSystem.Metalogic.WeakCanonical.Separation.int_truth	IntTruth	FormalSystem.Metalogic.WeakCanonical.Separation.IntTruth	prop_valued_definition	FormalSystem.Metalogic.WeakCanonical.Separation.Defs	38	flagged
FormalSystem.Metalogic.WeakCanonical.Separation.is_S_free	isSFree	FormalSystem.Metalogic.WeakCanonical.Separation.isSFree	data	FormalSystem.Metalogic.WeakCanonical.Separation.Defs	22	flagged
FormalSystem.Metalogic.WeakCanonical.Separation.is_U_free	isUFree	FormalSystem.Metalogic.WeakCanonical.Separation.isUFree	data	FormalSystem.Metalogic.WeakCanonical.Separation.Defs	29	flagged
FormalSystem.Metalogic.WeakCanonical.Separation.is_box_free	isBoxFree	FormalSystem.Metalogic.WeakCanonical.Separation.isBoxFree	data	FormalSystem.Metalogic.WeakCanonical.Separation.SemanticBridge	20	flagged
FormalSystem.Metalogic.WeakCanonical.Separation.is_future_only	isFutureOnly	FormalSystem.Metalogic.WeakCanonical.Separation.isFutureOnly	data	FormalSystem.Metalogic.WeakCanonical.Separation.Defs	18	flagged
FormalSystem.Metalogic.WeakCanonical.Separation.is_past_only	isPastOnly	FormalSystem.Metalogic.WeakCanonical.Separation.isPastOnly	data	FormalSystem.Metalogic.WeakCanonical.Separation.Defs	18	flagged
FormalSystem.Metalogic.WeakCanonical.Separation.is_properly_separable	IsProperlySeparable	FormalSystem.Metalogic.WeakCanonical.Separation.IsProperlySeparable	prop_valued_definition	FormalSystem.Metalogic.WeakCanonical.Separation.Defs	1	flagged
FormalSystem.Metalogic.WeakCanonical.Separation.is_properly_separated	isProperlySeparated	FormalSystem.Metalogic.WeakCanonical.Separation.isProperlySeparated	data	FormalSystem.Metalogic.WeakCanonical.Separation.Defs	11	flagged
FormalSystem.Metalogic.WeakCanonical.Separation.is_pure_future	IsPureFuture	FormalSystem.Metalogic.WeakCanonical.Separation.IsPureFuture	prop_valued_definition	FormalSystem.Metalogic.WeakCanonical.Separation.Defs	0	flagged
FormalSystem.Metalogic.WeakCanonical.Separation.is_pure_past	IsPurePast	FormalSystem.Metalogic.WeakCanonical.Separation.IsPurePast	prop_valued_definition	FormalSystem.Metalogic.WeakCanonical.Separation.Defs	0	flagged
FormalSystem.Metalogic.WeakCanonical.Separation.is_pure_present	IsPurePresent	FormalSystem.Metalogic.WeakCanonical.Separation.IsPurePresent	prop_valued_definition	FormalSystem.Metalogic.WeakCanonical.Separation.Defs	0	flagged
FormalSystem.Metalogic.WeakCanonical.Separation.is_separable	IsSeparable	FormalSystem.Metalogic.WeakCanonical.Separation.IsSeparable	prop_valued_definition	FormalSystem.Metalogic.WeakCanonical.Separation.Defs	1	flagged
FormalSystem.Metalogic.WeakCanonical.Separation.is_syntactically_separated	isSyntacticallySeparated	FormalSystem.Metalogic.WeakCanonical.Separation.isSyntacticallySeparated	data	FormalSystem.Metalogic.WeakCanonical.Separation.Defs	11	flagged
FormalSystem.Metalogic.WeakCanonical.Separation.junction_depth	junctionDepth	FormalSystem.Metalogic.WeakCanonical.Separation.junctionDepth	data	FormalSystem.Metalogic.WeakCanonical.Separation.Defs	11	flagged
FormalSystem.Metalogic.WeakCanonical.Separation.junction_depth_S	junctionDepthS	FormalSystem.Metalogic.WeakCanonical.Separation.junctionDepthS	data	FormalSystem.Metalogic.WeakCanonical.Separation.Defs	9	flagged
FormalSystem.Metalogic.WeakCanonical.Separation.junction_depth_U	junctionDepthU	FormalSystem.Metalogic.WeakCanonical.Separation.junctionDepthU	data	FormalSystem.Metalogic.WeakCanonical.Separation.Defs	9	flagged
FormalSystem.Metalogic.WeakCanonical.Separation.nf_depth0_char_formula	nfDepth0CharFormula	FormalSystem.Metalogic.WeakCanonical.Separation.nfDepth0CharFormula	data	FormalSystem.Metalogic.WeakCanonical.Separation.KampTranslation	378	flagged
FormalSystem.Metalogic.WeakCanonical.Separation.no_S_nested_in_U	NoSNestedInU	FormalSystem.Metalogic.WeakCanonical.Separation.NoSNestedInU	prop_valued_definition	FormalSystem.Metalogic.WeakCanonical.Separation.Defs	10	flagged
FormalSystem.Metalogic.WeakCanonical.Separation.u_appearances_top_level_only	UAppearancesTopLevelOnly	FormalSystem.Metalogic.WeakCanonical.Separation.UAppearancesTopLevelOnly	prop_valued_definition	FormalSystem.Metalogic.WeakCanonical.Separation.Defs	3	flagged
FormalSystem.Metalogic.WeakCanonical.Separation.u_appears_only_as_top_level	UAppearsOnlyAsTopLevel	FormalSystem.Metalogic.WeakCanonical.Separation.UAppearsOnlyAsTopLevel	prop_valued_definition	FormalSystem.Metalogic.WeakCanonical.Separation.Defs	5	flagged
FormalSystem.Metalogic.WeakCanonical.Separation.z_structure_to_int	zStructureToInt	FormalSystem.Metalogic.WeakCanonical.Separation.zStructureToInt	data	FormalSystem.Metalogic.WeakCanonical.Separation.SemanticBridge	3	flagged
FormalSystem.Metalogic.WeakCanonical.US_expressively_complete_over_prior	uSExpressivelyCompleteOverPrior	FormalSystem.Metalogic.WeakCanonical.uSExpressivelyCompleteOverPrior	data	FormalSystem.Metalogic.WeakCanonical.PriorExpressiveness	9	flagged
FormalSystem.Metalogic.WeakCanonical.ZIntervalStructure.intervalCarrier_linearOrder	intervalCarrierLinearOrder	FormalSystem.Metalogic.WeakCanonical.ZIntervalStructure.intervalCarrierLinearOrder	data	FormalSystem.Metalogic.WeakCanonical.IntegerModel.GoodStructures	0	flagged
FormalSystem.Metalogic.WeakCanonical.all_predicates_accessible	AllPredicatesAccessible	FormalSystem.Metalogic.WeakCanonical.AllPredicatesAccessible	prop_valued_definition	FormalSystem.Metalogic.WeakCanonical.IntegerModel.GoodStructuresModelSurgery	0	flagged
FormalSystem.Metalogic.WeakCanonical.atomKind_decEq	atomKindDecEq	FormalSystem.Metalogic.WeakCanonical.atomKindDecEq	data	FormalSystem.Metalogic.WeakCanonical.NormalForm	0	flagged
FormalSystem.Metalogic.WeakCanonical.atomKind_fintype	atomKindFintype	FormalSystem.Metalogic.WeakCanonical.atomKindFintype	data	FormalSystem.Metalogic.WeakCanonical.NormalForm	0	flagged
FormalSystem.Metalogic.WeakCanonical.atomKind_to_sf_literal	atomKindToSfLiteral	FormalSystem.Metalogic.WeakCanonical.atomKindToSfLiteral	data	FormalSystem.Metalogic.WeakCanonical.EFGames.StaviCompleteness	1	flagged
FormalSystem.Metalogic.WeakCanonical.atom_cond_formula	atomCondFormula	FormalSystem.Metalogic.WeakCanonical.atomCondFormula	data	FormalSystem.Metalogic.WeakCanonical.NormalForm	10	flagged
FormalSystem.Metalogic.WeakCanonical.atom_eval	AtomEval	FormalSystem.Metalogic.WeakCanonical.AtomEval	prop_valued_definition	FormalSystem.Metalogic.WeakCanonical.NormalForm	412	flagged
FormalSystem.Metalogic.WeakCanonical.atom_to_formula	atomToFormula	FormalSystem.Metalogic.WeakCanonical.atomToFormula	data	FormalSystem.Metalogic.WeakCanonical.NormalForm	5	flagged
FormalSystem.Metalogic.WeakCanonical.base_case_emb	baseCaseEmb	FormalSystem.Metalogic.WeakCanonical.baseCaseEmb	data	FormalSystem.Metalogic.WeakCanonical.Expressiveness.Claim1	4	flagged
FormalSystem.Metalogic.WeakCanonical.chronicleAsMonadicStructure_pred	chronicleAsMonadicStructurePred	FormalSystem.Metalogic.WeakCanonical.chronicleAsMonadicStructurePred	data	FormalSystem.Metalogic.WeakCanonical.NEquivalence	0	flagged
FormalSystem.Metalogic.WeakCanonical.chronicleAsMonadicStructure_succ	chronicleAsMonadicStructureSucc	FormalSystem.Metalogic.WeakCanonical.chronicleAsMonadicStructureSucc	data	FormalSystem.Metalogic.WeakCanonical.NEquivalence	0	flagged
FormalSystem.Metalogic.WeakCanonical.chronicle_discrete_pred	chronicleDiscretePred	FormalSystem.Metalogic.WeakCanonical.chronicleDiscretePred	data	FormalSystem.Metalogic.WeakCanonical.ChronicleExtraction	0	flagged
FormalSystem.Metalogic.WeakCanonical.chronicle_discrete_succ	chronicleDiscreteSucc	FormalSystem.Metalogic.WeakCanonical.chronicleDiscreteSucc	data	FormalSystem.Metalogic.WeakCanonical.ChronicleExtraction	0	flagged
FormalSystem.Metalogic.WeakCanonical.chronicle_prior_domain_linear_order	chroniclePriorDomainLinearOrder	FormalSystem.Metalogic.WeakCanonical.chroniclePriorDomainLinearOrder	data	FormalSystem.Metalogic.WeakCanonical.ChronicleExtraction	0	flagged
FormalSystem.Metalogic.WeakCanonical.cont_holds	ContHolds	FormalSystem.Metalogic.WeakCanonical.ContHolds	prop_valued_definition	FormalSystem.Metalogic.WeakCanonical.Expressiveness.Claim1	11	flagged
FormalSystem.Metalogic.WeakCanonical.cont_holds_cross	ContHoldsCross	FormalSystem.Metalogic.WeakCanonical.ContHoldsCross	prop_valued_definition	FormalSystem.Metalogic.WeakCanonical.Expressiveness.Claim1	33	flagged
FormalSystem.Metalogic.WeakCanonical.contemp_equiv	ContempEquiv	FormalSystem.Metalogic.WeakCanonical.ContempEquiv	prop_valued_definition	FormalSystem.Metalogic.WeakCanonical.IntegerModel.GoodStructures	128	flagged
FormalSystem.Metalogic.WeakCanonical.continuation_set	ContinuationSet	FormalSystem.Metalogic.WeakCanonical.ContinuationSet	prop_valued_definition	FormalSystem.Metalogic.WeakCanonical.Expressiveness.Claim1	43	flagged
FormalSystem.Metalogic.WeakCanonical.continuation_set_cross	ContinuationSetCross	FormalSystem.Metalogic.WeakCanonical.ContinuationSetCross	prop_valued_definition	FormalSystem.Metalogic.WeakCanonical.Expressiveness.Claim1	112	flagged
FormalSystem.Metalogic.WeakCanonical.decomposition_agreement	DecompositionAgreement	FormalSystem.Metalogic.WeakCanonical.DecompositionAgreement	prop_valued_definition	FormalSystem.Metalogic.WeakCanonical.EFGames.Decomposition	3	flagged
FormalSystem.Metalogic.WeakCanonical.ef_duplicator_wins	EfDuplicatorWins	FormalSystem.Metalogic.WeakCanonical.EfDuplicatorWins	prop_valued_definition	FormalSystem.Metalogic.WeakCanonical.EFGames.Defs	0	flagged
FormalSystem.Metalogic.WeakCanonical.flatten_stavi	flattenStavi	FormalSystem.Metalogic.WeakCanonical.flattenStavi	data	FormalSystem.Metalogic.WeakCanonical.StaviConnectives	37	flagged
FormalSystem.Metalogic.WeakCanonical.formula_agreement	FormulaAgreement	FormalSystem.Metalogic.WeakCanonical.FormulaAgreement	prop_valued_definition	FormalSystem.Metalogic.WeakCanonical.EFGames.CustomGame	5	flagged
FormalSystem.Metalogic.WeakCanonical.g_content	GContent	FormalSystem.Metalogic.WeakCanonical.GContent	prop_valued_definition	FormalSystem.Metalogic.WeakCanonical.ReflexiveCanonical	22	flagged
FormalSystem.Metalogic.WeakCanonical.g_w_content	GWContent	FormalSystem.Metalogic.WeakCanonical.GWContent	prop_valued_definition	FormalSystem.Metalogic.WeakCanonical.ReflexiveCanonical	3	flagged
FormalSystem.Metalogic.WeakCanonical.game_depth	gameDepth	FormalSystem.Metalogic.WeakCanonical.gameDepth	data	FormalSystem.Metalogic.WeakCanonical.EFGames.Defs	16	flagged
FormalSystem.Metalogic.WeakCanonical.game_tuple	gameTuple	FormalSystem.Metalogic.WeakCanonical.gameTuple	data	FormalSystem.Metalogic.WeakCanonical.EFGames.CustomGame	325	flagged
FormalSystem.Metalogic.WeakCanonical.gap_char_formula	gapCharFormula	FormalSystem.Metalogic.WeakCanonical.gapCharFormula	data	FormalSystem.Metalogic.WeakCanonical.EFGames.CustomGame	23	flagged
FormalSystem.Metalogic.WeakCanonical.gap_definable_on_left	GapDefinableOnLeft	FormalSystem.Metalogic.WeakCanonical.GapDefinableOnLeft	prop_valued_definition	FormalSystem.Metalogic.WeakCanonical.EFGames.Defs	13	flagged
FormalSystem.Metalogic.WeakCanonical.gap_definable_on_right	GapDefinableOnRight	FormalSystem.Metalogic.WeakCanonical.GapDefinableOnRight	prop_valued_definition	FormalSystem.Metalogic.WeakCanonical.EFGames.Defs	13	flagged
FormalSystem.Metalogic.WeakCanonical.gap_point_agreement	GapPointAgreement	FormalSystem.Metalogic.WeakCanonical.GapPointAgreement	prop_valued_definition	FormalSystem.Metalogic.WeakCanonical.EFGames.CustomGame	6	flagged
FormalSystem.Metalogic.WeakCanonical.ghr93_duplicator_wins	Ghr93DuplicatorWins	FormalSystem.Metalogic.WeakCanonical.Ghr93DuplicatorWins	prop_valued_definition	FormalSystem.Metalogic.WeakCanonical.EFGames.CustomGame	65	flagged
FormalSystem.Metalogic.WeakCanonical.ghr93_winning_condition	Ghr93WinningCondition	FormalSystem.Metalogic.WeakCanonical.Ghr93WinningCondition	prop_valued_definition	FormalSystem.Metalogic.WeakCanonical.EFGames.CustomGame	35	flagged
FormalSystem.Metalogic.WeakCanonical.h_content	HContent	FormalSystem.Metalogic.WeakCanonical.HContent	prop_valued_definition	FormalSystem.Metalogic.WeakCanonical.ReflexiveCanonical	14	flagged
FormalSystem.Metalogic.WeakCanonical.h_w_content	HWContent	FormalSystem.Metalogic.WeakCanonical.HWContent	prop_valued_definition	FormalSystem.Metalogic.WeakCanonical.ReflexiveCanonical	1	flagged
FormalSystem.Metalogic.WeakCanonical.in_rank_embed_range	InRankEmbedRange	FormalSystem.Metalogic.WeakCanonical.InRankEmbedRange	prop_valued_definition	FormalSystem.Metalogic.WeakCanonical.EFGames.CustomGame	5	flagged
FormalSystem.Metalogic.WeakCanonical.inf_carrier_cut	InfCarrierCut	FormalSystem.Metalogic.WeakCanonical.InfCarrierCut	prop_valued_definition	FormalSystem.Metalogic.WeakCanonical.Expressiveness.Claim1	167	flagged
FormalSystem.Metalogic.WeakCanonical.infimum_gap	infimumGap	FormalSystem.Metalogic.WeakCanonical.infimumGap	data	FormalSystem.Metalogic.WeakCanonical.Expressiveness.Claim1	6	flagged
FormalSystem.Metalogic.WeakCanonical.interval_2var_nf_types	interval2varNfTypes	FormalSystem.Metalogic.WeakCanonical.interval2varNfTypes	data	FormalSystem.Metalogic.WeakCanonical.EFGames.StaviCompleteness	0	flagged
FormalSystem.Metalogic.WeakCanonical.interval_nf_types	intervalNfTypes	FormalSystem.Metalogic.WeakCanonical.intervalNfTypes	data	FormalSystem.Metalogic.WeakCanonical.EFGames.StaviCompleteness	11	flagged
FormalSystem.Metalogic.WeakCanonical.interval_types	IntervalTypes	FormalSystem.Metalogic.WeakCanonical.IntervalTypes	prop_valued_definition	FormalSystem.Metalogic.WeakCanonical.EFGames.TypeFormulas	0	flagged
FormalSystem.Metalogic.WeakCanonical.k_equiv	KEquiv	FormalSystem.Metalogic.WeakCanonical.KEquiv	prop_valued_definition	FormalSystem.Metalogic.WeakCanonical.NEquivalence	32	flagged
FormalSystem.Metalogic.WeakCanonical.k_type_of	kTypeOf	FormalSystem.Metalogic.WeakCanonical.kTypeOf	data	FormalSystem.Metalogic.WeakCanonical.NEquivalence	23	flagged
FormalSystem.Metalogic.WeakCanonical.left_formula	leftFormula	FormalSystem.Metalogic.WeakCanonical.leftFormula	data	FormalSystem.Metalogic.WeakCanonical.EFGames.GapDetection	19	flagged
FormalSystem.Metalogic.WeakCanonical.left_formula_base	leftFormulaBase	FormalSystem.Metalogic.WeakCanonical.leftFormulaBase	data	FormalSystem.Metalogic.WeakCanonical.EFGames.GapDetection	19	flagged
FormalSystem.Metalogic.WeakCanonical.limitdom_effectiveFormula	limitdomEffectiveFormula	FormalSystem.Metalogic.WeakCanonical.limitdomEffectiveFormula	data	FormalSystem.Metalogic.WeakCanonical.IntegerModel.ReynoldsBridge	10	flagged
FormalSystem.Metalogic.WeakCanonical.limitdom_monadic_structure	limitdomMonadicStructure	FormalSystem.Metalogic.WeakCanonical.limitdomMonadicStructure	data	FormalSystem.Metalogic.WeakCanonical.IntegerModel.ReynoldsBridge	27	flagged
FormalSystem.Metalogic.WeakCanonical.limitdom_monadic_structure_predOrder	limitdomMonadicStructurePredOrder	FormalSystem.Metalogic.WeakCanonical.limitdomMonadicStructurePredOrder	data	FormalSystem.Metalogic.WeakCanonical.IntegerModel.ReynoldsBridge	1	flagged
FormalSystem.Metalogic.WeakCanonical.limitdom_monadic_structure_succOrder	limitdomMonadicStructureSuccOrder	FormalSystem.Metalogic.WeakCanonical.limitdomMonadicStructureSuccOrder	data	FormalSystem.Metalogic.WeakCanonical.IntegerModel.ReynoldsBridge	1	flagged
FormalSystem.Metalogic.WeakCanonical.muSig_decEqPreds	muSigDecEqPreds	FormalSystem.Metalogic.WeakCanonical.muSigDecEqPreds	data	FormalSystem.Metalogic.WeakCanonical.EFGames.TypeFormulas	0	flagged
FormalSystem.Metalogic.WeakCanonical.muSig_fintypePreds	muSigFintypePreds	FormalSystem.Metalogic.WeakCanonical.muSigFintypePreds	data	FormalSystem.Metalogic.WeakCanonical.EFGames.TypeFormulas	0	flagged
FormalSystem.Metalogic.WeakCanonical.mu_holds	MuHolds	FormalSystem.Metalogic.WeakCanonical.MuHolds	prop_valued_definition	FormalSystem.Metalogic.WeakCanonical.EFGames.TypeFormulas	127	flagged
FormalSystem.Metalogic.WeakCanonical.next_top	nextTop	FormalSystem.Metalogic.WeakCanonical.nextTop	data	FormalSystem.Metalogic.WeakCanonical.ReflexiveCanonical	13	flagged
FormalSystem.Metalogic.WeakCanonical.nf_characteristic	nfCharacteristic	FormalSystem.Metalogic.WeakCanonical.nfCharacteristic	data	FormalSystem.Metalogic.WeakCanonical.NormalForm	128	flagged
FormalSystem.Metalogic.WeakCanonical.nf_eval_nf	NfEvalNf	FormalSystem.Metalogic.WeakCanonical.NfEvalNf	prop_valued_definition	FormalSystem.Metalogic.WeakCanonical.NormalForm	1425	flagged
FormalSystem.Metalogic.WeakCanonical.nf_profile	nfProfile	FormalSystem.Metalogic.WeakCanonical.nfProfile	data	FormalSystem.Metalogic.WeakCanonical.EFGames.CharacteristicFormula	19	flagged
FormalSystem.Metalogic.WeakCanonical.nf_t_consistent	nfTConsistent	FormalSystem.Metalogic.WeakCanonical.nfTConsistent	data	FormalSystem.Metalogic.WeakCanonical.EFGames.StaviCompleteness	2	flagged
FormalSystem.Metalogic.WeakCanonical.nf_to_formula	nfToFormula	FormalSystem.Metalogic.WeakCanonical.nfToFormula	data	FormalSystem.Metalogic.WeakCanonical.NormalForm	10	flagged
FormalSystem.Metalogic.WeakCanonical.nf_to_sentence	nfToSentence	FormalSystem.Metalogic.WeakCanonical.nfToSentence	data	FormalSystem.Metalogic.WeakCanonical.NormalForm	5	flagged
FormalSystem.Metalogic.WeakCanonical.normalForm_decEq	normalFormDecEq	FormalSystem.Metalogic.WeakCanonical.normalFormDecEq	data	FormalSystem.Metalogic.WeakCanonical.NormalForm	1	flagged
FormalSystem.Metalogic.WeakCanonical.normalForm_equiv_fin	normalFormEquivFin	FormalSystem.Metalogic.WeakCanonical.normalFormEquivFin	data	FormalSystem.Metalogic.WeakCanonical.NormalForm	0	flagged
FormalSystem.Metalogic.WeakCanonical.normalForm_fintype	normalFormFintype	FormalSystem.Metalogic.WeakCanonical.normalFormFintype	data	FormalSystem.Metalogic.WeakCanonical.NormalForm	1	flagged
FormalSystem.Metalogic.WeakCanonical.operator_depth	operatorDepth	FormalSystem.Metalogic.WeakCanonical.operatorDepth	data	FormalSystem.Metalogic.WeakCanonical.Table	78	flagged
FormalSystem.Metalogic.WeakCanonical.predicate_accessible	PredicateAccessible	FormalSystem.Metalogic.WeakCanonical.PredicateAccessible	prop_valued_definition	FormalSystem.Metalogic.WeakCanonical.IntegerModel.GoodStructuresModelSurgery	1	flagged
FormalSystem.Metalogic.WeakCanonical.quant_cond_formula	quantCondFormula	FormalSystem.Metalogic.WeakCanonical.quantCondFormula	data	FormalSystem.Metalogic.WeakCanonical.NormalForm	7	flagged
FormalSystem.Metalogic.WeakCanonical.r_definable_gap	IsRDefinableGap	FormalSystem.Metalogic.WeakCanonical.IsRDefinableGap	prop_valued_definition	FormalSystem.Metalogic.WeakCanonical.EFGames.Defs	14	flagged
FormalSystem.Metalogic.WeakCanonical.rank_embed	rankEmbed	FormalSystem.Metalogic.WeakCanonical.rankEmbed	data	FormalSystem.Metalogic.WeakCanonical.EFGames.TypeFormulas	574	flagged
FormalSystem.Metalogic.WeakCanonical.rank_embed_gap	rankEmbedGap	FormalSystem.Metalogic.WeakCanonical.rankEmbedGap	data	FormalSystem.Metalogic.WeakCanonical.EFGames.TypeFormulas	80	flagged
FormalSystem.Metalogic.WeakCanonical.rank_type	RankType	FormalSystem.Metalogic.WeakCanonical.RankType	prop_valued_definition	FormalSystem.Metalogic.WeakCanonical.EFGames.TypeFormulas	53	flagged
FormalSystem.Metalogic.WeakCanonical.relativize_env	relativizeEnv	FormalSystem.Metalogic.WeakCanonical.relativizeEnv	data	FormalSystem.Metalogic.WeakCanonical.MonadicFO	18	flagged
FormalSystem.Metalogic.WeakCanonical.relativize_sentence	relativizeSentence	FormalSystem.Metalogic.WeakCanonical.relativizeSentence	data	FormalSystem.Metalogic.WeakCanonical.MonadicFO	3	flagged
FormalSystem.Metalogic.WeakCanonical.right_formula	rightFormula	FormalSystem.Metalogic.WeakCanonical.rightFormula	data	FormalSystem.Metalogic.WeakCanonical.EFGames.GapDetection	19	flagged
FormalSystem.Metalogic.WeakCanonical.right_formula_base	rightFormulaBase	FormalSystem.Metalogic.WeakCanonical.rightFormulaBase	data	FormalSystem.Metalogic.WeakCanonical.EFGames.GapDetection	18	flagged
FormalSystem.Metalogic.WeakCanonical.same_order_type	SameOrderType	FormalSystem.Metalogic.WeakCanonical.SameOrderType	prop_valued_definition	FormalSystem.Metalogic.WeakCanonical.EFGames.CustomGame	8	flagged
FormalSystem.Metalogic.WeakCanonical.semantic_prior_SZ	SemanticPriorSZ	FormalSystem.Metalogic.WeakCanonical.SemanticPriorSZ	prop_valued_definition	FormalSystem.Metalogic.WeakCanonical.PriorDefs	104	flagged
FormalSystem.Metalogic.WeakCanonical.semantic_prior_UZ	SemanticPriorUZ	FormalSystem.Metalogic.WeakCanonical.SemanticPriorUZ	prop_valued_definition	FormalSystem.Metalogic.WeakCanonical.PriorDefs	104	flagged
FormalSystem.Metalogic.WeakCanonical.sf_K_minus	sfKMinus	FormalSystem.Metalogic.WeakCanonical.sfKMinus	data	FormalSystem.Metalogic.WeakCanonical.EFGames.CustomGame	4	flagged
FormalSystem.Metalogic.WeakCanonical.sf_K_plus	sfKPlus	FormalSystem.Metalogic.WeakCanonical.sfKPlus	data	FormalSystem.Metalogic.WeakCanonical.EFGames.CustomGame	4	flagged
FormalSystem.Metalogic.WeakCanonical.sf_conjList	sfConjList	FormalSystem.Metalogic.WeakCanonical.sfConjList	data	FormalSystem.Metalogic.WeakCanonical.EFGames.CharacteristicFormula	10	flagged
FormalSystem.Metalogic.WeakCanonical.sf_disj	sfDisj	FormalSystem.Metalogic.WeakCanonical.sfDisj	data	FormalSystem.Metalogic.WeakCanonical.EFGames.CharacteristicFormula	5	flagged
FormalSystem.Metalogic.WeakCanonical.sf_disjList	sfDisjList	FormalSystem.Metalogic.WeakCanonical.sfDisjList	data	FormalSystem.Metalogic.WeakCanonical.EFGames.CharacteristicFormula	10	flagged
FormalSystem.Metalogic.WeakCanonical.sf_snce	sfSnce	FormalSystem.Metalogic.WeakCanonical.sfSnce	data	FormalSystem.Metalogic.WeakCanonical.EFGames.CharacteristicFormula	4	flagged
FormalSystem.Metalogic.WeakCanonical.sf_untl	sfUntl	FormalSystem.Metalogic.WeakCanonical.sfUntl	data	FormalSystem.Metalogic.WeakCanonical.EFGames.CharacteristicFormula	13	flagged
FormalSystem.Metalogic.WeakCanonical.sf_verum	sfVerum	FormalSystem.Metalogic.WeakCanonical.sfVerum	data	FormalSystem.Metalogic.WeakCanonical.EFGames.CustomGame	22	flagged
FormalSystem.Metalogic.WeakCanonical.sigE_decEqPreds	sigEDecEqPreds	FormalSystem.Metalogic.WeakCanonical.sigEDecEqPreds	data	FormalSystem.Metalogic.WeakCanonical.Kamp.ESigmaExpansion	0	flagged
FormalSystem.Metalogic.WeakCanonical.some_future_mono	someFutureMono	FormalSystem.Metalogic.WeakCanonical.someFutureMono	data	FormalSystem.Metalogic.WeakCanonical.ReflexiveCanonical	4	flagged
FormalSystem.Metalogic.WeakCanonical.stavi_S_truth	StaviSTruth	FormalSystem.Metalogic.WeakCanonical.StaviSTruth	prop_valued_definition	FormalSystem.Metalogic.WeakCanonical.StaviConnectives	1	flagged
FormalSystem.Metalogic.WeakCanonical.stavi_U_truth	StaviUTruth	FormalSystem.Metalogic.WeakCanonical.StaviUTruth	prop_valued_definition	FormalSystem.Metalogic.WeakCanonical.StaviConnectives	1	flagged
FormalSystem.Metalogic.WeakCanonical.stavi_depth	staviDepth	FormalSystem.Metalogic.WeakCanonical.staviDepth	data	FormalSystem.Metalogic.WeakCanonical.EFGames.Defs	236	flagged
FormalSystem.Metalogic.WeakCanonical.stavi_fo_depth	staviFoDepth	FormalSystem.Metalogic.WeakCanonical.staviFoDepth	data	FormalSystem.Metalogic.WeakCanonical.EFGames.StaviCompleteness	37	flagged
FormalSystem.Metalogic.WeakCanonical.stavi_n_equiv	StaviNEquiv	FormalSystem.Metalogic.WeakCanonical.StaviNEquiv	prop_valued_definition	FormalSystem.Metalogic.WeakCanonical.EFGames.Defs	4	flagged
FormalSystem.Metalogic.WeakCanonical.stavi_table_mu	staviTableMu	FormalSystem.Metalogic.WeakCanonical.staviTableMu	data	FormalSystem.Metalogic.WeakCanonical.EFGames.StaviCompleteness	43	flagged
FormalSystem.Metalogic.WeakCanonical.stavi_temporal_truth	StaviTemporalTruth	FormalSystem.Metalogic.WeakCanonical.StaviTemporalTruth	prop_valued_definition	FormalSystem.Metalogic.WeakCanonical.StaviConnectives	273	flagged
FormalSystem.Metalogic.WeakCanonical.stavi_temporal_truth_mu	StaviTemporalTruthMu	FormalSystem.Metalogic.WeakCanonical.StaviTemporalTruthMu	prop_valued_definition	FormalSystem.Metalogic.WeakCanonical.EFGames.TypeFormulas	429	flagged
FormalSystem.Metalogic.WeakCanonical.table_mu	tableMu	FormalSystem.Metalogic.WeakCanonical.tableMu	data	FormalSystem.Metalogic.WeakCanonical.EFGames.StaviCompleteness	24	flagged
FormalSystem.Metalogic.WeakCanonical.tempR_bwd	TempRBwd	FormalSystem.Metalogic.WeakCanonical.TempRBwd	prop_valued_definition	FormalSystem.Metalogic.WeakCanonical.ReflexiveCanonical	4	flagged
FormalSystem.Metalogic.WeakCanonical.tempR_fwd	TempRFwd	FormalSystem.Metalogic.WeakCanonical.TempRFwd	prop_valued_definition	FormalSystem.Metalogic.WeakCanonical.ReflexiveCanonical	13	flagged
FormalSystem.Metalogic.WeakCanonical.temporal_truth	TemporalTruth	FormalSystem.Metalogic.WeakCanonical.TemporalTruth	prop_valued_definition	FormalSystem.Metalogic.WeakCanonical.Table	1034	flagged
FormalSystem.Metalogic.WeakCanonical.temporal_truth_mu	TemporalTruthMu	FormalSystem.Metalogic.WeakCanonical.TemporalTruthMu	prop_valued_definition	FormalSystem.Metalogic.WeakCanonical.EFGames.TypeFormulas	78	flagged
FormalSystem.Metalogic.WeakCanonical.very_good	VeryGood	FormalSystem.Metalogic.WeakCanonical.VeryGood	prop_valued_definition	FormalSystem.Metalogic.WeakCanonical.IntegerModel.GoodStructures	11	flagged
FormalSystem.Metalogic.WeakCanonical.x_interval_formula	xIntervalFormula	FormalSystem.Metalogic.WeakCanonical.xIntervalFormula	data	FormalSystem.Metalogic.WeakCanonical.EFGames.CharacteristicFormula	10	flagged
FormalSystem.Metalogic.WeakCanonical.x_t_formula	xTFormula	FormalSystem.Metalogic.WeakCanonical.xTFormula	data	FormalSystem.Metalogic.WeakCanonical.EFGames.CharacteristicFormula	13	flagged
FormalSystem.Metalogic.WeakCanonical.zHistory_v2	zHistoryV2	FormalSystem.Metalogic.WeakCanonical.zHistoryV2	data	FormalSystem.Metalogic.WeakCanonical.IntegerModel.ReynoldsBridge	5	flagged
FormalSystem.Metalogic.WeakCanonical.zOmega_v2	ZOmegaV2	FormalSystem.Metalogic.WeakCanonical.ZOmegaV2	prop_valued_definition	FormalSystem.Metalogic.WeakCanonical.IntegerModel.ReynoldsBridge	3	flagged
FormalSystem.Metalogic.WeakCanonical.zTaskFrame_v2	zTaskFrameV2	FormalSystem.Metalogic.WeakCanonical.zTaskFrameV2	data	FormalSystem.Metalogic.WeakCanonical.IntegerModel.ReynoldsBridge	4	flagged
FormalSystem.Metalogic.WeakCanonical.zTaskModel_v2	zTaskModelV2	FormalSystem.Metalogic.WeakCanonical.zTaskModelV2	data	FormalSystem.Metalogic.WeakCanonical.IntegerModel.ReynoldsBridge	0	flagged
FormalSystem.ProofSystem.temp_linearity_derivation	temporalLinearityDerivation	FormalSystem.ProofSystem.temporalLinearityDerivation	data	FormalSystem.ProofSystem.LinearityDerivedFacts	0	flagged
FormalSystem.Semantics.TaskFrame.identity_frame	identityFrame	FormalSystem.Semantics.TaskFrame.identityFrame	data	FormalSystem.Semantics.TaskFrame	3	flagged
FormalSystem.Semantics.TaskFrame.nat_frame	natFrame	FormalSystem.Semantics.TaskFrame.natFrame	data	FormalSystem.Semantics.TaskFrame	9	flagged
FormalSystem.Semantics.TaskFrame.task_rel	TaskRel	FormalSystem.Semantics.TaskFrame.TaskRel	prop_valued_definition	FormalSystem.Semantics.TaskFrame	53	flagged
FormalSystem.Semantics.TaskFrame.trivial_frame	trivialFrame	FormalSystem.Semantics.TaskFrame.trivialFrame	data	FormalSystem.Semantics.TaskFrame	19	flagged
FormalSystem.Semantics.TaskModel.all_false	allFalse	FormalSystem.Semantics.TaskModel.allFalse	data	FormalSystem.Semantics.TaskModel	1	flagged
FormalSystem.Semantics.TaskModel.all_true	allTrue	FormalSystem.Semantics.TaskModel.allTrue	data	FormalSystem.Semantics.TaskModel	1	flagged
FormalSystem.Semantics.TaskModel.from_list	fromList	FormalSystem.Semantics.TaskModel.fromList	data	FormalSystem.Semantics.TaskModel	0	flagged
FormalSystem.Semantics.WorldHistory.state_at	stateAt	FormalSystem.Semantics.WorldHistory.stateAt	data	FormalSystem.Semantics.WorldHistory	0	flagged
FormalSystem.Semantics.WorldHistory.time_shift	timeShift	FormalSystem.Semantics.WorldHistory.timeShift	data	FormalSystem.Semantics.WorldHistory	68	flagged
FormalSystem.Semantics.WorldHistory.universal_natFrame	universalNatFrame	FormalSystem.Semantics.WorldHistory.universalNatFrame	data	FormalSystem.Semantics.WorldHistory	0	flagged
FormalSystem.Semantics.WorldHistory.universal_trivialFrame	universalTrivialFrame	FormalSystem.Semantics.WorldHistory.universalTrivialFrame	data	FormalSystem.Semantics.WorldHistory	0	flagged
FormalSystem.Semantics.formula_satisfiable	FormulaSatisfiable	FormalSystem.Semantics.FormulaSatisfiable	prop_valued_definition	FormalSystem.Semantics.Validity	0	flagged
FormalSystem.Semantics.satisfiable_abs	SatisfiableAbs	FormalSystem.Semantics.SatisfiableAbs	prop_valued_definition	FormalSystem.Semantics.Validity	0	flagged
FormalSystem.Semantics.semantic_consequence	SemanticConsequence	FormalSystem.Semantics.SemanticConsequence	prop_valued_definition	FormalSystem.Semantics.Validity	1	flagged
FormalSystem.Semantics.truth_at	TruthAt	FormalSystem.Semantics.TruthAt	prop_valued_definition	FormalSystem.Semantics.Truth	515	flagged
FormalSystem.Semantics.valid_dense	ValidDense	FormalSystem.Semantics.ValidDense	prop_valued_definition	FormalSystem.Semantics.Validity	9	flagged
FormalSystem.Semantics.valid_discrete	ValidDiscrete	FormalSystem.Semantics.ValidDiscrete	prop_valued_definition	FormalSystem.Semantics.Validity	12	flagged
FormalSystem.Syntax.Atom.fresh_base	freshBase	FormalSystem.Syntax.Atom.freshBase	data	FormalSystem.Syntax.Atom	0	flagged
FormalSystem.Syntax.Atom.fresh_for	freshFor	FormalSystem.Syntax.Atom.freshFor	data	FormalSystem.Syntax.Atom	1	flagged
FormalSystem.Syntax.Atom.fresh_index	freshIndex	FormalSystem.Syntax.Atom.freshIndex	data	FormalSystem.Syntax.Atom	6	flagged
FormalSystem.Syntax.Atom.mk_base	mkBase	FormalSystem.Syntax.Atom.mkBase	data	FormalSystem.Syntax.Atom	77	flagged
FormalSystem.Syntax.Atom.mk_fresh	mkFresh	FormalSystem.Syntax.Atom.mkFresh	data	FormalSystem.Syntax.Atom	7	flagged
FormalSystem.Syntax.F_top	fTop	FormalSystem.Syntax.fTop	data	FormalSystem.Syntax.SubformulaClosure.TemporalFormulas	16	flagged
FormalSystem.Syntax.F_top_deferral	fTopDeferral	FormalSystem.Syntax.fTopDeferral	data	FormalSystem.Syntax.SubformulaClosure.TemporalFormulas	10	flagged
FormalSystem.Syntax.Formula.all_future	allFuture	FormalSystem.Syntax.Formula.allFuture	data	FormalSystem.Syntax.Formula	1649	flagged
FormalSystem.Syntax.Formula.all_past	allPast	FormalSystem.Syntax.Formula.allPast	data	FormalSystem.Syntax.Formula	628	flagged
FormalSystem.Syntax.Formula.atom_s	atomS	FormalSystem.Syntax.Formula.atomS	data	FormalSystem.Syntax.Formula	1061	flagged
FormalSystem.Syntax.Formula.some_future	someFuture	FormalSystem.Syntax.Formula.someFuture	data	FormalSystem.Syntax.Formula	596	flagged
FormalSystem.Syntax.Formula.some_past	somePast	FormalSystem.Syntax.Formula.somePast	data	FormalSystem.Syntax.Formula	494	flagged
FormalSystem.Syntax.Formula.strong_release	strongRelease	FormalSystem.Syntax.Formula.strongRelease	data	FormalSystem.Syntax.Formula	31	flagged
FormalSystem.Syntax.Formula.strong_trigger	strongTrigger	FormalSystem.Syntax.Formula.strongTrigger	data	FormalSystem.Syntax.Formula	31	flagged
FormalSystem.Syntax.Formula.swap_temporal	swapTemporal	FormalSystem.Syntax.Formula.swapTemporal	data	FormalSystem.Syntax.Formula	399	flagged
FormalSystem.Syntax.Formula.weak_future	weakFuture	FormalSystem.Syntax.Formula.weakFuture	data	FormalSystem.Syntax.Formula	19	flagged
FormalSystem.Syntax.Formula.weak_past	weakPast	FormalSystem.Syntax.Formula.weakPast	data	FormalSystem.Syntax.Formula	19	flagged
FormalSystem.Syntax.Formula.weak_since	weakSince	FormalSystem.Syntax.Formula.weakSince	data	FormalSystem.Syntax.Formula	11	flagged
FormalSystem.Syntax.Formula.weak_until	weakUntil	FormalSystem.Syntax.Formula.weakUntil	data	FormalSystem.Syntax.Formula	15	flagged
FormalSystem.Syntax.G_neg_neg_bot	gNegNegBot	FormalSystem.Syntax.gNegNegBot	data	FormalSystem.Syntax.SubformulaClosure.TemporalFormulas	15	flagged
FormalSystem.Syntax.H_neg_neg_bot	hNegNegBot	FormalSystem.Syntax.hNegNegBot	data	FormalSystem.Syntax.SubformulaClosure.TemporalFormulas	15	flagged
FormalSystem.Syntax.P_top	pTop	FormalSystem.Syntax.pTop	data	FormalSystem.Syntax.SubformulaClosure.TemporalFormulas	14	flagged
FormalSystem.Syntax.P_top_deferral	pTopDeferral	FormalSystem.Syntax.pTopDeferral	data	FormalSystem.Syntax.SubformulaClosure.TemporalFormulas	10	flagged
FormalSystem.Syntax.f_nesting_depth	fNestingDepth	FormalSystem.Syntax.fNestingDepth	data	FormalSystem.Syntax.SubformulaClosure.NestingDepth	36	flagged
FormalSystem.Syntax.max_F_depth_in_closure	maxFDepthInClosure	FormalSystem.Syntax.maxFDepthInClosure	data	FormalSystem.Syntax.SubformulaClosure.NestingDepth	5	flagged
FormalSystem.Syntax.max_P_depth_in_closure	maxPDepthInClosure	FormalSystem.Syntax.maxPDepthInClosure	data	FormalSystem.Syntax.SubformulaClosure.NestingDepth	5	flagged
FormalSystem.Syntax.neg_G_neg_neg_bot	negGNegNegBot	FormalSystem.Syntax.negGNegNegBot	data	FormalSystem.Syntax.SubformulaClosure.TemporalFormulas	9	flagged
FormalSystem.Syntax.neg_H_neg_neg_bot	negHNegNegBot	FormalSystem.Syntax.negHNegNegBot	data	FormalSystem.Syntax.SubformulaClosure.TemporalFormulas	9	flagged
FormalSystem.Syntax.neg_bigconj	negBigconj	FormalSystem.Syntax.negBigconj	data	FormalSystem.Syntax.BigConj	1	flagged
FormalSystem.Syntax.neg_neg_bot	negNegBot	FormalSystem.Syntax.negNegBot	data	FormalSystem.Syntax.SubformulaClosure.TemporalFormulas	13	flagged
FormalSystem.Syntax.p_nesting_depth	pNestingDepth	FormalSystem.Syntax.pNestingDepth	data	FormalSystem.Syntax.SubformulaClosure.NestingDepth	36	flagged
FormalSystem.Theorems.Combinators.b_combinator	bCombinator	FormalSystem.Theorems.Combinators.bCombinator	data	FormalSystem.Theorems.Combinators	39	flagged
FormalSystem.Theorems.Combinators.combine_imp_conj	combineImpConj	FormalSystem.Theorems.Combinators.combineImpConj	data	FormalSystem.Theorems.Combinators	22	flagged
FormalSystem.Theorems.Combinators.combine_imp_conj_3	combineImpConj3	FormalSystem.Theorems.Combinators.combineImpConj3	data	FormalSystem.Theorems.Combinators	2	flagged
FormalSystem.Theorems.Combinators.dni	notNotIntro	FormalSystem.Theorems.Combinators.notNotIntro	data		29	partC-only
FormalSystem.Theorems.Combinators.imp_trans	impTrans	FormalSystem.Theorems.Combinators.impTrans	data	FormalSystem.Theorems.Combinators	187	flagged
FormalSystem.Theorems.Combinators.temp_future_derived	temporalFutureDerived	FormalSystem.Theorems.Combinators.temporalFutureDerived	data	FormalSystem.Theorems.Combinators	31	flagged
FormalSystem.Theorems.Combinators.theorem_app1	theoremApp1	FormalSystem.Theorems.Combinators.theoremApp1	data	FormalSystem.Theorems.Combinators	12	flagged
FormalSystem.Theorems.Combinators.theorem_app2	theoremApp2	FormalSystem.Theorems.Combinators.theoremApp2	data	FormalSystem.Theorems.Combinators	4	flagged
FormalSystem.Theorems.Combinators.theorem_flip	theoremFlip	FormalSystem.Theorems.Combinators.theoremFlip	data	FormalSystem.Theorems.Combinators	23	flagged
FormalSystem.Theorems.ModalS4.s4_box_diamond_box	s4BoxDiamondBox	FormalSystem.Theorems.ModalS4.s4BoxDiamondBox	data	FormalSystem.Theorems.ModalS4	2	flagged
FormalSystem.Theorems.ModalS4.s4_diamond_box_conj	s4DiamondBoxConj	FormalSystem.Theorems.ModalS4.s4DiamondBoxConj	data	FormalSystem.Theorems.ModalS4	2	flagged
FormalSystem.Theorems.ModalS4.s4_diamond_box_diamond	s4DiamondBoxDiamond	FormalSystem.Theorems.ModalS4.s4DiamondBoxDiamond	data	FormalSystem.Theorems.ModalS4	2	flagged
FormalSystem.Theorems.ModalS4.s5_diamond_conj_diamond	s5DiamondConjDiamond	FormalSystem.Theorems.ModalS4.s5DiamondConjDiamond	data	FormalSystem.Theorems.ModalS4	2	flagged
FormalSystem.Theorems.ModalS5.box_conj_iff	boxConjIff	FormalSystem.Theorems.ModalS5.boxConjIff	data	FormalSystem.Theorems.ModalS5	2	flagged
FormalSystem.Theorems.ModalS5.box_contrapose	boxContrapose	FormalSystem.Theorems.ModalS5.boxContrapose	data	FormalSystem.Theorems.ModalS5	5	flagged
FormalSystem.Theorems.ModalS5.box_disj_intro	boxDisjIntro	FormalSystem.Theorems.ModalS5.boxDisjIntro	data	FormalSystem.Theorems.ModalS5	0	flagged
FormalSystem.Theorems.ModalS5.box_iff_intro	boxIffIntro	FormalSystem.Theorems.ModalS5.boxIffIntro	data	FormalSystem.Theorems.ModalS5	2	flagged
FormalSystem.Theorems.ModalS5.classical_merge	classicalMerge	FormalSystem.Theorems.ModalS5.classicalMerge	data	FormalSystem.Theorems.ModalS5	0	flagged
FormalSystem.Theorems.ModalS5.diamond_disj_iff	diamondDisjIff	FormalSystem.Theorems.ModalS5.diamondDisjIff	data	FormalSystem.Theorems.ModalS5	0	flagged
FormalSystem.Theorems.ModalS5.k_dist_diamond	kDistDiamond	FormalSystem.Theorems.ModalS5.kDistDiamond	data	FormalSystem.Theorems.ModalS5	2	flagged
FormalSystem.Theorems.ModalS5.s5_diamond_box	s5DiamondBox	FormalSystem.Theorems.ModalS5.s5DiamondBox	data	FormalSystem.Theorems.ModalS5	0	flagged
FormalSystem.Theorems.ModalS5.s5_diamond_box_to_truth	s5DiamondBoxToTruth	FormalSystem.Theorems.ModalS5.s5DiamondBoxToTruth	data	FormalSystem.Theorems.ModalS5	0	flagged
FormalSystem.Theorems.ModalS5.t_box_consistency	tBoxConsistency	FormalSystem.Theorems.ModalS5.tBoxConsistency	data	FormalSystem.Theorems.ModalS5	4	flagged
FormalSystem.Theorems.ModalS5.t_box_to_diamond	tBoxToDiamond	FormalSystem.Theorems.ModalS5.tBoxToDiamond	data	FormalSystem.Theorems.ModalS5	7	flagged
FormalSystem.Theorems.Perpetuity.always_dne	alwaysDne	FormalSystem.Theorems.Perpetuity.alwaysDne	data	FormalSystem.Theorems.Perpetuity.MonotonicityDuality	1	flagged
FormalSystem.Theorems.Perpetuity.always_dni	alwaysDni	FormalSystem.Theorems.Perpetuity.alwaysDni	data	FormalSystem.Theorems.Perpetuity.MonotonicityDuality	1	flagged
FormalSystem.Theorems.Perpetuity.always_mono	alwaysMono	FormalSystem.Theorems.Perpetuity.alwaysMono	data	FormalSystem.Theorems.Perpetuity.MonotonicityDuality	1	flagged
FormalSystem.Theorems.Perpetuity.always_to_future	alwaysToFuture	FormalSystem.Theorems.Perpetuity.alwaysToFuture	data	FormalSystem.Theorems.Perpetuity.MonotonicityDuality	3	flagged
FormalSystem.Theorems.Perpetuity.always_to_past	alwaysToPast	FormalSystem.Theorems.Perpetuity.alwaysToPast	data	FormalSystem.Theorems.Perpetuity.MonotonicityDuality	3	flagged
FormalSystem.Theorems.Perpetuity.always_to_present	alwaysToPresent	FormalSystem.Theorems.Perpetuity.alwaysToPresent	data	FormalSystem.Theorems.Perpetuity.MonotonicityDuality	3	flagged
FormalSystem.Theorems.Perpetuity.apply_axiom_in_context	applyAxiomInContext	FormalSystem.Theorems.Perpetuity.applyAxiomInContext	data	FormalSystem.Theorems.Perpetuity.Helpers	0	flagged
FormalSystem.Theorems.Perpetuity.apply_axiom_to	applyAxiomTo	FormalSystem.Theorems.Perpetuity.applyAxiomTo	data	FormalSystem.Theorems.Perpetuity.Helpers	0	flagged
FormalSystem.Theorems.Perpetuity.axiom_in_context	axiomInContext	FormalSystem.Theorems.Perpetuity.axiomInContext	data	FormalSystem.Theorems.Perpetuity.Helpers	1	flagged
FormalSystem.Theorems.Perpetuity.box_conj_intro	boxConjIntro	FormalSystem.Theorems.Perpetuity.boxConjIntro	data	FormalSystem.Theorems.Perpetuity.Principles	2	flagged
FormalSystem.Theorems.Perpetuity.box_conj_intro_imp	boxConjIntroImp	FormalSystem.Theorems.Perpetuity.boxConjIntroImp	data	FormalSystem.Theorems.Perpetuity.Principles	3	flagged
FormalSystem.Theorems.Perpetuity.box_conj_intro_imp_3	boxConjIntroImp3	FormalSystem.Theorems.Perpetuity.boxConjIntroImp3	data	FormalSystem.Theorems.Perpetuity.Principles	2	flagged
FormalSystem.Theorems.Perpetuity.box_diamond_to_future_box_diamond	boxDiamondToFutureBoxDiamond	FormalSystem.Theorems.Perpetuity.boxDiamondToFutureBoxDiamond	data	FormalSystem.Theorems.Perpetuity.Principles	1	flagged
FormalSystem.Theorems.Perpetuity.box_diamond_to_past_box_diamond	boxDiamondToPastBoxDiamond	FormalSystem.Theorems.Perpetuity.boxDiamondToPastBoxDiamond	data	FormalSystem.Theorems.Perpetuity.Principles	0	flagged
FormalSystem.Theorems.Perpetuity.box_dne	boxDne	FormalSystem.Theorems.Perpetuity.boxDne	data	FormalSystem.Theorems.Perpetuity.Principles	0	flagged
FormalSystem.Theorems.Perpetuity.box_mono	boxMono	FormalSystem.Theorems.Perpetuity.boxMono	data	FormalSystem.Theorems.Perpetuity.MonotonicityDuality	11	flagged
FormalSystem.Theorems.Perpetuity.box_to_box_past	boxToBoxPast	FormalSystem.Theorems.Perpetuity.boxToBoxPast	data	FormalSystem.Theorems.Perpetuity.Principles	1	flagged
FormalSystem.Theorems.Perpetuity.box_to_future	boxToFuture	FormalSystem.Theorems.Perpetuity.boxToFuture	data	FormalSystem.Theorems.Perpetuity.Helpers	3	flagged
FormalSystem.Theorems.Perpetuity.box_to_past	boxToPast	FormalSystem.Theorems.Perpetuity.boxToPast	data	FormalSystem.Theorems.Perpetuity.Helpers	10	flagged
FormalSystem.Theorems.Perpetuity.box_to_present	boxToPresent	FormalSystem.Theorems.Perpetuity.boxToPresent	data	FormalSystem.Theorems.Perpetuity.Helpers	4	flagged
FormalSystem.Theorems.Perpetuity.diamond_4	diamond4	FormalSystem.Theorems.Perpetuity.diamond4	data	FormalSystem.Theorems.Perpetuity.Principles	2	flagged
FormalSystem.Theorems.Perpetuity.diamond_mono	diamondMono	FormalSystem.Theorems.Perpetuity.diamondMono	data	FormalSystem.Theorems.Perpetuity.MonotonicityDuality	3	flagged
FormalSystem.Theorems.Perpetuity.double_contrapose	doubleContrapose	FormalSystem.Theorems.Perpetuity.doubleContrapose	data	FormalSystem.Theorems.Perpetuity.MonotonicityDuality	1	flagged
FormalSystem.Theorems.Perpetuity.future_k_dist	futureKDist	FormalSystem.Theorems.Perpetuity.futureKDist	data	FormalSystem.Theorems.Perpetuity.Principles	6	flagged
FormalSystem.Theorems.Perpetuity.future_mono	futureMono	FormalSystem.Theorems.Perpetuity.futureMono	data	FormalSystem.Theorems.Perpetuity.MonotonicityDuality	1	flagged
FormalSystem.Theorems.Perpetuity.mb_diamond	mbDiamond	FormalSystem.Theorems.Perpetuity.mbDiamond	data	FormalSystem.Theorems.Perpetuity.Principles	0	flagged
FormalSystem.Theorems.Perpetuity.modal_5	modal5	FormalSystem.Theorems.Perpetuity.modal5	data	FormalSystem.Theorems.Perpetuity.Principles	3	flagged
FormalSystem.Theorems.Perpetuity.modal_duality_neg	modalDualityNeg	FormalSystem.Theorems.Perpetuity.modalDualityNeg	data	FormalSystem.Theorems.Perpetuity.MonotonicityDuality	3	flagged
FormalSystem.Theorems.Perpetuity.modal_duality_neg_rev	modalDualityNegRev	FormalSystem.Theorems.Perpetuity.modalDualityNegRev	data	FormalSystem.Theorems.Perpetuity.MonotonicityDuality	3	flagged
FormalSystem.Theorems.Perpetuity.past_k_dist	pastKDist	FormalSystem.Theorems.Perpetuity.pastKDist	data	FormalSystem.Theorems.Perpetuity.Principles	4	flagged
FormalSystem.Theorems.Perpetuity.past_mono	pastMono	FormalSystem.Theorems.Perpetuity.pastMono	data	FormalSystem.Theorems.Perpetuity.MonotonicityDuality	4	flagged
FormalSystem.Theorems.Perpetuity.past_present_future_to_always	pastPresentFutureToAlways	FormalSystem.Theorems.Perpetuity.pastPresentFutureToAlways	data	FormalSystem.Theorems.Perpetuity.MonotonicityDuality	0	flagged
FormalSystem.Theorems.Perpetuity.perpetuity_3	perpetuity3	FormalSystem.Theorems.Perpetuity.perpetuity3	data	FormalSystem.Theorems.Perpetuity.Principles	14	flagged
FormalSystem.Theorems.Perpetuity.perpetuity_4	perpetuity4	FormalSystem.Theorems.Perpetuity.perpetuity4	data	FormalSystem.Theorems.Perpetuity.Principles	12	flagged
FormalSystem.Theorems.Perpetuity.perpetuity_5	perpetuity5	FormalSystem.Theorems.Perpetuity.perpetuity5	data	FormalSystem.Theorems.Perpetuity.Principles	9	flagged
FormalSystem.Theorems.Perpetuity.perpetuity_6	perpetuity6	FormalSystem.Theorems.Perpetuity.perpetuity6	data	FormalSystem.Theorems.Perpetuity.MonotonicityDuality	8	flagged
FormalSystem.Theorems.Perpetuity.temporal_duality_neg	temporalDualityNeg	FormalSystem.Theorems.Perpetuity.temporalDualityNeg	data	FormalSystem.Theorems.Perpetuity.MonotonicityDuality	2	flagged
FormalSystem.Theorems.Perpetuity.temporal_duality_neg_rev	temporalDualityNegRev	FormalSystem.Theorems.Perpetuity.temporalDualityNegRev	data	FormalSystem.Theorems.Perpetuity.MonotonicityDuality	3	flagged
FormalSystem.Theorems.Propositional.bi_imp	biImp	FormalSystem.Theorems.Propositional.biImp	data	FormalSystem.Theorems.Propositional.Reasoning	0	flagged
FormalSystem.Theorems.Propositional.classical_merge	classicalMerge	FormalSystem.Theorems.Propositional.classicalMerge	data	FormalSystem.Theorems.Propositional.Connectives	6	flagged
FormalSystem.Theorems.Propositional.contrapose_iff	contraposeIff	FormalSystem.Theorems.Propositional.contraposeIff	data	FormalSystem.Theorems.Propositional.Connectives	0	flagged
FormalSystem.Theorems.Propositional.contrapose_imp	contraposeImp	FormalSystem.Theorems.Propositional.contraposeImp	data	FormalSystem.Theorems.Propositional.Connectives	13	flagged
FormalSystem.Theorems.Propositional.demorgan_conj_neg	demorganConjNeg	FormalSystem.Theorems.Propositional.demorganConjNeg	data	FormalSystem.Theorems.Propositional.Connectives	0	flagged
FormalSystem.Theorems.Propositional.demorgan_conj_neg_backward	demorganConjNegBackward	FormalSystem.Theorems.Propositional.demorganConjNegBackward	data	FormalSystem.Theorems.Propositional.Connectives	2	flagged
FormalSystem.Theorems.Propositional.demorgan_conj_neg_forward	demorganConjNegForward	FormalSystem.Theorems.Propositional.demorganConjNegForward	data	FormalSystem.Theorems.Propositional.Connectives	2	flagged
FormalSystem.Theorems.Propositional.demorgan_disj_neg	demorganDisjNeg	FormalSystem.Theorems.Propositional.demorganDisjNeg	data	FormalSystem.Theorems.Propositional.Connectives	2	flagged
FormalSystem.Theorems.Propositional.demorgan_disj_neg_backward	demorganDisjNegBackward	FormalSystem.Theorems.Propositional.demorganDisjNegBackward	data	FormalSystem.Theorems.Propositional.Connectives	9	flagged
FormalSystem.Theorems.Propositional.demorgan_disj_neg_forward	demorganDisjNegForward	FormalSystem.Theorems.Propositional.demorganDisjNegForward	data	FormalSystem.Theorems.Propositional.Connectives	5	flagged
FormalSystem.Theorems.Propositional.double_negation	doubleNegation	FormalSystem.Theorems.Propositional.doubleNegation	data	FormalSystem.Theorems.Propositional.Core	53	flagged
FormalSystem.Theorems.Propositional.ecq	botOfAndNeg	FormalSystem.Theorems.Propositional.botOfAndNeg	data		3	partC-only
FormalSystem.Theorems.Propositional.efq	negImp	FormalSystem.Theorems.Propositional.negImp	data		4	partC-only
FormalSystem.Theorems.Propositional.efq_axiom	efqAxiom	FormalSystem.Theorems.Propositional.efqAxiom	data	FormalSystem.Theorems.Propositional.Core	5	flagged
FormalSystem.Theorems.Propositional.efq_neg	impOfNeg	FormalSystem.Theorems.Propositional.impOfNeg	data	FormalSystem.Theorems.Propositional.Core	7	flagged
FormalSystem.Theorems.Propositional.iff_elim_left	iffElimLeft	FormalSystem.Theorems.Propositional.iffElimLeft	data	FormalSystem.Theorems.Propositional.Connectives	0	flagged
FormalSystem.Theorems.Propositional.iff_elim_right	iffElimRight	FormalSystem.Theorems.Propositional.iffElimRight	data	FormalSystem.Theorems.Propositional.Connectives	0	flagged
FormalSystem.Theorems.Propositional.iff_intro	iffIntro	FormalSystem.Theorems.Propositional.iffIntro	data	FormalSystem.Theorems.Propositional.Connectives	8	flagged
FormalSystem.Theorems.Propositional.iff_neg_intro	iffNegIntro	FormalSystem.Theorems.Propositional.iffNegIntro	data	FormalSystem.Theorems.Propositional.Connectives	0	flagged
FormalSystem.Theorems.Propositional.lce	andLeft	FormalSystem.Theorems.Propositional.andLeft	data		9	partC-only
FormalSystem.Theorems.Propositional.lce_imp	lceImp	FormalSystem.Theorems.Propositional.lceImp	data	FormalSystem.Theorems.Propositional.Core	106	flagged
FormalSystem.Theorems.Propositional.ldi	orInl	FormalSystem.Theorems.Propositional.orInl	data		5	partC-only
FormalSystem.Theorems.Propositional.lem	em	FormalSystem.Theorems.Propositional.em	data		5	partC-only
FormalSystem.Theorems.Propositional.or_elim_neg_neg	orElimNegNeg	FormalSystem.Theorems.Propositional.orElimNegNeg	data	FormalSystem.Theorems.Propositional.Reasoning	0	flagged
FormalSystem.Theorems.Propositional.peirce_axiom	peirceAxiom	FormalSystem.Theorems.Propositional.peirceAxiom	data	FormalSystem.Theorems.Propositional.Core	1	flagged
FormalSystem.Theorems.Propositional.raa	impNegImp	FormalSystem.Theorems.Propositional.impNegImp	data		8	partC-only
FormalSystem.Theorems.Propositional.rce	andRight	FormalSystem.Theorems.Propositional.andRight	data		10	partC-only
FormalSystem.Theorems.Propositional.rce_imp	rceImp	FormalSystem.Theorems.Propositional.rceImp	data	FormalSystem.Theorems.Propositional.Core	88	flagged
FormalSystem.Theorems.Propositional.rcp	impOfNegImpNeg	FormalSystem.Theorems.Propositional.impOfNegImpNeg	data		4	partC-only
FormalSystem.Theorems.Propositional.rdi	orInr	FormalSystem.Theorems.Propositional.orInr	data		4	partC-only
FormalSystem.Theorems.TemporalDerived.F_mono	fMono	FormalSystem.Theorems.TemporalDerived.fMono	data	FormalSystem.Theorems.TemporalDerived	0	flagged
FormalSystem.Theorems.TemporalDerived.F_neg_G	fNegG	FormalSystem.Theorems.TemporalDerived.fNegG	data	FormalSystem.Theorems.TemporalDerived	0	flagged
FormalSystem.Theorems.TemporalDerived.G_and_intro	gAndIntro	FormalSystem.Theorems.TemporalDerived.gAndIntro	data	FormalSystem.Theorems.TemporalDerived	0	flagged
FormalSystem.Theorems.TemporalDerived.G_contrapose	gContrapose	FormalSystem.Theorems.TemporalDerived.gContrapose	data	FormalSystem.Theorems.TemporalDerived	0	flagged
FormalSystem.Theorems.TemporalDerived.G_distribution	gDistribution	FormalSystem.Theorems.TemporalDerived.gDistribution	data	FormalSystem.Theorems.TemporalDerived	8	flagged
FormalSystem.Theorems.TemporalDerived.G_imp_trans	gImpTrans	FormalSystem.Theorems.TemporalDerived.gImpTrans	data	FormalSystem.Theorems.TemporalDerived	0	flagged
FormalSystem.Theorems.TemporalDerived.G_implies_G_id	gImpliesGId	FormalSystem.Theorems.TemporalDerived.gImpliesGId	data	FormalSystem.Theorems.TemporalDerived	0	flagged
FormalSystem.Theorems.TemporalDerived.G_mono	gMono	FormalSystem.Theorems.TemporalDerived.gMono	data	FormalSystem.Theorems.TemporalDerived	0	flagged
FormalSystem.Theorems.TemporalDerived.G_transitivity	gTransitivity	FormalSystem.Theorems.TemporalDerived.gTransitivity	data	FormalSystem.Theorems.TemporalDerived	0	flagged
FormalSystem.Theorems.TemporalDerived.H_and_intro	hAndIntro	FormalSystem.Theorems.TemporalDerived.hAndIntro	data	FormalSystem.Theorems.TemporalDerived	0	flagged
FormalSystem.Theorems.TemporalDerived.H_contrapose	hContrapose	FormalSystem.Theorems.TemporalDerived.hContrapose	data	FormalSystem.Theorems.TemporalDerived	0	flagged
FormalSystem.Theorems.TemporalDerived.H_distribution	hDistribution	FormalSystem.Theorems.TemporalDerived.hDistribution	data	FormalSystem.Theorems.TemporalDerived	8	flagged
FormalSystem.Theorems.TemporalDerived.H_imp_trans	hImpTrans	FormalSystem.Theorems.TemporalDerived.hImpTrans	data	FormalSystem.Theorems.TemporalDerived	0	flagged
FormalSystem.Theorems.TemporalDerived.H_mono	hMono	FormalSystem.Theorems.TemporalDerived.hMono	data	FormalSystem.Theorems.TemporalDerived	0	flagged
FormalSystem.Theorems.TemporalDerived.H_transitivity	hTransitivity	FormalSystem.Theorems.TemporalDerived.hTransitivity	data	FormalSystem.Theorems.TemporalDerived	0	flagged
FormalSystem.Theorems.TemporalDerived.P_mono	pMono	FormalSystem.Theorems.TemporalDerived.pMono	data	FormalSystem.Theorems.TemporalDerived	0	flagged
FormalSystem.Theorems.TemporalDerived.P_neg_H	pNegH	FormalSystem.Theorems.TemporalDerived.pNegH	data	FormalSystem.Theorems.TemporalDerived	0	flagged
FormalSystem.Theorems.TemporalDerived.always_imp_all_future	alwaysImpAllFuture	FormalSystem.Theorems.TemporalDerived.alwaysImpAllFuture	data	FormalSystem.Theorems.TemporalDerived	0	flagged
FormalSystem.Theorems.TemporalDerived.always_imp_all_past	alwaysImpAllPast	FormalSystem.Theorems.TemporalDerived.alwaysImpAllPast	data	FormalSystem.Theorems.TemporalDerived	0	flagged
FormalSystem.Theorems.TemporalDerived.always_to_present	alwaysToPresent	FormalSystem.Theorems.TemporalDerived.alwaysToPresent	data	FormalSystem.Theorems.TemporalDerived	1	flagged
FormalSystem.Theorems.TemporalDerived.connect_future_G	connectFutureG	FormalSystem.Theorems.TemporalDerived.connectFutureG	data	FormalSystem.Theorems.TemporalDerived	0	flagged
FormalSystem.Theorems.TemporalDerived.connect_future_chain	connectFutureChain	FormalSystem.Theorems.TemporalDerived.connectFutureChain	data	FormalSystem.Theorems.TemporalDerived	0	flagged
FormalSystem.Theorems.TemporalDerived.connect_future_thm	connectFutureThm	FormalSystem.Theorems.TemporalDerived.connectFutureThm	data	FormalSystem.Theorems.TemporalDerived	3	flagged
FormalSystem.Theorems.TemporalDerived.connect_past_H	connectPastH	FormalSystem.Theorems.TemporalDerived.connectPastH	data	FormalSystem.Theorems.TemporalDerived	0	flagged
FormalSystem.Theorems.TemporalDerived.connect_past_chain	connectPastChain	FormalSystem.Theorems.TemporalDerived.connectPastChain	data	FormalSystem.Theorems.TemporalDerived	0	flagged
FormalSystem.Theorems.TemporalDerived.connect_past_thm	connectPastThm	FormalSystem.Theorems.TemporalDerived.connectPastThm	data	FormalSystem.Theorems.TemporalDerived	3	flagged
FormalSystem.Theorems.TemporalDerived.formula_or_comm	formulaOrComm	FormalSystem.Theorems.TemporalDerived.formulaOrComm	data	FormalSystem.Theorems.TemporalDerived	0	flagged
FormalSystem.Theorems.TemporalDerived.present_to_sometimes	presentToSometimes	FormalSystem.Theorems.TemporalDerived.presentToSometimes	data	FormalSystem.Theorems.TemporalDerived	0	flagged
FormalSystem.Theorems.TemporalDerived.since_imp_P	sinceImpP	FormalSystem.Theorems.TemporalDerived.sinceImpP	data	FormalSystem.Theorems.TemporalDerived	1	flagged
FormalSystem.Theorems.TemporalDerived.since_implies_some_past	sinceImpliesSomePast	FormalSystem.Theorems.TemporalDerived.sinceImpliesSomePast	data	FormalSystem.Theorems.TemporalDerived	0	flagged
FormalSystem.Theorems.TemporalDerived.since_mono_event	sinceMonoEvent	FormalSystem.Theorems.TemporalDerived.sinceMonoEvent	data	FormalSystem.Theorems.TemporalDerived	0	flagged
FormalSystem.Theorems.TemporalDerived.since_mono_guard	sinceMonoGuard	FormalSystem.Theorems.TemporalDerived.sinceMonoGuard	data	FormalSystem.Theorems.TemporalDerived	0	flagged
FormalSystem.Theorems.TemporalDerived.temp_4_derived	temporal4Derived	FormalSystem.Theorems.TemporalDerived.temporal4Derived	data	FormalSystem.Theorems.TemporalDerived	41	flagged
FormalSystem.Theorems.TemporalDerived.temp_k_dist_derived	temporalKDistDerived	FormalSystem.Theorems.TemporalDerived.temporalKDistDerived	data	FormalSystem.Theorems.TemporalDerived	24	flagged
FormalSystem.Theorems.TemporalDerived.until_imp_F	untilImpF	FormalSystem.Theorems.TemporalDerived.untilImpF	data	FormalSystem.Theorems.TemporalDerived	1	flagged
FormalSystem.Theorems.TemporalDerived.until_implies_some_future	untilImpliesSomeFuture	FormalSystem.Theorems.TemporalDerived.untilImpliesSomeFuture	data	FormalSystem.Theorems.TemporalDerived	0	flagged
FormalSystem.Theorems.TemporalDerived.until_mono_event	untilMonoEvent	FormalSystem.Theorems.TemporalDerived.untilMonoEvent	data	FormalSystem.Theorems.TemporalDerived	0	flagged
FormalSystem.Theorems.TemporalDerived.until_mono_guard	untilMonoGuard	FormalSystem.Theorems.TemporalDerived.untilMonoGuard	data	FormalSystem.Theorems.TemporalDerived	0	flagged
FormalSystem.Theorems.TemporalDerived.weak_future_left	weakFutureLeft	FormalSystem.Theorems.TemporalDerived.weakFutureLeft	data	FormalSystem.Theorems.TemporalDerived	0	flagged
FormalSystem.Theorems.TemporalDerived.weak_future_right	weakFutureRight	FormalSystem.Theorems.TemporalDerived.weakFutureRight	data	FormalSystem.Theorems.TemporalDerived	0	flagged
FormalSystem.Theorems.TemporalDerived.weak_past_left	weakPastLeft	FormalSystem.Theorems.TemporalDerived.weakPastLeft	data	FormalSystem.Theorems.TemporalDerived	0	flagged
FormalSystem.Theorems.TemporalDerived.weak_past_right	weakPastRight	FormalSystem.Theorems.TemporalDerived.weakPastRight	data	FormalSystem.Theorems.TemporalDerived	0	flagged
FormalSystem.Theorems.generalized_modal_k	generalizedModalK	FormalSystem.Theorems.generalizedModalK	data	FormalSystem.Theorems.GeneralizedNecessitation	13	flagged
FormalSystem.Theorems.generalized_past_k	generalizedPastK	FormalSystem.Theorems.generalizedPastK	data	FormalSystem.Theorems.GeneralizedNecessitation	7	flagged
FormalSystem.Theorems.generalized_temporal_k	generalizedTemporalK	FormalSystem.Theorems.generalizedTemporalK	data	FormalSystem.Theorems.GeneralizedNecessitation	16	flagged
FormalSystem.Theorems.past_k_dist	pastKDist	FormalSystem.Theorems.pastKDist	data	FormalSystem.Theorems.GeneralizedNecessitation	19	flagged
FormalSystem.Theorems.past_necessitation	pastNecessitation	FormalSystem.Theorems.pastNecessitation	data	FormalSystem.Theorems.GeneralizedNecessitation	43	flagged
FormalSystem.Theorems.reverse_deduction	reverseDeduction	FormalSystem.Theorems.reverseDeduction	data	FormalSystem.Theorems.GeneralizedNecessitation	3	flagged
