2026-08-24T17:48:19-07:00
ℹ [680/738] Replayed FormalSystem.Syntax.Formula
info: FormalSystem/Syntax/Formula.lean:287:0: 2
info: FormalSystem/Syntax/Formula.lean:290:0: 2
info: FormalSystem/Syntax/Formula.lean:293:0: 2
info: FormalSystem/Syntax/Formula.lean:296:0: 2
info: FormalSystem/Syntax/Formula.lean:299:0: 3
info: FormalSystem/Syntax/Formula.lean:302:0: 3
info: FormalSystem/Syntax/Formula.lean:303:0: 3
info: FormalSystem/Syntax/Formula.lean:585:0: 3
info: FormalSystem/Syntax/Formula.lean:588:0: 3
info: FormalSystem/Syntax/Formula.lean:591:0: 3
info: FormalSystem/Syntax/Formula.lean:594:0: 3
info: FormalSystem/Syntax/Formula.lean:597:0: 4
info: FormalSystem/Syntax/Formula.lean:600:0: 4
info: FormalSystem/Syntax/Formula.lean:637:0: 2
info: FormalSystem/Syntax/Formula.lean:640:0: 2
info: FormalSystem/Syntax/Formula.lean:643:0: 2
info: FormalSystem/Syntax/Formula.lean:646:0: 2
info: FormalSystem/Syntax/Formula.lean:649:0: 2
info: FormalSystem/Syntax/Formula.lean:652:0: 2
info: FormalSystem/Syntax/Formula.lean:655:0: 2
⚠ [688/738] Replayed FormalSystem.Metalogic.Decidability.Tableau
warning: FormalSystem/Metalogic/Decidability/Tableau.lean:466:30: This simp argument is unused:
  if_false

Hint: Omit it from the simp argument list.
  [apply] simp only [hc, if_true, reduceIte] at hsg

Note: This linter can be disabled with `set_option linter.unusedSimpArgs false`
warning: FormalSystem/Metalogic/Decidability/Tableau.lean:466:40: This simp argument is unused:
  reduceIte

Hint: Omit it from the simp argument list.
  [apply] simp only [hc, if_true, if_false] at hsg

Note: This linter can be disabled with `set_option linter.unusedSimpArgs false`
warning: FormalSystem/Metalogic/Decidability/Tableau.lean:473:30: This simp argument is unused:
  if_false

Hint: Omit it from the simp argument list.
  [apply] simp only [hc, if_true, reduceIte] at hsg

Note: This linter can be disabled with `set_option linter.unusedSimpArgs false`
warning: FormalSystem/Metalogic/Decidability/Tableau.lean:473:40: This simp argument is unused:
  reduceIte

Hint: Omit it from the simp argument list.
  [apply] simp only [hc, if_true, if_false] at hsg

Note: This linter can be disabled with `set_option linter.unusedSimpArgs false`
warning: FormalSystem/Metalogic/Decidability/Tableau.lean:2993:52: This simp argument is unused:
  Bool.not_eq_true

Hint: Omit it from the simp argument list.
  [apply] simp only [isExpanded, Option.isNone_iff_eq_none, decide_eq_true_eq, Bool.not_eq_eq_eq_not, Bool.not_false,
    Bool.decide_eq_false, Bool.not_eq_false] at hfind

Note: This linter can be disabled with `set_option linter.unusedSimpArgs false`
warning: FormalSystem/Metalogic/Decidability/Tableau.lean:2994:4: This simp argument is unused:
  Bool.not_eq_eq_eq_not

Hint: Omit it from the simp argument list.
  [apply] simp only [isExpanded, Option.isNone_iff_eq_none, Bool.not_eq_true, decide_eq_true_eq, Bool.not_false,
    Bool.decide_eq_false, Bool.not_eq_false] at hfind

Note: This linter can be disabled with `set_option linter.unusedSimpArgs false`
warning: FormalSystem/Metalogic/Decidability/Tableau.lean:2994:27: This simp argument is unused:
  Bool.not_false

Hint: Omit it from the simp argument list.
  [apply] simp only [isExpanded, Option.isNone_iff_eq_none, Bool.not_eq_true, decide_eq_true_eq, Bool.not_eq_eq_eq_not,
    Bool.decide_eq_false, Bool.not_eq_false] at hfind

Note: This linter can be disabled with `set_option linter.unusedSimpArgs false`
warning: FormalSystem/Metalogic/Decidability/Tableau.lean:2994:43: This simp argument is unused:
  Bool.decide_eq_false

Hint: Omit it from the simp argument list.
  [apply] simp only [isExpanded, Option.isNone_iff_eq_none, Bool.not_eq_true, decide_eq_true_eq, Bool.not_eq_eq_eq_not,
    Bool.not_false, Bool.not_eq_false] at hfind

Note: This linter can be disabled with `set_option linter.unusedSimpArgs false`
warning: FormalSystem/Metalogic/Decidability/Tableau.lean:2994:65: This simp argument is unused:
  Bool.not_eq_false

Hint: Omit it from the simp argument list.
  [apply] simp only [isExpanded, Option.isNone_iff_eq_none, Bool.not_eq_true, decide_eq_true_eq, Bool.not_eq_eq_eq_not,
    Bool.not_false, Bool.decide_eq_false] at hfind

Note: This linter can be disabled with `set_option linter.unusedSimpArgs false`
⚠ [787/1177] Replayed FormalSystem.Semantics.TaskFrame
warning: FormalSystem/Semantics/TaskFrame.lean:214:0: automatically included section variable(s) unused in theorem `FormalSystem.Semantics.TaskFrame.mem_Fib`:
  [Nontrivial D]
consider restructuring your `variable` declarations so that the variables are not in scope or explicitly omit them:
  omit [Nontrivial D] in theorem ...

Note: This linter can be disabled with `set_option linter.unusedSectionVars false`
warning: FormalSystem/Semantics/TaskFrame.lean:236:0: automatically included section variable(s) unused in theorem `FormalSystem.Semantics.TaskFrame.mem_cone`:
  [Nontrivial D]
consider restructuring your `variable` declarations so that the variables are not in scope or explicitly omit them:
  omit [Nontrivial D] in theorem ...

Note: This linter can be disabled with `set_option linter.unusedSectionVars false`
warning: FormalSystem/Semantics/TaskFrame.lean:242:0: automatically included section variable(s) unused in theorem `FormalSystem.Semantics.TaskFrame.cone_mono`:
  [Nontrivial D]
consider restructuring your `variable` declarations so that the variables are not in scope or explicitly omit them:
  omit [Nontrivial D] in theorem ...

Note: This linter can be disabled with `set_option linter.unusedSectionVars false`
warning: FormalSystem/Semantics/TaskFrame.lean:262:0: automatically included section variable(s) unused in theorem `FormalSystem.Semantics.TaskFrame.mem_Seg`:
  [Nontrivial D]
consider restructuring your `variable` declarations so that the variables are not in scope or explicitly omit them:
  omit [Nontrivial D] in theorem ...

Note: This linter can be disabled with `set_option linter.unusedSectionVars false`
warning: FormalSystem/Semantics/TaskFrame.lean:412:0: automatically included section variable(s) unused in theorem `FormalSystem.Semantics.TaskFrame.comp_of`:
  [IsOrderedAddMonoid D]
  [Nontrivial D]
consider restructuring your `variable` declarations so that the variables are not in scope or explicitly omit them:
  omit [IsOrderedAddMonoid D] [Nontrivial D] in theorem ...

Note: This linter can be disabled with `set_option linter.unusedSectionVars false`
warning: FormalSystem/Semantics/TaskFrame.lean:419:0: automatically included section variable(s) unused in theorem `FormalSystem.Semantics.TaskFrame.forward_of_comp`:
  [IsOrderedAddMonoid D]
  [Nontrivial D]
consider restructuring your `variable` declarations so that the variables are not in scope or explicitly omit them:
  omit [IsOrderedAddMonoid D] [Nontrivial D] in theorem ...

Note: This linter can be disabled with `set_option linter.unusedSectionVars false`
warning: FormalSystem/Semantics/TaskFrame.lean:424:0: automatically included section variable(s) unused in theorem `FormalSystem.Semantics.TaskFrame.interpolates_of_comp`:
  [IsOrderedAddMonoid D]
  [Nontrivial D]
consider restructuring your `variable` declarations so that the variables are not in scope or explicitly omit them:
  omit [IsOrderedAddMonoid D] [Nontrivial D] in theorem ...

Note: This linter can be disabled with `set_option linter.unusedSectionVars false`
warning: FormalSystem/Semantics/TaskFrame.lean:675:0: automatically included section variable(s) unused in theorem `FormalSystem.Semantics.TaskFrame.limit_of_succOrder`:
  [Nontrivial D]
consider restructuring your `variable` declarations so that the variables are not in scope or explicitly omit them:
  omit [Nontrivial D] in theorem ...

Note: This linter can be disabled with `set_option linter.unusedSectionVars false`
warning: FormalSystem/Semantics/TaskFrame.lean:703:0: automatically included section variable(s) unused in theorem `FormalSystem.Semantics.TaskFrame.limit_of_shift`:
  [Nontrivial D]
consider restructuring your `variable` declarations so that the variables are not in scope or explicitly omit them:
  omit [Nontrivial D] in theorem ...

Note: This linter can be disabled with `set_option linter.unusedSectionVars false`
warning: FormalSystem/Semantics/TaskFrame.lean:703:8: Overlapping instance parameters in `limit_of_shift`:

⚠️ There are 2 `[Nontrivial D]` instances; one is sufficient.

Note: This linter can be disabled with `set_option linter.overlappingInstances false`
warning: FormalSystem/Semantics/TaskFrame.lean:754:0: automatically included section variable(s) unused in theorem `FormalSystem.Semantics.TaskFrame.exists_uniform_radius_of_finite`:
  [Nontrivial D]
consider restructuring your `variable` declarations so that the variables are not in scope or explicitly omit them:
  omit [Nontrivial D] in theorem ...

Note: This linter can be disabled with `set_option linter.unusedSectionVars false`
warning: FormalSystem/Semantics/TaskFrame.lean:754:8: Overlapping instance parameters in `exists_uniform_radius_of_finite`:

⚠️ There are 2 `[Nontrivial D]` instances; one is sufficient.

Note: This linter can be disabled with `set_option linter.overlappingInstances false`
warning: FormalSystem/Semantics/TaskFrame.lean:814:0: automatically included section variable(s) unused in theorem `FormalSystem.Semantics.TaskFrame.exists_pos_of_nontrivial`:
  [Nontrivial D]
consider restructuring your `variable` declarations so that the variables are not in scope or explicitly omit them:
  omit [Nontrivial D] in theorem ...

Note: This linter can be disabled with `set_option linter.unusedSectionVars false`
warning: FormalSystem/Semantics/TaskFrame.lean:814:8: Overlapping instance parameters in `exists_pos_of_nontrivial`:

⚠️ There are 2 `[Nontrivial D]` instances; one is sufficient.

Note: This linter can be disabled with `set_option linter.overlappingInstances false`
warning: FormalSystem/Semantics/TaskFrame.lean:930:0: automatically included section variable(s) unused in theorem `FormalSystem.Semantics.TaskFrame.spherical_of_finite`:
  [Nontrivial D]
consider restructuring your `variable` declarations so that the variables are not in scope or explicitly omit them:
  omit [Nontrivial D] in theorem ...

Note: This linter can be disabled with `set_option linter.unusedSectionVars false`
warning: FormalSystem/Semantics/TaskFrame.lean:945:0: automatically included section variable(s) unused in theorem `FormalSystem.Semantics.TaskFrame.serial_of_total`:
  [Nontrivial D]
consider restructuring your `variable` declarations so that the variables are not in scope or explicitly omit them:
  omit [Nontrivial D] in theorem ...

Note: This linter can be disabled with `set_option linter.unusedSectionVars false`
warning: FormalSystem/Semantics/TaskFrame.lean:954:0: automatically included section variable(s) unused in theorem `FormalSystem.Semantics.TaskFrame.interpolates_of_total`:
  [Nontrivial D]
consider restructuring your `variable` declarations so that the variables are not in scope or explicitly omit them:
  omit [Nontrivial D] in theorem ...

Note: This linter can be disabled with `set_option linter.unusedSectionVars false`
warning: FormalSystem/Semantics/TaskFrame.lean:963:0: automatically included section variable(s) unused in theorem `FormalSystem.Semantics.TaskFrame.limit_of_subsingleton`:
  [Nontrivial D]
consider restructuring your `variable` declarations so that the variables are not in scope or explicitly omit them:
  omit [Nontrivial D] in theorem ...

Note: This linter can be disabled with `set_option linter.unusedSectionVars false`
warning: FormalSystem/Semantics/TaskFrame.lean:974:0: automatically included section variable(s) unused in theorem `FormalSystem.Semantics.TaskFrame.spherical_of_subsingleton`:
  [Nontrivial D]
consider restructuring your `variable` declarations so that the variables are not in scope or explicitly omit them:
  omit [Nontrivial D] in theorem ...

Note: This linter can be disabled with `set_option linter.unusedSectionVars false`
warning: FormalSystem/Semantics/TaskFrame.lean:989:0: automatically included section variable(s) unused in theorem `FormalSystem.Semantics.TaskFrame.Fib_permissive_zero`:
  [Nontrivial D]
consider restructuring your `variable` declarations so that the variables are not in scope or explicitly omit them:
  omit [Nontrivial D] in theorem ...

Note: This linter can be disabled with `set_option linter.unusedSectionVars false`
warning: FormalSystem/Semantics/TaskFrame.lean:995:0: automatically included section variable(s) unused in theorem `FormalSystem.Semantics.TaskFrame.Fib_permissive_ne`:
  [Nontrivial D]
consider restructuring your `variable` declarations so that the variables are not in scope or explicitly omit them:
  omit [Nontrivial D] in theorem ...

Note: This linter can be disabled with `set_option linter.unusedSectionVars false`
warning: FormalSystem/Semantics/TaskFrame.lean:1005:0: automatically included section variable(s) unused in theorem `FormalSystem.Semantics.TaskFrame.serial_of_permissive`:
  [Nontrivial D]
consider restructuring your `variable` declarations so that the variables are not in scope or explicitly omit them:
  omit [Nontrivial D] in theorem ...

Note: This linter can be disabled with `set_option linter.unusedSectionVars false`
warning: FormalSystem/Semantics/TaskFrame.lean:1017:0: automatically included section variable(s) unused in theorem `FormalSystem.Semantics.TaskFrame.interpolates_of_permissive`:
  [Nontrivial D]
consider restructuring your `variable` declarations so that the variables are not in scope or explicitly omit them:
  omit [Nontrivial D] in theorem ...

Note: This linter can be disabled with `set_option linter.unusedSectionVars false`
warning: FormalSystem/Semantics/TaskFrame.lean:1097:0: automatically included section variable(s) unused in theorem `FormalSystem.Semantics.TaskFrame.Fib_eq_singleton`:
  [Nontrivial D]
consider restructuring your `variable` declarations so that the variables are not in scope or explicitly omit them:
  omit [Nontrivial D] in theorem ...

Note: This linter can be disabled with `set_option linter.unusedSectionVars false`
warning: FormalSystem/Semantics/TaskFrame.lean:1103:0: automatically included section variable(s) unused in theorem `FormalSystem.Semantics.TaskFrame.serial_of_eq`:
  [Nontrivial D]
consider restructuring your `variable` declarations so that the variables are not in scope or explicitly omit them:
  omit [Nontrivial D] in theorem ...

Note: This linter can be disabled with `set_option linter.unusedSectionVars false`
warning: FormalSystem/Semantics/TaskFrame.lean:1112:0: automatically included section variable(s) unused in theorem `FormalSystem.Semantics.TaskFrame.interpolates_of_eq`:
  [Nontrivial D]
consider restructuring your `variable` declarations so that the variables are not in scope or explicitly omit them:
  omit [Nontrivial D] in theorem ...

Note: This linter can be disabled with `set_option linter.unusedSectionVars false`
warning: FormalSystem/Semantics/TaskFrame.lean:1122:0: automatically included section variable(s) unused in theorem `FormalSystem.Semantics.TaskFrame.limit_of_eq`:
  [Nontrivial D]
consider restructuring your `variable` declarations so that the variables are not in scope or explicitly omit them:
  omit [Nontrivial D] in theorem ...

Note: This linter can be disabled with `set_option linter.unusedSectionVars false`
warning: FormalSystem/Semantics/TaskFrame.lean:1122:8: Overlapping instance parameters in `limit_of_eq`:

⚠️ There are 2 `[Nontrivial D]` instances; one is sufficient.

Note: This linter can be disabled with `set_option linter.overlappingInstances false`
warning: FormalSystem/Semantics/TaskFrame.lean:1238:0: automatically included section variable(s) unused in theorem `FormalSystem.Semantics.TaskFrame.staticFrame_rel_iff`:
  [Nontrivial D]
consider restructuring your `variable` declarations so that the variables are not in scope or explicitly omit them:
  omit [Nontrivial D] in theorem ...

Note: This linter can be disabled with `set_option linter.unusedSectionVars false`
warning: FormalSystem/Semantics/TaskFrame.lean:1238:8: Overlapping instance parameters in `staticFrame_rel_iff`:

⚠️ There are 2 `[Nontrivial D]` instances; one is sufficient.

Note: This linter can be disabled with `set_option linter.overlappingInstances false`
warning: FormalSystem/Semantics/TaskFrame.lean:1251:0: automatically included section variable(s) unused in theorem `FormalSystem.Semantics.TaskFrame.staticFrame_serial`:
  [Nontrivial D]
consider restructuring your `variable` declarations so that the variables are not in scope or explicitly omit them:
  omit [Nontrivial D] in theorem ...

Note: This linter can be disabled with `set_option linter.unusedSectionVars false`
warning: FormalSystem/Semantics/TaskFrame.lean:1251:8: Overlapping instance parameters in `staticFrame_serial`:

⚠️ There are 2 `[Nontrivial D]` instances; one is sufficient.

Note: This linter can be disabled with `set_option linter.overlappingInstances false`
warning: FormalSystem/Semantics/TaskFrame.lean:1258:0: automatically included section variable(s) unused in theorem `FormalSystem.Semantics.TaskFrame.staticFrame_interpolates`:
  [Nontrivial D]
consider restructuring your `variable` declarations so that the variables are not in scope or explicitly omit them:
  omit [Nontrivial D] in theorem ...

Note: This linter can be disabled with `set_option linter.unusedSectionVars false`
warning: FormalSystem/Semantics/TaskFrame.lean:1258:8: Overlapping instance parameters in `staticFrame_interpolates`:

⚠️ There are 2 `[Nontrivial D]` instances; one is sufficient.

Note: This linter can be disabled with `set_option linter.overlappingInstances false`
warning: FormalSystem/Semantics/TaskFrame.lean:1264:0: automatically included section variable(s) unused in theorem `FormalSystem.Semantics.TaskFrame.staticFrame_limit`:
  [Nontrivial D]
consider restructuring your `variable` declarations so that the variables are not in scope or explicitly omit them:
  omit [Nontrivial D] in theorem ...

Note: This linter can be disabled with `set_option linter.unusedSectionVars false`
warning: FormalSystem/Semantics/TaskFrame.lean:1264:8: Overlapping instance parameters in `staticFrame_limit`:

⚠️ There are 2 `[Nontrivial D]` instances; one is sufficient.

Note: This linter can be disabled with `set_option linter.overlappingInstances false`
warning: FormalSystem/Semantics/TaskFrame.lean:1271:0: automatically included section variable(s) unused in theorem `FormalSystem.Semantics.TaskFrame.staticFrame_spherical`:
  [Nontrivial D]
consider restructuring your `variable` declarations so that the variables are not in scope or explicitly omit them:
  omit [Nontrivial D] in theorem ...

Note: This linter can be disabled with `set_option linter.unusedSectionVars false`
warning: FormalSystem/Semantics/TaskFrame.lean:1271:8: Overlapping instance parameters in `staticFrame_spherical`:

⚠️ There are 2 `[Nontrivial D]` instances; one is sufficient.

Note: This linter can be disabled with `set_option linter.overlappingInstances false`
⚠ [788/1177] Replayed FormalSystem.Semantics.PartialHistory
warning: FormalSystem/Semantics/PartialHistory.lean:208:0: automatically included section variable(s) unused in theorem `FormalSystem.Semantics.PartialHistory.nonempty_of_total`:
  [Nontrivial D]
consider restructuring your `variable` declarations so that the variables are not in scope or explicitly omit them:
  omit [Nontrivial D] in theorem ...

Note: This linter can be disabled with `set_option linter.unusedSectionVars false`
⚠ [789/1177] Replayed FormalSystem.Semantics.WorldHistory
warning: FormalSystem/Semantics/WorldHistory.lean:399:0: automatically included section variable(s) unused in theorem `FormalSystem.Semantics.WorldHistory.neg_lt_neg_iff`:
  [Nontrivial D]
consider restructuring your `variable` declarations so that the variables are not in scope or explicitly omit them:
  omit [Nontrivial D] in theorem ...

Note: This linter can be disabled with `set_option linter.unusedSectionVars false`
warning: FormalSystem/Semantics/WorldHistory.lean:415:0: automatically included section variable(s) unused in theorem `FormalSystem.Semantics.WorldHistory.neg_le_neg_iff`:
  [Nontrivial D]
consider restructuring your `variable` declarations so that the variables are not in scope or explicitly omit them:
  omit [Nontrivial D] in theorem ...

Note: This linter can be disabled with `set_option linter.unusedSectionVars false`
warning: FormalSystem/Semantics/WorldHistory.lean:429:0: automatically included section variable(s) unused in theorem `FormalSystem.Semantics.WorldHistory.neg_neg_eq`:
  [Nontrivial D]
consider restructuring your `variable` declarations so that the variables are not in scope or explicitly omit them:
  omit [Nontrivial D] in theorem ...

Note: This linter can be disabled with `set_option linter.unusedSectionVars false`
warning: FormalSystem/Semantics/WorldHistory.lean:436:0: automatically included section variable(s) unused in theorem `FormalSystem.Semantics.WorldHistory.neg_injective`:
  [Nontrivial D]
consider restructuring your `variable` declarations so that the variables are not in scope or explicitly omit them:
  omit [Nontrivial D] in theorem ...

Note: This linter can be disabled with `set_option linter.unusedSectionVars false`
⚠ [859/1177] Replayed FormalSystem.Semantics.PartialHistoryOrder
warning: FormalSystem/Semantics/PartialHistoryOrder.lean:209:7: Variable name `t` is not explicitly referenced.

Hint: The binding can be removed (if unused) or named `_` (if used implicitly). Alternatively, prefix the name with `_` to silence this warning:
  [apply] _t

Note: This linter can be disabled with `set_option linter.unusedVariables false`
⚠ [860/1177] Replayed FormalSystem.Semantics.FrameAxioms
warning: FormalSystem/Semantics/FrameAxioms.lean:149:0: automatically included section variable(s) unused in theorem `FormalSystem.Semantics.TaskFrame.nullity_of_serial_limit`:
  [Nontrivial D]
consider restructuring your `variable` declarations so that the variables are not in scope or explicitly omit them:
  omit [Nontrivial D] in theorem ...

Note: This linter can be disabled with `set_option linter.unusedSectionVars false`
⚠ [1354/1370] Replayed FormalSystem.Metalogic.Decidability.Saturation
warning: FormalSystem/Metalogic/Decidability/Saturation.lean:1165:29: Variable name `appliedSet` is not explicitly referenced.

Hint: The binding can be removed (if unused) or named `_` (if used implicitly). Alternatively, prefix the name with `_` to silence this warning:
  [apply] _appliedSet

Note: This linter can be disabled with `set_option linter.unusedVariables false`
info: FormalSystem/Metalogic/Decidability/Saturation.lean:1370:0: "PASS: U(p, bot) -> F(p) is valid"
info: FormalSystem/Metalogic/Decidability/Saturation.lean:1380:0: "PASS: S(p, bot) -> P(p) is valid"
info: FormalSystem/Metalogic/Decidability/Saturation.lean:1390:0: "PASS: F(p) -> U(p, top) is valid (BX12)"
info: FormalSystem/Metalogic/Decidability/Saturation.lean:1399:0: "PASS: P(p) -> S(p, top) is valid (BX12')"
info: FormalSystem/Metalogic/Decidability/Saturation.lean:1408:0: "PASS: F(top) -> top is valid"
info: FormalSystem/Metalogic/Decidability/Saturation.lean:1418:0: "PASS: U(p, q) is satisfiable (open branch found)"
info: FormalSystem/Metalogic/Decidability/Saturation.lean:1427:0: "PASS: p -> p is valid"
info: FormalSystem/Metalogic/Decidability/Saturation.lean:1452:0: "PASS B1: G(p) -> G(p) is valid"
info: FormalSystem/Metalogic/Decidability/Saturation.lean:1461:0: "PASS B2: U(p,q) -> U(p,q) is valid"
info: FormalSystem/Metalogic/Decidability/Saturation.lean:1471:0: "PASS B3: U(p,bot) -> F(p) is valid (eventuality witnessed)"
info: FormalSystem/Metalogic/Decidability/Saturation.lean:1498:0: "PASS: □p → Gp is valid"
info: FormalSystem/Metalogic/Decidability/Saturation.lean:1507:0: "PASS: □p → Hp is valid"
info: FormalSystem/Metalogic/Decidability/Saturation.lean:1519:0: "PASS: □p → always p is valid (P1 perpetuity)"
info: FormalSystem/Metalogic/Decidability/Saturation.lean:1529:0: "PASS: □(□p) → G(□p) is valid"
info: FormalSystem/Metalogic/Decidability/Saturation.lean:1543:0: "PASS: p ∧ F(¬p) is satisfiable (open branch found)"
info: FormalSystem/Metalogic/Decidability/Saturation.lean:1552:0: "PASS: □p → □(Gp) is valid (modal_future)"
info: FormalSystem/Metalogic/Decidability/Saturation.lean:1579:0: "PASS E1: U(U(p,q),r) -> U(U(p,q),r) is valid"
info: FormalSystem/Metalogic/Decidability/Saturation.lean:1589:0: "PASS E2: S(p,bot) -> P(p) is valid"
info: FormalSystem/Metalogic/Decidability/Saturation.lean:1598:0: "PASS E3: p -> (q -> p) is valid"
info: FormalSystem/Metalogic/Decidability/Saturation.lean:1608:0: "PASS E4: U(p,q) is satisfiable (open branch with blocking)"
info: FormalSystem/Metalogic/Decidability/Saturation.lean:1619:0: "INFO E5: G(p) -> p is invalid (strict reading)"
info: FormalSystem/Metalogic/Decidability/Saturation.lean:2358:0: "PASS FC1: GGp → Gp closes under Dense"
info: FormalSystem/Metalogic/Decidability/Saturation.lean:2368:0: "PASS FC2: GGp → Gp correctly open under Base"
info: FormalSystem/Metalogic/Decidability/Saturation.lean:2377:0: "PASS FC3: ¬U(⊤,⊥) closes under Dense"
info: FormalSystem/Metalogic/Decidability/Saturation.lean:2387:0: "PASS FC4: ¬U(⊤,⊥) correctly open under Base"
info: FormalSystem/Metalogic/Decidability/Saturation.lean:2396:0: "PASS FC5: F(p) → U(p, ¬p) closes under Discrete"
info: FormalSystem/Metalogic/Decidability/Saturation.lean:2406:0: "PASS FC6: F(p) → U(p, ¬p) correctly open under Base"
info: FormalSystem/Metalogic/Decidability/Saturation.lean:2415:0: "PASS FC7: F(p) → U(p, ¬p) correctly open under Dense"
info: FormalSystem/Metalogic/Decidability/Saturation.lean:2424:0: "PASS FC8: p → p closes under all frame classes (monotonicity)"
info: FormalSystem/Metalogic/Decidability/Saturation.lean:2439:0: "PASS FC9: ¬U(⊤,⊥) correctly open under Discrete"
info: FormalSystem/Metalogic/Decidability/Saturation.lean:2461:0: "PASS PL1: diamond p terminates with open branch (no loop)"
info: FormalSystem/Metalogic/Decidability/Saturation.lean:2470:0: "PASS PL2: (box(bot -> bot) -> r) terminates (no stall)"
info: FormalSystem/Metalogic/Decidability/Saturation.lean:2479:0: "PASS PL3: box(bot -> p) is valid"
info: FormalSystem/Metalogic/Decidability/Saturation.lean:2488:0: "PASS PL4: box(p -> p) is valid"
info: FormalSystem/Metalogic/Decidability/Saturation.lean:2497:0: "PASS PL5: (box bot -> r) is valid"
info: FormalSystem/Metalogic/Decidability/Saturation.lean:2532:0: "PASS AN1: G(p) → ¬F(¬p) is valid"
info: FormalSystem/Metalogic/Decidability/Saturation.lean:2545:0: "PASS AN2: U(p,q) is satisfiable (active untlNeg created time)"
info: FormalSystem/Metalogic/Decidability/Saturation.lean:2558:0: "PASS AN3: U(p,q) → U(p,q) is valid"
info: FormalSystem/Metalogic/Decidability/Saturation.lean:2568:0: "PASS AN4: S(p,q) is satisfiable (active snceNeg created time)"
info: FormalSystem/Metalogic/Decidability/Saturation.lean:2580:0: "PASS AN5: H(p) → ¬P(¬p) is valid"
info: FormalSystem/Metalogic/Decidability/Saturation.lean:2597:0: "PASS AN6: nested Until identity valid (fuel=500)"
info: FormalSystem/Metalogic/Decidability/Saturation.lean:2611:0: "PASS AN7: U(p,q) → F(p) valid (fuel=500)"
info: FormalSystem/Metalogic/Decidability/Saturation.lean:2624:0: "PASS AN8: ¬U(p,q) satisfiable (fuel=500, active rule + blocking)"
info: FormalSystem/Metalogic/Decidability/Saturation.lean:2647:0: "PASS FA1: balanced branches get equal fuel"
info: FormalSystem/Metalogic/Decidability/Saturation.lean:2660:0: "PASS FA2: temporal branch gets more fuel than propositional"
info: FormalSystem/Metalogic/Decidability/Saturation.lean:2671:0: "PASS FA3: all allocations in bounds [1, 199]: [25, 100, 75]"
info: FormalSystem/Metalogic/Decidability/Saturation.lean:2682:0: "PASS FA4: fuel=0 gives all zeros"
info: FormalSystem/Metalogic/Decidability/Saturation.lean:2691:0: "PASS FA5: difficulty ordering correct: prop=1 < modal=3 < temp=4"
⚠ [1356/1370] Replayed FormalSystem.Metalogic.Decidability.CountermodelExtraction
warning: FormalSystem/Metalogic/Decidability/CountermodelExtraction.lean:605:46: This simp argument is unused:
  if_false

Hint: Omit it from the simp argument list.
  [apply] simp only [isApplicable, asUntil?, hg', applyRule, ruleMintsFreshLabel, ruleSelfGuarded, if_true,
    Option.isSome_some] at h

Note: This linter can be disabled with `set_option linter.unusedSimpArgs false`
warning: FormalSystem/Metalogic/Decidability/CountermodelExtraction.lean:606:34: This simp argument is unused:
  Option.isSome_some

Hint: Omit it from the simp argument list.
  [apply] simp only [isApplicable, asUntil?, hg', if_false, applyRule, ruleMintsFreshLabel, ruleSelfGuarded,
    if_true] at h

Note: This linter can be disabled with `set_option linter.unusedSimpArgs false`
warning: FormalSystem/Metalogic/Decidability/CountermodelExtraction.lean:671:46: This simp argument is unused:
  if_false

Hint: Omit it from the simp argument list.
  [apply] simp only [isApplicable, asSince?, hg', applyRule, ruleMintsFreshLabel, ruleSelfGuarded, if_true,
    Option.isSome_some] at h

Note: This linter can be disabled with `set_option linter.unusedSimpArgs false`
warning: FormalSystem/Metalogic/Decidability/CountermodelExtraction.lean:672:34: This simp argument is unused:
  Option.isSome_some

Hint: Omit it from the simp argument list.
  [apply] simp only [isApplicable, asSince?, hg', if_false, applyRule, ruleMintsFreshLabel, ruleSelfGuarded,
    if_true] at h

Note: This linter can be disabled with `set_option linter.unusedSimpArgs false`
ℹ [1358/1370] Replayed FormalSystem.Automation.Normalization
info: FormalSystem/Automation/Normalization.lean:239:0: neg_unfold : ∀ (φ : Formula), φ.neg = φ.imp bot
info: FormalSystem/Automation/Normalization.lean:240:0: top_unfold : top = bot.imp bot
info: FormalSystem/Automation/Normalization.lean:241:0: next_unfold : ∀ (φ : Formula), φ.next = bot.untl φ
info: FormalSystem/Automation/Normalization.lean:242:0: prev_unfold : ∀ (φ : Formula), φ.prev = bot.snce φ
info: FormalSystem/Automation/Normalization.lean:243:0: and_unfold : ∀ (φ ψ : Formula), φ.and ψ = (φ.imp (ψ.imp bot)).imp bot
info: FormalSystem/Automation/Normalization.lean:244:0: or_unfold : ∀ (φ ψ : Formula), φ.or ψ = (φ.imp bot).imp ψ
info: FormalSystem/Automation/Normalization.lean:245:0: diamond_unfold : ∀ (φ : Formula), φ.diamond = (φ.imp bot).box.imp bot
info: FormalSystem/Automation/Normalization.lean:246:0: some_future_unfold : ∀ (φ : Formula), φ.someFuture = (bot.imp bot).untl φ
info: FormalSystem/Automation/Normalization.lean:247:0: some_past_unfold : ∀ (φ : Formula), φ.somePast = (bot.imp bot).snce φ
info: FormalSystem/Automation/Normalization.lean:248:0: all_future_unfold : ∀ (φ : Formula), φ.allFuture = ((bot.imp bot).untl (φ.imp bot)).imp bot
info: FormalSystem/Automation/Normalization.lean:249:0: all_past_unfold : ∀ (φ : Formula), φ.allPast = ((bot.imp bot).snce (φ.imp bot)).imp bot
info: FormalSystem/Automation/Normalization.lean:250:0: weak_future_unfold : ∀ (φ : Formula),
  φ.weakFuture = (φ.imp ((((bot.imp bot).untl (φ.imp bot)).imp bot).imp bot)).imp bot
info: FormalSystem/Automation/Normalization.lean:251:0: weak_past_unfold : ∀ (φ : Formula), φ.weakPast = (φ.imp ((((bot.imp bot).snce (φ.imp bot)).imp bot).imp bot)).imp bot
info: FormalSystem/Automation/Normalization.lean:252:0: always_unfold : ∀ (φ : Formula), △φ = φ.allPast.and (φ.and φ.allFuture)
info: FormalSystem/Automation/Normalization.lean:253:0: sometimes_unfold : ∀ (φ : Formula), ▽φ = (△φ.neg).neg
info: FormalSystem/Automation/Normalization.lean:254:0: strong_release_unfold : ∀ (φ ψ : Formula), φ.strongRelease ψ = ψ.untl (ψ.and φ)
info: FormalSystem/Automation/Normalization.lean:255:0: strong_trigger_unfold : ∀ (φ ψ : Formula), φ.strongTrigger ψ = ψ.snce (ψ.and φ)
info: FormalSystem/Automation/Normalization.lean:613:0: FormalSystem.Automation.Normalization.EnrichedFormula.neg
  (FormalSystem.Automation.Normalization.EnrichedFormula.atom { base := "p", freshIndex := none })
info: FormalSystem/Automation/Normalization.lean:620:0: FormalSystem.Automation.Normalization.EnrichedFormula.top
info: FormalSystem/Automation/Normalization.lean:627:0: FormalSystem.Automation.Normalization.EnrichedFormula.diamond
  (FormalSystem.Automation.Normalization.EnrichedFormula.atom { base := "p", freshIndex := none })
info: FormalSystem/Automation/Normalization.lean:634:0: FormalSystem.Automation.Normalization.EnrichedFormula.and_
  (FormalSystem.Automation.Normalization.EnrichedFormula.atom { base := "p", freshIndex := none })
  (FormalSystem.Automation.Normalization.EnrichedFormula.atom { base := "q", freshIndex := none })
info: FormalSystem/Automation/Normalization.lean:641:0: FormalSystem.Automation.Normalization.EnrichedFormula.imp
  (FormalSystem.Automation.Normalization.EnrichedFormula.neg
    (FormalSystem.Automation.Normalization.EnrichedFormula.atom { base := "p", freshIndex := none }))
  (FormalSystem.Automation.Normalization.EnrichedFormula.atom { base := "q", freshIndex := none })
info: FormalSystem/Automation/Normalization.lean:648:0: FormalSystem.Automation.Normalization.EnrichedFormula.some_future
  (FormalSystem.Automation.Normalization.EnrichedFormula.atom { base := "p", freshIndex := none })
info: FormalSystem/Automation/Normalization.lean:655:0: FormalSystem.Automation.Normalization.EnrichedFormula.some_past
  (FormalSystem.Automation.Normalization.EnrichedFormula.atom { base := "p", freshIndex := none })
info: FormalSystem/Automation/Normalization.lean:661:0: FormalSystem.Automation.Normalization.EnrichedFormula.all_future
  (FormalSystem.Automation.Normalization.EnrichedFormula.atom { base := "p", freshIndex := none })
info: FormalSystem/Automation/Normalization.lean:667:0: FormalSystem.Automation.Normalization.EnrichedFormula.all_past
  (FormalSystem.Automation.Normalization.EnrichedFormula.atom { base := "p", freshIndex := none })
info: FormalSystem/Automation/Normalization.lean:673:0: FormalSystem.Automation.Normalization.EnrichedFormula.next
  (FormalSystem.Automation.Normalization.EnrichedFormula.atom { base := "p", freshIndex := none })
info: FormalSystem/Automation/Normalization.lean:679:0: FormalSystem.Automation.Normalization.EnrichedFormula.prev
  (FormalSystem.Automation.Normalization.EnrichedFormula.atom { base := "p", freshIndex := none })
info: FormalSystem/Automation/Normalization.lean:686:0: [(true, (FormalSystem.Syntax.Formula.imp
  (FormalSystem.Syntax.Formula.atom { base := "p", freshIndex := none })
  (FormalSystem.Syntax.Formula.bot), FormalSystem.Automation.Normalization.EnrichedFormula.neg
  (FormalSystem.Automation.Normalization.EnrichedFormula.atom { base := "p", freshIndex := none }))), (true, (FormalSystem.Syntax.Formula.imp (FormalSystem.Syntax.Formula.bot) (FormalSystem.Syntax.Formula.bot), FormalSystem.Automation.Normalization.EnrichedFormula.top)), (true, (FormalSystem.Syntax.Formula.imp
  (FormalSystem.Syntax.Formula.imp
    (FormalSystem.Syntax.Formula.atom { base := "p", freshIndex := none })
    (FormalSystem.Syntax.Formula.imp
      (FormalSystem.Syntax.Formula.atom { base := "q", freshIndex := none })
      (FormalSystem.Syntax.Formula.bot)))
  (FormalSystem.Syntax.Formula.bot), FormalSystem.Automation.Normalization.EnrichedFormula.and_
  (FormalSystem.Automation.Normalization.EnrichedFormula.atom { base := "p", freshIndex := none })
  (FormalSystem.Automation.Normalization.EnrichedFormula.atom { base := "q", freshIndex := none }))), (true, (FormalSystem.Syntax.Formula.imp
  (FormalSystem.Syntax.Formula.imp
    (FormalSystem.Syntax.Formula.atom { base := "p", freshIndex := none })
    (FormalSystem.Syntax.Formula.bot))
  (FormalSystem.Syntax.Formula.atom { base := "q", freshIndex := none }), FormalSystem.Automation.Normalization.EnrichedFormula.imp
  (FormalSystem.Automation.Normalization.EnrichedFormula.neg
    (FormalSystem.Automation.Normalization.EnrichedFormula.atom { base := "p", freshIndex := none }))
  (FormalSystem.Automation.Normalization.EnrichedFormula.atom { base := "q", freshIndex := none }))), (true, (FormalSystem.Syntax.Formula.imp
  (FormalSystem.Syntax.Formula.box
    (FormalSystem.Syntax.Formula.imp
      (FormalSystem.Syntax.Formula.atom { base := "p", freshIndex := none })
      (FormalSystem.Syntax.Formula.bot)))
  (FormalSystem.Syntax.Formula.bot), FormalSystem.Automation.Normalization.EnrichedFormula.diamond
  (FormalSystem.Automation.Normalization.EnrichedFormula.atom { base := "p", freshIndex := none }))), (true, (FormalSystem.Syntax.Formula.untl
  (FormalSystem.Syntax.Formula.imp (FormalSystem.Syntax.Formula.bot) (FormalSystem.Syntax.Formula.bot))
  (FormalSystem.Syntax.Formula.atom { base := "p", freshIndex := none }), FormalSystem.Automation.Normalization.EnrichedFormula.some_future
  (FormalSystem.Automation.Normalization.EnrichedFormula.atom { base := "p", freshIndex := none }))), (true, (FormalSystem.Syntax.Formula.snce
  (FormalSystem.Syntax.Formula.imp (FormalSystem.Syntax.Formula.bot) (FormalSystem.Syntax.Formula.bot))
  (FormalSystem.Syntax.Formula.atom { base := "p", freshIndex := none }), FormalSystem.Automation.Normalization.EnrichedFormula.some_past
  (FormalSystem.Automation.Normalization.EnrichedFormula.atom { base := "p", freshIndex := none }))), (true, (FormalSystem.Syntax.Formula.imp
  (FormalSystem.Syntax.Formula.untl
    (FormalSystem.Syntax.Formula.imp (FormalSystem.Syntax.Formula.bot) (FormalSystem.Syntax.Formula.bot))
    (FormalSystem.Syntax.Formula.imp
      (FormalSystem.Syntax.Formula.atom { base := "p", freshIndex := none })
      (FormalSystem.Syntax.Formula.bot)))
  (FormalSystem.Syntax.Formula.bot), FormalSystem.Automation.Normalization.EnrichedFormula.all_future
  (FormalSystem.Automation.Normalization.EnrichedFormula.atom { base := "p", freshIndex := none }))), (true, (FormalSystem.Syntax.Formula.imp
  (FormalSystem.Syntax.Formula.snce
    (FormalSystem.Syntax.Formula.imp (FormalSystem.Syntax.Formula.bot) (FormalSystem.Syntax.Formula.bot))
    (FormalSystem.Syntax.Formula.imp
      (FormalSystem.Syntax.Formula.atom { base := "p", freshIndex := none })
      (FormalSystem.Syntax.Formula.bot)))
  (FormalSystem.Syntax.Formula.bot), FormalSystem.Automation.Normalization.EnrichedFormula.all_past
  (FormalSystem.Automation.Normalization.EnrichedFormula.atom { base := "p", freshIndex := none }))), (true, (FormalSystem.Syntax.Formula.untl
  (FormalSystem.Syntax.Formula.bot)
  (FormalSystem.Syntax.Formula.atom { base := "p", freshIndex := none }), FormalSystem.Automation.Normalization.EnrichedFormula.next
  (FormalSystem.Automation.Normalization.EnrichedFormula.atom { base := "p", freshIndex := none }))), (true, (FormalSystem.Syntax.Formula.snce
  (FormalSystem.Syntax.Formula.bot)
  (FormalSystem.Syntax.Formula.atom { base := "p", freshIndex := none }), FormalSystem.Automation.Normalization.EnrichedFormula.prev
  (FormalSystem.Automation.Normalization.EnrichedFormula.atom { base := "p", freshIndex := none })))]
info: FormalSystem/Automation/Normalization.lean:707:0: FormalSystem.Automation.Normalization.EnrichedFormula.weak_future
  (FormalSystem.Automation.Normalization.EnrichedFormula.atom { base := "p", freshIndex := none })
info: FormalSystem/Automation/Normalization.lean:713:0: FormalSystem.Automation.Normalization.EnrichedFormula.weak_past
  (FormalSystem.Automation.Normalization.EnrichedFormula.atom { base := "p", freshIndex := none })
info: FormalSystem/Automation/Normalization.lean:719:0: FormalSystem.Automation.Normalization.EnrichedFormula.always
  (FormalSystem.Automation.Normalization.EnrichedFormula.atom { base := "p", freshIndex := none })
info: FormalSystem/Automation/Normalization.lean:725:0: FormalSystem.Automation.Normalization.EnrichedFormula.sometimes
  (FormalSystem.Automation.Normalization.EnrichedFormula.atom { base := "p", freshIndex := none })
info: FormalSystem/Automation/Normalization.lean:731:0: [(true, FormalSystem.Automation.Normalization.EnrichedFormula.always
  (FormalSystem.Automation.Normalization.EnrichedFormula.atom { base := "p", freshIndex := none })), (true, FormalSystem.Automation.Normalization.EnrichedFormula.sometimes
  (FormalSystem.Automation.Normalization.EnrichedFormula.atom { base := "p", freshIndex := none })), (true, FormalSystem.Automation.Normalization.EnrichedFormula.weak_future
  (FormalSystem.Automation.Normalization.EnrichedFormula.atom { base := "p", freshIndex := none })), (true, FormalSystem.Automation.Normalization.EnrichedFormula.weak_past
  (FormalSystem.Automation.Normalization.EnrichedFormula.atom { base := "p", freshIndex := none }))]
info: FormalSystem/Automation/Normalization.lean:910:0: "Round-trip test: ALL PASS (21 formulas tested)"
info: FormalSystem/Automation/Normalization.lean:1128:0: "{\"tag\": \"neg\", \"child\": {\"tag\": \"atom\", \"name\": \"p\"}}"
info: FormalSystem/Automation/Normalization.lean:1134:0: "{\"tag\": \"diamond\", \"child\": {\"tag\": \"atom\", \"name\": \"p\"}}"
info: FormalSystem/Automation/Normalization.lean:1140:0: "{\"tag\": \"diamond\", \"child\": {\"tag\": \"atom\", \"name\": \"p\"}}"
info: FormalSystem/Automation/Normalization.lean:1146:0: "△p"
info: FormalSystem/Automation/Normalization.lean:1152:0: "(and (atom \"p\") (atom \"q\"))"
info: FormalSystem/Automation/Normalization.lean:1158:0: "{\"tag\": \"always\", \"child\": {\"tag\": \"atom\", \"name\": \"p\"}}"
info: FormalSystem/Automation/Normalization.lean:1164:0: "(<>p → Gq)"
⚠ [1360/1370] Replayed FormalSystem.Metalogic.Decidability.CancellableExpansion
warning: FormalSystem/Metalogic/Decidability/CancellableExpansion.lean:272:29: Variable name `appliedSet` is not explicitly referenced.

Hint: The binding can be removed (if unused) or named `_` (if used implicitly). Alternatively, prefix the name with `_` to silence this warning:
  [apply] _appliedSet

Note: This linter can be disabled with `set_option linter.unusedVariables false`
ℹ [1362/1370] Replayed FormalSystem.Automation.FormulaEnumerator
info: FormalSystem/Automation/FormulaEnumerator.lean:2104:0: 7852
info: FormalSystem/Automation/FormulaEnumerator.lean:2107:0: 75914
info: FormalSystem/Automation/FormulaEnumerator.lean:2110:0: 45111
info: FormalSystem/Automation/FormulaEnumerator.lean:2113:0: true
info: FormalSystem/Automation/FormulaEnumerator.lean:2117:0: true
info: FormalSystem/Automation/FormulaEnumerator.lean:2121:0: true
⚠ [1367/1370] Replayed FormalSystem.Automation.DatasetGenerator
info: FormalSystem/Automation/DatasetGenerator.lean:974:0: true
info: FormalSystem/Automation/DatasetGenerator.lean:975:0: true
info: FormalSystem/Automation/DatasetGenerator.lean:976:0: true
info: FormalSystem/Automation/DatasetGenerator.lean:977:0: true
info: FormalSystem/Automation/DatasetGenerator.lean:978:0: false
info: FormalSystem/Automation/DatasetGenerator.lean:979:0: false
info: FormalSystem/Automation/DatasetGenerator.lean:982:0: true
info: FormalSystem/Automation/DatasetGenerator.lean:983:0: true
info: FormalSystem/Automation/DatasetGenerator.lean:984:0: true
info: FormalSystem/Automation/DatasetGenerator.lean:985:0: false
info: FormalSystem/Automation/DatasetGenerator.lean:986:0: false
info: FormalSystem/Automation/DatasetGenerator.lean:989:0: some true
info: FormalSystem/Automation/DatasetGenerator.lean:991:0: some true
info: FormalSystem/Automation/DatasetGenerator.lean:992:0: some true
info: FormalSystem/Automation/DatasetGenerator.lean:994:0: none
info: FormalSystem/Automation/DatasetGenerator.lean:997:0: some (true, "structural_bot_temporal")
info: FormalSystem/Automation/DatasetGenerator.lean:999:0: some (true, "structural_tautology")
info: FormalSystem/Automation/DatasetGenerator.lean:1001:0: some (true, "structural_bot_temporal")
info: FormalSystem/Automation/DatasetGenerator.lean:1003:0: some (true, "structural_modal_4")
info: FormalSystem/Automation/DatasetGenerator.lean:1005:0: some (true, "structural_modal_t_weakening")
info: FormalSystem/Automation/DatasetGenerator.lean:1007:0: none
info: FormalSystem/Automation/DatasetGenerator.lean:1013:0: [FormalSystem.Syntax.Formula.atom { base := "p", freshIndex := none },
 FormalSystem.Syntax.Formula.atom { base := "q", freshIndex := none }]
info: FormalSystem/Automation/DatasetGenerator.lean:1015:0: [FormalSystem.Syntax.Formula.atom { base := "p", freshIndex := none },
 FormalSystem.Syntax.Formula.atom { base := "q", freshIndex := none },
 FormalSystem.Syntax.Formula.imp
   (FormalSystem.Syntax.Formula.atom { base := "p", freshIndex := none })
   (FormalSystem.Syntax.Formula.atom { base := "p", freshIndex := none })]
info: FormalSystem/Automation/DatasetGenerator.lean:1019:0: some (FormalSystem.Syntax.Formula.atom { base := "p", freshIndex := none })
info: FormalSystem/Automation/DatasetGenerator.lean:1020:0: some (FormalSystem.Syntax.Formula.atom { base := "p", freshIndex := none })
info: FormalSystem/Automation/DatasetGenerator.lean:1021:0: some (FormalSystem.Syntax.Formula.atom { base := "p", freshIndex := none })
info: FormalSystem/Automation/DatasetGenerator.lean:1022:0: some (FormalSystem.Syntax.Formula.atom { base := "p", freshIndex := none })
info: FormalSystem/Automation/DatasetGenerator.lean:1025:0: some (true, "structural_s5_reflexive_conflict")
info: FormalSystem/Automation/DatasetGenerator.lean:1030:0: some (true, "structural_temporal_loop_until")
info: FormalSystem/Automation/DatasetGenerator.lean:1036:0: some (true, "structural_temporal_loop_since")
info: FormalSystem/Automation/DatasetGenerator.lean:1042:0: some (true, "structural_subsumption_gt")
info: FormalSystem/Automation/DatasetGenerator.lean:1044:0: some (true, "structural_subsumption_ht")
info: FormalSystem/Automation/DatasetGenerator.lean:1046:0: some (true, "structural_subsumption_gf")
info: FormalSystem/Automation/DatasetGenerator.lean:1048:0: some (true, "structural_subsumption_hp")
info: FormalSystem/Automation/DatasetGenerator.lean:1050:0: some (true, "structural_subsumption_g4")
info: FormalSystem/Automation/DatasetGenerator.lean:1052:0: some (true, "structural_subsumption_h4")
info: FormalSystem/Automation/DatasetGenerator.lean:1054:0: some (true, "structural_subsumption_ff")
info: FormalSystem/Automation/DatasetGenerator.lean:1056:0: some (true, "structural_subsumption_pp")
info: FormalSystem/Automation/DatasetGenerator.lean:1058:0: some (true, "structural_subsumption_modal_t")
info: FormalSystem/Automation/DatasetGenerator.lean:1060:0: some (true, "structural_subsumption_modal_4")
info: FormalSystem/Automation/DatasetGenerator.lean:1062:0: some (true, "structural_subsumption_modal_d")
info: FormalSystem/Automation/DatasetGenerator.lean:1070:0: some (true, "structural_until_implies_future")
info: FormalSystem/Automation/DatasetGenerator.lean:1074:0: some (true, "structural_since_implies_past")
info: FormalSystem/Automation/DatasetGenerator.lean:1078:0: none
info: FormalSystem/Automation/DatasetGenerator.lean:1082:0: some (true, "structural_subsumption_gf")
info: FormalSystem/Automation/DatasetGenerator.lean:1086:0: some (true, "structural_subsumption_hp")
info: FormalSystem/Automation/DatasetGenerator.lean:1090:0: some (true, "structural_identity")
info: FormalSystem/Automation/DatasetGenerator.lean:1094:0: none
info: FormalSystem/Automation/DatasetGenerator.lean:1098:0: none
info: FormalSystem/Automation/DatasetGenerator.lean:1104:0: [(FormalSystem.Syntax.Formula.imp
    (FormalSystem.Syntax.Formula.atom { base := "p", freshIndex := none })
    (FormalSystem.Syntax.Formula.atom { base := "q", freshIndex := none }),
  FormalSystem.Metalogic.Decidability.Sign.pos),
 (FormalSystem.Syntax.Formula.atom { base := "p", freshIndex := none }, FormalSystem.Metalogic.Decidability.Sign.neg),
 (FormalSystem.Syntax.Formula.atom { base := "q", freshIndex := none }, FormalSystem.Metalogic.Decidability.Sign.pos)]
info: FormalSystem/Automation/DatasetGenerator.lean:1106:0: [(FormalSystem.Syntax.Formula.imp
    (FormalSystem.Syntax.Formula.atom { base := "p", freshIndex := none })
    (FormalSystem.Syntax.Formula.bot),
  FormalSystem.Metalogic.Decidability.Sign.pos),
 (FormalSystem.Syntax.Formula.atom { base := "p", freshIndex := none }, FormalSystem.Metalogic.Decidability.Sign.neg),
 (FormalSystem.Syntax.Formula.bot, FormalSystem.Metalogic.Decidability.Sign.pos)]
info: FormalSystem/Automation/DatasetGenerator.lean:1110:0: false
info: FormalSystem/Automation/DatasetGenerator.lean:1112:0: true
info: FormalSystem/Automation/DatasetGenerator.lean:1116:0: true
info: FormalSystem/Automation/DatasetGenerator.lean:1118:0: some (true, "structural_polarity_drop_tautology")
info: FormalSystem/Automation/DatasetGenerator.lean:1123:0: some (true, "structural_polarity_bot_neg")
info: FormalSystem/Automation/DatasetGenerator.lean:1127:0: true
info: FormalSystem/Automation/DatasetGenerator.lean:1128:0: true
info: FormalSystem/Automation/DatasetGenerator.lean:1130:0: false
info: FormalSystem/Automation/DatasetGenerator.lean:1131:0: some (true, "structural_prop_contradiction")
info: FormalSystem/Automation/DatasetGenerator.lean:1135:0: true
info: FormalSystem/Automation/DatasetGenerator.lean:1136:0: true
info: FormalSystem/Automation/DatasetGenerator.lean:1137:0: some (true, "structural_tautology")
info: FormalSystem/Automation/DatasetGenerator.lean:1139:0: some (true, "structural_tautology")
info: FormalSystem/Automation/DatasetGenerator.lean:1145:0: true
info: FormalSystem/Automation/DatasetGenerator.lean:1146:0: true
info: FormalSystem/Automation/DatasetGenerator.lean:1147:0: true
info: FormalSystem/Automation/DatasetGenerator.lean:1148:0: true
info: FormalSystem/Automation/DatasetGenerator.lean:1149:0: true
info: FormalSystem/Automation/DatasetGenerator.lean:1150:0: true
info: FormalSystem/Automation/DatasetGenerator.lean:1153:0: false
info: FormalSystem/Automation/DatasetGenerator.lean:1155:0: false
info: FormalSystem/Automation/DatasetGenerator.lean:1157:0: false
info: FormalSystem/Automation/DatasetGenerator.lean:1159:0: false
info: FormalSystem/Automation/DatasetGenerator.lean:1163:0: true
info: FormalSystem/Automation/DatasetGenerator.lean:1165:0: true
info: FormalSystem/Automation/DatasetGenerator.lean:1167:0: true
info: FormalSystem/Automation/DatasetGenerator.lean:1169:0: true
info: FormalSystem/Automation/DatasetGenerator.lean:1171:0: true
info: FormalSystem/Automation/DatasetGenerator.lean:1174:0: false
info: FormalSystem/Automation/DatasetGenerator.lean:1176:0: false
info: FormalSystem/Automation/DatasetGenerator.lean:1178:0: false
info: FormalSystem/Automation/DatasetGenerator.lean:1180:0: false
info: FormalSystem/Automation/DatasetGenerator.lean:1184:0: true
info: FormalSystem/Automation/DatasetGenerator.lean:1186:0: true
info: FormalSystem/Automation/DatasetGenerator.lean:1188:0: true
info: FormalSystem/Automation/DatasetGenerator.lean:1189:0: true
info: FormalSystem/Automation/DatasetGenerator.lean:1191:0: true
info: FormalSystem/Automation/DatasetGenerator.lean:1194:0: false
info: FormalSystem/Automation/DatasetGenerator.lean:1196:0: false
info: FormalSystem/Automation/DatasetGenerator.lean:1198:0: false
info: FormalSystem/Automation/DatasetGenerator.lean:1200:0: false
info: FormalSystem/Automation/DatasetGenerator.lean:1204:0: true
info: FormalSystem/Automation/DatasetGenerator.lean:1207:0: true
info: FormalSystem/Automation/DatasetGenerator.lean:1210:0: true
info: FormalSystem/Automation/DatasetGenerator.lean:1213:0: true
info: FormalSystem/Automation/DatasetGenerator.lean:1217:0: false
info: FormalSystem/Automation/DatasetGenerator.lean:1220:0: false
info: FormalSystem/Automation/DatasetGenerator.lean:1222:0: false
info: FormalSystem/Automation/DatasetGenerator.lean:1224:0: false
info: FormalSystem/Automation/DatasetGenerator.lean:1228:0: some (false, "invalid_satisfiable_neg")
info: FormalSystem/Automation/DatasetGenerator.lean:1230:0: some (false, "invalid_satisfiable_neg")
info: FormalSystem/Automation/DatasetGenerator.lean:1232:0: some (false, "invalid_false_consequent")
info: FormalSystem/Automation/DatasetGenerator.lean:1234:0: some (false, "invalid_unfulfillable_eventuality")
info: FormalSystem/Automation/DatasetGenerator.lean:1237:0: none
info: FormalSystem/Automation/DatasetGenerator.lean:1239:0: none
info: FormalSystem/Automation/DatasetGenerator.lean:1241:0: none
info: FormalSystem/Automation/DatasetGenerator.lean:1245:0: (2, 0)
info: FormalSystem/Automation/DatasetGenerator.lean:2020:0: [proof-first] Seeding: 10/100, pool size: 10, elapsed: 5ms
[proof-first] Seeding: 20/100, pool size: 19, elapsed: 11ms
[proof-first] Seeding: 30/100, pool size: 27, elapsed: 16ms
[proof-first] Seeding: 40/100, pool size: 35, elapsed: 21ms
[proof-first] Seeding: 50/100, pool size: 41, elapsed: 22ms
[proof-first] Seeding: 60/100, pool size: 50, elapsed: 27ms
[proof-first] Seeding: 70/100, pool size: 59, elapsed: 29ms
[proof-first] Seeding: 80/100, pool size: 68, elapsed: 31ms
[proof-first] Seeding: 90/100, pool size: 76, elapsed: 33ms
[proof-first] Seeding: 100/100, pool size: 84, elapsed: 34ms
[proof-first] Ex-falso cap applied in 1ms, pool size: 84
[proof-first] depth=0 pool=200 (+116, 138% growth) elapsed=67ms
[proof-first] Generation complete: 200 theorems in 102ms
[test] Pool generation: 200 entries (expected > 0)
[test] PASS: pool is non-empty
info: FormalSystem/Automation/DatasetGenerator.lean:2036:0: [proof-first] Seeding: 10/100, pool size: 10, elapsed: 2ms
[proof-first] Seeding: 20/100, pool size: 20, elapsed: 6ms
[proof-first] Seeding: 30/100, pool size: 30, elapsed: 10ms
[proof-first] Seeding: 40/100, pool size: 40, elapsed: 11ms
[proof-first] Seeding: 50/100, pool size: 47, elapsed: 13ms
[proof-first] Seeding: 60/100, pool size: 57, elapsed: 19ms
[proof-first] Seeding: 70/100, pool size: 67, elapsed: 21ms
[proof-first] Seeding: 80/100, pool size: 75, elapsed: 22ms
[proof-first] Seeding: 90/100, pool size: 83, elapsed: 24ms
[proof-first] Seeding: 100/100, pool size: 92, elapsed: 25ms
[proof-first] Ex-falso cap applied in 0ms, pool size: 92
[proof-first] depth=0 pool=200 (+108, 117% growth) elapsed=74ms
[proof-first] Generation complete: 200 theorems in 99ms
[test] Pool contains (p → p): false
[test] Hybrid label for (p → p): FormalSystem.Automation.FormulaLabel.valid, method: structural_prefilter
[test] PASS: hybrid mode correctly labels (p → p) as valid
info: FormalSystem/Automation/DatasetGenerator.lean:2060:0: [test] Hybrid fallthrough: label=FormalSystem.Automation.FormulaLabel.invalid, method=adaptive_360
[test] PASS: hybrid mode fell through to tableau (not proof_first)
info: FormalSystem/Automation/DatasetGenerator.lean:2078:0: [proof-first] Seeding: 20/200, pool size: 20, elapsed: 10ms
[proof-first] Seeding: 40/200, pool size: 39, elapsed: 27ms
[proof-first] Seeding: 60/200, pool size: 56, elapsed: 46ms
[proof-first] Seeding: 80/200, pool size: 74, elapsed: 53ms
[proof-first] Seeding: 100/200, pool size: 91, elapsed: 62ms
[proof-first] Seeding: 120/200, pool size: 108, elapsed: 97ms
[proof-first] Seeding: 140/200, pool size: 122, elapsed: 113ms
[proof-first] Seeding: 160/200, pool size: 137, elapsed: 121ms
[proof-first] Seeding: 180/200, pool size: 154, elapsed: 128ms
[proof-first] Seeding: 200/200, pool size: 169, elapsed: 135ms
[proof-first] Ex-falso cap applied in 2ms, pool size: 169
[proof-first] depth=0 pool=500 (+331, 195% growth) elapsed=305ms
[proof-first] Generation complete: 500 theorems in 442ms
[test] Pool size: 500
[test] OK: (p → p) -> FormalSystem.Automation.FormulaLabel.valid (ex: structural_prefilter, hy: structural_prefilter)
[test] OK: (□p → p) -> FormalSystem.Automation.FormulaLabel.valid (ex: structural_prefilter, hy: structural_prefilter)
[test] OK: (U(p, q) → U(q, (⊥ → ⊥))) -> FormalSystem.Automation.FormulaLabel.valid (ex: structural_prefilter, hy: structural_prefilter)
[test] OK: (S(p, q) → S(q, (⊥ → ⊥))) -> FormalSystem.Automation.FormulaLabel.valid (ex: structural_prefilter, hy: structural_prefilter)
[test] OK: (p → q) -> FormalSystem.Automation.FormulaLabel.invalid (ex: adaptive_240, hy: adaptive_240)
[test] OK: (U(p, q) → U(r, q)) -> FormalSystem.Automation.FormulaLabel.invalid (ex: adaptive_360, hy: adaptive_360)
[test] OK: (p → (q → q)) -> FormalSystem.Automation.FormulaLabel.valid (ex: structural_prefilter, hy: structural_prefilter)
[test] OK: (□⊥ → q) -> FormalSystem.Automation.FormulaLabel.valid (ex: structural_prefilter, hy: structural_prefilter)
[test] Prefilter hits: 6, Pool hits: 0
[test] PASS: all labels match between exhaustive and hybrid modes
info: FormalSystem/Automation/DatasetGenerator.lean:2143:0: [test] OK: (p → ⊥) -> invalid via structural_invalid_prefilter:invalid_satisfiable_neg
[test] OK: (p → U(⊥, q)) -> invalid via structural_invalid_prefilter:invalid_satisfiable_neg
[test] OK: (□p → ⊥) -> invalid via structural_invalid_prefilter:invalid_satisfiable_neg
[test] OK: (U(p, q) → U(⊥, r)) -> invalid via structural_invalid_prefilter:invalid_false_consequent
[test] OK: ((U(((p → ⊥) → ⊥), (⊥ → ⊥)) → ⊥) → U(p, q)) -> invalid via structural_invalid_prefilter:invalid_unfulfillable_eventuality
[test] OK: (p → p) -> FormalSystem.Automation.FormulaLabel.valid via structural_prefilter (not invalid prefilter)
[test] OK: (□⊥ → q) -> FormalSystem.Automation.FormulaLabel.valid via structural_prefilter (not invalid prefilter)
[test] OK: (U(⊥, p) → U(⊥, q)) -> FormalSystem.Automation.FormulaLabel.valid via structural_prefilter (not invalid prefilter)
[test] OK: (p → (q → q)) -> FormalSystem.Automation.FormulaLabel.valid via structural_prefilter (not invalid prefilter)
[test] PASS: all invalid prefilter integration tests pass
info: FormalSystem/Automation/DatasetGenerator.lean:2200:0: [test] OK: (p → ⊥) — prefilter=invalid, tableau=FormalSystem.Automation.FormulaLabel.invalid
[test] OK: (□p → ⊥) — prefilter=invalid, tableau=FormalSystem.Automation.FormulaLabel.invalid
[test] OK: (p → U(⊥, q)) — prefilter=invalid, tableau=FormalSystem.Automation.FormulaLabel.invalid
[test] OK: (p → □⊥) — prefilter=invalid, tableau=FormalSystem.Automation.FormulaLabel.invalid
[test] OK: (((p → (q → ⊥)) → ⊥) → ⊥) — prefilter=invalid, tableau=FormalSystem.Automation.FormulaLabel.invalid
[test] OK: (□□p → U(⊥, q)) — prefilter=invalid, tableau=FormalSystem.Automation.FormulaLabel.invalid
[test] OK: ((⊥ → ⊥) → ⊥) — prefilter=invalid, tableau=FormalSystem.Automation.FormulaLabel.invalid
[test] OK: (p → S(⊥, q)) — prefilter=invalid, tableau=FormalSystem.Automation.FormulaLabel.invalid
[test] OK: (((p → ((q → ⊥) → ⊥)) → ⊥) → ⊥) — prefilter=invalid, tableau=FormalSystem.Automation.FormulaLabel.invalid
[test] OK: (U(p, q) → U(⊥, r)) — prefilter=invalid, tableau=FormalSystem.Automation.FormulaLabel.invalid
[test] PASS: all cross-validation tests agree
info: FormalSystem/Automation/DatasetGenerator.lean:2238:0: [test] OK: (p → p) — not caught by invalid prefilter
[test] OK: (□⊥ → q) — not caught by invalid prefilter
[test] OK: (p → (q → q)) — not caught by invalid prefilter
[test] OK: (□p → p) — not caught by invalid prefilter
[test] OK: (□p → □□p) — not caught by invalid prefilter
[test] OK: ((U((p → ⊥), (⊥ → ⊥)) → ⊥) → p) — not caught by invalid prefilter
[test] OK: ((U((p → ⊥), (⊥ → ⊥)) → ⊥) → U(p, (⊥ → ⊥))) — not caught by invalid prefilter
[test] OK: (U(p, q) → U(q, (⊥ → ⊥))) — not caught by invalid prefilter
[test] OK: (S(p, q) → S(q, (⊥ → ⊥))) — not caught by invalid prefilter
[test] OK: (U(⊥, p) → U(⊥, q)) — not caught by invalid prefilter
[test] PASS: no valid formulas mislabeled by invalid prefilter
info: FormalSystem/Automation/DatasetGenerator.lean:2267:0: [test] ⊥ → ⊥: none (expected: none — vacuously valid)
[test] ⊤ → ⊥: some (false, "invalid_satisfiable_neg") (expected: some (false, invalid_satisfiable_neg))
[test] □⊥ → U(⊥,p): none (expected: none — vacuously valid)
[test] p → □⊥: some (false, "invalid_satisfiable_neg") (expected: some (false, invalid_satisfiable_neg))
[test] PASS: all edge case tests correct
warning: FormalSystem/Automation/DatasetGenerator.lean:2269:6: Variable name `q` is not explicitly referenced.

Hint: The binding can be removed (if unused) or named `_` (if used implicitly). Alternatively, prefix the name with `_` to silence this warning:
  [apply] _q

Note: This linter can be disabled with `set_option linter.unusedVariables false`
✔ [2051/2724] Built Mathlib.Algebra.Group.Semiconj.Defs:c.o (199ms)
✔ [2052/2724] Built Mathlib.Algebra.Group.Equiv.Basic:c.o (384ms)
✔ [2053/2724] Built Mathlib.Algebra.Group.Commute.Defs:c.o (84ms)
✔ [2054/2724] Built Mathlib.Algebra.Group.Torsion:c.o (105ms)
✔ [2055/2724] Built Mathlib.Algebra.Group.Equiv.Defs:c.o (542ms)
✔ [2056/2724] Built Mathlib.Algebra.Group.Hom.Basic:c.o (569ms)
✔ [2057/2724] Built Mathlib.Algebra.Opposites:c.o (293ms)
✔ [2058/2724] Built Mathlib.Algebra.Group.Opposite:c.o (329ms)
✔ [2059/2724] Built Mathlib.Algebra.Group.InjSurj:c.o (593ms)
✔ [2060/2724] Built Mathlib.Algebra.Group.Equiv.Opposite:c.o (415ms)
✔ [2061/2724] Built Mathlib.Algebra.Notation.Pi.Basic:c.o (157ms)
✔ [2062/2724] Built Mathlib.Algebra.Group.Even:c.o (168ms)
✔ [2063/2724] Built Mathlib.Algebra.Group.TypeTags.Basic:c.o (284ms)
✔ [2064/2724] Built Mathlib.Algebra.Group.Pi.Basic:c.o (313ms)
✔ [2065/2724] Built Mathlib.Algebra.Group.Units.Basic:c.o (136ms)
✔ [2066/2724] Built Mathlib.Algebra.Group.Units.Hom:c.o (256ms)
✔ [2067/2724] Built Mathlib.Algebra.Order.Group.OrderIso:c.o (126ms)
✔ [2068/2724] Built Mathlib.Algebra.Order.Group.Lattice:c.o (93ms)
✔ [2069/2724] Built Mathlib.Algebra.Group.Units.Defs:c.o (708ms)
✔ [2070/2724] Built Mathlib.Algebra.Group.Units.Equiv:c.o (407ms)
✔ [2071/2724] Built Mathlib.Algebra.Order.Group.Unbundled.Abs:c.o (273ms)
✔ [2072/2724] Built Mathlib.Algebra.Order.Monoid.Unbundled.OrderDual:c.o (100ms)
✔ [2073/2724] Built Mathlib.Algebra.Order.Monoid.Unbundled.Pow:c.o (92ms)
✔ [2074/2724] Built Mathlib.Algebra.Order.Group.Abs:c.o (92ms)
✔ [2107/2724] Built Mathlib.Order.Minimal:c.o (114ms)
✔ [2108/2724] Built Mathlib.Algebra.Divisibility.Basic:c.o (127ms)
✔ [2109/2724] Built Mathlib.Algebra.BigOperators.Group.List.Defs:c.o (128ms)
✔ [2110/2724] Built Mathlib.Algebra.Group.Int.Defs:c.o (121ms)
✔ [2111/2724] Built Mathlib.Algebra.BigOperators.Group.List.Basic:c.o (105ms)
✔ [2112/2724] Built Mathlib.Algebra.Group.Nat.Units:c.o (88ms)
✔ [2113/2724] Built Mathlib.Algebra.Group.Int.Units:c.o (90ms)
✔ [2114/2724] Built Mathlib.Data.List.Flatten:c.o (84ms)
✔ [2115/2724] Built Mathlib.Data.List.Pairwise:c.o (87ms)
✔ [2116/2724] Built FormalSystem.Metalogic.Decidability.SignedFormula:c.o (2.2s)
✔ [2117/2724] Built Mathlib.Data.List.Chain:c.o (85ms)
✔ [2118/2724] Built Mathlib.Data.List.Lex:c.o (166ms)
✔ [2119/2724] Built Mathlib.Data.List.Range:c.o (149ms)
✔ [2120/2724] Built Mathlib.Data.List.Rotate:c.o (142ms)
✔ [2121/2724] Built Mathlib.Data.List.ProdSigma:c.o (81ms)
✔ [2122/2724] Built Mathlib.Algebra.BigOperators.Group.List.Lemmas:c.o (109ms)
✔ [2123/2724] Built Mathlib.Algebra.BigOperators.Group.Multiset.Defs:c.o (107ms)
✔ [2124/2724] Built Mathlib.Algebra.Order.Sub.Unbundled.Basic:c.o (87ms)
✔ [2125/2724] Built Mathlib.Algebra.Order.Group.Synonym:c.o (947ms)
✔ [2126/2724] Built Mathlib.Algebra.BigOperators.Group.Multiset.Basic:c.o (103ms)
✔ [2127/2724] Built Mathlib.Data.Multiset.Bind:c.o (111ms)
✔ [2128/2724] Built Mathlib.Data.Finset.Union:c.o (119ms)
✔ [2129/2724] Built Mathlib.Data.Finset.Lattice.Union:c.o (100ms)
✔ [2130/2724] Built Mathlib.Data.Nat.Choose.Basic:c.o (159ms)
✔ [2131/2724] Built Mathlib.Data.Nat.Factorial.Basic:c.o (280ms)
✔ [2132/2724] Built Mathlib.Data.List.Sublists:c.o (186ms)
✔ [2133/2724] Built Mathlib.Data.List.Zip:c.o (97ms)
✔ [2134/2724] Built Mathlib.Data.Set.Pairwise.Lattice:c.o (81ms)
✔ [2135/2724] Built Mathlib.Data.Multiset.Powerset:c.o (120ms)
✔ [2136/2724] Built Mathlib.Data.Fintype.Powerset:c.o (82ms)
✔ [2137/2724] Built FormalSystem.Semantics.TaskFrame:c.o (96ms)
✔ [2138/2724] Built FormalSystem.Semantics.PartialHistory:c.o (83ms)
✔ [2139/2724] Built Mathlib.Data.Finset.Powerset:c.o (151ms)
✔ [2140/2724] Built FormalSystem.Semantics.WorldHistory:c.o (129ms)
✔ [2141/2724] Built Mathlib.Algebra.Order.Group.Int:c.o (89ms)
✔ [2142/2724] Built Mathlib.Data.Int.Basic:c.o (90ms)
✔ [2143/2724] Built Mathlib.Algebra.Group.Prod:c.o (681ms)
✔ [2144/2724] Built Mathlib.Algebra.Order.Group.Unbundled.Int:c.o (90ms)
✔ [2145/2724] Built Mathlib.Algebra.GroupWithZero.NeZero:c.o (88ms)
✔ [2146/2724] Built Mathlib.Algebra.GroupWithZero.Basic:c.o (103ms)
✔ [2147/2724] Built Mathlib.Algebra.GroupWithZero.Defs:c.o (157ms)
✔ [2148/2724] Built Mathlib.Tactic.Nontriviality:c.o (90ms)
✔ [2149/2724] Built Mathlib.Algebra.GroupWithZero.Units.Basic:c.o (160ms)
✔ [2150/2724] Built Mathlib.Tactic.Bound.Init:c.o (128ms)
✔ [2151/2724] Built Mathlib.Algebra.Order.GroupWithZero.Defs:c.o (237ms)
✔ [2152/2724] Built Mathlib.Algebra.Order.GroupWithZero.Basic:c.o (220ms)
✔ [2153/2724] Built Mathlib.Data.Nat.Cast.Defs:c.o (201ms)
✔ [2154/2724] Built Mathlib.Algebra.Order.Monoid.NatCast:c.o (87ms)
✔ [2155/2724] Built Mathlib.Algebra.Order.Monoid.Unbundled.MinMax:c.o (84ms)
✔ [2156/2724] Built Mathlib.Algebra.Order.Ring.Unbundled.Basic:c.o (91ms)
✔ [2157/2724] Built Mathlib.Data.Int.Cast.Defs:c.o (185ms)
✔ [2158/2724] Built Mathlib.Algebra.CharZero.Defs:c.o (80ms)
✔ [2159/2724] Built Mathlib.Tactic.Nontriviality.Core:c.o (764ms)
✔ [2160/2724] Built Mathlib.Data.Int.Cast.Basic:c.o (92ms)
✔ [2161/2724] Built Mathlib.Algebra.Ring.GrindInstances:c.o (151ms)
✔ [2162/2724] Built Mathlib.Algebra.Order.Ring.Defs:c.o (105ms)
✔ [2163/2724] Built Mathlib.Algebra.Group.Nat.Even:c.o (118ms)
✔ [2164/2724] Built Mathlib.Algebra.Ring.Defs:c.o (498ms)
✔ [2165/2724] Built Mathlib.Data.Int.Sqrt:c.o (104ms)
✔ [2166/2724] Built Mathlib.Algebra.Group.Int.Even:c.o (114ms)
✔ [2167/2724] Built Mathlib.Algebra.Divisibility.Hom:c.o (98ms)
✔ [2168/2724] Built Mathlib.Algebra.Group.Nat.Hom:c.o (110ms)
✔ [2169/2724] Built Mathlib.Algebra.Group.TypeTags.Hom:c.o (205ms)
✔ [2170/2724] Built Mathlib.Algebra.GroupWithZero.Hom:c.o (237ms)
✔ [2171/2724] Built Mathlib.Data.List.TFAE:c.o (131ms)
✔ [2172/2724] Built Mathlib.Util.AtomM:c.o (306ms)
✔ [2173/2724] Built Mathlib.Algebra.Group.Hom.Instances:c.o (494ms)
✔ [2174/2724] Built Mathlib.Algebra.Ring.Basic:c.o (155ms)
✔ [2175/2724] Built Mathlib.Algebra.GroupWithZero.Nat:c.o (110ms)
✔ [2176/2724] Built Mathlib.Algebra.Ring.Nat:c.o (112ms)
✔ [2177/2724] Built Mathlib.Data.Nat.Cast.Basic:c.o (124ms)
✔ [2178/2724] Built Mathlib.Algebra.Group.Semiconj.Units:c.o (91ms)
✖ [2179/2724] Building FormalSystem.Automation.DatasetExport (4.8s)
trace: .> LEAN_PATH=/home/benjamin/Projects/BimodalLogic/.lake/packages/Cli/.lake/build/lib/lean:/home/benjamin/Projects/BimodalLogic/.lake/packages/batteries/.lake/build/lib/lean:/home/benjamin/Projects/BimodalLogic/.lake/packages/Qq/.lake/build/lib/lean:/home/benjamin/Projects/BimodalLogic/.lake/packages/aesop/.lake/build/lib/lean:/home/benjamin/Projects/BimodalLogic/.lake/packages/proofwidgets/.lake/build/lib/lean:/home/benjamin/Projects/BimodalLogic/.lake/packages/importGraph/.lake/build/lib/lean:/home/benjamin/Projects/BimodalLogic/.lake/packages/LeanSearchClient/.lake/build/lib/lean:/home/benjamin/Projects/BimodalLogic/.lake/packages/plausible/.lake/build/lib/lean:/home/benjamin/Projects/BimodalLogic/.lake/packages/mathlib/.lake/build/lib/lean:/home/benjamin/Projects/BimodalLogic/.lake/build/lib/lean /home/benjamin/.elan/toolchains/leanprover--lean4---v4.33.0-rc1/bin/lean /home/benjamin/Projects/BimodalLogic/FormalSystem/Automation/DatasetExport.lean -o /home/benjamin/Projects/BimodalLogic/.lake/build/lib/lean/FormalSystem/Automation/DatasetExport.olean -i /home/benjamin/Projects/BimodalLogic/.lake/build/lib/lean/FormalSystem/Automation/DatasetExport.ilean -c /home/benjamin/Projects/BimodalLogic/.lake/build/ir/FormalSystem/Automation/DatasetExport.c --setup /home/benjamin/Projects/BimodalLogic/.lake/build/ir/FormalSystem/Automation/DatasetExport.setup.json --json
error: FormalSystem/Automation/DatasetExport.lean:580:2: Missing cases:
FrameClass.Dedekind
warning: FormalSystem/Automation/DatasetExport.lean:1273:34: `String.trimLeft` has been deprecated: Use `String.trimAsciiStart` instead

Note: The updated constant has a different type:
  String → String.Slice
instead of
  String → String
error: Lean exited with code 1
✔ [2180/2724] Built Mathlib.Algebra.Ring.Hom.Defs:c.o (367ms)
✔ [2181/2724] Built Mathlib.Algebra.GroupWithZero.Semiconj:c.o (89ms)
✔ [2182/2724] Built Mathlib.Algebra.Group.Commute.Units:c.o (178ms)
✔ [2183/2724] Built Mathlib.Algebra.GroupWithZero.Commute:c.o (86ms)
✔ [2184/2724] Built Mathlib.Algebra.Ring.Semiconj:c.o (88ms)
✔ [2185/2724] Built Mathlib.Algebra.GroupWithZero.InjSurj:c.o (245ms)
✔ [2186/2724] Built Mathlib.Algebra.Ring.Units:c.o (112ms)
✔ [2187/2724] Built Mathlib.Data.Bracket:c.o (122ms)
✔ [2188/2724] Built Mathlib.Algebra.Ring.Commute:c.o (103ms)
✔ [2189/2724] Built Mathlib.Data.Nat.Cast.Commute:c.o (88ms)
✔ [2190/2724] Built Mathlib.Algebra.Ring.Parity:c.o (104ms)
✔ [2191/2724] Built Mathlib.Algebra.Ring.Int.Defs:c.o (128ms)
✔ [2192/2724] Built Mathlib.Algebra.Ring.Int.Parity:c.o (88ms)
✔ [2193/2724] Built Mathlib.Data.Nat.Cast.NeZero:c.o (84ms)
✔ [2194/2724] Built Mathlib.Data.Nat.Cast.Order.Basic:c.o (109ms)
✔ [2195/2724] Built Mathlib.Data.Int.GCD:c.o (236ms)
✔ [2196/2724] Built Mathlib.Algebra.Order.Ring.Int:c.o (111ms)
✔ [2197/2724] Built Mathlib.Algebra.Order.Monoid.Canonical.Defs:c.o (121ms)
✔ [2199/2724] Built Mathlib.Algebra.Order.Group.Nat:c.o (98ms)
✔ [2200/2724] Built Mathlib.Order.SuccPred.Limit:c.o (93ms)
✔ [2201/2724] Built Mathlib.Algebra.Ring.InjSurj:c.o (707ms)
✔ [2202/2724] Built Mathlib.Order.SuccPred.WithBot:c.o (113ms)
✔ [2203/2724] Built Mathlib.Algebra.Order.SuccPred:c.o (100ms)
✔ [2204/2724] Built Mathlib.Algebra.Order.Monoid.Unbundled.WithTop:c.o (324ms)
✔ [2205/2724] Built Mathlib.Data.Nat.SuccPred:c.o (108ms)
✔ [2206/2724] Built Mathlib.Data.Int.SuccPred:c.o (94ms)
✔ [2207/2724] Built FormalSystem.Semantics.IntNormalForm:c.o (88ms)
✔ [2208/2724] Built Mathlib.Order.CompleteLattice.Chain:c.o (91ms)
✔ [2209/2724] Built Mathlib.Order.Zorn:c.o (108ms)
✔ [2210/2724] Built FormalSystem.Semantics.PartialHistoryOrder:c.o (92ms)
✔ [2211/2724] Built FormalSystem.Semantics.FrameAxioms:c.o (77ms)
✔ [2212/2724] Built Mathlib.Tactic.Bound.Attribute:c.o (2.8s)
✔ [2213/2724] Built Mathlib.Tactic.HaveI:c.o (163ms)
✔ [2214/2724] Built Mathlib.Lean.Expr.Rat:c.o (139ms)
✔ [2215/2724] Built Mathlib.Algebra.Group.Invertible.Defs:c.o (260ms)
✔ [2216/2724] Built Batteries.Classes.RatCast:c.o (135ms)
✔ [2217/2724] Built Mathlib.Data.Rat.Init:c.o (210ms)
✔ [2218/2724] Built Mathlib.Algebra.GroupWithZero.Invertible:c.o (106ms)
✔ [2219/2724] Built Mathlib.Util.AtomM.Recurse:c.o (507ms)
✔ [2220/2724] Built Mathlib.Algebra.Field.Defs:c.o (274ms)
✔ [2221/2724] Built Mathlib.Algebra.Group.Invertible.Basic:c.o (238ms)
✔ [2222/2724] Built Mathlib.Util.Qq:c.o (307ms)
✔ [2223/2724] Built Mathlib.Tactic.TryThis:c.o (178ms)
✔ [2224/2724] Built FormalSystem.Semantics.Extension.Constraint:c.o (75ms)
✔ [2225/2724] Built FormalSystem.Semantics.Extension.Admissible:c.o (77ms)
✔ [2226/2724] Built FormalSystem.Semantics.Extension.Step:c.o (76ms)
✔ [2227/2724] Built FormalSystem.Semantics.Extension.Extension:c.o (108ms)
✔ [2228/2724] Built FormalSystem.Semantics.TaskModel:c.o (95ms)
✔ [2230/2724] Built Mathlib.Algebra.Group.Action.Defs:c.o (193ms)
✔ [2231/2724] Built Mathlib.Algebra.Group.Action.Faithful:c.o (86ms)
✔ [2232/2724] Built Mathlib.Algebra.Group.Action.Units:c.o (181ms)
✔ [2233/2724] Built Mathlib.Algebra.Group.Action.Basic:c.o (214ms)
✔ [2234/2724] Built Mathlib.Tactic.NormNum.Result:c.o (1.5s)
✔ [2235/2724] Built Mathlib.Algebra.Group.Action.TypeTags:c.o (128ms)
✔ [2236/2724] Built Mathlib.Algebra.Group.Action.Pretransitive:c.o (88ms)
✔ [2237/2724] Built Mathlib.Algebra.Group.Action.Hom:c.o (198ms)
✔ [2238/2724] Built Mathlib.Algebra.Group.Equiv.TypeTags:c.o (383ms)
✔ [2239/2724] Built Mathlib.Algebra.Group.End:c.o (319ms)
✔ [2240/2724] Built Mathlib.Algebra.Group.Action.End:c.o (191ms)
✔ [2241/2724] Built Mathlib.Algebra.Group.Pointwise.Set.Scalar:c.o (117ms)
✔ [2242/2724] Built Mathlib.Tactic.TFAE:c.o (4.2s)
✔ [2243/2724] Built Mathlib.Algebra.Group.Pointwise.Set.Basic:c.o (213ms)
✔ [2244/2724] Built Mathlib.Algebra.Group.Pointwise.Set.Lattice:c.o (96ms)
✔ [2245/2724] Built Mathlib.Data.Set.Piecewise:c.o (91ms)
✔ [2246/2724] Built Mathlib.Algebra.Group.Conj:c.o (223ms)
✔ [2247/2724] Built Mathlib.Algebra.Group.Pi.Lemmas:c.o (282ms)
✔ [2248/2724] Built Mathlib.Algebra.Group.Subsemigroup.Defs:c.o (205ms)
✔ [2249/2724] Built Mathlib.Algebra.Group.Subsemigroup.Basic:c.o (177ms)
✔ [2250/2724] Built Mathlib.Algebra.Group.Submonoid.Defs:c.o (302ms)
✔ [2251/2724] Built Mathlib.Algebra.Group.Submonoid.Basic:c.o (212ms)
✔ [2252/2724] Built Mathlib.Tactic.NormNum.Core:c.o (2.9s)
✔ [2253/2724] Built Mathlib.Algebra.Group.Submonoid.MulAction:c.o (159ms)
✔ [2254/2724] Built Mathlib.Algebra.Group.Submonoid.Operations:c.o (374ms)
✔ [2255/2724] Built Mathlib.Algebra.Group.Subgroup.Lattice:c.o (233ms)
✔ [2256/2724] Built Mathlib.Algebra.Group.Subgroup.Defs:c.o (353ms)
✔ [2257/2724] Built Mathlib.Algebra.Group.Subgroup.Map:c.o (252ms)
✔ [2258/2724] Built Mathlib.Algebra.Group.Subgroup.Ker:c.o (177ms)
✔ [2259/2724] Built Mathlib.Algebra.Group.Subsemigroup.MulOpposite:c.o (116ms)
✔ [2260/2724] Built Mathlib.Algebra.Group.Subgroup.Basic:c.o (186ms)
✔ [2261/2724] Built Mathlib.Algebra.Group.Submonoid.MulOpposite:c.o (131ms)
✔ [2262/2724] Built Mathlib.Algebra.Group.Subgroup.MulOpposite:c.o (139ms)
✔ [2263/2724] Built Mathlib.Algebra.Group.Subgroup.MulOppositeLemmas:c.o (135ms)
✔ [2264/2724] Built Mathlib.Algebra.Group.Subgroup.ZPowers.Basic:c.o (104ms)
✔ [2265/2724] Built Mathlib.Algebra.Group.Action.Pointwise.Set.Basic:c.o (114ms)
✔ [2266/2724] Built Mathlib.Algebra.Group.Idempotent:c.o (124ms)
✔ [2267/2724] Built Mathlib.Tactic.Abel:c.o (3.5s)
✔ [2268/2724] Built Mathlib.Tactic.NormNum.Basic:c.o (3.9s)
✔ [2269/2724] Built Mathlib.Algebra.Group.Action.Opposite:c.o (404ms)
✔ [2270/2724] Built Mathlib.Algebra.FreeMonoid.Basic:c.o (383ms)
✔ [2271/2724] Built Mathlib.Algebra.Order.BigOperators.Group.List:c.o (90ms)
✔ [2272/2724] Built Mathlib.Algebra.Group.Submonoid.Membership:c.o (225ms)
✔ [2273/2724] Built Mathlib.Data.Sigma.Lex:c.o (129ms)
✔ [2274/2724] Built Mathlib.Logic.Embedding.Set:c.o (129ms)
✔ [2275/2724] Built Mathlib.Order.RelIso.Set:c.o (94ms)
✔ [2276/2724] Built Mathlib.Data.Prod.Lex:c.o (214ms)
✔ [2277/2724] Built Mathlib.Data.Set.Finite.Basic:c.o (170ms)
✔ [2278/2724] Built Mathlib.Data.Finset.Max:c.o (128ms)
✔ [2279/2724] Built Mathlib.Data.Set.Finite.Powerset:c.o (84ms)
✔ [2280/2724] Built Mathlib.Data.Set.Finite.Range:c.o (98ms)
✔ [2281/2724] Built Mathlib.Data.Finset.Option:c.o (152ms)
✔ [2282/2724] Built Mathlib.Data.Fintype.Option:c.o (125ms)
✔ [2283/2724] Built Mathlib.Data.Set.Finite.Lattice:c.o (110ms)
✔ [2284/2724] Built Mathlib.Order.ConditionallyCompletePartialOrder.Indexed:c.o (81ms)
✔ [2285/2724] Built Mathlib.Order.ConditionallyCompleteLattice.Indexed:c.o (81ms)
✔ [2286/2724] Built Mathlib.Algebra.Group.Embedding:c.o (94ms)
✔ [2287/2724] Built Mathlib.Data.Multiset.Pi:c.o (111ms)
✔ [2288/2724] Built Mathlib.Logic.Function.DependsOn:c.o (93ms)
✔ [2289/2724] Built Mathlib.Data.Finset.Pi:c.o (105ms)
✔ [2290/2724] Built Mathlib.Order.ConditionallyCompleteLattice.Finset:c.o (209ms)
✔ [2291/2724] Built Mathlib.Data.Set.Sigma:c.o (85ms)
✔ [2292/2724] Built Mathlib.Order.CompleteLattice.Finset:c.o (95ms)
✔ [2293/2724] Built Mathlib.Data.Finset.Sigma:c.o (100ms)
✔ [2294/2724] Built Mathlib.Data.Finset.Preimage:c.o (107ms)
✔ [2295/2724] Built Mathlib.Data.List.Enum:c.o (82ms)
✔ [2296/2724] Built Mathlib.Data.Finset.Prod:c.o (105ms)
✔ [2297/2724] Built Mathlib.Order.Preorder.Finite:c.o (85ms)
✔ [2298/2724] Built Mathlib.Data.List.OffDiag:c.o (138ms)
✔ [2299/2724] Built Mathlib.Order.Interval.Finset.Basic:c.o (102ms)
✔ [2300/2724] Built Mathlib.Order.Interval.Multiset:c.o (113ms)
✔ [2301/2724] Built Mathlib.Order.Lattice.Nat:c.o (85ms)
✔ [2302/2724] Built Mathlib.Order.Interval.Finset.Nat:c.o (129ms)
✔ [2303/2724] Built Mathlib.Order.OrderIsoNat:c.o (111ms)
✔ [2304/2724] Built Mathlib.Order.WellQuasiOrder:c.o (93ms)
✔ [2305/2724] Built Mathlib.Order.WellFoundedSet:c.o (94ms)
✔ [2306/2724] Built Mathlib.Algebra.Group.Submonoid.Pointwise:c.o (119ms)
✔ [2307/2724] Built Mathlib.Algebra.Group.Commutator:c.o (116ms)
✔ [2308/2724] Built Mathlib.Algebra.Group.Center:c.o (122ms)
✔ [2309/2724] Built Mathlib.GroupTheory.Subsemigroup.Center:c.o (119ms)
✔ [2310/2724] Built Mathlib.GroupTheory.GroupAction.Defs:c.o (342ms)
✔ [2311/2724] Built Mathlib.GroupTheory.Submonoid.Center:c.o (183ms)
✔ [2312/2724] Built Mathlib.GroupTheory.Subgroup.Center:c.o (147ms)
✔ [2313/2724] Built Mathlib.GroupTheory.Subsemigroup.Centralizer:c.o (110ms)
✔ [2314/2724] Built Mathlib.Tactic.ApplyFun:c.o (1.9s)
✔ [2315/2724] Built Mathlib.GroupTheory.Submonoid.Centralizer:c.o (116ms)
✔ [2316/2724] Built Mathlib.GroupTheory.Subgroup.Centralizer:c.o (130ms)
✔ [2317/2724] Built Mathlib.Algebra.Group.Subgroup.Pointwise:c.o (117ms)
✔ [2318/2724] Built Mathlib.Data.Int.Cast.Lemmas:c.o (144ms)
✔ [2319/2724] Built Mathlib.GroupTheory.GroupAction.ConjAct:c.o (267ms)
✔ [2320/2724] Built Mathlib.Data.Setoid.Basic:c.o (195ms)
✔ [2321/2724] Built Mathlib.Algebra.Quotient:c.o (126ms)
✔ [2322/2724] Built Mathlib.GroupTheory.Coset.Defs:c.o (253ms)
✔ [2323/2724] Built Mathlib.GroupTheory.Congruence.Hom:c.o (171ms)
✔ [2324/2724] Built Mathlib.Order.Interval.Finset.Defs:c.o (1.1s)
✔ [2325/2724] Built Mathlib.GroupTheory.Coset.Basic:c.o (314ms)
✔ [2326/2724] Built Mathlib.GroupTheory.QuotientGroup.Defs:c.o (281ms)
✔ [2327/2724] Built Mathlib.Algebra.Order.Archimedean.Defs:c.o (90ms)
✔ [2328/2724] Built Mathlib.GroupTheory.Congruence.Defs:c.o (480ms)
✔ [2329/2724] Built Mathlib.Algebra.Group.WithOne.Map:c.o (109ms)
✔ [2330/2724] Built Mathlib.Algebra.GroupWithZero.Regular:c.o (86ms)
✔ [2331/2724] Built Mathlib.GroupTheory.QuotientGroup.Basic:c.o (323ms)
✔ [2332/2724] Built Mathlib.Algebra.GroupWithZero.Equiv:c.o (97ms)
✔ [2333/2724] Built Mathlib.Algebra.Order.Monoid.WithTop:c.o (86ms)
✔ [2334/2724] Built Mathlib.Algebra.Regular.Basic:c.o (98ms)
✔ [2335/2724] Built Mathlib.Algebra.Order.Group.Units:c.o (81ms)
✔ [2336/2724] Built Mathlib.Algebra.Group.WithOne.Defs:c.o (438ms)
✔ [2337/2724] Built Mathlib.Algebra.Order.AddGroupWithTop:c.o (181ms)
✔ [2338/2724] Built Mathlib.Algebra.Order.Monoid.OrderDual:c.o (95ms)
✔ [2339/2724] Built Mathlib.Algebra.Order.Monoid.Units:c.o (239ms)
✔ [2340/2724] Built Mathlib.Algebra.Order.Monoid.TypeTags:c.o (88ms)
✔ [2341/2724] Built Mathlib.Algebra.GroupWithZero.WithZero:c.o (501ms)
✔ [2342/2724] Built Mathlib.Algebra.Order.Ring.Nat:c.o (100ms)
✔ [2343/2724] Built Mathlib.Algebra.Order.Sub.Basic:c.o (102ms)
✔ [2344/2724] Built Mathlib.Data.Nat.Cast.Order.Ring:c.o (88ms)
✔ [2345/2724] Built Mathlib.Algebra.Order.Monoid.Unbundled.TypeTags:c.o (332ms)
✔ [2346/2724] Built Mathlib.Algebra.Order.Ring.Cast:c.o (91ms)
✔ [2347/2724] Built Mathlib.Algebra.Order.GroupWithZero.Canonical:c.o (371ms)
✔ [2348/2724] Built Mathlib.Algebra.Order.GroupWithZero.Synonym:c.o (202ms)
✔ [2349/2724] Built Mathlib.Data.Int.LeastGreatest:c.o (134ms)
✔ [2350/2724] Built Mathlib.Algebra.Order.Floor.Semiring:c.o (96ms)
✔ [2351/2724] Built Mathlib.Algebra.Ring.Invertible:c.o (118ms)
✔ [2352/2724] Built Mathlib.Algebra.GroupWithZero.Units.Lemmas:c.o (96ms)
✔ [2353/2724] Built Mathlib.Algebra.Order.Floor.Defs:c.o (294ms)
✔ [2354/2724] Built Mathlib.Algebra.GroupWithZero.Units.Equiv:c.o (132ms)
✔ [2355/2724] Built Mathlib.Algebra.Order.GroupWithZero.OrderIso:c.o (95ms)
✔ [2356/2724] Built Mathlib.Algebra.Order.Ring.Basic:c.o (84ms)
✔ [2357/2724] Built Mathlib.Algebra.Ring.Divisibility.Basic:c.o (91ms)
✔ [2358/2724] Built Mathlib.Algebra.Ring.Int.Units:c.o (91ms)
✔ [2359/2724] Built Mathlib.Algebra.Order.Ring.Synonym:c.o (376ms)
✔ [2360/2724] Built Mathlib.Algebra.Field.Basic:c.o (385ms)
✔ [2361/2724] Built Mathlib.Algebra.Order.Ring.Abs:c.o (145ms)
✔ [2362/2724] Built Mathlib.Data.Set.Monotone:c.o (89ms)
✔ [2363/2724] Built Mathlib.Order.Bounds.OrderIso:c.o (87ms)
✔ [2364/2724] Built Mathlib.Algebra.Order.Invertible:c.o (88ms)
✔ [2365/2724] Built Mathlib.Algebra.BigOperators.Group.Finset.Defs:c.o (1.5s)
✔ [2366/2724] Built Mathlib.Tactic.FieldSimp.Attr:c.o (89ms)
✔ [2367/2724] Built Mathlib.Data.Ineq:c.o (308ms)
✔ [2368/2724] Built Mathlib.Util.DischargerAsTactic:c.o (232ms)
✔ [2369/2724] Built Mathlib.Util.SynthesizeUsing:c.o (278ms)
✔ [2370/2724] Built Mathlib.Tactic.FieldSimp.Lemmas:c.o (608ms)
✔ [2371/2724] Built Mathlib.Algebra.Order.Field.Basic:c.o (829ms)
✔ [2372/2724] Built Mathlib.Algebra.Order.Nonneg.Basic:c.o (251ms)
✔ [2373/2724] Built Mathlib.Data.Rat.Defs:c.o (124ms)
✔ [2374/2724] Built FormalSystem.Metalogic.Decidability.Tableau:c.o (13s)
✔ [2375/2724] Built Mathlib.Algebra.Order.Ring.Unbundled.Rat:c.o (138ms)
✔ [2376/2724] Built Mathlib.Algebra.Ring.Rat:c.o (108ms)
✔ [2377/2724] Built Mathlib.Algebra.Field.Rat:c.o (134ms)
✔ [2378/2724] Built Mathlib.Algebra.Group.Semiconj.Basic:c.o (83ms)
✔ [2379/2724] Built Mathlib.Algebra.Group.Commute.Basic:c.o (86ms)
✔ [2380/2724] Built Mathlib.Data.NNRat.Defs:c.o (234ms)
✔ [2381/2724] Built Mathlib.Algebra.Divisibility.Units:c.o (82ms)
✔ [2382/2724] Built Mathlib.Algebra.GroupWithZero.Divisibility:c.o (92ms)
✔ [2383/2724] Built Mathlib.Data.Rat.Lemmas:c.o (101ms)
✔ [2384/2724] Built Mathlib.Data.Rat.Cast.Defs:c.o (98ms)
✔ [2385/2724] Built Mathlib.Tactic.FieldSimp.Discharger:c.o (1.1s)
✔ [2386/2724] Built Mathlib.Data.Rat.Cast.CharZero:c.o (112ms)
✔ [2387/2724] Built Mathlib.Tactic.Field:c.o (418ms)
✔ [2388/2724] Built Mathlib.Tactic.Linarith.Lemmas:c.o (94ms)
✔ [2389/2724] Built Mathlib.Tactic.NormNum.Inv:c.o (1.2s)
✔ [2390/2724] Built Mathlib.Tactic.NormNum.Pow:c.o (1.2s)
✔ [2391/2724] Built Mathlib.Tactic.Linarith.Oracle.SimplexAlgorithm.Datatypes:c.o (389ms)
✔ [2392/2724] Built Mathlib.Tactic.Linarith.Oracle.SimplexAlgorithm.Gauss:c.o (497ms)
✔ [2393/2724] Built Mathlib.Tactic.Linarith.Datatypes:c.o (1.3s)
✔ [2394/2724] Built Mathlib.Tactic.Linarith.Oracle.SimplexAlgorithm.PositiveVector:c.o (319ms)
✔ [2395/2724] Built Mathlib.Tactic.Ring.Basic:c.o (2.3s)
✔ [2396/2724] Built Mathlib.Tactic.Linarith.Oracle.SimplexAlgorithm.SimplexAlgorithm:c.o (717ms)
✔ [2397/2724] Built Mathlib.Lean.Meta.Tactic.Rewrite:c.o (161ms)
✔ [2398/2724] Built Mathlib.Data.Tree.Basic:c.o (475ms)
✔ [2399/2724] Built Mathlib.Tactic.Zify:c.o (319ms)
✔ [2400/2724] Built Mathlib.Tactic.Linarith.Parsing:c.o (1.5s)
✔ [2401/2724] Built Mathlib.Tactic.Positivity.Core:c.o (5.9s)
✔ [2402/2724] Built Mathlib.Tactic.Linarith.Oracle.SimplexAlgorithm:c.o (3.1s)
✔ [2403/2724] Built Mathlib.Util.ElabWithoutMVars:c.o (229ms)
✔ [2404/2724] Built Mathlib.Algebra.Order.Ring.Canonical:c.o (84ms)
✔ [2405/2724] Built Mathlib.Algebra.Order.Field.Canonical:c.o (105ms)
✔ [2406/2724] Built Mathlib.Order.LatticeIntervals:c.o (287ms)
✔ [2407/2724] Built Mathlib.Order.CompleteLatticeIntervals:c.o (115ms)
✔ [2408/2724] Built Mathlib.Algebra.Order.Nonneg.Lattice:c.o (144ms)
✔ [2409/2724] Built Mathlib.Tactic.Ring.Common:c.o (5.8s)
✔ [2410/2724] Built Mathlib.Tactic.CancelDenoms.Core:c.o (3.5s)
✔ [2411/2724] Built Mathlib.Algebra.Order.Monoid.Basic:c.o (117ms)
✔ [2412/2724] Built Mathlib.Algebra.Order.Ring.InjSurj:c.o (84ms)
✔ [2413/2724] Built Mathlib.Algebra.Order.Nonneg.Ring:c.o (95ms)
✔ [2414/2724] Built Mathlib.Tactic.Linarith.Verification:c.o (1.8s)
✔ [2415/2724] Built Mathlib.Algebra.Order.Positive.Ring:c.o (182ms)
✔ [2416/2724] Built Mathlib.Algebra.Order.Ring.Rat:c.o (84ms)
✔ [2417/2724] Built Mathlib.Tactic.Linarith.Preprocessing:c.o (3.4s)
✔ [2418/2724] Built Mathlib.Algebra.Order.Nonneg.Field:c.o (187ms)
✔ [2419/2724] Built Mathlib.Algebra.Order.Field.Rat:c.o (100ms)
✔ [2420/2724] Built Mathlib.Tactic.NormNum.Abs:c.o (441ms)
✔ [2421/2724] Built Mathlib.Tactic.NormNum.Eq:c.o (651ms)
✔ [2422/2724] Built Mathlib.Tactic.NormNum.DivMod:c.o (573ms)
✔ [2423/2724] Built Mathlib.Algebra.Notation:c.o (211ms)
✔ [2424/2724] Built Mathlib.Algebra.Order.Group.PosPart:c.o (124ms)
✔ [2425/2724] Built Mathlib.Algebra.Notation.Support:c.o (83ms)
✔ [2426/2724] Built Mathlib.Data.Int.Cast.Field:c.o (81ms)
✔ [2427/2724] Built Mathlib.Data.Rat.Cast.Order:c.o (868ms)
✔ [2428/2724] Built Mathlib.Data.Int.Cast.Pi:c.o (87ms)
✔ [2429/2724] Built Mathlib.Data.Int.CharZero:c.o (88ms)
✔ [2430/2724] Built Mathlib.Algebra.Order.Hom.Basic:c.o (89ms)
✔ [2431/2724] Built Mathlib.Data.Rat.Cast.Lemmas:c.o (84ms)
✔ [2432/2724] Built Mathlib.Tactic.NormNum:c.o (91ms)
✔ [2433/2724] Built Mathlib.Tactic.Linarith:c.o (82ms)
✔ [2434/2724] Built Mathlib.Algebra.Order.Round:c.o (94ms)
✔ [2435/2724] Built Mathlib.Tactic.NormNum.OfScientific:c.o (397ms)
✔ [2436/2724] Built Mathlib.Data.PNat.Basic:c.o (172ms)
✔ [2437/2724] Built Mathlib.Tactic.NormNum.Ineq:c.o (1.3s)
✔ [2438/2724] Built Mathlib.Tactic.Ring.PNat:c.o (92ms)
✔ [2439/2724] Built Mathlib.Tactic.Ring:c.o (87ms)
✔ [2440/2724] Built Mathlib.Algebra.Order.Group.Basic:c.o (85ms)
✔ [2441/2724] Built Mathlib.Algebra.Order.Ring.Pow:c.o (84ms)
✔ [2442/2724] Built Mathlib.Algebra.Order.Archimedean.Basic:c.o (94ms)
✔ [2443/2724] Built Mathlib.Data.Nat.GCD.Basic:c.o (83ms)
✔ [2444/2724] Built FormalSystem.Semantics.ShiftSet:c.o (99ms)
✔ [2445/2724] Built FormalSystem.Semantics.Validity:c.o (148ms)
✔ [2446/2724] Built Mathlib.Algebra.Order.Floor.Ring:c.o (1.3s)
✔ [2447/2724] Built Mathlib.Tactic.FieldSimp:c.o (9.4s)
✔ [2448/2724] Built Mathlib.Algebra.Order.Hom.MonoidWithZero:c.o (233ms)
✔ [2449/2724] Built Mathlib.Algebra.Order.Hom.Monoid:c.o (571ms)
✔ [2450/2724] Built Mathlib.Algebra.Order.Monoid.LocallyFiniteOrder:c.o (124ms)
✔ [2451/2724] Built Mathlib.Algebra.Order.Hom.TypeTags:c.o (226ms)
✔ [2452/2724] Built Mathlib.Algebra.Ring.CharZero:c.o (98ms)
✔ [2453/2724] Built Mathlib.Data.Int.Interval:c.o (148ms)
✔ [2454/2724] Built Mathlib.Order.ModularLattice:c.o (127ms)
✔ [2455/2724] Built Mathlib.Algebra.Group.Subgroup.Order:c.o (85ms)
✔ [2456/2724] Built Mathlib.Tactic.Linarith.Frontend:c.o (4.0s)
✔ [2457/2724] Built Mathlib.Algebra.Group.Subsemigroup.Operations:c.o (280ms)
✔ [2458/2724] Built Mathlib.Order.Atoms:c.o (217ms)
✔ [2459/2724] Built Mathlib.GroupTheory.Archimedean:c.o (83ms)
✔ [2460/2724] Built Mathlib.Algebra.Group.Irreducible.Defs:c.o (78ms)
✔ [2461/2724] Built Mathlib.Algebra.Prime.Defs:c.o (79ms)
✔ [2462/2724] Built Mathlib.Algebra.CharP.Defs:c.o (85ms)
✔ [2463/2724] Built Mathlib.Data.Fintype.Prod:c.o (79ms)
✔ [2464/2724] Built Mathlib.Data.Nat.Prime.Defs:c.o (157ms)
✔ [2465/2724] Built Mathlib.Algebra.CharP.Two:c.o (96ms)
✔ [2466/2724] Built Mathlib.Data.Fintype.Pi:c.o (118ms)
✔ [2467/2724] Built Mathlib.Data.Finite.Prod:c.o (103ms)
✔ [2468/2724] Built Mathlib.Algebra.Group.Support:c.o (78ms)
✔ [2469/2724] Built Mathlib.Algebra.Group.Pointwise.Set.Finite:c.o (185ms)
✔ [2470/2724] Built Mathlib.Algebra.BigOperators.Group.Finset.Basic:c.o (87ms)
✔ [2471/2724] Built Mathlib.Algebra.Group.Commute.Hom:c.o (81ms)
✔ [2472/2724] Built Mathlib.Tactic.Ring.RingNF:c.o (2.1s)
✔ [2473/2724] Built Mathlib.Data.Finset.NoncommProd:c.o (123ms)
✔ [2474/2724] Built Mathlib.Algebra.Group.Submonoid.BigOperators:c.o (86ms)
✔ [2475/2724] Built Mathlib.Algebra.Group.Submonoid.Finite:c.o (84ms)
✔ [2476/2724] Built Mathlib.Algebra.Order.Sub.WithTop:c.o (101ms)
✔ [2477/2724] Built Mathlib.Data.ENat.Pow:c.o (103ms)
✔ [2478/2724] Built Mathlib.Algebra.Group.Fin.Basic:c.o (127ms)
✔ [2479/2724] Built Mathlib.Algebra.Group.ModEq:c.o (121ms)
✔ [2480/2724] Built Mathlib.Algebra.Order.Ring.WithTop:c.o (388ms)
✔ [2481/2724] Built Mathlib.Data.ENat.Basic:c.o (339ms)
✔ [2482/2724] Built Mathlib.Data.Nat.ModEq:c.o (193ms)
✔ [2483/2724] Built Mathlib.Data.Rat.Floor:c.o (2.4s)
✔ [2484/2724] Built Mathlib.Logic.Small.Defs:c.o (81ms)
✔ [2485/2724] Built Mathlib.Logic.Small.Basic:c.o (82ms)
✔ [2486/2724] Built Mathlib.Data.ZMod.Defs:c.o (346ms)
✔ [2487/2724] Built Mathlib.Data.Countable.Small:c.o (85ms)
✔ [2488/2724] Built Mathlib.Data.Finset.Piecewise:c.o (90ms)
✔ [2489/2724] Built Mathlib.Algebra.BigOperators.Group.Finset.Piecewise:c.o (85ms)
✔ [2490/2724] Built Mathlib.Algebra.Ring.Equiv:c.o (385ms)
✔ [2491/2724] Built Mathlib.Algebra.Order.Hom.Ring:c.o (318ms)
✔ [2492/2724] Built Mathlib.Algebra.BigOperators.Group.Finset.Sigma:c.o (85ms)
✔ [2493/2724] Built Mathlib.Algebra.BigOperators.Option:c.o (82ms)
✔ [2494/2724] Built Mathlib.Data.Fintype.Sigma:c.o (96ms)
✔ [2495/2724] Built Mathlib.Data.Fintype.Sum:c.o (93ms)
✔ [2496/2724] Built Mathlib.Control.Applicative:c.o (106ms)
✔ [2497/2724] Built Mathlib.Control.Traversable.Basic:c.o (139ms)
✔ [2498/2724] Built Mathlib.Data.Fintype.Vector:c.o (125ms)
✔ [2499/2724] Built Mathlib.Data.Vector.Defs:c.o (285ms)
✔ [2500/2724] Built Mathlib.Data.Fintype.BigOperators:c.o (86ms)
✔ [2501/2724] Built Mathlib.Data.Set.Countable:c.o (79ms)
✔ [2502/2724] Built Mathlib.Logic.Small.Set:c.o (85ms)
✔ [2503/2724] Built Mathlib.Logic.UnivLE:c.o (80ms)
✔ [2504/2724] Built Mathlib.Data.Sym.Basic:c.o (346ms)
✔ [2505/2724] Built Mathlib.Order.UpperLower.Basic:c.o (81ms)
✔ [2506/2724] Built Mathlib.Data.Vector.Basic:c.o (403ms)
✔ [2507/2724] Built Mathlib.Order.Hom.Lex:c.o (186ms)
✔ [2508/2724] Built Mathlib.Order.SuccPred.CompleteLinearOrder:c.o (85ms)
✔ [2509/2724] Built Mathlib.Data.Sum.Order:c.o (321ms)
✔ [2510/2724] Built Mathlib.SetTheory.Cardinal.Defs:c.o (178ms)
✔ [2511/2724] Built Mathlib.Dynamics.FixedPoints.Defs:c.o (84ms)
✔ [2512/2724] Built Mathlib.Dynamics.FixedPoints.Basic:c.o (96ms)
✔ [2513/2724] Built Mathlib.Order.Hom.Order:c.o (192ms)
✔ [2514/2724] Built Mathlib.Control.Monad.Basic:c.o (106ms)
✔ [2515/2724] Built Mathlib.Order.Part:c.o (96ms)
✔ [2516/2724] Built Mathlib.Order.ScottContinuity:c.o (83ms)
✔ [2517/2724] Built Mathlib.Order.InitialSeg:c.o (417ms)
✔ [2518/2724] Built Mathlib.Data.Part:c.o (243ms)
✔ [2519/2724] Built Mathlib.Order.BourbakiWitt:c.o (106ms)
✔ [2520/2724] Built Mathlib.SetTheory.Cardinal.SchroederBernstein:c.o (84ms)
✔ [2521/2724] Built Mathlib.Order.FixedPoints:c.o (174ms)
✔ [2522/2724] Built Mathlib.SetTheory.Cardinal.Order:c.o (126ms)
✔ [2523/2724] Built Mathlib.SetTheory.Cardinal.Basic:c.o (121ms)
✔ [2524/2724] Built Mathlib.SetTheory.Cardinal.ENat:c.o (87ms)
✔ [2525/2724] Built Mathlib.SetTheory.Cardinal.ToNat:c.o (85ms)
✔ [2526/2724] Built Mathlib.Order.OmegaCompletePartialOrder:c.o (354ms)
✔ [2527/2724] Built Mathlib.SetTheory.Cardinal.Finite:c.o (85ms)
✔ [2528/2724] Built Mathlib.SetTheory.Cardinal.NatCard:c.o (79ms)
✔ [2529/2724] Built Mathlib.Algebra.Group.Subgroup.Finite:c.o (164ms)
✔ [2530/2724] Built Mathlib.Algebra.GroupWithZero.Opposite:c.o (150ms)
✔ [2531/2724] Built Mathlib.Algebra.Module.Defs:c.o (131ms)
✔ [2532/2724] Built Mathlib.Algebra.Order.Group.Action:c.o (80ms)
✔ [2533/2724] Built Mathlib.Algebra.Module.NatInt:c.o (152ms)
✔ [2534/2724] Built Mathlib.Data.Int.ModEq:c.o (137ms)
✔ [2535/2724] Built Mathlib.Algebra.Group.Irreducible.Lemmas:c.o (85ms)
✔ [2536/2724] Built Mathlib.Algebra.Prime.Lemmas:c.o (85ms)
✔ [2537/2724] Built Mathlib.Algebra.Group.TransferInstance:c.o (359ms)
✔ [2538/2724] Built Mathlib.Algebra.GroupWithZero.Action.Defs:c.o (345ms)
✔ [2539/2724] Built Mathlib.Algebra.Ring.Associated:c.o (89ms)
✔ [2540/2724] Built Mathlib.Algebra.GCDMonoid.Multiset:c.o (97ms)
✔ [2541/2724] Built Mathlib.Algebra.GCDMonoid.Basic:c.o (200ms)
✔ [2542/2724] Built Mathlib.Algebra.GCDMonoid.Nat:c.o (148ms)
✔ [2543/2724] Built Mathlib.Algebra.GCDMonoid.Finset:c.o (96ms)
✔ [2544/2724] Built Mathlib.Data.Nat.Prime.Basic:c.o (83ms)
✔ [2545/2724] Built Mathlib.Algebra.GroupWithZero.Associated:c.o (276ms)
✔ [2546/2724] Built Mathlib.Data.List.Permutation:c.o (154ms)
✔ [2547/2724] Built Mathlib.Data.Fintype.List:c.o (89ms)
✔ [2548/2724] Built Mathlib.Dynamics.PeriodicPts.Defs:c.o (95ms)
✔ [2549/2724] Built Mathlib.Dynamics.PeriodicPts.Lemmas:c.o (86ms)
✔ [2550/2724] Built Mathlib.Algebra.Notation.Indicator:c.o (82ms)
✔ [2551/2724] Built Mathlib.Algebra.BigOperators.GroupWithZero.Finset:c.o (87ms)
✔ [2552/2724] Built Mathlib.Algebra.GroupWithZero.Prod:c.o (145ms)
✔ [2553/2724] Built Mathlib.Algebra.GroupWithZero.Action.Basic:c.o (108ms)
✔ [2554/2724] Built Mathlib.Algebra.GroupWithZero.Action.Units:c.o (119ms)
✔ [2555/2724] Built Mathlib.Algebra.GroupWithZero.Pointwise.Set.Basic:c.o (81ms)
✔ [2556/2724] Built Mathlib.Data.List.Cycle:c.o (363ms)
✔ [2557/2724] Built Mathlib.Algebra.Group.Action.Prod:c.o (238ms)
✔ [2558/2724] Built Mathlib.Algebra.GroupWithZero.Action.Pointwise.Set:c.o (88ms)
✔ [2559/2724] Built Mathlib.Algebra.GroupWithZero.Submonoid.Pointwise:c.o (88ms)
✔ [2560/2724] Built Mathlib.Algebra.GroupWithZero.Subgroup:c.o (87ms)
✔ [2561/2724] Built Mathlib.GroupTheory.Coset.Card:c.o (104ms)
✔ [2562/2724] Built Mathlib.Algebra.Group.Submonoid.DistribMulAction:c.o (110ms)
✔ [2563/2724] Built Mathlib.Algebra.Group.Subgroup.Actions:c.o (108ms)
✔ [2564/2724] Built Mathlib.GroupTheory.Commutator.Basic:c.o (101ms)
✔ [2565/2724] Built Mathlib.Data.Set.Card:c.o (204ms)
✔ [2566/2724] Built Mathlib.Algebra.GroupWithZero.Action.Opposite:c.o (118ms)
✔ [2567/2724] Built Mathlib.Algebra.Module.Opposite:c.o (94ms)
✔ [2568/2724] Built Mathlib.Algebra.Regular.Opposite:c.o (79ms)
✔ [2569/2724] Built Mathlib.Algebra.Regular.SMul:c.o (93ms)
✔ [2570/2724] Built Mathlib.Algebra.Module.Torsion.Free:c.o (87ms)
✔ [2571/2724] Built Mathlib.Data.Finite.Sigma:c.o (78ms)
✔ [2572/2724] Built Mathlib.Logic.Function.CompTypeclasses:c.o (80ms)
✔ [2573/2724] Built Mathlib.Algebra.Group.Hom.CompTypeclasses:c.o (84ms)
✔ [2574/2724] Built Mathlib.GroupTheory.GroupAction.Basic:c.o (190ms)
✔ [2575/2724] Built Mathlib.Algebra.GroupWithZero.Action.End:c.o (128ms)
✔ [2576/2724] Built Mathlib.Algebra.Ring.Action.Basic:c.o (116ms)
✔ [2577/2724] Built Mathlib.GroupTheory.Index:c.o (89ms)
✔ [2578/2724] Built Mathlib.Algebra.Ring.Opposite:c.o (356ms)
✔ [2579/2724] Built Mathlib.GroupTheory.GroupAction.Quotient:c.o (173ms)
✔ [2580/2724] Built Mathlib.Data.Nat.Prime.Pow:c.o (86ms)
✔ [2581/2724] Built Mathlib.Algebra.Order.BigOperators.Group.Multiset:c.o (83ms)
✔ [2582/2724] Built Mathlib.Data.Multiset.OrderedMonoid:c.o (79ms)
✔ [2583/2724] Built Mathlib.Data.Nat.Log:c.o (194ms)
✔ [2584/2724] Built Mathlib.Algebra.IsPrimePow:c.o (108ms)
✔ [2585/2724] Built Mathlib.Algebra.Order.BigOperators.Group.Finset:c.o (89ms)
✔ [2586/2724] Built Mathlib.Order.Interval.Set.SuccPred:c.o (80ms)
✔ [2587/2724] Built Mathlib.Order.Interval.Finset.SuccPred:c.o (81ms)
✔ [2588/2724] Built Mathlib.Algebra.Order.Interval.Finset.SuccPred:c.o (81ms)
✔ [2589/2724] Built Mathlib.Algebra.Order.Antidiag.Prod:c.o (186ms)
✔ [2590/2724] Built Mathlib.Data.List.NatAntidiagonal:c.o (109ms)
✔ [2591/2724] Built Mathlib.Data.Multiset.NatAntidiagonal:c.o (85ms)
✔ [2592/2724] Built Mathlib.Data.Finset.NatAntidiagonal:c.o (100ms)
✔ [2593/2724] Built Mathlib.Algebra.BigOperators.Ring.List:c.o (84ms)
✔ [2594/2724] Built Mathlib.Data.List.Prime:c.o (83ms)
✔ [2595/2724] Built Mathlib.Data.Nat.Factors:c.o (124ms)
✔ [2596/2724] Built Mathlib.Data.Nat.Prime.Infinite:c.o (82ms)
✔ [2597/2724] Built Mathlib.Order.Interval.Set.Infinite:c.o (77ms)
✔ [2598/2724] Built Mathlib.Data.Nat.PrimeFin:c.o (141ms)
✔ [2599/2724] Built Mathlib.GroupTheory.OrderOfElement:c.o (110ms)
✔ [2600/2724] Built Mathlib.Algebra.Group.TypeTags.Finite:c.o (97ms)
✔ [2601/2724] Built Mathlib.Algebra.BigOperators.Group.Finset.Pi:c.o (84ms)
✔ [2602/2724] Built Mathlib.Data.Multiset.Antidiagonal:c.o (78ms)
✔ [2603/2724] Built Mathlib.Data.Multiset.Sections:c.o (92ms)
✔ [2604/2724] Built Mathlib.Algebra.BigOperators.Ring.Multiset:c.o (80ms)
✔ [2605/2724] Built Mathlib.Algebra.BigOperators.Ring.Finset:c.o (88ms)
✔ [2606/2724] Built Mathlib.NumberTheory.Divisors:c.o (366ms)
✔ [2607/2724] Built Mathlib.Data.Finset.Order:c.o (81ms)
✔ [2608/2724] Built Mathlib.Data.Fintype.Order:c.o (110ms)
✔ [2609/2724] Built Mathlib.Order.PartialSups:c.o (96ms)
✔ [2610/2724] Built Mathlib.Algebra.Order.AbsoluteValue.Basic:c.o (244ms)
✔ [2611/2724] Built Mathlib.Data.Finset.Fin:c.o (92ms)
✔ [2612/2724] Built Mathlib.Order.Interval.Set.Fin:c.o (91ms)
✔ [2613/2724] Built Mathlib.Order.Interval.Finset.Fin:c.o (128ms)
✔ [2614/2724] Built Mathlib.Data.Fintype.Pigeonhole:c.o (84ms)
✔ [2615/2724] Built Mathlib.Order.SuccPred.LinearLocallyFinite:c.o (160ms)
✔ [2616/2724] Built Mathlib.Order.Disjointed:c.o (95ms)
✔ [2617/2724] Built Mathlib.Algebra.Order.BigOperators.Group.LocallyFinite:c.o (88ms)
✔ [2618/2724] Built Mathlib.Algebra.Order.BigOperators.GroupWithZero.Finset:c.o (80ms)
✔ [2619/2724] Built Mathlib.Data.Nat.Cast.Field:c.o (89ms)
✔ [2620/2724] Built Mathlib.Data.Finset.Lattice.Prod:c.o (79ms)
✔ [2621/2724] Built Mathlib.Algebra.Order.Group.Finset:c.o (86ms)
✔ [2622/2724] Built Mathlib.Algebra.BigOperators.Group.Finset.Lemmas:c.o (94ms)
✔ [2623/2724] Built Mathlib.Algebra.Group.Action.Pi:c.o (128ms)
✔ [2624/2724] Built Mathlib.Algebra.Ring.CompTypeclasses:c.o (83ms)
✔ [2625/2724] Built Mathlib.Algebra.GroupWithZero.Pi:c.o (135ms)
✔ [2626/2724] Built Mathlib.Data.FunLike.IsApply:c.o (86ms)
✔ [2627/2724] Built Mathlib.Algebra.BigOperators.Pi:c.o (113ms)
✔ [2628/2724] Built Mathlib.Algebra.Group.Indicator:c.o (83ms)
✔ [2629/2724] Built Mathlib.Algebra.FiniteSupport.Defs:c.o (80ms)
✔ [2630/2724] Built Mathlib.GroupTheory.GroupAction.Hom:c.o (1.3s)
✔ [2631/2724] Built Mathlib.Data.List.Find:c.o (101ms)
✔ [2632/2724] Built Mathlib.Data.Multiset.Find:c.o (108ms)
✔ [2633/2724] Built Mathlib.Data.Finsupp.Single:c.o (80ms)
✔ [2634/2724] Built Mathlib.Algebra.Group.Finsupp:c.o (96ms)
✔ [2635/2724] Built Mathlib.Data.Finsupp.Ext:c.o (83ms)
✔ [2636/2724] Built Mathlib.Algebra.Ring.Pi:c.o (299ms)
✔ [2637/2724] Built Mathlib.Data.Finsupp.Defs:c.o (173ms)
✔ [2638/2724] Built Mathlib.Data.Finsupp.Indicator:c.o (79ms)
✔ [2639/2724] Built Mathlib.Algebra.BigOperators.Finsupp.Basic:c.o (110ms)
✔ [2640/2724] Built Mathlib.Algebra.BigOperators.Group.Finset.Preimage:c.o (80ms)
✔ [2641/2724] Built Mathlib.Data.Rat.BigOperators:c.o (80ms)
✔ [2642/2724] Built Mathlib.Order.Preorder.Finsupp:c.o (99ms)
✔ [2643/2724] Built Mathlib.Data.Finsupp.Multiset:c.o (114ms)
✔ [2644/2724] Built Mathlib.Algebra.Order.Module.Defs:c.o (88ms)
✔ [2645/2724] Built Mathlib.Data.Finsupp.Basic:c.o (213ms)
✔ [2646/2724] Built Mathlib.Algebra.Order.Group.Action.Synonym:c.o (154ms)
✔ [2647/2724] Built Mathlib.Algebra.Notation.Lemmas:c.o (82ms)
✔ [2648/2724] Built Mathlib.Algebra.Order.Pi:c.o (80ms)
✔ [2649/2724] Built Mathlib.Data.Finsupp.SMulWithZero:c.o (82ms)
✔ [2650/2724] Built Mathlib.Algebra.Order.GroupWithZero.Action.Synonym:c.o (254ms)
✔ [2651/2724] Built Mathlib.Data.Finsupp.Order:c.o (135ms)
✔ [2652/2724] Built Mathlib.Data.Nat.MaxPowDiv:c.o (151ms)
✔ [2653/2724] Built Mathlib.RingTheory.Multiplicity:c.o (114ms)
✔ [2654/2724] Built Mathlib.NumberTheory.Padics.PadicVal.Defs:c.o (79ms)
✔ [2655/2724] Built Mathlib.Data.Nat.Factorization.Defs:c.o (180ms)
✔ [2656/2724] Built Mathlib.Data.Nat.Factorization.Basic:c.o (82ms)
✔ [2657/2724] Built Mathlib.Data.Nat.Factorization.Induction:c.o (155ms)
✔ [2658/2724] Built Mathlib.Data.Int.Order.Units:c.o (83ms)
✔ [2659/2724] Built Mathlib.Algebra.Ring.ULift:c.o (220ms)
✔ [2660/2724] Built Mathlib.Data.Nat.Cast.Prod:c.o (98ms)
✔ [2661/2724] Built Mathlib.Algebra.CharP.Basic:c.o (88ms)
✔ [2662/2724] Built Mathlib.Algebra.GroupWithZero.Units.Fintype:c.o (136ms)
✔ [2663/2724] Built Mathlib.Data.Int.Cast.Prod:c.o (110ms)
✔ [2664/2724] Built Mathlib.Algebra.Group.ULift:c.o (347ms)
✔ [2665/2724] Built Mathlib.Algebra.Ring.Prod:c.o (282ms)
✔ [2666/2724] Built Mathlib.Data.ZMod.IntUnitsPower:c.o (121ms)
✔ [2667/2724] Built Mathlib.Algebra.Ring.Periodic:c.o (85ms)
✔ [2668/2724] Built Mathlib.GroupTheory.GroupAction.SubMulAction:c.o (348ms)
✔ [2669/2724] Built Mathlib.Algebra.Ring.NegOnePow:c.o (127ms)
✔ [2670/2724] Built Mathlib.Algebra.Group.Nat.Range:c.o (83ms)
✔ [2671/2724] Built Mathlib.Data.Nat.Count:c.o (90ms)
✔ [2672/2724] Built Mathlib.Data.Nat.Periodic:c.o (80ms)
✔ [2673/2724] Built Mathlib.Data.ZMod.Basic:c.o (359ms)
✔ [2674/2724] Built Mathlib.Algebra.Group.Units.Opposite:c.o (109ms)
✔ [2675/2724] Built Mathlib.Algebra.Ring.AddAut:c.o (101ms)
✔ [2676/2724] Built Mathlib.Data.ZMod.Aut:c.o (147ms)
✔ [2677/2724] Built Mathlib.Data.Nat.GCD.BigOperators:c.o (79ms)
✔ [2678/2724] Built Mathlib.Data.Nat.Factorization.LCM:c.o (81ms)
✔ [2679/2724] Built Mathlib.Tactic.FinCases:c.o (603ms)
✔ [2680/2724] Built Mathlib.Order.Filter.Basic:c.o (111ms)
✔ [2681/2724] Built Mathlib.GroupTheory.Exponent:c.o (106ms)
✔ [2682/2724] Built Mathlib.Data.Nat.Totient:c.o (380ms)
✔ [2683/2724] Built Mathlib.GroupTheory.SpecificGroups.Cyclic.Basic:c.o (95ms)
✔ [2684/2724] Built Mathlib.GroupTheory.Subgroup.Simple:c.o (79ms)
✔ [2685/2724] Built Mathlib.Data.ZMod.QuotientGroup:c.o (205ms)
✔ [2686/2724] Built Mathlib.GroupTheory.SpecificGroups.Cyclic:c.o (109ms)
✔ [2687/2724] Built Mathlib.Tactic.Group:c.o (239ms)
✔ [2688/2724] Built Mathlib.Order.Interval.Finset.DenselyOrdered:c.o (77ms)
✔ [2689/2724] Built FormalSystem.Semantics.DurationClassification:c.o (69ms)
✔ [2690/2724] Built Mathlib.GroupTheory.ArchimedeanDensely:c.o (162ms)
✔ [2691/2724] Built FormalSystem.Semantics:c.o (85ms)
✔ [2693/2724] Built Mathlib.Tactic.Positivity.Basic:c.o (8.1s)
✔ [2694/2724] Built FormalSystem.Syntax.Subformulas:c.o (164ms)
✔ [2697/2724] Built FormalSystem.Syntax.SubformulaClosure.NestingDepth:c.o (193ms)
✔ [2698/2724] Built FormalSystem.Syntax.SubformulaClosure.TemporalFormulas:c.o (318ms)
✔ [2699/2724] Built FormalSystem.Theorems.Perpetuity.Helpers:c.o (109ms)
✔ [2701/2724] Built Mathlib.Order.Filter.Defs:c.o (957ms)
✔ [2702/2724] Built FormalSystem.Theorems.Combinators:c.o (321ms)
✔ [2703/2724] Built FormalSystem.Metalogic.Decidability.ProofExtraction:c.o (374ms)
✔ [2704/2724] Built FormalSystem.Metalogic.Decidability.TraceCertificate:c.o (661ms)
✔ [2705/2724] Built Mathlib.Tactic.Peel:c.o (1.6s)
✔ [2706/2724] Built FormalSystem.Automation.SuccessPatterns:c.o (1.2s)
✔ [2707/2724] Built FormalSystem.Automation.ProofSearch.Strategies:c.o (563ms)
✔ [2708/2724] Built FormalSystem.Metalogic.Decidability.DecisionProcedure:c.o (541ms)
✔ [2709/2724] Built FormalSystem.Automation.AtomCanonicalization:c.o (485ms)
✔ [2710/2724] Built FormalSystem.Metalogic.Decidability.CancellableExpansion:c.o (929ms)
✔ [2711/2724] Built FormalSystem.Automation.Normalization:c.o (1.5s)
✔ [2712/2724] Built Mathlib.Tactic.IntervalCases:c.o (3.1s)
✔ [2713/2724] Built FormalSystem.Metalogic.Decidability.Saturation:c.o (2.4s)
✔ [2715/2724] Built FormalSystem.Automation.DataExport:c.o (447ms)
✔ [2716/2724] Built FormalSystem.Automation.EnrichedCountermodel:c.o (298ms)
✔ [2717/2724] Built FormalSystem.Automation.InterestingnessMetrics:c.o (801ms)
✔ [2718/2724] Built FormalSystem.Automation.ProofSearch.Core:c.o (3.6s)
✔ [2719/2724] Built FormalSystem.Automation.ForwardProofGenerator:c.o (1.2s)
✔ [2720/2724] Built FormalSystem.Automation.DatasetGenerator:c.o (2.4s)
✔ [2721/2724] Built FormalSystem.Metalogic.Decidability.CountermodelExtraction:c.o (7.6s)
✔ [2722/2724] Built FormalSystem.Syntax.Formula:c.o (162s)
✔ [2723/2724] Built FormalSystem.Automation.FormulaEnumerator:c.o (384s)
Some required targets logged failures:
- FormalSystem.Automation.DatasetExport
error: build failed
LAKE_BUILD_RC=1
2026-08-24T17:55:16-07:00
ℹ [680/898] Replayed FormalSystem.Syntax.Formula
info: FormalSystem/Syntax/Formula.lean:287:0: 2
info: FormalSystem/Syntax/Formula.lean:290:0: 2
info: FormalSystem/Syntax/Formula.lean:293:0: 2
info: FormalSystem/Syntax/Formula.lean:296:0: 2
info: FormalSystem/Syntax/Formula.lean:299:0: 3
info: FormalSystem/Syntax/Formula.lean:302:0: 3
info: FormalSystem/Syntax/Formula.lean:303:0: 3
info: FormalSystem/Syntax/Formula.lean:585:0: 3
info: FormalSystem/Syntax/Formula.lean:588:0: 3
info: FormalSystem/Syntax/Formula.lean:591:0: 3
info: FormalSystem/Syntax/Formula.lean:594:0: 3
info: FormalSystem/Syntax/Formula.lean:597:0: 4
info: FormalSystem/Syntax/Formula.lean:600:0: 4
info: FormalSystem/Syntax/Formula.lean:637:0: 2
info: FormalSystem/Syntax/Formula.lean:640:0: 2
info: FormalSystem/Syntax/Formula.lean:643:0: 2
info: FormalSystem/Syntax/Formula.lean:646:0: 2
info: FormalSystem/Syntax/Formula.lean:649:0: 2
info: FormalSystem/Syntax/Formula.lean:652:0: 2
info: FormalSystem/Syntax/Formula.lean:655:0: 2
⚠ [688/898] Replayed FormalSystem.Metalogic.Decidability.Tableau
warning: FormalSystem/Metalogic/Decidability/Tableau.lean:466:30: This simp argument is unused:
  if_false

Hint: Omit it from the simp argument list.
  [apply] simp only [hc, if_true, reduceIte] at hsg

Note: This linter can be disabled with `set_option linter.unusedSimpArgs false`
warning: FormalSystem/Metalogic/Decidability/Tableau.lean:466:40: This simp argument is unused:
  reduceIte

Hint: Omit it from the simp argument list.
  [apply] simp only [hc, if_true, if_false] at hsg

Note: This linter can be disabled with `set_option linter.unusedSimpArgs false`
warning: FormalSystem/Metalogic/Decidability/Tableau.lean:473:30: This simp argument is unused:
  if_false

Hint: Omit it from the simp argument list.
  [apply] simp only [hc, if_true, reduceIte] at hsg

Note: This linter can be disabled with `set_option linter.unusedSimpArgs false`
warning: FormalSystem/Metalogic/Decidability/Tableau.lean:473:40: This simp argument is unused:
  reduceIte

Hint: Omit it from the simp argument list.
  [apply] simp only [hc, if_true, if_false] at hsg

Note: This linter can be disabled with `set_option linter.unusedSimpArgs false`
warning: FormalSystem/Metalogic/Decidability/Tableau.lean:2993:52: This simp argument is unused:
  Bool.not_eq_true

Hint: Omit it from the simp argument list.
  [apply] simp only [isExpanded, Option.isNone_iff_eq_none, decide_eq_true_eq, Bool.not_eq_eq_eq_not, Bool.not_false,
    Bool.decide_eq_false, Bool.not_eq_false] at hfind

Note: This linter can be disabled with `set_option linter.unusedSimpArgs false`
warning: FormalSystem/Metalogic/Decidability/Tableau.lean:2994:4: This simp argument is unused:
  Bool.not_eq_eq_eq_not

Hint: Omit it from the simp argument list.
  [apply] simp only [isExpanded, Option.isNone_iff_eq_none, Bool.not_eq_true, decide_eq_true_eq, Bool.not_false,
    Bool.decide_eq_false, Bool.not_eq_false] at hfind

Note: This linter can be disabled with `set_option linter.unusedSimpArgs false`
warning: FormalSystem/Metalogic/Decidability/Tableau.lean:2994:27: This simp argument is unused:
  Bool.not_false

Hint: Omit it from the simp argument list.
  [apply] simp only [isExpanded, Option.isNone_iff_eq_none, Bool.not_eq_true, decide_eq_true_eq, Bool.not_eq_eq_eq_not,
    Bool.decide_eq_false, Bool.not_eq_false] at hfind

Note: This linter can be disabled with `set_option linter.unusedSimpArgs false`
warning: FormalSystem/Metalogic/Decidability/Tableau.lean:2994:43: This simp argument is unused:
  Bool.decide_eq_false

Hint: Omit it from the simp argument list.
  [apply] simp only [isExpanded, Option.isNone_iff_eq_none, Bool.not_eq_true, decide_eq_true_eq, Bool.not_eq_eq_eq_not,
    Bool.not_false, Bool.not_eq_false] at hfind

Note: This linter can be disabled with `set_option linter.unusedSimpArgs false`
warning: FormalSystem/Metalogic/Decidability/Tableau.lean:2994:65: This simp argument is unused:
  Bool.not_eq_false

Hint: Omit it from the simp argument list.
  [apply] simp only [isExpanded, Option.isNone_iff_eq_none, Bool.not_eq_true, decide_eq_true_eq, Bool.not_eq_eq_eq_not,
    Bool.not_false, Bool.decide_eq_false] at hfind

Note: This linter can be disabled with `set_option linter.unusedSimpArgs false`
⚠ [787/898] Replayed FormalSystem.Semantics.TaskFrame
warning: FormalSystem/Semantics/TaskFrame.lean:214:0: automatically included section variable(s) unused in theorem `FormalSystem.Semantics.TaskFrame.mem_Fib`:
  [Nontrivial D]
consider restructuring your `variable` declarations so that the variables are not in scope or explicitly omit them:
  omit [Nontrivial D] in theorem ...

Note: This linter can be disabled with `set_option linter.unusedSectionVars false`
warning: FormalSystem/Semantics/TaskFrame.lean:236:0: automatically included section variable(s) unused in theorem `FormalSystem.Semantics.TaskFrame.mem_cone`:
  [Nontrivial D]
consider restructuring your `variable` declarations so that the variables are not in scope or explicitly omit them:
  omit [Nontrivial D] in theorem ...

Note: This linter can be disabled with `set_option linter.unusedSectionVars false`
warning: FormalSystem/Semantics/TaskFrame.lean:242:0: automatically included section variable(s) unused in theorem `FormalSystem.Semantics.TaskFrame.cone_mono`:
  [Nontrivial D]
consider restructuring your `variable` declarations so that the variables are not in scope or explicitly omit them:
  omit [Nontrivial D] in theorem ...

Note: This linter can be disabled with `set_option linter.unusedSectionVars false`
warning: FormalSystem/Semantics/TaskFrame.lean:262:0: automatically included section variable(s) unused in theorem `FormalSystem.Semantics.TaskFrame.mem_Seg`:
  [Nontrivial D]
consider restructuring your `variable` declarations so that the variables are not in scope or explicitly omit them:
  omit [Nontrivial D] in theorem ...

Note: This linter can be disabled with `set_option linter.unusedSectionVars false`
warning: FormalSystem/Semantics/TaskFrame.lean:412:0: automatically included section variable(s) unused in theorem `FormalSystem.Semantics.TaskFrame.comp_of`:
  [IsOrderedAddMonoid D]
  [Nontrivial D]
consider restructuring your `variable` declarations so that the variables are not in scope or explicitly omit them:
  omit [IsOrderedAddMonoid D] [Nontrivial D] in theorem ...

Note: This linter can be disabled with `set_option linter.unusedSectionVars false`
warning: FormalSystem/Semantics/TaskFrame.lean:419:0: automatically included section variable(s) unused in theorem `FormalSystem.Semantics.TaskFrame.forward_of_comp`:
  [IsOrderedAddMonoid D]
  [Nontrivial D]
consider restructuring your `variable` declarations so that the variables are not in scope or explicitly omit them:
  omit [IsOrderedAddMonoid D] [Nontrivial D] in theorem ...

Note: This linter can be disabled with `set_option linter.unusedSectionVars false`
warning: FormalSystem/Semantics/TaskFrame.lean:424:0: automatically included section variable(s) unused in theorem `FormalSystem.Semantics.TaskFrame.interpolates_of_comp`:
  [IsOrderedAddMonoid D]
  [Nontrivial D]
consider restructuring your `variable` declarations so that the variables are not in scope or explicitly omit them:
  omit [IsOrderedAddMonoid D] [Nontrivial D] in theorem ...

Note: This linter can be disabled with `set_option linter.unusedSectionVars false`
warning: FormalSystem/Semantics/TaskFrame.lean:675:0: automatically included section variable(s) unused in theorem `FormalSystem.Semantics.TaskFrame.limit_of_succOrder`:
  [Nontrivial D]
consider restructuring your `variable` declarations so that the variables are not in scope or explicitly omit them:
  omit [Nontrivial D] in theorem ...

Note: This linter can be disabled with `set_option linter.unusedSectionVars false`
warning: FormalSystem/Semantics/TaskFrame.lean:703:0: automatically included section variable(s) unused in theorem `FormalSystem.Semantics.TaskFrame.limit_of_shift`:
  [Nontrivial D]
consider restructuring your `variable` declarations so that the variables are not in scope or explicitly omit them:
  omit [Nontrivial D] in theorem ...

Note: This linter can be disabled with `set_option linter.unusedSectionVars false`
warning: FormalSystem/Semantics/TaskFrame.lean:703:8: Overlapping instance parameters in `limit_of_shift`:

⚠️ There are 2 `[Nontrivial D]` instances; one is sufficient.

Note: This linter can be disabled with `set_option linter.overlappingInstances false`
warning: FormalSystem/Semantics/TaskFrame.lean:754:0: automatically included section variable(s) unused in theorem `FormalSystem.Semantics.TaskFrame.exists_uniform_radius_of_finite`:
  [Nontrivial D]
consider restructuring your `variable` declarations so that the variables are not in scope or explicitly omit them:
  omit [Nontrivial D] in theorem ...

Note: This linter can be disabled with `set_option linter.unusedSectionVars false`
warning: FormalSystem/Semantics/TaskFrame.lean:754:8: Overlapping instance parameters in `exists_uniform_radius_of_finite`:

⚠️ There are 2 `[Nontrivial D]` instances; one is sufficient.

Note: This linter can be disabled with `set_option linter.overlappingInstances false`
warning: FormalSystem/Semantics/TaskFrame.lean:814:0: automatically included section variable(s) unused in theorem `FormalSystem.Semantics.TaskFrame.exists_pos_of_nontrivial`:
  [Nontrivial D]
consider restructuring your `variable` declarations so that the variables are not in scope or explicitly omit them:
  omit [Nontrivial D] in theorem ...

Note: This linter can be disabled with `set_option linter.unusedSectionVars false`
warning: FormalSystem/Semantics/TaskFrame.lean:814:8: Overlapping instance parameters in `exists_pos_of_nontrivial`:

⚠️ There are 2 `[Nontrivial D]` instances; one is sufficient.

Note: This linter can be disabled with `set_option linter.overlappingInstances false`
warning: FormalSystem/Semantics/TaskFrame.lean:930:0: automatically included section variable(s) unused in theorem `FormalSystem.Semantics.TaskFrame.spherical_of_finite`:
  [Nontrivial D]
consider restructuring your `variable` declarations so that the variables are not in scope or explicitly omit them:
  omit [Nontrivial D] in theorem ...

Note: This linter can be disabled with `set_option linter.unusedSectionVars false`
warning: FormalSystem/Semantics/TaskFrame.lean:945:0: automatically included section variable(s) unused in theorem `FormalSystem.Semantics.TaskFrame.serial_of_total`:
  [Nontrivial D]
consider restructuring your `variable` declarations so that the variables are not in scope or explicitly omit them:
  omit [Nontrivial D] in theorem ...

Note: This linter can be disabled with `set_option linter.unusedSectionVars false`
warning: FormalSystem/Semantics/TaskFrame.lean:954:0: automatically included section variable(s) unused in theorem `FormalSystem.Semantics.TaskFrame.interpolates_of_total`:
  [Nontrivial D]
consider restructuring your `variable` declarations so that the variables are not in scope or explicitly omit them:
  omit [Nontrivial D] in theorem ...

Note: This linter can be disabled with `set_option linter.unusedSectionVars false`
warning: FormalSystem/Semantics/TaskFrame.lean:963:0: automatically included section variable(s) unused in theorem `FormalSystem.Semantics.TaskFrame.limit_of_subsingleton`:
  [Nontrivial D]
consider restructuring your `variable` declarations so that the variables are not in scope or explicitly omit them:
  omit [Nontrivial D] in theorem ...

Note: This linter can be disabled with `set_option linter.unusedSectionVars false`
warning: FormalSystem/Semantics/TaskFrame.lean:974:0: automatically included section variable(s) unused in theorem `FormalSystem.Semantics.TaskFrame.spherical_of_subsingleton`:
  [Nontrivial D]
consider restructuring your `variable` declarations so that the variables are not in scope or explicitly omit them:
  omit [Nontrivial D] in theorem ...

Note: This linter can be disabled with `set_option linter.unusedSectionVars false`
warning: FormalSystem/Semantics/TaskFrame.lean:989:0: automatically included section variable(s) unused in theorem `FormalSystem.Semantics.TaskFrame.Fib_permissive_zero`:
  [Nontrivial D]
consider restructuring your `variable` declarations so that the variables are not in scope or explicitly omit them:
  omit [Nontrivial D] in theorem ...

Note: This linter can be disabled with `set_option linter.unusedSectionVars false`
warning: FormalSystem/Semantics/TaskFrame.lean:995:0: automatically included section variable(s) unused in theorem `FormalSystem.Semantics.TaskFrame.Fib_permissive_ne`:
  [Nontrivial D]
consider restructuring your `variable` declarations so that the variables are not in scope or explicitly omit them:
  omit [Nontrivial D] in theorem ...

Note: This linter can be disabled with `set_option linter.unusedSectionVars false`
warning: FormalSystem/Semantics/TaskFrame.lean:1005:0: automatically included section variable(s) unused in theorem `FormalSystem.Semantics.TaskFrame.serial_of_permissive`:
  [Nontrivial D]
consider restructuring your `variable` declarations so that the variables are not in scope or explicitly omit them:
  omit [Nontrivial D] in theorem ...

Note: This linter can be disabled with `set_option linter.unusedSectionVars false`
warning: FormalSystem/Semantics/TaskFrame.lean:1017:0: automatically included section variable(s) unused in theorem `FormalSystem.Semantics.TaskFrame.interpolates_of_permissive`:
  [Nontrivial D]
consider restructuring your `variable` declarations so that the variables are not in scope or explicitly omit them:
  omit [Nontrivial D] in theorem ...

Note: This linter can be disabled with `set_option linter.unusedSectionVars false`
warning: FormalSystem/Semantics/TaskFrame.lean:1097:0: automatically included section variable(s) unused in theorem `FormalSystem.Semantics.TaskFrame.Fib_eq_singleton`:
  [Nontrivial D]
consider restructuring your `variable` declarations so that the variables are not in scope or explicitly omit them:
  omit [Nontrivial D] in theorem ...

Note: This linter can be disabled with `set_option linter.unusedSectionVars false`
warning: FormalSystem/Semantics/TaskFrame.lean:1103:0: automatically included section variable(s) unused in theorem `FormalSystem.Semantics.TaskFrame.serial_of_eq`:
  [Nontrivial D]
consider restructuring your `variable` declarations so that the variables are not in scope or explicitly omit them:
  omit [Nontrivial D] in theorem ...

Note: This linter can be disabled with `set_option linter.unusedSectionVars false`
warning: FormalSystem/Semantics/TaskFrame.lean:1112:0: automatically included section variable(s) unused in theorem `FormalSystem.Semantics.TaskFrame.interpolates_of_eq`:
  [Nontrivial D]
consider restructuring your `variable` declarations so that the variables are not in scope or explicitly omit them:
  omit [Nontrivial D] in theorem ...

Note: This linter can be disabled with `set_option linter.unusedSectionVars false`
warning: FormalSystem/Semantics/TaskFrame.lean:1122:0: automatically included section variable(s) unused in theorem `FormalSystem.Semantics.TaskFrame.limit_of_eq`:
  [Nontrivial D]
consider restructuring your `variable` declarations so that the variables are not in scope or explicitly omit them:
  omit [Nontrivial D] in theorem ...

Note: This linter can be disabled with `set_option linter.unusedSectionVars false`
warning: FormalSystem/Semantics/TaskFrame.lean:1122:8: Overlapping instance parameters in `limit_of_eq`:

⚠️ There are 2 `[Nontrivial D]` instances; one is sufficient.

Note: This linter can be disabled with `set_option linter.overlappingInstances false`
warning: FormalSystem/Semantics/TaskFrame.lean:1238:0: automatically included section variable(s) unused in theorem `FormalSystem.Semantics.TaskFrame.staticFrame_rel_iff`:
  [Nontrivial D]
consider restructuring your `variable` declarations so that the variables are not in scope or explicitly omit them:
  omit [Nontrivial D] in theorem ...

Note: This linter can be disabled with `set_option linter.unusedSectionVars false`
warning: FormalSystem/Semantics/TaskFrame.lean:1238:8: Overlapping instance parameters in `staticFrame_rel_iff`:

⚠️ There are 2 `[Nontrivial D]` instances; one is sufficient.

Note: This linter can be disabled with `set_option linter.overlappingInstances false`
warning: FormalSystem/Semantics/TaskFrame.lean:1251:0: automatically included section variable(s) unused in theorem `FormalSystem.Semantics.TaskFrame.staticFrame_serial`:
  [Nontrivial D]
consider restructuring your `variable` declarations so that the variables are not in scope or explicitly omit them:
  omit [Nontrivial D] in theorem ...

Note: This linter can be disabled with `set_option linter.unusedSectionVars false`
warning: FormalSystem/Semantics/TaskFrame.lean:1251:8: Overlapping instance parameters in `staticFrame_serial`:

⚠️ There are 2 `[Nontrivial D]` instances; one is sufficient.

Note: This linter can be disabled with `set_option linter.overlappingInstances false`
warning: FormalSystem/Semantics/TaskFrame.lean:1258:0: automatically included section variable(s) unused in theorem `FormalSystem.Semantics.TaskFrame.staticFrame_interpolates`:
  [Nontrivial D]
consider restructuring your `variable` declarations so that the variables are not in scope or explicitly omit them:
  omit [Nontrivial D] in theorem ...

Note: This linter can be disabled with `set_option linter.unusedSectionVars false`
warning: FormalSystem/Semantics/TaskFrame.lean:1258:8: Overlapping instance parameters in `staticFrame_interpolates`:

⚠️ There are 2 `[Nontrivial D]` instances; one is sufficient.

Note: This linter can be disabled with `set_option linter.overlappingInstances false`
warning: FormalSystem/Semantics/TaskFrame.lean:1264:0: automatically included section variable(s) unused in theorem `FormalSystem.Semantics.TaskFrame.staticFrame_limit`:
  [Nontrivial D]
consider restructuring your `variable` declarations so that the variables are not in scope or explicitly omit them:
  omit [Nontrivial D] in theorem ...

Note: This linter can be disabled with `set_option linter.unusedSectionVars false`
warning: FormalSystem/Semantics/TaskFrame.lean:1264:8: Overlapping instance parameters in `staticFrame_limit`:

⚠️ There are 2 `[Nontrivial D]` instances; one is sufficient.

Note: This linter can be disabled with `set_option linter.overlappingInstances false`
warning: FormalSystem/Semantics/TaskFrame.lean:1271:0: automatically included section variable(s) unused in theorem `FormalSystem.Semantics.TaskFrame.staticFrame_spherical`:
  [Nontrivial D]
consider restructuring your `variable` declarations so that the variables are not in scope or explicitly omit them:
  omit [Nontrivial D] in theorem ...

Note: This linter can be disabled with `set_option linter.unusedSectionVars false`
warning: FormalSystem/Semantics/TaskFrame.lean:1271:8: Overlapping instance parameters in `staticFrame_spherical`:

⚠️ There are 2 `[Nontrivial D]` instances; one is sufficient.

Note: This linter can be disabled with `set_option linter.overlappingInstances false`
⚠ [788/898] Replayed FormalSystem.Semantics.PartialHistory
warning: FormalSystem/Semantics/PartialHistory.lean:208:0: automatically included section variable(s) unused in theorem `FormalSystem.Semantics.PartialHistory.nonempty_of_total`:
  [Nontrivial D]
consider restructuring your `variable` declarations so that the variables are not in scope or explicitly omit them:
  omit [Nontrivial D] in theorem ...

Note: This linter can be disabled with `set_option linter.unusedSectionVars false`
⚠ [789/898] Replayed FormalSystem.Semantics.WorldHistory
warning: FormalSystem/Semantics/WorldHistory.lean:399:0: automatically included section variable(s) unused in theorem `FormalSystem.Semantics.WorldHistory.neg_lt_neg_iff`:
  [Nontrivial D]
consider restructuring your `variable` declarations so that the variables are not in scope or explicitly omit them:
  omit [Nontrivial D] in theorem ...

Note: This linter can be disabled with `set_option linter.unusedSectionVars false`
warning: FormalSystem/Semantics/WorldHistory.lean:415:0: automatically included section variable(s) unused in theorem `FormalSystem.Semantics.WorldHistory.neg_le_neg_iff`:
  [Nontrivial D]
consider restructuring your `variable` declarations so that the variables are not in scope or explicitly omit them:
  omit [Nontrivial D] in theorem ...

Note: This linter can be disabled with `set_option linter.unusedSectionVars false`
warning: FormalSystem/Semantics/WorldHistory.lean:429:0: automatically included section variable(s) unused in theorem `FormalSystem.Semantics.WorldHistory.neg_neg_eq`:
  [Nontrivial D]
consider restructuring your `variable` declarations so that the variables are not in scope or explicitly omit them:
  omit [Nontrivial D] in theorem ...

Note: This linter can be disabled with `set_option linter.unusedSectionVars false`
warning: FormalSystem/Semantics/WorldHistory.lean:436:0: automatically included section variable(s) unused in theorem `FormalSystem.Semantics.WorldHistory.neg_injective`:
  [Nontrivial D]
consider restructuring your `variable` declarations so that the variables are not in scope or explicitly omit them:
  omit [Nontrivial D] in theorem ...

Note: This linter can be disabled with `set_option linter.unusedSectionVars false`
⚠ [859/898] Replayed FormalSystem.Semantics.PartialHistoryOrder
warning: FormalSystem/Semantics/PartialHistoryOrder.lean:209:7: Variable name `t` is not explicitly referenced.

Hint: The binding can be removed (if unused) or named `_` (if used implicitly). Alternatively, prefix the name with `_` to silence this warning:
  [apply] _t

Note: This linter can be disabled with `set_option linter.unusedVariables false`
⚠ [860/898] Replayed FormalSystem.Semantics.FrameAxioms
warning: FormalSystem/Semantics/FrameAxioms.lean:149:0: automatically included section variable(s) unused in theorem `FormalSystem.Semantics.TaskFrame.nullity_of_serial_limit`:
  [Nontrivial D]
consider restructuring your `variable` declarations so that the variables are not in scope or explicitly omit them:
  omit [Nontrivial D] in theorem ...

Note: This linter can be disabled with `set_option linter.unusedSectionVars false`
⚠ [1354/1531] Replayed FormalSystem.Metalogic.Decidability.Saturation
warning: FormalSystem/Metalogic/Decidability/Saturation.lean:1165:29: Variable name `appliedSet` is not explicitly referenced.

Hint: The binding can be removed (if unused) or named `_` (if used implicitly). Alternatively, prefix the name with `_` to silence this warning:
  [apply] _appliedSet

Note: This linter can be disabled with `set_option linter.unusedVariables false`
info: FormalSystem/Metalogic/Decidability/Saturation.lean:1370:0: "PASS: U(p, bot) -> F(p) is valid"
info: FormalSystem/Metalogic/Decidability/Saturation.lean:1380:0: "PASS: S(p, bot) -> P(p) is valid"
info: FormalSystem/Metalogic/Decidability/Saturation.lean:1390:0: "PASS: F(p) -> U(p, top) is valid (BX12)"
info: FormalSystem/Metalogic/Decidability/Saturation.lean:1399:0: "PASS: P(p) -> S(p, top) is valid (BX12')"
info: FormalSystem/Metalogic/Decidability/Saturation.lean:1408:0: "PASS: F(top) -> top is valid"
info: FormalSystem/Metalogic/Decidability/Saturation.lean:1418:0: "PASS: U(p, q) is satisfiable (open branch found)"
info: FormalSystem/Metalogic/Decidability/Saturation.lean:1427:0: "PASS: p -> p is valid"
info: FormalSystem/Metalogic/Decidability/Saturation.lean:1452:0: "PASS B1: G(p) -> G(p) is valid"
info: FormalSystem/Metalogic/Decidability/Saturation.lean:1461:0: "PASS B2: U(p,q) -> U(p,q) is valid"
info: FormalSystem/Metalogic/Decidability/Saturation.lean:1471:0: "PASS B3: U(p,bot) -> F(p) is valid (eventuality witnessed)"
info: FormalSystem/Metalogic/Decidability/Saturation.lean:1498:0: "PASS: □p → Gp is valid"
info: FormalSystem/Metalogic/Decidability/Saturation.lean:1507:0: "PASS: □p → Hp is valid"
info: FormalSystem/Metalogic/Decidability/Saturation.lean:1519:0: "PASS: □p → always p is valid (P1 perpetuity)"
info: FormalSystem/Metalogic/Decidability/Saturation.lean:1529:0: "PASS: □(□p) → G(□p) is valid"
info: FormalSystem/Metalogic/Decidability/Saturation.lean:1543:0: "PASS: p ∧ F(¬p) is satisfiable (open branch found)"
info: FormalSystem/Metalogic/Decidability/Saturation.lean:1552:0: "PASS: □p → □(Gp) is valid (modal_future)"
info: FormalSystem/Metalogic/Decidability/Saturation.lean:1579:0: "PASS E1: U(U(p,q),r) -> U(U(p,q),r) is valid"
info: FormalSystem/Metalogic/Decidability/Saturation.lean:1589:0: "PASS E2: S(p,bot) -> P(p) is valid"
info: FormalSystem/Metalogic/Decidability/Saturation.lean:1598:0: "PASS E3: p -> (q -> p) is valid"
info: FormalSystem/Metalogic/Decidability/Saturation.lean:1608:0: "PASS E4: U(p,q) is satisfiable (open branch with blocking)"
info: FormalSystem/Metalogic/Decidability/Saturation.lean:1619:0: "INFO E5: G(p) -> p is invalid (strict reading)"
info: FormalSystem/Metalogic/Decidability/Saturation.lean:2358:0: "PASS FC1: GGp → Gp closes under Dense"
info: FormalSystem/Metalogic/Decidability/Saturation.lean:2368:0: "PASS FC2: GGp → Gp correctly open under Base"
info: FormalSystem/Metalogic/Decidability/Saturation.lean:2377:0: "PASS FC3: ¬U(⊤,⊥) closes under Dense"
info: FormalSystem/Metalogic/Decidability/Saturation.lean:2387:0: "PASS FC4: ¬U(⊤,⊥) correctly open under Base"
info: FormalSystem/Metalogic/Decidability/Saturation.lean:2396:0: "PASS FC5: F(p) → U(p, ¬p) closes under Discrete"
info: FormalSystem/Metalogic/Decidability/Saturation.lean:2406:0: "PASS FC6: F(p) → U(p, ¬p) correctly open under Base"
info: FormalSystem/Metalogic/Decidability/Saturation.lean:2415:0: "PASS FC7: F(p) → U(p, ¬p) correctly open under Dense"
info: FormalSystem/Metalogic/Decidability/Saturation.lean:2424:0: "PASS FC8: p → p closes under all frame classes (monotonicity)"
info: FormalSystem/Metalogic/Decidability/Saturation.lean:2439:0: "PASS FC9: ¬U(⊤,⊥) correctly open under Discrete"
info: FormalSystem/Metalogic/Decidability/Saturation.lean:2461:0: "PASS PL1: diamond p terminates with open branch (no loop)"
info: FormalSystem/Metalogic/Decidability/Saturation.lean:2470:0: "PASS PL2: (box(bot -> bot) -> r) terminates (no stall)"
info: FormalSystem/Metalogic/Decidability/Saturation.lean:2479:0: "PASS PL3: box(bot -> p) is valid"
info: FormalSystem/Metalogic/Decidability/Saturation.lean:2488:0: "PASS PL4: box(p -> p) is valid"
info: FormalSystem/Metalogic/Decidability/Saturation.lean:2497:0: "PASS PL5: (box bot -> r) is valid"
info: FormalSystem/Metalogic/Decidability/Saturation.lean:2532:0: "PASS AN1: G(p) → ¬F(¬p) is valid"
info: FormalSystem/Metalogic/Decidability/Saturation.lean:2545:0: "PASS AN2: U(p,q) is satisfiable (active untlNeg created time)"
info: FormalSystem/Metalogic/Decidability/Saturation.lean:2558:0: "PASS AN3: U(p,q) → U(p,q) is valid"
info: FormalSystem/Metalogic/Decidability/Saturation.lean:2568:0: "PASS AN4: S(p,q) is satisfiable (active snceNeg created time)"
info: FormalSystem/Metalogic/Decidability/Saturation.lean:2580:0: "PASS AN5: H(p) → ¬P(¬p) is valid"
info: FormalSystem/Metalogic/Decidability/Saturation.lean:2597:0: "PASS AN6: nested Until identity valid (fuel=500)"
info: FormalSystem/Metalogic/Decidability/Saturation.lean:2611:0: "PASS AN7: U(p,q) → F(p) valid (fuel=500)"
info: FormalSystem/Metalogic/Decidability/Saturation.lean:2624:0: "PASS AN8: ¬U(p,q) satisfiable (fuel=500, active rule + blocking)"
info: FormalSystem/Metalogic/Decidability/Saturation.lean:2647:0: "PASS FA1: balanced branches get equal fuel"
info: FormalSystem/Metalogic/Decidability/Saturation.lean:2660:0: "PASS FA2: temporal branch gets more fuel than propositional"
info: FormalSystem/Metalogic/Decidability/Saturation.lean:2671:0: "PASS FA3: all allocations in bounds [1, 199]: [25, 100, 75]"
info: FormalSystem/Metalogic/Decidability/Saturation.lean:2682:0: "PASS FA4: fuel=0 gives all zeros"
info: FormalSystem/Metalogic/Decidability/Saturation.lean:2691:0: "PASS FA5: difficulty ordering correct: prop=1 < modal=3 < temp=4"
⚠ [1356/1531] Replayed FormalSystem.Metalogic.Decidability.CountermodelExtraction
warning: FormalSystem/Metalogic/Decidability/CountermodelExtraction.lean:605:46: This simp argument is unused:
  if_false

Hint: Omit it from the simp argument list.
  [apply] simp only [isApplicable, asUntil?, hg', applyRule, ruleMintsFreshLabel, ruleSelfGuarded, if_true,
    Option.isSome_some] at h

Note: This linter can be disabled with `set_option linter.unusedSimpArgs false`
warning: FormalSystem/Metalogic/Decidability/CountermodelExtraction.lean:606:34: This simp argument is unused:
  Option.isSome_some

Hint: Omit it from the simp argument list.
  [apply] simp only [isApplicable, asUntil?, hg', if_false, applyRule, ruleMintsFreshLabel, ruleSelfGuarded,
    if_true] at h

Note: This linter can be disabled with `set_option linter.unusedSimpArgs false`
warning: FormalSystem/Metalogic/Decidability/CountermodelExtraction.lean:671:46: This simp argument is unused:
  if_false

Hint: Omit it from the simp argument list.
  [apply] simp only [isApplicable, asSince?, hg', applyRule, ruleMintsFreshLabel, ruleSelfGuarded, if_true,
    Option.isSome_some] at h

Note: This linter can be disabled with `set_option linter.unusedSimpArgs false`
warning: FormalSystem/Metalogic/Decidability/CountermodelExtraction.lean:672:34: This simp argument is unused:
  Option.isSome_some

Hint: Omit it from the simp argument list.
  [apply] simp only [isApplicable, asSince?, hg', if_false, applyRule, ruleMintsFreshLabel, ruleSelfGuarded,
    if_true] at h

Note: This linter can be disabled with `set_option linter.unusedSimpArgs false`
ℹ [1358/1531] Replayed FormalSystem.Automation.Normalization
info: FormalSystem/Automation/Normalization.lean:239:0: neg_unfold : ∀ (φ : Formula), φ.neg = φ.imp bot
info: FormalSystem/Automation/Normalization.lean:240:0: top_unfold : top = bot.imp bot
info: FormalSystem/Automation/Normalization.lean:241:0: next_unfold : ∀ (φ : Formula), φ.next = bot.untl φ
info: FormalSystem/Automation/Normalization.lean:242:0: prev_unfold : ∀ (φ : Formula), φ.prev = bot.snce φ
info: FormalSystem/Automation/Normalization.lean:243:0: and_unfold : ∀ (φ ψ : Formula), φ.and ψ = (φ.imp (ψ.imp bot)).imp bot
info: FormalSystem/Automation/Normalization.lean:244:0: or_unfold : ∀ (φ ψ : Formula), φ.or ψ = (φ.imp bot).imp ψ
info: FormalSystem/Automation/Normalization.lean:245:0: diamond_unfold : ∀ (φ : Formula), φ.diamond = (φ.imp bot).box.imp bot
info: FormalSystem/Automation/Normalization.lean:246:0: some_future_unfold : ∀ (φ : Formula), φ.someFuture = (bot.imp bot).untl φ
info: FormalSystem/Automation/Normalization.lean:247:0: some_past_unfold : ∀ (φ : Formula), φ.somePast = (bot.imp bot).snce φ
info: FormalSystem/Automation/Normalization.lean:248:0: all_future_unfold : ∀ (φ : Formula), φ.allFuture = ((bot.imp bot).untl (φ.imp bot)).imp bot
info: FormalSystem/Automation/Normalization.lean:249:0: all_past_unfold : ∀ (φ : Formula), φ.allPast = ((bot.imp bot).snce (φ.imp bot)).imp bot
info: FormalSystem/Automation/Normalization.lean:250:0: weak_future_unfold : ∀ (φ : Formula),
  φ.weakFuture = (φ.imp ((((bot.imp bot).untl (φ.imp bot)).imp bot).imp bot)).imp bot
info: FormalSystem/Automation/Normalization.lean:251:0: weak_past_unfold : ∀ (φ : Formula), φ.weakPast = (φ.imp ((((bot.imp bot).snce (φ.imp bot)).imp bot).imp bot)).imp bot
info: FormalSystem/Automation/Normalization.lean:252:0: always_unfold : ∀ (φ : Formula), △φ = φ.allPast.and (φ.and φ.allFuture)
info: FormalSystem/Automation/Normalization.lean:253:0: sometimes_unfold : ∀ (φ : Formula), ▽φ = (△φ.neg).neg
info: FormalSystem/Automation/Normalization.lean:254:0: strong_release_unfold : ∀ (φ ψ : Formula), φ.strongRelease ψ = ψ.untl (ψ.and φ)
info: FormalSystem/Automation/Normalization.lean:255:0: strong_trigger_unfold : ∀ (φ ψ : Formula), φ.strongTrigger ψ = ψ.snce (ψ.and φ)
info: FormalSystem/Automation/Normalization.lean:613:0: FormalSystem.Automation.Normalization.EnrichedFormula.neg
  (FormalSystem.Automation.Normalization.EnrichedFormula.atom { base := "p", freshIndex := none })
info: FormalSystem/Automation/Normalization.lean:620:0: FormalSystem.Automation.Normalization.EnrichedFormula.top
info: FormalSystem/Automation/Normalization.lean:627:0: FormalSystem.Automation.Normalization.EnrichedFormula.diamond
  (FormalSystem.Automation.Normalization.EnrichedFormula.atom { base := "p", freshIndex := none })
info: FormalSystem/Automation/Normalization.lean:634:0: FormalSystem.Automation.Normalization.EnrichedFormula.and_
  (FormalSystem.Automation.Normalization.EnrichedFormula.atom { base := "p", freshIndex := none })
  (FormalSystem.Automation.Normalization.EnrichedFormula.atom { base := "q", freshIndex := none })
info: FormalSystem/Automation/Normalization.lean:641:0: FormalSystem.Automation.Normalization.EnrichedFormula.imp
  (FormalSystem.Automation.Normalization.EnrichedFormula.neg
    (FormalSystem.Automation.Normalization.EnrichedFormula.atom { base := "p", freshIndex := none }))
  (FormalSystem.Automation.Normalization.EnrichedFormula.atom { base := "q", freshIndex := none })
info: FormalSystem/Automation/Normalization.lean:648:0: FormalSystem.Automation.Normalization.EnrichedFormula.some_future
  (FormalSystem.Automation.Normalization.EnrichedFormula.atom { base := "p", freshIndex := none })
info: FormalSystem/Automation/Normalization.lean:655:0: FormalSystem.Automation.Normalization.EnrichedFormula.some_past
  (FormalSystem.Automation.Normalization.EnrichedFormula.atom { base := "p", freshIndex := none })
info: FormalSystem/Automation/Normalization.lean:661:0: FormalSystem.Automation.Normalization.EnrichedFormula.all_future
  (FormalSystem.Automation.Normalization.EnrichedFormula.atom { base := "p", freshIndex := none })
info: FormalSystem/Automation/Normalization.lean:667:0: FormalSystem.Automation.Normalization.EnrichedFormula.all_past
  (FormalSystem.Automation.Normalization.EnrichedFormula.atom { base := "p", freshIndex := none })
info: FormalSystem/Automation/Normalization.lean:673:0: FormalSystem.Automation.Normalization.EnrichedFormula.next
  (FormalSystem.Automation.Normalization.EnrichedFormula.atom { base := "p", freshIndex := none })
info: FormalSystem/Automation/Normalization.lean:679:0: FormalSystem.Automation.Normalization.EnrichedFormula.prev
  (FormalSystem.Automation.Normalization.EnrichedFormula.atom { base := "p", freshIndex := none })
info: FormalSystem/Automation/Normalization.lean:686:0: [(true, (FormalSystem.Syntax.Formula.imp
  (FormalSystem.Syntax.Formula.atom { base := "p", freshIndex := none })
  (FormalSystem.Syntax.Formula.bot), FormalSystem.Automation.Normalization.EnrichedFormula.neg
  (FormalSystem.Automation.Normalization.EnrichedFormula.atom { base := "p", freshIndex := none }))), (true, (FormalSystem.Syntax.Formula.imp (FormalSystem.Syntax.Formula.bot) (FormalSystem.Syntax.Formula.bot), FormalSystem.Automation.Normalization.EnrichedFormula.top)), (true, (FormalSystem.Syntax.Formula.imp
  (FormalSystem.Syntax.Formula.imp
    (FormalSystem.Syntax.Formula.atom { base := "p", freshIndex := none })
    (FormalSystem.Syntax.Formula.imp
      (FormalSystem.Syntax.Formula.atom { base := "q", freshIndex := none })
      (FormalSystem.Syntax.Formula.bot)))
  (FormalSystem.Syntax.Formula.bot), FormalSystem.Automation.Normalization.EnrichedFormula.and_
  (FormalSystem.Automation.Normalization.EnrichedFormula.atom { base := "p", freshIndex := none })
  (FormalSystem.Automation.Normalization.EnrichedFormula.atom { base := "q", freshIndex := none }))), (true, (FormalSystem.Syntax.Formula.imp
  (FormalSystem.Syntax.Formula.imp
    (FormalSystem.Syntax.Formula.atom { base := "p", freshIndex := none })
    (FormalSystem.Syntax.Formula.bot))
  (FormalSystem.Syntax.Formula.atom { base := "q", freshIndex := none }), FormalSystem.Automation.Normalization.EnrichedFormula.imp
  (FormalSystem.Automation.Normalization.EnrichedFormula.neg
    (FormalSystem.Automation.Normalization.EnrichedFormula.atom { base := "p", freshIndex := none }))
  (FormalSystem.Automation.Normalization.EnrichedFormula.atom { base := "q", freshIndex := none }))), (true, (FormalSystem.Syntax.Formula.imp
  (FormalSystem.Syntax.Formula.box
    (FormalSystem.Syntax.Formula.imp
      (FormalSystem.Syntax.Formula.atom { base := "p", freshIndex := none })
      (FormalSystem.Syntax.Formula.bot)))
  (FormalSystem.Syntax.Formula.bot), FormalSystem.Automation.Normalization.EnrichedFormula.diamond
  (FormalSystem.Automation.Normalization.EnrichedFormula.atom { base := "p", freshIndex := none }))), (true, (FormalSystem.Syntax.Formula.untl
  (FormalSystem.Syntax.Formula.imp (FormalSystem.Syntax.Formula.bot) (FormalSystem.Syntax.Formula.bot))
  (FormalSystem.Syntax.Formula.atom { base := "p", freshIndex := none }), FormalSystem.Automation.Normalization.EnrichedFormula.some_future
  (FormalSystem.Automation.Normalization.EnrichedFormula.atom { base := "p", freshIndex := none }))), (true, (FormalSystem.Syntax.Formula.snce
  (FormalSystem.Syntax.Formula.imp (FormalSystem.Syntax.Formula.bot) (FormalSystem.Syntax.Formula.bot))
  (FormalSystem.Syntax.Formula.atom { base := "p", freshIndex := none }), FormalSystem.Automation.Normalization.EnrichedFormula.some_past
  (FormalSystem.Automation.Normalization.EnrichedFormula.atom { base := "p", freshIndex := none }))), (true, (FormalSystem.Syntax.Formula.imp
  (FormalSystem.Syntax.Formula.untl
    (FormalSystem.Syntax.Formula.imp (FormalSystem.Syntax.Formula.bot) (FormalSystem.Syntax.Formula.bot))
    (FormalSystem.Syntax.Formula.imp
      (FormalSystem.Syntax.Formula.atom { base := "p", freshIndex := none })
      (FormalSystem.Syntax.Formula.bot)))
  (FormalSystem.Syntax.Formula.bot), FormalSystem.Automation.Normalization.EnrichedFormula.all_future
  (FormalSystem.Automation.Normalization.EnrichedFormula.atom { base := "p", freshIndex := none }))), (true, (FormalSystem.Syntax.Formula.imp
  (FormalSystem.Syntax.Formula.snce
    (FormalSystem.Syntax.Formula.imp (FormalSystem.Syntax.Formula.bot) (FormalSystem.Syntax.Formula.bot))
    (FormalSystem.Syntax.Formula.imp
      (FormalSystem.Syntax.Formula.atom { base := "p", freshIndex := none })
      (FormalSystem.Syntax.Formula.bot)))
  (FormalSystem.Syntax.Formula.bot), FormalSystem.Automation.Normalization.EnrichedFormula.all_past
  (FormalSystem.Automation.Normalization.EnrichedFormula.atom { base := "p", freshIndex := none }))), (true, (FormalSystem.Syntax.Formula.untl
  (FormalSystem.Syntax.Formula.bot)
  (FormalSystem.Syntax.Formula.atom { base := "p", freshIndex := none }), FormalSystem.Automation.Normalization.EnrichedFormula.next
  (FormalSystem.Automation.Normalization.EnrichedFormula.atom { base := "p", freshIndex := none }))), (true, (FormalSystem.Syntax.Formula.snce
  (FormalSystem.Syntax.Formula.bot)
  (FormalSystem.Syntax.Formula.atom { base := "p", freshIndex := none }), FormalSystem.Automation.Normalization.EnrichedFormula.prev
  (FormalSystem.Automation.Normalization.EnrichedFormula.atom { base := "p", freshIndex := none })))]
info: FormalSystem/Automation/Normalization.lean:707:0: FormalSystem.Automation.Normalization.EnrichedFormula.weak_future
  (FormalSystem.Automation.Normalization.EnrichedFormula.atom { base := "p", freshIndex := none })
info: FormalSystem/Automation/Normalization.lean:713:0: FormalSystem.Automation.Normalization.EnrichedFormula.weak_past
  (FormalSystem.Automation.Normalization.EnrichedFormula.atom { base := "p", freshIndex := none })
info: FormalSystem/Automation/Normalization.lean:719:0: FormalSystem.Automation.Normalization.EnrichedFormula.always
  (FormalSystem.Automation.Normalization.EnrichedFormula.atom { base := "p", freshIndex := none })
info: FormalSystem/Automation/Normalization.lean:725:0: FormalSystem.Automation.Normalization.EnrichedFormula.sometimes
  (FormalSystem.Automation.Normalization.EnrichedFormula.atom { base := "p", freshIndex := none })
info: FormalSystem/Automation/Normalization.lean:731:0: [(true, FormalSystem.Automation.Normalization.EnrichedFormula.always
  (FormalSystem.Automation.Normalization.EnrichedFormula.atom { base := "p", freshIndex := none })), (true, FormalSystem.Automation.Normalization.EnrichedFormula.sometimes
  (FormalSystem.Automation.Normalization.EnrichedFormula.atom { base := "p", freshIndex := none })), (true, FormalSystem.Automation.Normalization.EnrichedFormula.weak_future
  (FormalSystem.Automation.Normalization.EnrichedFormula.atom { base := "p", freshIndex := none })), (true, FormalSystem.Automation.Normalization.EnrichedFormula.weak_past
  (FormalSystem.Automation.Normalization.EnrichedFormula.atom { base := "p", freshIndex := none }))]
info: FormalSystem/Automation/Normalization.lean:910:0: "Round-trip test: ALL PASS (21 formulas tested)"
info: FormalSystem/Automation/Normalization.lean:1128:0: "{\"tag\": \"neg\", \"child\": {\"tag\": \"atom\", \"name\": \"p\"}}"
info: FormalSystem/Automation/Normalization.lean:1134:0: "{\"tag\": \"diamond\", \"child\": {\"tag\": \"atom\", \"name\": \"p\"}}"
info: FormalSystem/Automation/Normalization.lean:1140:0: "{\"tag\": \"diamond\", \"child\": {\"tag\": \"atom\", \"name\": \"p\"}}"
info: FormalSystem/Automation/Normalization.lean:1146:0: "△p"
info: FormalSystem/Automation/Normalization.lean:1152:0: "(and (atom \"p\") (atom \"q\"))"
info: FormalSystem/Automation/Normalization.lean:1158:0: "{\"tag\": \"always\", \"child\": {\"tag\": \"atom\", \"name\": \"p\"}}"
info: FormalSystem/Automation/Normalization.lean:1164:0: "(<>p → Gq)"
⚠ [1360/1531] Replayed FormalSystem.Metalogic.Decidability.CancellableExpansion
warning: FormalSystem/Metalogic/Decidability/CancellableExpansion.lean:272:29: Variable name `appliedSet` is not explicitly referenced.

Hint: The binding can be removed (if unused) or named `_` (if used implicitly). Alternatively, prefix the name with `_` to silence this warning:
  [apply] _appliedSet

Note: This linter can be disabled with `set_option linter.unusedVariables false`
ℹ [1362/1531] Replayed FormalSystem.Automation.FormulaEnumerator
info: FormalSystem/Automation/FormulaEnumerator.lean:2104:0: 7852
info: FormalSystem/Automation/FormulaEnumerator.lean:2107:0: 75914
info: FormalSystem/Automation/FormulaEnumerator.lean:2110:0: 45111
info: FormalSystem/Automation/FormulaEnumerator.lean:2113:0: true
info: FormalSystem/Automation/FormulaEnumerator.lean:2117:0: true
info: FormalSystem/Automation/FormulaEnumerator.lean:2121:0: true
⚠ [1367/1531] Replayed FormalSystem.Automation.DatasetGenerator
info: FormalSystem/Automation/DatasetGenerator.lean:974:0: true
info: FormalSystem/Automation/DatasetGenerator.lean:975:0: true
info: FormalSystem/Automation/DatasetGenerator.lean:976:0: true
info: FormalSystem/Automation/DatasetGenerator.lean:977:0: true
info: FormalSystem/Automation/DatasetGenerator.lean:978:0: false
info: FormalSystem/Automation/DatasetGenerator.lean:979:0: false
info: FormalSystem/Automation/DatasetGenerator.lean:982:0: true
info: FormalSystem/Automation/DatasetGenerator.lean:983:0: true
info: FormalSystem/Automation/DatasetGenerator.lean:984:0: true
info: FormalSystem/Automation/DatasetGenerator.lean:985:0: false
info: FormalSystem/Automation/DatasetGenerator.lean:986:0: false
info: FormalSystem/Automation/DatasetGenerator.lean:989:0: some true
info: FormalSystem/Automation/DatasetGenerator.lean:991:0: some true
info: FormalSystem/Automation/DatasetGenerator.lean:992:0: some true
info: FormalSystem/Automation/DatasetGenerator.lean:994:0: none
info: FormalSystem/Automation/DatasetGenerator.lean:997:0: some (true, "structural_bot_temporal")
info: FormalSystem/Automation/DatasetGenerator.lean:999:0: some (true, "structural_tautology")
info: FormalSystem/Automation/DatasetGenerator.lean:1001:0: some (true, "structural_bot_temporal")
info: FormalSystem/Automation/DatasetGenerator.lean:1003:0: some (true, "structural_modal_4")
info: FormalSystem/Automation/DatasetGenerator.lean:1005:0: some (true, "structural_modal_t_weakening")
info: FormalSystem/Automation/DatasetGenerator.lean:1007:0: none
info: FormalSystem/Automation/DatasetGenerator.lean:1013:0: [FormalSystem.Syntax.Formula.atom { base := "p", freshIndex := none },
 FormalSystem.Syntax.Formula.atom { base := "q", freshIndex := none }]
info: FormalSystem/Automation/DatasetGenerator.lean:1015:0: [FormalSystem.Syntax.Formula.atom { base := "p", freshIndex := none },
 FormalSystem.Syntax.Formula.atom { base := "q", freshIndex := none },
 FormalSystem.Syntax.Formula.imp
   (FormalSystem.Syntax.Formula.atom { base := "p", freshIndex := none })
   (FormalSystem.Syntax.Formula.atom { base := "p", freshIndex := none })]
info: FormalSystem/Automation/DatasetGenerator.lean:1019:0: some (FormalSystem.Syntax.Formula.atom { base := "p", freshIndex := none })
info: FormalSystem/Automation/DatasetGenerator.lean:1020:0: some (FormalSystem.Syntax.Formula.atom { base := "p", freshIndex := none })
info: FormalSystem/Automation/DatasetGenerator.lean:1021:0: some (FormalSystem.Syntax.Formula.atom { base := "p", freshIndex := none })
info: FormalSystem/Automation/DatasetGenerator.lean:1022:0: some (FormalSystem.Syntax.Formula.atom { base := "p", freshIndex := none })
info: FormalSystem/Automation/DatasetGenerator.lean:1025:0: some (true, "structural_s5_reflexive_conflict")
info: FormalSystem/Automation/DatasetGenerator.lean:1030:0: some (true, "structural_temporal_loop_until")
info: FormalSystem/Automation/DatasetGenerator.lean:1036:0: some (true, "structural_temporal_loop_since")
info: FormalSystem/Automation/DatasetGenerator.lean:1042:0: some (true, "structural_subsumption_gt")
info: FormalSystem/Automation/DatasetGenerator.lean:1044:0: some (true, "structural_subsumption_ht")
info: FormalSystem/Automation/DatasetGenerator.lean:1046:0: some (true, "structural_subsumption_gf")
info: FormalSystem/Automation/DatasetGenerator.lean:1048:0: some (true, "structural_subsumption_hp")
info: FormalSystem/Automation/DatasetGenerator.lean:1050:0: some (true, "structural_subsumption_g4")
info: FormalSystem/Automation/DatasetGenerator.lean:1052:0: some (true, "structural_subsumption_h4")
info: FormalSystem/Automation/DatasetGenerator.lean:1054:0: some (true, "structural_subsumption_ff")
info: FormalSystem/Automation/DatasetGenerator.lean:1056:0: some (true, "structural_subsumption_pp")
info: FormalSystem/Automation/DatasetGenerator.lean:1058:0: some (true, "structural_subsumption_modal_t")
info: FormalSystem/Automation/DatasetGenerator.lean:1060:0: some (true, "structural_subsumption_modal_4")
info: FormalSystem/Automation/DatasetGenerator.lean:1062:0: some (true, "structural_subsumption_modal_d")
info: FormalSystem/Automation/DatasetGenerator.lean:1070:0: some (true, "structural_until_implies_future")
info: FormalSystem/Automation/DatasetGenerator.lean:1074:0: some (true, "structural_since_implies_past")
info: FormalSystem/Automation/DatasetGenerator.lean:1078:0: none
info: FormalSystem/Automation/DatasetGenerator.lean:1082:0: some (true, "structural_subsumption_gf")
info: FormalSystem/Automation/DatasetGenerator.lean:1086:0: some (true, "structural_subsumption_hp")
info: FormalSystem/Automation/DatasetGenerator.lean:1090:0: some (true, "structural_identity")
info: FormalSystem/Automation/DatasetGenerator.lean:1094:0: none
info: FormalSystem/Automation/DatasetGenerator.lean:1098:0: none
info: FormalSystem/Automation/DatasetGenerator.lean:1104:0: [(FormalSystem.Syntax.Formula.imp
    (FormalSystem.Syntax.Formula.atom { base := "p", freshIndex := none })
    (FormalSystem.Syntax.Formula.atom { base := "q", freshIndex := none }),
  FormalSystem.Metalogic.Decidability.Sign.pos),
 (FormalSystem.Syntax.Formula.atom { base := "p", freshIndex := none }, FormalSystem.Metalogic.Decidability.Sign.neg),
 (FormalSystem.Syntax.Formula.atom { base := "q", freshIndex := none }, FormalSystem.Metalogic.Decidability.Sign.pos)]
info: FormalSystem/Automation/DatasetGenerator.lean:1106:0: [(FormalSystem.Syntax.Formula.imp
    (FormalSystem.Syntax.Formula.atom { base := "p", freshIndex := none })
    (FormalSystem.Syntax.Formula.bot),
  FormalSystem.Metalogic.Decidability.Sign.pos),
 (FormalSystem.Syntax.Formula.atom { base := "p", freshIndex := none }, FormalSystem.Metalogic.Decidability.Sign.neg),
 (FormalSystem.Syntax.Formula.bot, FormalSystem.Metalogic.Decidability.Sign.pos)]
info: FormalSystem/Automation/DatasetGenerator.lean:1110:0: false
info: FormalSystem/Automation/DatasetGenerator.lean:1112:0: true
info: FormalSystem/Automation/DatasetGenerator.lean:1116:0: true
info: FormalSystem/Automation/DatasetGenerator.lean:1118:0: some (true, "structural_polarity_drop_tautology")
info: FormalSystem/Automation/DatasetGenerator.lean:1123:0: some (true, "structural_polarity_bot_neg")
info: FormalSystem/Automation/DatasetGenerator.lean:1127:0: true
info: FormalSystem/Automation/DatasetGenerator.lean:1128:0: true
info: FormalSystem/Automation/DatasetGenerator.lean:1130:0: false
info: FormalSystem/Automation/DatasetGenerator.lean:1131:0: some (true, "structural_prop_contradiction")
info: FormalSystem/Automation/DatasetGenerator.lean:1135:0: true
info: FormalSystem/Automation/DatasetGenerator.lean:1136:0: true
info: FormalSystem/Automation/DatasetGenerator.lean:1137:0: some (true, "structural_tautology")
info: FormalSystem/Automation/DatasetGenerator.lean:1139:0: some (true, "structural_tautology")
info: FormalSystem/Automation/DatasetGenerator.lean:1145:0: true
info: FormalSystem/Automation/DatasetGenerator.lean:1146:0: true
info: FormalSystem/Automation/DatasetGenerator.lean:1147:0: true
info: FormalSystem/Automation/DatasetGenerator.lean:1148:0: true
info: FormalSystem/Automation/DatasetGenerator.lean:1149:0: true
info: FormalSystem/Automation/DatasetGenerator.lean:1150:0: true
info: FormalSystem/Automation/DatasetGenerator.lean:1153:0: false
info: FormalSystem/Automation/DatasetGenerator.lean:1155:0: false
info: FormalSystem/Automation/DatasetGenerator.lean:1157:0: false
info: FormalSystem/Automation/DatasetGenerator.lean:1159:0: false
info: FormalSystem/Automation/DatasetGenerator.lean:1163:0: true
info: FormalSystem/Automation/DatasetGenerator.lean:1165:0: true
info: FormalSystem/Automation/DatasetGenerator.lean:1167:0: true
info: FormalSystem/Automation/DatasetGenerator.lean:1169:0: true
info: FormalSystem/Automation/DatasetGenerator.lean:1171:0: true
info: FormalSystem/Automation/DatasetGenerator.lean:1174:0: false
info: FormalSystem/Automation/DatasetGenerator.lean:1176:0: false
info: FormalSystem/Automation/DatasetGenerator.lean:1178:0: false
info: FormalSystem/Automation/DatasetGenerator.lean:1180:0: false
info: FormalSystem/Automation/DatasetGenerator.lean:1184:0: true
info: FormalSystem/Automation/DatasetGenerator.lean:1186:0: true
info: FormalSystem/Automation/DatasetGenerator.lean:1188:0: true
info: FormalSystem/Automation/DatasetGenerator.lean:1189:0: true
info: FormalSystem/Automation/DatasetGenerator.lean:1191:0: true
info: FormalSystem/Automation/DatasetGenerator.lean:1194:0: false
info: FormalSystem/Automation/DatasetGenerator.lean:1196:0: false
info: FormalSystem/Automation/DatasetGenerator.lean:1198:0: false
info: FormalSystem/Automation/DatasetGenerator.lean:1200:0: false
info: FormalSystem/Automation/DatasetGenerator.lean:1204:0: true
info: FormalSystem/Automation/DatasetGenerator.lean:1207:0: true
info: FormalSystem/Automation/DatasetGenerator.lean:1210:0: true
info: FormalSystem/Automation/DatasetGenerator.lean:1213:0: true
info: FormalSystem/Automation/DatasetGenerator.lean:1217:0: false
info: FormalSystem/Automation/DatasetGenerator.lean:1220:0: false
info: FormalSystem/Automation/DatasetGenerator.lean:1222:0: false
info: FormalSystem/Automation/DatasetGenerator.lean:1224:0: false
info: FormalSystem/Automation/DatasetGenerator.lean:1228:0: some (false, "invalid_satisfiable_neg")
info: FormalSystem/Automation/DatasetGenerator.lean:1230:0: some (false, "invalid_satisfiable_neg")
info: FormalSystem/Automation/DatasetGenerator.lean:1232:0: some (false, "invalid_false_consequent")
info: FormalSystem/Automation/DatasetGenerator.lean:1234:0: some (false, "invalid_unfulfillable_eventuality")
info: FormalSystem/Automation/DatasetGenerator.lean:1237:0: none
info: FormalSystem/Automation/DatasetGenerator.lean:1239:0: none
info: FormalSystem/Automation/DatasetGenerator.lean:1241:0: none
info: FormalSystem/Automation/DatasetGenerator.lean:1245:0: (2, 0)
info: FormalSystem/Automation/DatasetGenerator.lean:2020:0: [proof-first] Seeding: 10/100, pool size: 10, elapsed: 5ms
[proof-first] Seeding: 20/100, pool size: 19, elapsed: 11ms
[proof-first] Seeding: 30/100, pool size: 27, elapsed: 16ms
[proof-first] Seeding: 40/100, pool size: 35, elapsed: 21ms
[proof-first] Seeding: 50/100, pool size: 41, elapsed: 22ms
[proof-first] Seeding: 60/100, pool size: 50, elapsed: 27ms
[proof-first] Seeding: 70/100, pool size: 59, elapsed: 29ms
[proof-first] Seeding: 80/100, pool size: 68, elapsed: 31ms
[proof-first] Seeding: 90/100, pool size: 76, elapsed: 33ms
[proof-first] Seeding: 100/100, pool size: 84, elapsed: 34ms
[proof-first] Ex-falso cap applied in 1ms, pool size: 84
[proof-first] depth=0 pool=200 (+116, 138% growth) elapsed=67ms
[proof-first] Generation complete: 200 theorems in 102ms
[test] Pool generation: 200 entries (expected > 0)
[test] PASS: pool is non-empty
info: FormalSystem/Automation/DatasetGenerator.lean:2036:0: [proof-first] Seeding: 10/100, pool size: 10, elapsed: 2ms
[proof-first] Seeding: 20/100, pool size: 20, elapsed: 6ms
[proof-first] Seeding: 30/100, pool size: 30, elapsed: 10ms
[proof-first] Seeding: 40/100, pool size: 40, elapsed: 11ms
[proof-first] Seeding: 50/100, pool size: 47, elapsed: 13ms
[proof-first] Seeding: 60/100, pool size: 57, elapsed: 19ms
[proof-first] Seeding: 70/100, pool size: 67, elapsed: 21ms
[proof-first] Seeding: 80/100, pool size: 75, elapsed: 22ms
[proof-first] Seeding: 90/100, pool size: 83, elapsed: 24ms
[proof-first] Seeding: 100/100, pool size: 92, elapsed: 25ms
[proof-first] Ex-falso cap applied in 0ms, pool size: 92
[proof-first] depth=0 pool=200 (+108, 117% growth) elapsed=74ms
[proof-first] Generation complete: 200 theorems in 99ms
[test] Pool contains (p → p): false
[test] Hybrid label for (p → p): FormalSystem.Automation.FormulaLabel.valid, method: structural_prefilter
[test] PASS: hybrid mode correctly labels (p → p) as valid
info: FormalSystem/Automation/DatasetGenerator.lean:2060:0: [test] Hybrid fallthrough: label=FormalSystem.Automation.FormulaLabel.invalid, method=adaptive_360
[test] PASS: hybrid mode fell through to tableau (not proof_first)
info: FormalSystem/Automation/DatasetGenerator.lean:2078:0: [proof-first] Seeding: 20/200, pool size: 20, elapsed: 10ms
[proof-first] Seeding: 40/200, pool size: 39, elapsed: 27ms
[proof-first] Seeding: 60/200, pool size: 56, elapsed: 46ms
[proof-first] Seeding: 80/200, pool size: 74, elapsed: 53ms
[proof-first] Seeding: 100/200, pool size: 91, elapsed: 62ms
[proof-first] Seeding: 120/200, pool size: 108, elapsed: 97ms
[proof-first] Seeding: 140/200, pool size: 122, elapsed: 113ms
[proof-first] Seeding: 160/200, pool size: 137, elapsed: 121ms
[proof-first] Seeding: 180/200, pool size: 154, elapsed: 128ms
[proof-first] Seeding: 200/200, pool size: 169, elapsed: 135ms
[proof-first] Ex-falso cap applied in 2ms, pool size: 169
[proof-first] depth=0 pool=500 (+331, 195% growth) elapsed=305ms
[proof-first] Generation complete: 500 theorems in 442ms
[test] Pool size: 500
[test] OK: (p → p) -> FormalSystem.Automation.FormulaLabel.valid (ex: structural_prefilter, hy: structural_prefilter)
[test] OK: (□p → p) -> FormalSystem.Automation.FormulaLabel.valid (ex: structural_prefilter, hy: structural_prefilter)
[test] OK: (U(p, q) → U(q, (⊥ → ⊥))) -> FormalSystem.Automation.FormulaLabel.valid (ex: structural_prefilter, hy: structural_prefilter)
[test] OK: (S(p, q) → S(q, (⊥ → ⊥))) -> FormalSystem.Automation.FormulaLabel.valid (ex: structural_prefilter, hy: structural_prefilter)
[test] OK: (p → q) -> FormalSystem.Automation.FormulaLabel.invalid (ex: adaptive_240, hy: adaptive_240)
[test] OK: (U(p, q) → U(r, q)) -> FormalSystem.Automation.FormulaLabel.invalid (ex: adaptive_360, hy: adaptive_360)
[test] OK: (p → (q → q)) -> FormalSystem.Automation.FormulaLabel.valid (ex: structural_prefilter, hy: structural_prefilter)
[test] OK: (□⊥ → q) -> FormalSystem.Automation.FormulaLabel.valid (ex: structural_prefilter, hy: structural_prefilter)
[test] Prefilter hits: 6, Pool hits: 0
[test] PASS: all labels match between exhaustive and hybrid modes
info: FormalSystem/Automation/DatasetGenerator.lean:2143:0: [test] OK: (p → ⊥) -> invalid via structural_invalid_prefilter:invalid_satisfiable_neg
[test] OK: (p → U(⊥, q)) -> invalid via structural_invalid_prefilter:invalid_satisfiable_neg
[test] OK: (□p → ⊥) -> invalid via structural_invalid_prefilter:invalid_satisfiable_neg
[test] OK: (U(p, q) → U(⊥, r)) -> invalid via structural_invalid_prefilter:invalid_false_consequent
[test] OK: ((U(((p → ⊥) → ⊥), (⊥ → ⊥)) → ⊥) → U(p, q)) -> invalid via structural_invalid_prefilter:invalid_unfulfillable_eventuality
[test] OK: (p → p) -> FormalSystem.Automation.FormulaLabel.valid via structural_prefilter (not invalid prefilter)
[test] OK: (□⊥ → q) -> FormalSystem.Automation.FormulaLabel.valid via structural_prefilter (not invalid prefilter)
[test] OK: (U(⊥, p) → U(⊥, q)) -> FormalSystem.Automation.FormulaLabel.valid via structural_prefilter (not invalid prefilter)
[test] OK: (p → (q → q)) -> FormalSystem.Automation.FormulaLabel.valid via structural_prefilter (not invalid prefilter)
[test] PASS: all invalid prefilter integration tests pass
info: FormalSystem/Automation/DatasetGenerator.lean:2200:0: [test] OK: (p → ⊥) — prefilter=invalid, tableau=FormalSystem.Automation.FormulaLabel.invalid
[test] OK: (□p → ⊥) — prefilter=invalid, tableau=FormalSystem.Automation.FormulaLabel.invalid
[test] OK: (p → U(⊥, q)) — prefilter=invalid, tableau=FormalSystem.Automation.FormulaLabel.invalid
[test] OK: (p → □⊥) — prefilter=invalid, tableau=FormalSystem.Automation.FormulaLabel.invalid
[test] OK: (((p → (q → ⊥)) → ⊥) → ⊥) — prefilter=invalid, tableau=FormalSystem.Automation.FormulaLabel.invalid
[test] OK: (□□p → U(⊥, q)) — prefilter=invalid, tableau=FormalSystem.Automation.FormulaLabel.invalid
[test] OK: ((⊥ → ⊥) → ⊥) — prefilter=invalid, tableau=FormalSystem.Automation.FormulaLabel.invalid
[test] OK: (p → S(⊥, q)) — prefilter=invalid, tableau=FormalSystem.Automation.FormulaLabel.invalid
[test] OK: (((p → ((q → ⊥) → ⊥)) → ⊥) → ⊥) — prefilter=invalid, tableau=FormalSystem.Automation.FormulaLabel.invalid
[test] OK: (U(p, q) → U(⊥, r)) — prefilter=invalid, tableau=FormalSystem.Automation.FormulaLabel.invalid
[test] PASS: all cross-validation tests agree
info: FormalSystem/Automation/DatasetGenerator.lean:2238:0: [test] OK: (p → p) — not caught by invalid prefilter
[test] OK: (□⊥ → q) — not caught by invalid prefilter
[test] OK: (p → (q → q)) — not caught by invalid prefilter
[test] OK: (□p → p) — not caught by invalid prefilter
[test] OK: (□p → □□p) — not caught by invalid prefilter
[test] OK: ((U((p → ⊥), (⊥ → ⊥)) → ⊥) → p) — not caught by invalid prefilter
[test] OK: ((U((p → ⊥), (⊥ → ⊥)) → ⊥) → U(p, (⊥ → ⊥))) — not caught by invalid prefilter
[test] OK: (U(p, q) → U(q, (⊥ → ⊥))) — not caught by invalid prefilter
[test] OK: (S(p, q) → S(q, (⊥ → ⊥))) — not caught by invalid prefilter
[test] OK: (U(⊥, p) → U(⊥, q)) — not caught by invalid prefilter
[test] PASS: no valid formulas mislabeled by invalid prefilter
info: FormalSystem/Automation/DatasetGenerator.lean:2267:0: [test] ⊥ → ⊥: none (expected: none — vacuously valid)
[test] ⊤ → ⊥: some (false, "invalid_satisfiable_neg") (expected: some (false, invalid_satisfiable_neg))
[test] □⊥ → U(⊥,p): none (expected: none — vacuously valid)
[test] p → □⊥: some (false, "invalid_satisfiable_neg") (expected: some (false, invalid_satisfiable_neg))
[test] PASS: all edge case tests correct
warning: FormalSystem/Automation/DatasetGenerator.lean:2269:6: Variable name `q` is not explicitly referenced.

Hint: The binding can be removed (if unused) or named `_` (if used implicitly). Alternatively, prefix the name with `_` to silence this warning:
  [apply] _q

Note: This linter can be disabled with `set_option linter.unusedVariables false`
⚠ [1368/1531] Replayed FormalSystem.Automation.DatasetExport
warning: FormalSystem/Automation/DatasetExport.lean:1275:34: `String.trimLeft` has been deprecated: Use `String.trimAsciiStart` instead

Note: The updated constant has a different type:
  String → String.Slice
instead of
  String → String
Build completed successfully (2724 jobs).
ℹ [680/765] Replayed FormalSystem.Syntax.Formula
info: FormalSystem/Syntax/Formula.lean:287:0: 2
info: FormalSystem/Syntax/Formula.lean:290:0: 2
info: FormalSystem/Syntax/Formula.lean:293:0: 2
info: FormalSystem/Syntax/Formula.lean:296:0: 2
info: FormalSystem/Syntax/Formula.lean:299:0: 3
info: FormalSystem/Syntax/Formula.lean:302:0: 3
info: FormalSystem/Syntax/Formula.lean:303:0: 3
info: FormalSystem/Syntax/Formula.lean:585:0: 3
info: FormalSystem/Syntax/Formula.lean:588:0: 3
info: FormalSystem/Syntax/Formula.lean:591:0: 3
info: FormalSystem/Syntax/Formula.lean:594:0: 3
info: FormalSystem/Syntax/Formula.lean:597:0: 4
info: FormalSystem/Syntax/Formula.lean:600:0: 4
info: FormalSystem/Syntax/Formula.lean:637:0: 2
info: FormalSystem/Syntax/Formula.lean:640:0: 2
info: FormalSystem/Syntax/Formula.lean:643:0: 2
info: FormalSystem/Syntax/Formula.lean:646:0: 2
info: FormalSystem/Syntax/Formula.lean:649:0: 2
info: FormalSystem/Syntax/Formula.lean:652:0: 2
info: FormalSystem/Syntax/Formula.lean:655:0: 2
⚠ [688/765] Replayed FormalSystem.Metalogic.Decidability.Tableau
warning: FormalSystem/Metalogic/Decidability/Tableau.lean:466:30: This simp argument is unused:
  if_false

Hint: Omit it from the simp argument list.
  [apply] simp only [hc, if_true, reduceIte] at hsg

Note: This linter can be disabled with `set_option linter.unusedSimpArgs false`
warning: FormalSystem/Metalogic/Decidability/Tableau.lean:466:40: This simp argument is unused:
  reduceIte

Hint: Omit it from the simp argument list.
  [apply] simp only [hc, if_true, if_false] at hsg

Note: This linter can be disabled with `set_option linter.unusedSimpArgs false`
warning: FormalSystem/Metalogic/Decidability/Tableau.lean:473:30: This simp argument is unused:
  if_false

Hint: Omit it from the simp argument list.
  [apply] simp only [hc, if_true, reduceIte] at hsg

Note: This linter can be disabled with `set_option linter.unusedSimpArgs false`
warning: FormalSystem/Metalogic/Decidability/Tableau.lean:473:40: This simp argument is unused:
  reduceIte

Hint: Omit it from the simp argument list.
  [apply] simp only [hc, if_true, if_false] at hsg

Note: This linter can be disabled with `set_option linter.unusedSimpArgs false`
warning: FormalSystem/Metalogic/Decidability/Tableau.lean:2993:52: This simp argument is unused:
  Bool.not_eq_true

Hint: Omit it from the simp argument list.
  [apply] simp only [isExpanded, Option.isNone_iff_eq_none, decide_eq_true_eq, Bool.not_eq_eq_eq_not, Bool.not_false,
    Bool.decide_eq_false, Bool.not_eq_false] at hfind

Note: This linter can be disabled with `set_option linter.unusedSimpArgs false`
warning: FormalSystem/Metalogic/Decidability/Tableau.lean:2994:4: This simp argument is unused:
  Bool.not_eq_eq_eq_not

Hint: Omit it from the simp argument list.
  [apply] simp only [isExpanded, Option.isNone_iff_eq_none, Bool.not_eq_true, decide_eq_true_eq, Bool.not_false,
    Bool.decide_eq_false, Bool.not_eq_false] at hfind

Note: This linter can be disabled with `set_option linter.unusedSimpArgs false`
warning: FormalSystem/Metalogic/Decidability/Tableau.lean:2994:27: This simp argument is unused:
  Bool.not_false

Hint: Omit it from the simp argument list.
  [apply] simp only [isExpanded, Option.isNone_iff_eq_none, Bool.not_eq_true, decide_eq_true_eq, Bool.not_eq_eq_eq_not,
    Bool.decide_eq_false, Bool.not_eq_false] at hfind

Note: This linter can be disabled with `set_option linter.unusedSimpArgs false`
warning: FormalSystem/Metalogic/Decidability/Tableau.lean:2994:43: This simp argument is unused:
  Bool.decide_eq_false

Hint: Omit it from the simp argument list.
  [apply] simp only [isExpanded, Option.isNone_iff_eq_none, Bool.not_eq_true, decide_eq_true_eq, Bool.not_eq_eq_eq_not,
    Bool.not_false, Bool.not_eq_false] at hfind

Note: This linter can be disabled with `set_option linter.unusedSimpArgs false`
warning: FormalSystem/Metalogic/Decidability/Tableau.lean:2994:65: This simp argument is unused:
  Bool.not_eq_false

Hint: Omit it from the simp argument list.
  [apply] simp only [isExpanded, Option.isNone_iff_eq_none, Bool.not_eq_true, decide_eq_true_eq, Bool.not_eq_eq_eq_not,
    Bool.not_false, Bool.decide_eq_false] at hfind

Note: This linter can be disabled with `set_option linter.unusedSimpArgs false`
⚠ [787/1171] Replayed FormalSystem.Semantics.TaskFrame
warning: FormalSystem/Semantics/TaskFrame.lean:214:0: automatically included section variable(s) unused in theorem `FormalSystem.Semantics.TaskFrame.mem_Fib`:
  [Nontrivial D]
consider restructuring your `variable` declarations so that the variables are not in scope or explicitly omit them:
  omit [Nontrivial D] in theorem ...

Note: This linter can be disabled with `set_option linter.unusedSectionVars false`
warning: FormalSystem/Semantics/TaskFrame.lean:236:0: automatically included section variable(s) unused in theorem `FormalSystem.Semantics.TaskFrame.mem_cone`:
  [Nontrivial D]
consider restructuring your `variable` declarations so that the variables are not in scope or explicitly omit them:
  omit [Nontrivial D] in theorem ...

Note: This linter can be disabled with `set_option linter.unusedSectionVars false`
warning: FormalSystem/Semantics/TaskFrame.lean:242:0: automatically included section variable(s) unused in theorem `FormalSystem.Semantics.TaskFrame.cone_mono`:
  [Nontrivial D]
consider restructuring your `variable` declarations so that the variables are not in scope or explicitly omit them:
  omit [Nontrivial D] in theorem ...

Note: This linter can be disabled with `set_option linter.unusedSectionVars false`
warning: FormalSystem/Semantics/TaskFrame.lean:262:0: automatically included section variable(s) unused in theorem `FormalSystem.Semantics.TaskFrame.mem_Seg`:
  [Nontrivial D]
consider restructuring your `variable` declarations so that the variables are not in scope or explicitly omit them:
  omit [Nontrivial D] in theorem ...

Note: This linter can be disabled with `set_option linter.unusedSectionVars false`
warning: FormalSystem/Semantics/TaskFrame.lean:412:0: automatically included section variable(s) unused in theorem `FormalSystem.Semantics.TaskFrame.comp_of`:
  [IsOrderedAddMonoid D]
  [Nontrivial D]
consider restructuring your `variable` declarations so that the variables are not in scope or explicitly omit them:
  omit [IsOrderedAddMonoid D] [Nontrivial D] in theorem ...

Note: This linter can be disabled with `set_option linter.unusedSectionVars false`
warning: FormalSystem/Semantics/TaskFrame.lean:419:0: automatically included section variable(s) unused in theorem `FormalSystem.Semantics.TaskFrame.forward_of_comp`:
  [IsOrderedAddMonoid D]
  [Nontrivial D]
consider restructuring your `variable` declarations so that the variables are not in scope or explicitly omit them:
  omit [IsOrderedAddMonoid D] [Nontrivial D] in theorem ...

Note: This linter can be disabled with `set_option linter.unusedSectionVars false`
warning: FormalSystem/Semantics/TaskFrame.lean:424:0: automatically included section variable(s) unused in theorem `FormalSystem.Semantics.TaskFrame.interpolates_of_comp`:
  [IsOrderedAddMonoid D]
  [Nontrivial D]
consider restructuring your `variable` declarations so that the variables are not in scope or explicitly omit them:
  omit [IsOrderedAddMonoid D] [Nontrivial D] in theorem ...

Note: This linter can be disabled with `set_option linter.unusedSectionVars false`
warning: FormalSystem/Semantics/TaskFrame.lean:675:0: automatically included section variable(s) unused in theorem `FormalSystem.Semantics.TaskFrame.limit_of_succOrder`:
  [Nontrivial D]
consider restructuring your `variable` declarations so that the variables are not in scope or explicitly omit them:
  omit [Nontrivial D] in theorem ...

Note: This linter can be disabled with `set_option linter.unusedSectionVars false`
warning: FormalSystem/Semantics/TaskFrame.lean:703:0: automatically included section variable(s) unused in theorem `FormalSystem.Semantics.TaskFrame.limit_of_shift`:
  [Nontrivial D]
consider restructuring your `variable` declarations so that the variables are not in scope or explicitly omit them:
  omit [Nontrivial D] in theorem ...

Note: This linter can be disabled with `set_option linter.unusedSectionVars false`
warning: FormalSystem/Semantics/TaskFrame.lean:703:8: Overlapping instance parameters in `limit_of_shift`:

⚠️ There are 2 `[Nontrivial D]` instances; one is sufficient.

Note: This linter can be disabled with `set_option linter.overlappingInstances false`
warning: FormalSystem/Semantics/TaskFrame.lean:754:0: automatically included section variable(s) unused in theorem `FormalSystem.Semantics.TaskFrame.exists_uniform_radius_of_finite`:
  [Nontrivial D]
consider restructuring your `variable` declarations so that the variables are not in scope or explicitly omit them:
  omit [Nontrivial D] in theorem ...

Note: This linter can be disabled with `set_option linter.unusedSectionVars false`
warning: FormalSystem/Semantics/TaskFrame.lean:754:8: Overlapping instance parameters in `exists_uniform_radius_of_finite`:

⚠️ There are 2 `[Nontrivial D]` instances; one is sufficient.

Note: This linter can be disabled with `set_option linter.overlappingInstances false`
warning: FormalSystem/Semantics/TaskFrame.lean:814:0: automatically included section variable(s) unused in theorem `FormalSystem.Semantics.TaskFrame.exists_pos_of_nontrivial`:
  [Nontrivial D]
consider restructuring your `variable` declarations so that the variables are not in scope or explicitly omit them:
  omit [Nontrivial D] in theorem ...

Note: This linter can be disabled with `set_option linter.unusedSectionVars false`
warning: FormalSystem/Semantics/TaskFrame.lean:814:8: Overlapping instance parameters in `exists_pos_of_nontrivial`:

⚠️ There are 2 `[Nontrivial D]` instances; one is sufficient.

Note: This linter can be disabled with `set_option linter.overlappingInstances false`
warning: FormalSystem/Semantics/TaskFrame.lean:930:0: automatically included section variable(s) unused in theorem `FormalSystem.Semantics.TaskFrame.spherical_of_finite`:
  [Nontrivial D]
consider restructuring your `variable` declarations so that the variables are not in scope or explicitly omit them:
  omit [Nontrivial D] in theorem ...

Note: This linter can be disabled with `set_option linter.unusedSectionVars false`
warning: FormalSystem/Semantics/TaskFrame.lean:945:0: automatically included section variable(s) unused in theorem `FormalSystem.Semantics.TaskFrame.serial_of_total`:
  [Nontrivial D]
consider restructuring your `variable` declarations so that the variables are not in scope or explicitly omit them:
  omit [Nontrivial D] in theorem ...

Note: This linter can be disabled with `set_option linter.unusedSectionVars false`
warning: FormalSystem/Semantics/TaskFrame.lean:954:0: automatically included section variable(s) unused in theorem `FormalSystem.Semantics.TaskFrame.interpolates_of_total`:
  [Nontrivial D]
consider restructuring your `variable` declarations so that the variables are not in scope or explicitly omit them:
  omit [Nontrivial D] in theorem ...

Note: This linter can be disabled with `set_option linter.unusedSectionVars false`
warning: FormalSystem/Semantics/TaskFrame.lean:963:0: automatically included section variable(s) unused in theorem `FormalSystem.Semantics.TaskFrame.limit_of_subsingleton`:
  [Nontrivial D]
consider restructuring your `variable` declarations so that the variables are not in scope or explicitly omit them:
  omit [Nontrivial D] in theorem ...

Note: This linter can be disabled with `set_option linter.unusedSectionVars false`
warning: FormalSystem/Semantics/TaskFrame.lean:974:0: automatically included section variable(s) unused in theorem `FormalSystem.Semantics.TaskFrame.spherical_of_subsingleton`:
  [Nontrivial D]
consider restructuring your `variable` declarations so that the variables are not in scope or explicitly omit them:
  omit [Nontrivial D] in theorem ...

Note: This linter can be disabled with `set_option linter.unusedSectionVars false`
warning: FormalSystem/Semantics/TaskFrame.lean:989:0: automatically included section variable(s) unused in theorem `FormalSystem.Semantics.TaskFrame.Fib_permissive_zero`:
  [Nontrivial D]
consider restructuring your `variable` declarations so that the variables are not in scope or explicitly omit them:
  omit [Nontrivial D] in theorem ...

Note: This linter can be disabled with `set_option linter.unusedSectionVars false`
warning: FormalSystem/Semantics/TaskFrame.lean:995:0: automatically included section variable(s) unused in theorem `FormalSystem.Semantics.TaskFrame.Fib_permissive_ne`:
  [Nontrivial D]
consider restructuring your `variable` declarations so that the variables are not in scope or explicitly omit them:
  omit [Nontrivial D] in theorem ...

Note: This linter can be disabled with `set_option linter.unusedSectionVars false`
warning: FormalSystem/Semantics/TaskFrame.lean:1005:0: automatically included section variable(s) unused in theorem `FormalSystem.Semantics.TaskFrame.serial_of_permissive`:
  [Nontrivial D]
consider restructuring your `variable` declarations so that the variables are not in scope or explicitly omit them:
  omit [Nontrivial D] in theorem ...

Note: This linter can be disabled with `set_option linter.unusedSectionVars false`
warning: FormalSystem/Semantics/TaskFrame.lean:1017:0: automatically included section variable(s) unused in theorem `FormalSystem.Semantics.TaskFrame.interpolates_of_permissive`:
  [Nontrivial D]
consider restructuring your `variable` declarations so that the variables are not in scope or explicitly omit them:
  omit [Nontrivial D] in theorem ...

Note: This linter can be disabled with `set_option linter.unusedSectionVars false`
warning: FormalSystem/Semantics/TaskFrame.lean:1097:0: automatically included section variable(s) unused in theorem `FormalSystem.Semantics.TaskFrame.Fib_eq_singleton`:
  [Nontrivial D]
consider restructuring your `variable` declarations so that the variables are not in scope or explicitly omit them:
  omit [Nontrivial D] in theorem ...

Note: This linter can be disabled with `set_option linter.unusedSectionVars false`
warning: FormalSystem/Semantics/TaskFrame.lean:1103:0: automatically included section variable(s) unused in theorem `FormalSystem.Semantics.TaskFrame.serial_of_eq`:
  [Nontrivial D]
consider restructuring your `variable` declarations so that the variables are not in scope or explicitly omit them:
  omit [Nontrivial D] in theorem ...

Note: This linter can be disabled with `set_option linter.unusedSectionVars false`
warning: FormalSystem/Semantics/TaskFrame.lean:1112:0: automatically included section variable(s) unused in theorem `FormalSystem.Semantics.TaskFrame.interpolates_of_eq`:
  [Nontrivial D]
consider restructuring your `variable` declarations so that the variables are not in scope or explicitly omit them:
  omit [Nontrivial D] in theorem ...

Note: This linter can be disabled with `set_option linter.unusedSectionVars false`
warning: FormalSystem/Semantics/TaskFrame.lean:1122:0: automatically included section variable(s) unused in theorem `FormalSystem.Semantics.TaskFrame.limit_of_eq`:
  [Nontrivial D]
consider restructuring your `variable` declarations so that the variables are not in scope or explicitly omit them:
  omit [Nontrivial D] in theorem ...

Note: This linter can be disabled with `set_option linter.unusedSectionVars false`
warning: FormalSystem/Semantics/TaskFrame.lean:1122:8: Overlapping instance parameters in `limit_of_eq`:

⚠️ There are 2 `[Nontrivial D]` instances; one is sufficient.

Note: This linter can be disabled with `set_option linter.overlappingInstances false`
warning: FormalSystem/Semantics/TaskFrame.lean:1238:0: automatically included section variable(s) unused in theorem `FormalSystem.Semantics.TaskFrame.staticFrame_rel_iff`:
  [Nontrivial D]
consider restructuring your `variable` declarations so that the variables are not in scope or explicitly omit them:
  omit [Nontrivial D] in theorem ...

Note: This linter can be disabled with `set_option linter.unusedSectionVars false`
warning: FormalSystem/Semantics/TaskFrame.lean:1238:8: Overlapping instance parameters in `staticFrame_rel_iff`:

⚠️ There are 2 `[Nontrivial D]` instances; one is sufficient.

Note: This linter can be disabled with `set_option linter.overlappingInstances false`
warning: FormalSystem/Semantics/TaskFrame.lean:1251:0: automatically included section variable(s) unused in theorem `FormalSystem.Semantics.TaskFrame.staticFrame_serial`:
  [Nontrivial D]
consider restructuring your `variable` declarations so that the variables are not in scope or explicitly omit them:
  omit [Nontrivial D] in theorem ...

Note: This linter can be disabled with `set_option linter.unusedSectionVars false`
warning: FormalSystem/Semantics/TaskFrame.lean:1251:8: Overlapping instance parameters in `staticFrame_serial`:

⚠️ There are 2 `[Nontrivial D]` instances; one is sufficient.

Note: This linter can be disabled with `set_option linter.overlappingInstances false`
warning: FormalSystem/Semantics/TaskFrame.lean:1258:0: automatically included section variable(s) unused in theorem `FormalSystem.Semantics.TaskFrame.staticFrame_interpolates`:
  [Nontrivial D]
consider restructuring your `variable` declarations so that the variables are not in scope or explicitly omit them:
  omit [Nontrivial D] in theorem ...

Note: This linter can be disabled with `set_option linter.unusedSectionVars false`
warning: FormalSystem/Semantics/TaskFrame.lean:1258:8: Overlapping instance parameters in `staticFrame_interpolates`:

⚠️ There are 2 `[Nontrivial D]` instances; one is sufficient.

Note: This linter can be disabled with `set_option linter.overlappingInstances false`
warning: FormalSystem/Semantics/TaskFrame.lean:1264:0: automatically included section variable(s) unused in theorem `FormalSystem.Semantics.TaskFrame.staticFrame_limit`:
  [Nontrivial D]
consider restructuring your `variable` declarations so that the variables are not in scope or explicitly omit them:
  omit [Nontrivial D] in theorem ...

Note: This linter can be disabled with `set_option linter.unusedSectionVars false`
warning: FormalSystem/Semantics/TaskFrame.lean:1264:8: Overlapping instance parameters in `staticFrame_limit`:

⚠️ There are 2 `[Nontrivial D]` instances; one is sufficient.

Note: This linter can be disabled with `set_option linter.overlappingInstances false`
warning: FormalSystem/Semantics/TaskFrame.lean:1271:0: automatically included section variable(s) unused in theorem `FormalSystem.Semantics.TaskFrame.staticFrame_spherical`:
  [Nontrivial D]
consider restructuring your `variable` declarations so that the variables are not in scope or explicitly omit them:
  omit [Nontrivial D] in theorem ...

Note: This linter can be disabled with `set_option linter.unusedSectionVars false`
warning: FormalSystem/Semantics/TaskFrame.lean:1271:8: Overlapping instance parameters in `staticFrame_spherical`:

⚠️ There are 2 `[Nontrivial D]` instances; one is sufficient.

Note: This linter can be disabled with `set_option linter.overlappingInstances false`
⚠ [788/1171] Replayed FormalSystem.Semantics.PartialHistory
warning: FormalSystem/Semantics/PartialHistory.lean:208:0: automatically included section variable(s) unused in theorem `FormalSystem.Semantics.PartialHistory.nonempty_of_total`:
  [Nontrivial D]
consider restructuring your `variable` declarations so that the variables are not in scope or explicitly omit them:
  omit [Nontrivial D] in theorem ...

Note: This linter can be disabled with `set_option linter.unusedSectionVars false`
⚠ [789/1171] Replayed FormalSystem.Semantics.WorldHistory
warning: FormalSystem/Semantics/WorldHistory.lean:399:0: automatically included section variable(s) unused in theorem `FormalSystem.Semantics.WorldHistory.neg_lt_neg_iff`:
  [Nontrivial D]
consider restructuring your `variable` declarations so that the variables are not in scope or explicitly omit them:
  omit [Nontrivial D] in theorem ...

Note: This linter can be disabled with `set_option linter.unusedSectionVars false`
warning: FormalSystem/Semantics/WorldHistory.lean:415:0: automatically included section variable(s) unused in theorem `FormalSystem.Semantics.WorldHistory.neg_le_neg_iff`:
  [Nontrivial D]
consider restructuring your `variable` declarations so that the variables are not in scope or explicitly omit them:
  omit [Nontrivial D] in theorem ...

Note: This linter can be disabled with `set_option linter.unusedSectionVars false`
warning: FormalSystem/Semantics/WorldHistory.lean:429:0: automatically included section variable(s) unused in theorem `FormalSystem.Semantics.WorldHistory.neg_neg_eq`:
  [Nontrivial D]
consider restructuring your `variable` declarations so that the variables are not in scope or explicitly omit them:
  omit [Nontrivial D] in theorem ...

Note: This linter can be disabled with `set_option linter.unusedSectionVars false`
warning: FormalSystem/Semantics/WorldHistory.lean:436:0: automatically included section variable(s) unused in theorem `FormalSystem.Semantics.WorldHistory.neg_injective`:
  [Nontrivial D]
consider restructuring your `variable` declarations so that the variables are not in scope or explicitly omit them:
  omit [Nontrivial D] in theorem ...

Note: This linter can be disabled with `set_option linter.unusedSectionVars false`
⚠ [859/1171] Replayed FormalSystem.Semantics.PartialHistoryOrder
warning: FormalSystem/Semantics/PartialHistoryOrder.lean:209:7: Variable name `t` is not explicitly referenced.

Hint: The binding can be removed (if unused) or named `_` (if used implicitly). Alternatively, prefix the name with `_` to silence this warning:
  [apply] _t

Note: This linter can be disabled with `set_option linter.unusedVariables false`
⚠ [860/1171] Replayed FormalSystem.Semantics.FrameAxioms
warning: FormalSystem/Semantics/FrameAxioms.lean:149:0: automatically included section variable(s) unused in theorem `FormalSystem.Semantics.TaskFrame.nullity_of_serial_limit`:
  [Nontrivial D]
consider restructuring your `variable` declarations so that the variables are not in scope or explicitly omit them:
  omit [Nontrivial D] in theorem ...

Note: This linter can be disabled with `set_option linter.unusedSectionVars false`
⚠ [1354/1370] Replayed FormalSystem.Metalogic.Decidability.Saturation
warning: FormalSystem/Metalogic/Decidability/Saturation.lean:1165:29: Variable name `appliedSet` is not explicitly referenced.

Hint: The binding can be removed (if unused) or named `_` (if used implicitly). Alternatively, prefix the name with `_` to silence this warning:
  [apply] _appliedSet

Note: This linter can be disabled with `set_option linter.unusedVariables false`
info: FormalSystem/Metalogic/Decidability/Saturation.lean:1370:0: "PASS: U(p, bot) -> F(p) is valid"
info: FormalSystem/Metalogic/Decidability/Saturation.lean:1380:0: "PASS: S(p, bot) -> P(p) is valid"
info: FormalSystem/Metalogic/Decidability/Saturation.lean:1390:0: "PASS: F(p) -> U(p, top) is valid (BX12)"
info: FormalSystem/Metalogic/Decidability/Saturation.lean:1399:0: "PASS: P(p) -> S(p, top) is valid (BX12')"
info: FormalSystem/Metalogic/Decidability/Saturation.lean:1408:0: "PASS: F(top) -> top is valid"
info: FormalSystem/Metalogic/Decidability/Saturation.lean:1418:0: "PASS: U(p, q) is satisfiable (open branch found)"
info: FormalSystem/Metalogic/Decidability/Saturation.lean:1427:0: "PASS: p -> p is valid"
info: FormalSystem/Metalogic/Decidability/Saturation.lean:1452:0: "PASS B1: G(p) -> G(p) is valid"
info: FormalSystem/Metalogic/Decidability/Saturation.lean:1461:0: "PASS B2: U(p,q) -> U(p,q) is valid"
info: FormalSystem/Metalogic/Decidability/Saturation.lean:1471:0: "PASS B3: U(p,bot) -> F(p) is valid (eventuality witnessed)"
info: FormalSystem/Metalogic/Decidability/Saturation.lean:1498:0: "PASS: □p → Gp is valid"
info: FormalSystem/Metalogic/Decidability/Saturation.lean:1507:0: "PASS: □p → Hp is valid"
info: FormalSystem/Metalogic/Decidability/Saturation.lean:1519:0: "PASS: □p → always p is valid (P1 perpetuity)"
info: FormalSystem/Metalogic/Decidability/Saturation.lean:1529:0: "PASS: □(□p) → G(□p) is valid"
info: FormalSystem/Metalogic/Decidability/Saturation.lean:1543:0: "PASS: p ∧ F(¬p) is satisfiable (open branch found)"
info: FormalSystem/Metalogic/Decidability/Saturation.lean:1552:0: "PASS: □p → □(Gp) is valid (modal_future)"
info: FormalSystem/Metalogic/Decidability/Saturation.lean:1579:0: "PASS E1: U(U(p,q),r) -> U(U(p,q),r) is valid"
info: FormalSystem/Metalogic/Decidability/Saturation.lean:1589:0: "PASS E2: S(p,bot) -> P(p) is valid"
info: FormalSystem/Metalogic/Decidability/Saturation.lean:1598:0: "PASS E3: p -> (q -> p) is valid"
info: FormalSystem/Metalogic/Decidability/Saturation.lean:1608:0: "PASS E4: U(p,q) is satisfiable (open branch with blocking)"
info: FormalSystem/Metalogic/Decidability/Saturation.lean:1619:0: "INFO E5: G(p) -> p is invalid (strict reading)"
info: FormalSystem/Metalogic/Decidability/Saturation.lean:2358:0: "PASS FC1: GGp → Gp closes under Dense"
info: FormalSystem/Metalogic/Decidability/Saturation.lean:2368:0: "PASS FC2: GGp → Gp correctly open under Base"
info: FormalSystem/Metalogic/Decidability/Saturation.lean:2377:0: "PASS FC3: ¬U(⊤,⊥) closes under Dense"
info: FormalSystem/Metalogic/Decidability/Saturation.lean:2387:0: "PASS FC4: ¬U(⊤,⊥) correctly open under Base"
info: FormalSystem/Metalogic/Decidability/Saturation.lean:2396:0: "PASS FC5: F(p) → U(p, ¬p) closes under Discrete"
info: FormalSystem/Metalogic/Decidability/Saturation.lean:2406:0: "PASS FC6: F(p) → U(p, ¬p) correctly open under Base"
info: FormalSystem/Metalogic/Decidability/Saturation.lean:2415:0: "PASS FC7: F(p) → U(p, ¬p) correctly open under Dense"
info: FormalSystem/Metalogic/Decidability/Saturation.lean:2424:0: "PASS FC8: p → p closes under all frame classes (monotonicity)"
info: FormalSystem/Metalogic/Decidability/Saturation.lean:2439:0: "PASS FC9: ¬U(⊤,⊥) correctly open under Discrete"
info: FormalSystem/Metalogic/Decidability/Saturation.lean:2461:0: "PASS PL1: diamond p terminates with open branch (no loop)"
info: FormalSystem/Metalogic/Decidability/Saturation.lean:2470:0: "PASS PL2: (box(bot -> bot) -> r) terminates (no stall)"
info: FormalSystem/Metalogic/Decidability/Saturation.lean:2479:0: "PASS PL3: box(bot -> p) is valid"
info: FormalSystem/Metalogic/Decidability/Saturation.lean:2488:0: "PASS PL4: box(p -> p) is valid"
info: FormalSystem/Metalogic/Decidability/Saturation.lean:2497:0: "PASS PL5: (box bot -> r) is valid"
info: FormalSystem/Metalogic/Decidability/Saturation.lean:2532:0: "PASS AN1: G(p) → ¬F(¬p) is valid"
info: FormalSystem/Metalogic/Decidability/Saturation.lean:2545:0: "PASS AN2: U(p,q) is satisfiable (active untlNeg created time)"
info: FormalSystem/Metalogic/Decidability/Saturation.lean:2558:0: "PASS AN3: U(p,q) → U(p,q) is valid"
info: FormalSystem/Metalogic/Decidability/Saturation.lean:2568:0: "PASS AN4: S(p,q) is satisfiable (active snceNeg created time)"
info: FormalSystem/Metalogic/Decidability/Saturation.lean:2580:0: "PASS AN5: H(p) → ¬P(¬p) is valid"
info: FormalSystem/Metalogic/Decidability/Saturation.lean:2597:0: "PASS AN6: nested Until identity valid (fuel=500)"
info: FormalSystem/Metalogic/Decidability/Saturation.lean:2611:0: "PASS AN7: U(p,q) → F(p) valid (fuel=500)"
info: FormalSystem/Metalogic/Decidability/Saturation.lean:2624:0: "PASS AN8: ¬U(p,q) satisfiable (fuel=500, active rule + blocking)"
info: FormalSystem/Metalogic/Decidability/Saturation.lean:2647:0: "PASS FA1: balanced branches get equal fuel"
info: FormalSystem/Metalogic/Decidability/Saturation.lean:2660:0: "PASS FA2: temporal branch gets more fuel than propositional"
info: FormalSystem/Metalogic/Decidability/Saturation.lean:2671:0: "PASS FA3: all allocations in bounds [1, 199]: [25, 100, 75]"
info: FormalSystem/Metalogic/Decidability/Saturation.lean:2682:0: "PASS FA4: fuel=0 gives all zeros"
info: FormalSystem/Metalogic/Decidability/Saturation.lean:2691:0: "PASS FA5: difficulty ordering correct: prop=1 < modal=3 < temp=4"
⚠ [1356/1370] Replayed FormalSystem.Metalogic.Decidability.CountermodelExtraction
warning: FormalSystem/Metalogic/Decidability/CountermodelExtraction.lean:605:46: This simp argument is unused:
  if_false

Hint: Omit it from the simp argument list.
  [apply] simp only [isApplicable, asUntil?, hg', applyRule, ruleMintsFreshLabel, ruleSelfGuarded, if_true,
    Option.isSome_some] at h

Note: This linter can be disabled with `set_option linter.unusedSimpArgs false`
warning: FormalSystem/Metalogic/Decidability/CountermodelExtraction.lean:606:34: This simp argument is unused:
  Option.isSome_some

Hint: Omit it from the simp argument list.
  [apply] simp only [isApplicable, asUntil?, hg', if_false, applyRule, ruleMintsFreshLabel, ruleSelfGuarded,
    if_true] at h

Note: This linter can be disabled with `set_option linter.unusedSimpArgs false`
warning: FormalSystem/Metalogic/Decidability/CountermodelExtraction.lean:671:46: This simp argument is unused:
  if_false

Hint: Omit it from the simp argument list.
  [apply] simp only [isApplicable, asSince?, hg', applyRule, ruleMintsFreshLabel, ruleSelfGuarded, if_true,
    Option.isSome_some] at h

Note: This linter can be disabled with `set_option linter.unusedSimpArgs false`
warning: FormalSystem/Metalogic/Decidability/CountermodelExtraction.lean:672:34: This simp argument is unused:
  Option.isSome_some

Hint: Omit it from the simp argument list.
  [apply] simp only [isApplicable, asSince?, hg', if_false, applyRule, ruleMintsFreshLabel, ruleSelfGuarded,
    if_true] at h

Note: This linter can be disabled with `set_option linter.unusedSimpArgs false`
ℹ [1358/1370] Replayed FormalSystem.Automation.Normalization
info: FormalSystem/Automation/Normalization.lean:239:0: neg_unfold : ∀ (φ : Formula), φ.neg = φ.imp bot
info: FormalSystem/Automation/Normalization.lean:240:0: top_unfold : top = bot.imp bot
info: FormalSystem/Automation/Normalization.lean:241:0: next_unfold : ∀ (φ : Formula), φ.next = bot.untl φ
info: FormalSystem/Automation/Normalization.lean:242:0: prev_unfold : ∀ (φ : Formula), φ.prev = bot.snce φ
info: FormalSystem/Automation/Normalization.lean:243:0: and_unfold : ∀ (φ ψ : Formula), φ.and ψ = (φ.imp (ψ.imp bot)).imp bot
info: FormalSystem/Automation/Normalization.lean:244:0: or_unfold : ∀ (φ ψ : Formula), φ.or ψ = (φ.imp bot).imp ψ
info: FormalSystem/Automation/Normalization.lean:245:0: diamond_unfold : ∀ (φ : Formula), φ.diamond = (φ.imp bot).box.imp bot
info: FormalSystem/Automation/Normalization.lean:246:0: some_future_unfold : ∀ (φ : Formula), φ.someFuture = (bot.imp bot).untl φ
info: FormalSystem/Automation/Normalization.lean:247:0: some_past_unfold : ∀ (φ : Formula), φ.somePast = (bot.imp bot).snce φ
info: FormalSystem/Automation/Normalization.lean:248:0: all_future_unfold : ∀ (φ : Formula), φ.allFuture = ((bot.imp bot).untl (φ.imp bot)).imp bot
info: FormalSystem/Automation/Normalization.lean:249:0: all_past_unfold : ∀ (φ : Formula), φ.allPast = ((bot.imp bot).snce (φ.imp bot)).imp bot
info: FormalSystem/Automation/Normalization.lean:250:0: weak_future_unfold : ∀ (φ : Formula),
  φ.weakFuture = (φ.imp ((((bot.imp bot).untl (φ.imp bot)).imp bot).imp bot)).imp bot
info: FormalSystem/Automation/Normalization.lean:251:0: weak_past_unfold : ∀ (φ : Formula), φ.weakPast = (φ.imp ((((bot.imp bot).snce (φ.imp bot)).imp bot).imp bot)).imp bot
info: FormalSystem/Automation/Normalization.lean:252:0: always_unfold : ∀ (φ : Formula), △φ = φ.allPast.and (φ.and φ.allFuture)
info: FormalSystem/Automation/Normalization.lean:253:0: sometimes_unfold : ∀ (φ : Formula), ▽φ = (△φ.neg).neg
info: FormalSystem/Automation/Normalization.lean:254:0: strong_release_unfold : ∀ (φ ψ : Formula), φ.strongRelease ψ = ψ.untl (ψ.and φ)
info: FormalSystem/Automation/Normalization.lean:255:0: strong_trigger_unfold : ∀ (φ ψ : Formula), φ.strongTrigger ψ = ψ.snce (ψ.and φ)
info: FormalSystem/Automation/Normalization.lean:613:0: FormalSystem.Automation.Normalization.EnrichedFormula.neg
  (FormalSystem.Automation.Normalization.EnrichedFormula.atom { base := "p", freshIndex := none })
info: FormalSystem/Automation/Normalization.lean:620:0: FormalSystem.Automation.Normalization.EnrichedFormula.top
info: FormalSystem/Automation/Normalization.lean:627:0: FormalSystem.Automation.Normalization.EnrichedFormula.diamond
  (FormalSystem.Automation.Normalization.EnrichedFormula.atom { base := "p", freshIndex := none })
info: FormalSystem/Automation/Normalization.lean:634:0: FormalSystem.Automation.Normalization.EnrichedFormula.and_
  (FormalSystem.Automation.Normalization.EnrichedFormula.atom { base := "p", freshIndex := none })
  (FormalSystem.Automation.Normalization.EnrichedFormula.atom { base := "q", freshIndex := none })
info: FormalSystem/Automation/Normalization.lean:641:0: FormalSystem.Automation.Normalization.EnrichedFormula.imp
  (FormalSystem.Automation.Normalization.EnrichedFormula.neg
    (FormalSystem.Automation.Normalization.EnrichedFormula.atom { base := "p", freshIndex := none }))
  (FormalSystem.Automation.Normalization.EnrichedFormula.atom { base := "q", freshIndex := none })
info: FormalSystem/Automation/Normalization.lean:648:0: FormalSystem.Automation.Normalization.EnrichedFormula.some_future
  (FormalSystem.Automation.Normalization.EnrichedFormula.atom { base := "p", freshIndex := none })
info: FormalSystem/Automation/Normalization.lean:655:0: FormalSystem.Automation.Normalization.EnrichedFormula.some_past
  (FormalSystem.Automation.Normalization.EnrichedFormula.atom { base := "p", freshIndex := none })
info: FormalSystem/Automation/Normalization.lean:661:0: FormalSystem.Automation.Normalization.EnrichedFormula.all_future
  (FormalSystem.Automation.Normalization.EnrichedFormula.atom { base := "p", freshIndex := none })
info: FormalSystem/Automation/Normalization.lean:667:0: FormalSystem.Automation.Normalization.EnrichedFormula.all_past
  (FormalSystem.Automation.Normalization.EnrichedFormula.atom { base := "p", freshIndex := none })
info: FormalSystem/Automation/Normalization.lean:673:0: FormalSystem.Automation.Normalization.EnrichedFormula.next
  (FormalSystem.Automation.Normalization.EnrichedFormula.atom { base := "p", freshIndex := none })
info: FormalSystem/Automation/Normalization.lean:679:0: FormalSystem.Automation.Normalization.EnrichedFormula.prev
  (FormalSystem.Automation.Normalization.EnrichedFormula.atom { base := "p", freshIndex := none })
info: FormalSystem/Automation/Normalization.lean:686:0: [(true, (FormalSystem.Syntax.Formula.imp
  (FormalSystem.Syntax.Formula.atom { base := "p", freshIndex := none })
  (FormalSystem.Syntax.Formula.bot), FormalSystem.Automation.Normalization.EnrichedFormula.neg
  (FormalSystem.Automation.Normalization.EnrichedFormula.atom { base := "p", freshIndex := none }))), (true, (FormalSystem.Syntax.Formula.imp (FormalSystem.Syntax.Formula.bot) (FormalSystem.Syntax.Formula.bot), FormalSystem.Automation.Normalization.EnrichedFormula.top)), (true, (FormalSystem.Syntax.Formula.imp
  (FormalSystem.Syntax.Formula.imp
    (FormalSystem.Syntax.Formula.atom { base := "p", freshIndex := none })
    (FormalSystem.Syntax.Formula.imp
      (FormalSystem.Syntax.Formula.atom { base := "q", freshIndex := none })
      (FormalSystem.Syntax.Formula.bot)))
  (FormalSystem.Syntax.Formula.bot), FormalSystem.Automation.Normalization.EnrichedFormula.and_
  (FormalSystem.Automation.Normalization.EnrichedFormula.atom { base := "p", freshIndex := none })
  (FormalSystem.Automation.Normalization.EnrichedFormula.atom { base := "q", freshIndex := none }))), (true, (FormalSystem.Syntax.Formula.imp
  (FormalSystem.Syntax.Formula.imp
    (FormalSystem.Syntax.Formula.atom { base := "p", freshIndex := none })
    (FormalSystem.Syntax.Formula.bot))
  (FormalSystem.Syntax.Formula.atom { base := "q", freshIndex := none }), FormalSystem.Automation.Normalization.EnrichedFormula.imp
  (FormalSystem.Automation.Normalization.EnrichedFormula.neg
    (FormalSystem.Automation.Normalization.EnrichedFormula.atom { base := "p", freshIndex := none }))
  (FormalSystem.Automation.Normalization.EnrichedFormula.atom { base := "q", freshIndex := none }))), (true, (FormalSystem.Syntax.Formula.imp
  (FormalSystem.Syntax.Formula.box
    (FormalSystem.Syntax.Formula.imp
      (FormalSystem.Syntax.Formula.atom { base := "p", freshIndex := none })
      (FormalSystem.Syntax.Formula.bot)))
  (FormalSystem.Syntax.Formula.bot), FormalSystem.Automation.Normalization.EnrichedFormula.diamond
  (FormalSystem.Automation.Normalization.EnrichedFormula.atom { base := "p", freshIndex := none }))), (true, (FormalSystem.Syntax.Formula.untl
  (FormalSystem.Syntax.Formula.imp (FormalSystem.Syntax.Formula.bot) (FormalSystem.Syntax.Formula.bot))
  (FormalSystem.Syntax.Formula.atom { base := "p", freshIndex := none }), FormalSystem.Automation.Normalization.EnrichedFormula.some_future
  (FormalSystem.Automation.Normalization.EnrichedFormula.atom { base := "p", freshIndex := none }))), (true, (FormalSystem.Syntax.Formula.snce
  (FormalSystem.Syntax.Formula.imp (FormalSystem.Syntax.Formula.bot) (FormalSystem.Syntax.Formula.bot))
  (FormalSystem.Syntax.Formula.atom { base := "p", freshIndex := none }), FormalSystem.Automation.Normalization.EnrichedFormula.some_past
  (FormalSystem.Automation.Normalization.EnrichedFormula.atom { base := "p", freshIndex := none }))), (true, (FormalSystem.Syntax.Formula.imp
  (FormalSystem.Syntax.Formula.untl
    (FormalSystem.Syntax.Formula.imp (FormalSystem.Syntax.Formula.bot) (FormalSystem.Syntax.Formula.bot))
    (FormalSystem.Syntax.Formula.imp
      (FormalSystem.Syntax.Formula.atom { base := "p", freshIndex := none })
      (FormalSystem.Syntax.Formula.bot)))
  (FormalSystem.Syntax.Formula.bot), FormalSystem.Automation.Normalization.EnrichedFormula.all_future
  (FormalSystem.Automation.Normalization.EnrichedFormula.atom { base := "p", freshIndex := none }))), (true, (FormalSystem.Syntax.Formula.imp
  (FormalSystem.Syntax.Formula.snce
    (FormalSystem.Syntax.Formula.imp (FormalSystem.Syntax.Formula.bot) (FormalSystem.Syntax.Formula.bot))
    (FormalSystem.Syntax.Formula.imp
      (FormalSystem.Syntax.Formula.atom { base := "p", freshIndex := none })
      (FormalSystem.Syntax.Formula.bot)))
  (FormalSystem.Syntax.Formula.bot), FormalSystem.Automation.Normalization.EnrichedFormula.all_past
  (FormalSystem.Automation.Normalization.EnrichedFormula.atom { base := "p", freshIndex := none }))), (true, (FormalSystem.Syntax.Formula.untl
  (FormalSystem.Syntax.Formula.bot)
  (FormalSystem.Syntax.Formula.atom { base := "p", freshIndex := none }), FormalSystem.Automation.Normalization.EnrichedFormula.next
  (FormalSystem.Automation.Normalization.EnrichedFormula.atom { base := "p", freshIndex := none }))), (true, (FormalSystem.Syntax.Formula.snce
  (FormalSystem.Syntax.Formula.bot)
  (FormalSystem.Syntax.Formula.atom { base := "p", freshIndex := none }), FormalSystem.Automation.Normalization.EnrichedFormula.prev
  (FormalSystem.Automation.Normalization.EnrichedFormula.atom { base := "p", freshIndex := none })))]
info: FormalSystem/Automation/Normalization.lean:707:0: FormalSystem.Automation.Normalization.EnrichedFormula.weak_future
  (FormalSystem.Automation.Normalization.EnrichedFormula.atom { base := "p", freshIndex := none })
info: FormalSystem/Automation/Normalization.lean:713:0: FormalSystem.Automation.Normalization.EnrichedFormula.weak_past
  (FormalSystem.Automation.Normalization.EnrichedFormula.atom { base := "p", freshIndex := none })
info: FormalSystem/Automation/Normalization.lean:719:0: FormalSystem.Automation.Normalization.EnrichedFormula.always
  (FormalSystem.Automation.Normalization.EnrichedFormula.atom { base := "p", freshIndex := none })
info: FormalSystem/Automation/Normalization.lean:725:0: FormalSystem.Automation.Normalization.EnrichedFormula.sometimes
  (FormalSystem.Automation.Normalization.EnrichedFormula.atom { base := "p", freshIndex := none })
info: FormalSystem/Automation/Normalization.lean:731:0: [(true, FormalSystem.Automation.Normalization.EnrichedFormula.always
  (FormalSystem.Automation.Normalization.EnrichedFormula.atom { base := "p", freshIndex := none })), (true, FormalSystem.Automation.Normalization.EnrichedFormula.sometimes
  (FormalSystem.Automation.Normalization.EnrichedFormula.atom { base := "p", freshIndex := none })), (true, FormalSystem.Automation.Normalization.EnrichedFormula.weak_future
  (FormalSystem.Automation.Normalization.EnrichedFormula.atom { base := "p", freshIndex := none })), (true, FormalSystem.Automation.Normalization.EnrichedFormula.weak_past
  (FormalSystem.Automation.Normalization.EnrichedFormula.atom { base := "p", freshIndex := none }))]
info: FormalSystem/Automation/Normalization.lean:910:0: "Round-trip test: ALL PASS (21 formulas tested)"
info: FormalSystem/Automation/Normalization.lean:1128:0: "{\"tag\": \"neg\", \"child\": {\"tag\": \"atom\", \"name\": \"p\"}}"
info: FormalSystem/Automation/Normalization.lean:1134:0: "{\"tag\": \"diamond\", \"child\": {\"tag\": \"atom\", \"name\": \"p\"}}"
info: FormalSystem/Automation/Normalization.lean:1140:0: "{\"tag\": \"diamond\", \"child\": {\"tag\": \"atom\", \"name\": \"p\"}}"
info: FormalSystem/Automation/Normalization.lean:1146:0: "△p"
info: FormalSystem/Automation/Normalization.lean:1152:0: "(and (atom \"p\") (atom \"q\"))"
info: FormalSystem/Automation/Normalization.lean:1158:0: "{\"tag\": \"always\", \"child\": {\"tag\": \"atom\", \"name\": \"p\"}}"
info: FormalSystem/Automation/Normalization.lean:1164:0: "(<>p → Gq)"
⚠ [1360/1370] Replayed FormalSystem.Metalogic.Decidability.CancellableExpansion
warning: FormalSystem/Metalogic/Decidability/CancellableExpansion.lean:272:29: Variable name `appliedSet` is not explicitly referenced.

Hint: The binding can be removed (if unused) or named `_` (if used implicitly). Alternatively, prefix the name with `_` to silence this warning:
  [apply] _appliedSet

Note: This linter can be disabled with `set_option linter.unusedVariables false`
ℹ [1362/1370] Replayed FormalSystem.Automation.FormulaEnumerator
info: FormalSystem/Automation/FormulaEnumerator.lean:2104:0: 7852
info: FormalSystem/Automation/FormulaEnumerator.lean:2107:0: 75914
info: FormalSystem/Automation/FormulaEnumerator.lean:2110:0: 45111
info: FormalSystem/Automation/FormulaEnumerator.lean:2113:0: true
info: FormalSystem/Automation/FormulaEnumerator.lean:2117:0: true
info: FormalSystem/Automation/FormulaEnumerator.lean:2121:0: true
⚠ [1367/1370] Replayed FormalSystem.Automation.DatasetGenerator
info: FormalSystem/Automation/DatasetGenerator.lean:974:0: true
info: FormalSystem/Automation/DatasetGenerator.lean:975:0: true
info: FormalSystem/Automation/DatasetGenerator.lean:976:0: true
info: FormalSystem/Automation/DatasetGenerator.lean:977:0: true
info: FormalSystem/Automation/DatasetGenerator.lean:978:0: false
info: FormalSystem/Automation/DatasetGenerator.lean:979:0: false
info: FormalSystem/Automation/DatasetGenerator.lean:982:0: true
info: FormalSystem/Automation/DatasetGenerator.lean:983:0: true
info: FormalSystem/Automation/DatasetGenerator.lean:984:0: true
info: FormalSystem/Automation/DatasetGenerator.lean:985:0: false
info: FormalSystem/Automation/DatasetGenerator.lean:986:0: false
info: FormalSystem/Automation/DatasetGenerator.lean:989:0: some true
info: FormalSystem/Automation/DatasetGenerator.lean:991:0: some true
info: FormalSystem/Automation/DatasetGenerator.lean:992:0: some true
info: FormalSystem/Automation/DatasetGenerator.lean:994:0: none
info: FormalSystem/Automation/DatasetGenerator.lean:997:0: some (true, "structural_bot_temporal")
info: FormalSystem/Automation/DatasetGenerator.lean:999:0: some (true, "structural_tautology")
info: FormalSystem/Automation/DatasetGenerator.lean:1001:0: some (true, "structural_bot_temporal")
info: FormalSystem/Automation/DatasetGenerator.lean:1003:0: some (true, "structural_modal_4")
info: FormalSystem/Automation/DatasetGenerator.lean:1005:0: some (true, "structural_modal_t_weakening")
info: FormalSystem/Automation/DatasetGenerator.lean:1007:0: none
info: FormalSystem/Automation/DatasetGenerator.lean:1013:0: [FormalSystem.Syntax.Formula.atom { base := "p", freshIndex := none },
 FormalSystem.Syntax.Formula.atom { base := "q", freshIndex := none }]
info: FormalSystem/Automation/DatasetGenerator.lean:1015:0: [FormalSystem.Syntax.Formula.atom { base := "p", freshIndex := none },
 FormalSystem.Syntax.Formula.atom { base := "q", freshIndex := none },
 FormalSystem.Syntax.Formula.imp
   (FormalSystem.Syntax.Formula.atom { base := "p", freshIndex := none })
   (FormalSystem.Syntax.Formula.atom { base := "p", freshIndex := none })]
info: FormalSystem/Automation/DatasetGenerator.lean:1019:0: some (FormalSystem.Syntax.Formula.atom { base := "p", freshIndex := none })
info: FormalSystem/Automation/DatasetGenerator.lean:1020:0: some (FormalSystem.Syntax.Formula.atom { base := "p", freshIndex := none })
info: FormalSystem/Automation/DatasetGenerator.lean:1021:0: some (FormalSystem.Syntax.Formula.atom { base := "p", freshIndex := none })
info: FormalSystem/Automation/DatasetGenerator.lean:1022:0: some (FormalSystem.Syntax.Formula.atom { base := "p", freshIndex := none })
info: FormalSystem/Automation/DatasetGenerator.lean:1025:0: some (true, "structural_s5_reflexive_conflict")
info: FormalSystem/Automation/DatasetGenerator.lean:1030:0: some (true, "structural_temporal_loop_until")
info: FormalSystem/Automation/DatasetGenerator.lean:1036:0: some (true, "structural_temporal_loop_since")
info: FormalSystem/Automation/DatasetGenerator.lean:1042:0: some (true, "structural_subsumption_gt")
info: FormalSystem/Automation/DatasetGenerator.lean:1044:0: some (true, "structural_subsumption_ht")
info: FormalSystem/Automation/DatasetGenerator.lean:1046:0: some (true, "structural_subsumption_gf")
info: FormalSystem/Automation/DatasetGenerator.lean:1048:0: some (true, "structural_subsumption_hp")
info: FormalSystem/Automation/DatasetGenerator.lean:1050:0: some (true, "structural_subsumption_g4")
info: FormalSystem/Automation/DatasetGenerator.lean:1052:0: some (true, "structural_subsumption_h4")
info: FormalSystem/Automation/DatasetGenerator.lean:1054:0: some (true, "structural_subsumption_ff")
info: FormalSystem/Automation/DatasetGenerator.lean:1056:0: some (true, "structural_subsumption_pp")
info: FormalSystem/Automation/DatasetGenerator.lean:1058:0: some (true, "structural_subsumption_modal_t")
info: FormalSystem/Automation/DatasetGenerator.lean:1060:0: some (true, "structural_subsumption_modal_4")
info: FormalSystem/Automation/DatasetGenerator.lean:1062:0: some (true, "structural_subsumption_modal_d")
info: FormalSystem/Automation/DatasetGenerator.lean:1070:0: some (true, "structural_until_implies_future")
info: FormalSystem/Automation/DatasetGenerator.lean:1074:0: some (true, "structural_since_implies_past")
info: FormalSystem/Automation/DatasetGenerator.lean:1078:0: none
info: FormalSystem/Automation/DatasetGenerator.lean:1082:0: some (true, "structural_subsumption_gf")
info: FormalSystem/Automation/DatasetGenerator.lean:1086:0: some (true, "structural_subsumption_hp")
info: FormalSystem/Automation/DatasetGenerator.lean:1090:0: some (true, "structural_identity")
info: FormalSystem/Automation/DatasetGenerator.lean:1094:0: none
info: FormalSystem/Automation/DatasetGenerator.lean:1098:0: none
info: FormalSystem/Automation/DatasetGenerator.lean:1104:0: [(FormalSystem.Syntax.Formula.imp
    (FormalSystem.Syntax.Formula.atom { base := "p", freshIndex := none })
    (FormalSystem.Syntax.Formula.atom { base := "q", freshIndex := none }),
  FormalSystem.Metalogic.Decidability.Sign.pos),
 (FormalSystem.Syntax.Formula.atom { base := "p", freshIndex := none }, FormalSystem.Metalogic.Decidability.Sign.neg),
 (FormalSystem.Syntax.Formula.atom { base := "q", freshIndex := none }, FormalSystem.Metalogic.Decidability.Sign.pos)]
info: FormalSystem/Automation/DatasetGenerator.lean:1106:0: [(FormalSystem.Syntax.Formula.imp
    (FormalSystem.Syntax.Formula.atom { base := "p", freshIndex := none })
    (FormalSystem.Syntax.Formula.bot),
  FormalSystem.Metalogic.Decidability.Sign.pos),
 (FormalSystem.Syntax.Formula.atom { base := "p", freshIndex := none }, FormalSystem.Metalogic.Decidability.Sign.neg),
 (FormalSystem.Syntax.Formula.bot, FormalSystem.Metalogic.Decidability.Sign.pos)]
info: FormalSystem/Automation/DatasetGenerator.lean:1110:0: false
info: FormalSystem/Automation/DatasetGenerator.lean:1112:0: true
info: FormalSystem/Automation/DatasetGenerator.lean:1116:0: true
info: FormalSystem/Automation/DatasetGenerator.lean:1118:0: some (true, "structural_polarity_drop_tautology")
info: FormalSystem/Automation/DatasetGenerator.lean:1123:0: some (true, "structural_polarity_bot_neg")
info: FormalSystem/Automation/DatasetGenerator.lean:1127:0: true
info: FormalSystem/Automation/DatasetGenerator.lean:1128:0: true
info: FormalSystem/Automation/DatasetGenerator.lean:1130:0: false
info: FormalSystem/Automation/DatasetGenerator.lean:1131:0: some (true, "structural_prop_contradiction")
info: FormalSystem/Automation/DatasetGenerator.lean:1135:0: true
info: FormalSystem/Automation/DatasetGenerator.lean:1136:0: true
info: FormalSystem/Automation/DatasetGenerator.lean:1137:0: some (true, "structural_tautology")
info: FormalSystem/Automation/DatasetGenerator.lean:1139:0: some (true, "structural_tautology")
info: FormalSystem/Automation/DatasetGenerator.lean:1145:0: true
info: FormalSystem/Automation/DatasetGenerator.lean:1146:0: true
info: FormalSystem/Automation/DatasetGenerator.lean:1147:0: true
info: FormalSystem/Automation/DatasetGenerator.lean:1148:0: true
info: FormalSystem/Automation/DatasetGenerator.lean:1149:0: true
info: FormalSystem/Automation/DatasetGenerator.lean:1150:0: true
info: FormalSystem/Automation/DatasetGenerator.lean:1153:0: false
info: FormalSystem/Automation/DatasetGenerator.lean:1155:0: false
info: FormalSystem/Automation/DatasetGenerator.lean:1157:0: false
info: FormalSystem/Automation/DatasetGenerator.lean:1159:0: false
info: FormalSystem/Automation/DatasetGenerator.lean:1163:0: true
info: FormalSystem/Automation/DatasetGenerator.lean:1165:0: true
info: FormalSystem/Automation/DatasetGenerator.lean:1167:0: true
info: FormalSystem/Automation/DatasetGenerator.lean:1169:0: true
info: FormalSystem/Automation/DatasetGenerator.lean:1171:0: true
info: FormalSystem/Automation/DatasetGenerator.lean:1174:0: false
info: FormalSystem/Automation/DatasetGenerator.lean:1176:0: false
info: FormalSystem/Automation/DatasetGenerator.lean:1178:0: false
info: FormalSystem/Automation/DatasetGenerator.lean:1180:0: false
info: FormalSystem/Automation/DatasetGenerator.lean:1184:0: true
info: FormalSystem/Automation/DatasetGenerator.lean:1186:0: true
info: FormalSystem/Automation/DatasetGenerator.lean:1188:0: true
info: FormalSystem/Automation/DatasetGenerator.lean:1189:0: true
info: FormalSystem/Automation/DatasetGenerator.lean:1191:0: true
info: FormalSystem/Automation/DatasetGenerator.lean:1194:0: false
info: FormalSystem/Automation/DatasetGenerator.lean:1196:0: false
info: FormalSystem/Automation/DatasetGenerator.lean:1198:0: false
info: FormalSystem/Automation/DatasetGenerator.lean:1200:0: false
info: FormalSystem/Automation/DatasetGenerator.lean:1204:0: true
info: FormalSystem/Automation/DatasetGenerator.lean:1207:0: true
info: FormalSystem/Automation/DatasetGenerator.lean:1210:0: true
info: FormalSystem/Automation/DatasetGenerator.lean:1213:0: true
info: FormalSystem/Automation/DatasetGenerator.lean:1217:0: false
info: FormalSystem/Automation/DatasetGenerator.lean:1220:0: false
info: FormalSystem/Automation/DatasetGenerator.lean:1222:0: false
info: FormalSystem/Automation/DatasetGenerator.lean:1224:0: false
info: FormalSystem/Automation/DatasetGenerator.lean:1228:0: some (false, "invalid_satisfiable_neg")
info: FormalSystem/Automation/DatasetGenerator.lean:1230:0: some (false, "invalid_satisfiable_neg")
info: FormalSystem/Automation/DatasetGenerator.lean:1232:0: some (false, "invalid_false_consequent")
info: FormalSystem/Automation/DatasetGenerator.lean:1234:0: some (false, "invalid_unfulfillable_eventuality")
info: FormalSystem/Automation/DatasetGenerator.lean:1237:0: none
info: FormalSystem/Automation/DatasetGenerator.lean:1239:0: none
info: FormalSystem/Automation/DatasetGenerator.lean:1241:0: none
info: FormalSystem/Automation/DatasetGenerator.lean:1245:0: (2, 0)
info: FormalSystem/Automation/DatasetGenerator.lean:2020:0: [proof-first] Seeding: 10/100, pool size: 10, elapsed: 5ms
[proof-first] Seeding: 20/100, pool size: 19, elapsed: 11ms
[proof-first] Seeding: 30/100, pool size: 27, elapsed: 16ms
[proof-first] Seeding: 40/100, pool size: 35, elapsed: 21ms
[proof-first] Seeding: 50/100, pool size: 41, elapsed: 22ms
[proof-first] Seeding: 60/100, pool size: 50, elapsed: 27ms
[proof-first] Seeding: 70/100, pool size: 59, elapsed: 29ms
[proof-first] Seeding: 80/100, pool size: 68, elapsed: 31ms
[proof-first] Seeding: 90/100, pool size: 76, elapsed: 33ms
[proof-first] Seeding: 100/100, pool size: 84, elapsed: 34ms
[proof-first] Ex-falso cap applied in 1ms, pool size: 84
[proof-first] depth=0 pool=200 (+116, 138% growth) elapsed=67ms
[proof-first] Generation complete: 200 theorems in 102ms
[test] Pool generation: 200 entries (expected > 0)
[test] PASS: pool is non-empty
info: FormalSystem/Automation/DatasetGenerator.lean:2036:0: [proof-first] Seeding: 10/100, pool size: 10, elapsed: 2ms
[proof-first] Seeding: 20/100, pool size: 20, elapsed: 6ms
[proof-first] Seeding: 30/100, pool size: 30, elapsed: 10ms
[proof-first] Seeding: 40/100, pool size: 40, elapsed: 11ms
[proof-first] Seeding: 50/100, pool size: 47, elapsed: 13ms
[proof-first] Seeding: 60/100, pool size: 57, elapsed: 19ms
[proof-first] Seeding: 70/100, pool size: 67, elapsed: 21ms
[proof-first] Seeding: 80/100, pool size: 75, elapsed: 22ms
[proof-first] Seeding: 90/100, pool size: 83, elapsed: 24ms
[proof-first] Seeding: 100/100, pool size: 92, elapsed: 25ms
[proof-first] Ex-falso cap applied in 0ms, pool size: 92
[proof-first] depth=0 pool=200 (+108, 117% growth) elapsed=74ms
[proof-first] Generation complete: 200 theorems in 99ms
[test] Pool contains (p → p): false
[test] Hybrid label for (p → p): FormalSystem.Automation.FormulaLabel.valid, method: structural_prefilter
[test] PASS: hybrid mode correctly labels (p → p) as valid
info: FormalSystem/Automation/DatasetGenerator.lean:2060:0: [test] Hybrid fallthrough: label=FormalSystem.Automation.FormulaLabel.invalid, method=adaptive_360
[test] PASS: hybrid mode fell through to tableau (not proof_first)
info: FormalSystem/Automation/DatasetGenerator.lean:2078:0: [proof-first] Seeding: 20/200, pool size: 20, elapsed: 10ms
[proof-first] Seeding: 40/200, pool size: 39, elapsed: 27ms
[proof-first] Seeding: 60/200, pool size: 56, elapsed: 46ms
[proof-first] Seeding: 80/200, pool size: 74, elapsed: 53ms
[proof-first] Seeding: 100/200, pool size: 91, elapsed: 62ms
[proof-first] Seeding: 120/200, pool size: 108, elapsed: 97ms
[proof-first] Seeding: 140/200, pool size: 122, elapsed: 113ms
[proof-first] Seeding: 160/200, pool size: 137, elapsed: 121ms
[proof-first] Seeding: 180/200, pool size: 154, elapsed: 128ms
[proof-first] Seeding: 200/200, pool size: 169, elapsed: 135ms
[proof-first] Ex-falso cap applied in 2ms, pool size: 169
[proof-first] depth=0 pool=500 (+331, 195% growth) elapsed=305ms
[proof-first] Generation complete: 500 theorems in 442ms
[test] Pool size: 500
[test] OK: (p → p) -> FormalSystem.Automation.FormulaLabel.valid (ex: structural_prefilter, hy: structural_prefilter)
[test] OK: (□p → p) -> FormalSystem.Automation.FormulaLabel.valid (ex: structural_prefilter, hy: structural_prefilter)
[test] OK: (U(p, q) → U(q, (⊥ → ⊥))) -> FormalSystem.Automation.FormulaLabel.valid (ex: structural_prefilter, hy: structural_prefilter)
[test] OK: (S(p, q) → S(q, (⊥ → ⊥))) -> FormalSystem.Automation.FormulaLabel.valid (ex: structural_prefilter, hy: structural_prefilter)
[test] OK: (p → q) -> FormalSystem.Automation.FormulaLabel.invalid (ex: adaptive_240, hy: adaptive_240)
[test] OK: (U(p, q) → U(r, q)) -> FormalSystem.Automation.FormulaLabel.invalid (ex: adaptive_360, hy: adaptive_360)
[test] OK: (p → (q → q)) -> FormalSystem.Automation.FormulaLabel.valid (ex: structural_prefilter, hy: structural_prefilter)
[test] OK: (□⊥ → q) -> FormalSystem.Automation.FormulaLabel.valid (ex: structural_prefilter, hy: structural_prefilter)
[test] Prefilter hits: 6, Pool hits: 0
[test] PASS: all labels match between exhaustive and hybrid modes
info: FormalSystem/Automation/DatasetGenerator.lean:2143:0: [test] OK: (p → ⊥) -> invalid via structural_invalid_prefilter:invalid_satisfiable_neg
[test] OK: (p → U(⊥, q)) -> invalid via structural_invalid_prefilter:invalid_satisfiable_neg
[test] OK: (□p → ⊥) -> invalid via structural_invalid_prefilter:invalid_satisfiable_neg
[test] OK: (U(p, q) → U(⊥, r)) -> invalid via structural_invalid_prefilter:invalid_false_consequent
[test] OK: ((U(((p → ⊥) → ⊥), (⊥ → ⊥)) → ⊥) → U(p, q)) -> invalid via structural_invalid_prefilter:invalid_unfulfillable_eventuality
[test] OK: (p → p) -> FormalSystem.Automation.FormulaLabel.valid via structural_prefilter (not invalid prefilter)
[test] OK: (□⊥ → q) -> FormalSystem.Automation.FormulaLabel.valid via structural_prefilter (not invalid prefilter)
[test] OK: (U(⊥, p) → U(⊥, q)) -> FormalSystem.Automation.FormulaLabel.valid via structural_prefilter (not invalid prefilter)
[test] OK: (p → (q → q)) -> FormalSystem.Automation.FormulaLabel.valid via structural_prefilter (not invalid prefilter)
[test] PASS: all invalid prefilter integration tests pass
info: FormalSystem/Automation/DatasetGenerator.lean:2200:0: [test] OK: (p → ⊥) — prefilter=invalid, tableau=FormalSystem.Automation.FormulaLabel.invalid
[test] OK: (□p → ⊥) — prefilter=invalid, tableau=FormalSystem.Automation.FormulaLabel.invalid
[test] OK: (p → U(⊥, q)) — prefilter=invalid, tableau=FormalSystem.Automation.FormulaLabel.invalid
[test] OK: (p → □⊥) — prefilter=invalid, tableau=FormalSystem.Automation.FormulaLabel.invalid
[test] OK: (((p → (q → ⊥)) → ⊥) → ⊥) — prefilter=invalid, tableau=FormalSystem.Automation.FormulaLabel.invalid
[test] OK: (□□p → U(⊥, q)) — prefilter=invalid, tableau=FormalSystem.Automation.FormulaLabel.invalid
[test] OK: ((⊥ → ⊥) → ⊥) — prefilter=invalid, tableau=FormalSystem.Automation.FormulaLabel.invalid
[test] OK: (p → S(⊥, q)) — prefilter=invalid, tableau=FormalSystem.Automation.FormulaLabel.invalid
[test] OK: (((p → ((q → ⊥) → ⊥)) → ⊥) → ⊥) — prefilter=invalid, tableau=FormalSystem.Automation.FormulaLabel.invalid
[test] OK: (U(p, q) → U(⊥, r)) — prefilter=invalid, tableau=FormalSystem.Automation.FormulaLabel.invalid
[test] PASS: all cross-validation tests agree
info: FormalSystem/Automation/DatasetGenerator.lean:2238:0: [test] OK: (p → p) — not caught by invalid prefilter
[test] OK: (□⊥ → q) — not caught by invalid prefilter
[test] OK: (p → (q → q)) — not caught by invalid prefilter
[test] OK: (□p → p) — not caught by invalid prefilter
[test] OK: (□p → □□p) — not caught by invalid prefilter
[test] OK: ((U((p → ⊥), (⊥ → ⊥)) → ⊥) → p) — not caught by invalid prefilter
[test] OK: ((U((p → ⊥), (⊥ → ⊥)) → ⊥) → U(p, (⊥ → ⊥))) — not caught by invalid prefilter
[test] OK: (U(p, q) → U(q, (⊥ → ⊥))) — not caught by invalid prefilter
[test] OK: (S(p, q) → S(q, (⊥ → ⊥))) — not caught by invalid prefilter
[test] OK: (U(⊥, p) → U(⊥, q)) — not caught by invalid prefilter
[test] PASS: no valid formulas mislabeled by invalid prefilter
info: FormalSystem/Automation/DatasetGenerator.lean:2267:0: [test] ⊥ → ⊥: none (expected: none — vacuously valid)
[test] ⊤ → ⊥: some (false, "invalid_satisfiable_neg") (expected: some (false, invalid_satisfiable_neg))
[test] □⊥ → U(⊥,p): none (expected: none — vacuously valid)
[test] p → □⊥: some (false, "invalid_satisfiable_neg") (expected: some (false, invalid_satisfiable_neg))
[test] PASS: all edge case tests correct
warning: FormalSystem/Automation/DatasetGenerator.lean:2269:6: Variable name `q` is not explicitly referenced.

Hint: The binding can be removed (if unused) or named `_` (if used implicitly). Alternatively, prefix the name with `_` to silence this warning:
  [apply] _q

Note: This linter can be disabled with `set_option linter.unusedVariables false`
⚠ [1368/1370] Replayed FormalSystem.Automation.DatasetExport
warning: FormalSystem/Automation/DatasetExport.lean:1275:34: `String.trimLeft` has been deprecated: Use `String.trimAsciiStart` instead

Note: The updated constant has a different type:
  String → String.Slice
instead of
  String → String
Build completed successfully (2724 jobs).
