ℹ [680/714] Replayed FormalSystem.Syntax.Formula
info: FormalSystem/Syntax/Formula.lean:271:0: 2
info: FormalSystem/Syntax/Formula.lean:274:0: 2
info: FormalSystem/Syntax/Formula.lean:277:0: 2
info: FormalSystem/Syntax/Formula.lean:280:0: 2
info: FormalSystem/Syntax/Formula.lean:283:0: 3
info: FormalSystem/Syntax/Formula.lean:286:0: 3
info: FormalSystem/Syntax/Formula.lean:287:0: 3
info: FormalSystem/Syntax/Formula.lean:563:0: 3
info: FormalSystem/Syntax/Formula.lean:566:0: 3
info: FormalSystem/Syntax/Formula.lean:569:0: 3
info: FormalSystem/Syntax/Formula.lean:572:0: 3
info: FormalSystem/Syntax/Formula.lean:575:0: 4
info: FormalSystem/Syntax/Formula.lean:578:0: 4
info: FormalSystem/Syntax/Formula.lean:615:0: 2
info: FormalSystem/Syntax/Formula.lean:618:0: 2
info: FormalSystem/Syntax/Formula.lean:621:0: 2
info: FormalSystem/Syntax/Formula.lean:624:0: 2
info: FormalSystem/Syntax/Formula.lean:627:0: 2
info: FormalSystem/Syntax/Formula.lean:630:0: 2
info: FormalSystem/Syntax/Formula.lean:633:0: 2
⚠ [708/1344] Replayed BimodalTest.Syntax.ContextTest
warning: Tests/BimodalTest/Syntax/ContextTest.lean:49:2: Try this: intro x h
ℹ [710/1344] Replayed BimodalTest.Syntax.FormulaPropertyTest
info: Tests/BimodalTest/Syntax/FormulaPropertyTest.lean:59:0: Unable to find a counter-example
info: Tests/BimodalTest/Syntax/FormulaPropertyTest.lean:81:0: Unable to find a counter-example
info: Tests/BimodalTest/Syntax/FormulaPropertyTest.lean:100:0: Unable to find a counter-example
info: Tests/BimodalTest/Syntax/FormulaPropertyTest.lean:119:0: Unable to find a counter-example
info: Tests/BimodalTest/Syntax/FormulaPropertyTest.lean:140:0: Unable to find a counter-example
info: Tests/BimodalTest/Syntax/FormulaPropertyTest.lean:159:0: Unable to find a counter-example
info: Tests/BimodalTest/Syntax/FormulaPropertyTest.lean:180:0: Unable to find a counter-example
info: Tests/BimodalTest/Syntax/FormulaPropertyTest.lean:199:0: Unable to find a counter-example
info: Tests/BimodalTest/Syntax/FormulaPropertyTest.lean:220:0: Unable to find a counter-example
info: Tests/BimodalTest/Syntax/FormulaPropertyTest.lean:237:0: Unable to find a counter-example
info: Tests/BimodalTest/Syntax/FormulaPropertyTest.lean:258:0: Unable to find a counter-example
info: Tests/BimodalTest/Syntax/FormulaPropertyTest.lean:277:0: Unable to find a counter-example
info: Tests/BimodalTest/Syntax/FormulaPropertyTest.lean:299:0: Unable to find a counter-example
info: Tests/BimodalTest/Syntax/FormulaPropertyTest.lean:318:0: Unable to find a counter-example
info: Tests/BimodalTest/Syntax/FormulaPropertyTest.lean:453:0: Unable to find a counter-example
info: Tests/BimodalTest/Syntax/FormulaPropertyTest.lean:470:0: Unable to find a counter-example
⚠ [712/1344] Replayed BimodalTest.ProofSystem.DerivationTest
warning: Tests/BimodalTest/ProofSystem/DerivationTest.lean:229:9: Variable name `p` is not explicitly referenced.

Hint: The binding can be removed (if unused) or named `_` (if used implicitly). Alternatively, prefix the name with `_` to silence this warning:
  [apply] _p

Note: This linter can be disabled with `set_option linter.unusedVariables false`
warning: Tests/BimodalTest/ProofSystem/DerivationTest.lean:242:9: Variable name `p` is not explicitly referenced.

Hint: The binding can be removed (if unused) or named `_` (if used implicitly). Alternatively, prefix the name with `_` to silence this warning:
  [apply] _p

Note: This linter can be disabled with `set_option linter.unusedVariables false`
⚠ [713/1344] Replayed BimodalTest.ProofSystem.DerivationPropertyTest
warning: Tests/BimodalTest/ProofSystem/DerivationPropertyTest.lean:82:43: Variable name `d` is not explicitly referenced.

Hint: The binding can be removed (if unused) or named `_` (if used implicitly). Alternatively, prefix the name with `_` to silence this warning:
  [apply] _d

Note: This linter can be disabled with `set_option linter.unusedVariables false`
warning: Tests/BimodalTest/ProofSystem/DerivationPropertyTest.lean:82:55: Variable name `h` is not explicitly referenced.

Hint: The binding can be removed (if unused) or named `_` (if used implicitly). Alternatively, prefix the name with `_` to silence this warning:
  [apply] _h

Note: This linter can be disabled with `set_option linter.unusedVariables false`
warning: Tests/BimodalTest/ProofSystem/DerivationPropertyTest.lean:105:0: Definition `axiom_height_zero` is a proposition; use `theorem` instead of `def`

Note: This linter can be disabled with `set_option linter.defProp false`
warning: Tests/BimodalTest/ProofSystem/DerivationPropertyTest.lean:112:0: Definition `assumption_height_zero` is a proposition; use `theorem` instead of `def`

Note: This linter can be disabled with `set_option linter.defProp false`
warning: Tests/BimodalTest/ProofSystem/DerivationPropertyTest.lean:151:0: Definition `mp_height_property` is a proposition; use `theorem` instead of `def`

Note: This linter can be disabled with `set_option linter.defProp false`
warning: Tests/BimodalTest/ProofSystem/DerivationPropertyTest.lean:164:0: Definition `necessitation_height_property` is a proposition; use `theorem` instead of `def`

Note: This linter can be disabled with `set_option linter.defProp false`
warning: Tests/BimodalTest/ProofSystem/DerivationPropertyTest.lean:171:0: Definition `temporal_necessitation_height_property` is a proposition; use `theorem` instead of `def`

Note: This linter can be disabled with `set_option linter.defProp false`
info: Tests/BimodalTest/ProofSystem/DerivationPropertyTest.lean:188:0: Unable to find a counter-example
info: Tests/BimodalTest/ProofSystem/DerivationPropertyTest.lean:204:0: Unable to find a counter-example
info: Tests/BimodalTest/ProofSystem/DerivationPropertyTest.lean:220:0: Unable to find a counter-example
info: Tests/BimodalTest/ProofSystem/DerivationPropertyTest.lean:284:0: Unable to find a counter-example
info: Tests/BimodalTest/ProofSystem/DerivationPropertyTest.lean:300:0: Unable to find a counter-example
⚠ [717/1344] Replayed BimodalTest.Semantics.SemanticPropertyTest
warning: Tests/BimodalTest/Semantics/SemanticPropertyTest.lean:53:0: Definition `frame_nullity_property` is a proposition; use `theorem` instead of `def`

Note: This linter can be disabled with `set_option linter.defProp false`
warning: Tests/BimodalTest/Semantics/SemanticPropertyTest.lean:73:0: Definition `frame_compositionality_property` is a proposition; use `theorem` instead of `def`

Note: This linter can be disabled with `set_option linter.defProp false`
info: Tests/BimodalTest/Semantics/SemanticPropertyTest.lean:145:0: Unable to find a counter-example
info: Tests/BimodalTest/Semantics/SemanticPropertyTest.lean:161:0: Unable to find a counter-example
info: Tests/BimodalTest/Semantics/SemanticPropertyTest.lean:177:0: Unable to find a counter-example
info: Tests/BimodalTest/Semantics/SemanticPropertyTest.lean:195:0: Unable to find a counter-example
info: Tests/BimodalTest/Semantics/SemanticPropertyTest.lean:211:0: Unable to find a counter-example
info: Tests/BimodalTest/Semantics/SemanticPropertyTest.lean:227:0: Unable to find a counter-example
⚠ [718/1344] Replayed BimodalTest.Theorems.PropositionalTest
warning: Tests/BimodalTest/Theorems/PropositionalTest.lean:87:51: `FormalSystem.Theorems.Propositional.negImp` has been deprecated: Use `FormalSystem.Theorems.Propositional.impOfNeg` instead
warning: Tests/BimodalTest/Theorems/PropositionalTest.lean:91:2: `FormalSystem.Theorems.Propositional.negImp` has been deprecated: Use `FormalSystem.Theorems.Propositional.impOfNeg` instead
warning: Tests/BimodalTest/Theorems/PropositionalTest.lean:96:2: `FormalSystem.Theorems.Propositional.negImp` has been deprecated: Use `FormalSystem.Theorems.Propositional.impOfNeg` instead
warning: Tests/BimodalTest/Theorems/PropositionalTest.lean:188:51: `FormalSystem.Theorems.Propositional.negImp` has been deprecated: Use `FormalSystem.Theorems.Propositional.impOfNeg` instead
⚠ [738/1344] Replayed FormalSystem.Metalogic.Decidability.Tableau
warning: FormalSystem/Metalogic/Decidability/Tableau.lean:464:30: This simp argument is unused:
  if_false

Hint: Omit it from the simp argument list.
  [apply] simp only [hc, if_true, reduceIte] at hsg

Note: This linter can be disabled with `set_option linter.unusedSimpArgs false`
warning: FormalSystem/Metalogic/Decidability/Tableau.lean:464:40: This simp argument is unused:
  reduceIte

Hint: Omit it from the simp argument list.
  [apply] simp only [hc, if_true, if_false] at hsg

Note: This linter can be disabled with `set_option linter.unusedSimpArgs false`
warning: FormalSystem/Metalogic/Decidability/Tableau.lean:471:30: This simp argument is unused:
  if_false

Hint: Omit it from the simp argument list.
  [apply] simp only [hc, if_true, reduceIte] at hsg

Note: This linter can be disabled with `set_option linter.unusedSimpArgs false`
warning: FormalSystem/Metalogic/Decidability/Tableau.lean:471:40: This simp argument is unused:
  reduceIte

Hint: Omit it from the simp argument list.
  [apply] simp only [hc, if_true, if_false] at hsg

Note: This linter can be disabled with `set_option linter.unusedSimpArgs false`
warning: FormalSystem/Metalogic/Decidability/Tableau.lean:2729:52: This simp argument is unused:
  Bool.not_eq_true

Hint: Omit it from the simp argument list.
  [apply] simp only [isExpanded, Option.isNone_iff_eq_none, decide_eq_true_eq, Bool.not_eq_eq_eq_not, Bool.not_false,
    Bool.decide_eq_false, Bool.not_eq_false] at hfind

Note: This linter can be disabled with `set_option linter.unusedSimpArgs false`
warning: FormalSystem/Metalogic/Decidability/Tableau.lean:2730:4: This simp argument is unused:
  Bool.not_eq_eq_eq_not

Hint: Omit it from the simp argument list.
  [apply] simp only [isExpanded, Option.isNone_iff_eq_none, Bool.not_eq_true, decide_eq_true_eq, Bool.not_false,
    Bool.decide_eq_false, Bool.not_eq_false] at hfind

Note: This linter can be disabled with `set_option linter.unusedSimpArgs false`
warning: FormalSystem/Metalogic/Decidability/Tableau.lean:2730:27: This simp argument is unused:
  Bool.not_false

Hint: Omit it from the simp argument list.
  [apply] simp only [isExpanded, Option.isNone_iff_eq_none, Bool.not_eq_true, decide_eq_true_eq, Bool.not_eq_eq_eq_not,
    Bool.decide_eq_false, Bool.not_eq_false] at hfind

Note: This linter can be disabled with `set_option linter.unusedSimpArgs false`
warning: FormalSystem/Metalogic/Decidability/Tableau.lean:2730:43: This simp argument is unused:
  Bool.decide_eq_false

Hint: Omit it from the simp argument list.
  [apply] simp only [isExpanded, Option.isNone_iff_eq_none, Bool.not_eq_true, decide_eq_true_eq, Bool.not_eq_eq_eq_not,
    Bool.not_false, Bool.not_eq_false] at hfind

Note: This linter can be disabled with `set_option linter.unusedSimpArgs false`
warning: FormalSystem/Metalogic/Decidability/Tableau.lean:2730:65: This simp argument is unused:
  Bool.not_eq_false

Hint: Omit it from the simp argument list.
  [apply] simp only [isExpanded, Option.isNone_iff_eq_none, Bool.not_eq_true, decide_eq_true_eq, Bool.not_eq_eq_eq_not,
    Bool.not_false, Bool.decide_eq_false] at hfind

Note: This linter can be disabled with `set_option linter.unusedSimpArgs false`
warning: FormalSystem/Metalogic/Decidability/Tableau.lean:2776:34: This simp argument is unused:
  Bool.not_eq_true

Hint: Omit it from the simp argument list.
  [apply] simp only [hfresh, if_true] at hr

Note: This linter can be disabled with `set_option linter.unusedSimpArgs false`
⚠ [1375/1535] Replayed FormalSystem.Metalogic.Decidability.Saturation
warning: FormalSystem/Metalogic/Decidability/Saturation.lean:934:29: Variable name `appliedSet` is not explicitly referenced.

Hint: The binding can be removed (if unused) or named `_` (if used implicitly). Alternatively, prefix the name with `_` to silence this warning:
  [apply] _appliedSet

Note: This linter can be disabled with `set_option linter.unusedVariables false`
info: FormalSystem/Metalogic/Decidability/Saturation.lean:1064:0: "PASS: U(p, bot) -> F(p) is valid"
info: FormalSystem/Metalogic/Decidability/Saturation.lean:1074:0: "PASS: S(p, bot) -> P(p) is valid"
info: FormalSystem/Metalogic/Decidability/Saturation.lean:1084:0: "PASS: F(p) -> U(p, top) is valid (BX12)"
info: FormalSystem/Metalogic/Decidability/Saturation.lean:1093:0: "PASS: P(p) -> S(p, top) is valid (BX12')"
info: FormalSystem/Metalogic/Decidability/Saturation.lean:1102:0: "PASS: F(top) -> top is valid"
info: FormalSystem/Metalogic/Decidability/Saturation.lean:1112:0: "PASS: U(p, q) is satisfiable (open branch found)"
info: FormalSystem/Metalogic/Decidability/Saturation.lean:1121:0: "PASS: p -> p is valid"
info: FormalSystem/Metalogic/Decidability/Saturation.lean:1146:0: "PASS B1: G(p) -> G(p) is valid"
info: FormalSystem/Metalogic/Decidability/Saturation.lean:1155:0: "PASS B2: U(p,q) -> U(p,q) is valid"
info: FormalSystem/Metalogic/Decidability/Saturation.lean:1165:0: "PASS B3: U(p,bot) -> F(p) is valid (eventuality witnessed)"
info: FormalSystem/Metalogic/Decidability/Saturation.lean:1192:0: "PASS: □p → Gp is valid"
info: FormalSystem/Metalogic/Decidability/Saturation.lean:1201:0: "PASS: □p → Hp is valid"
info: FormalSystem/Metalogic/Decidability/Saturation.lean:1213:0: "PASS: □p → always p is valid (P1 perpetuity)"
info: FormalSystem/Metalogic/Decidability/Saturation.lean:1223:0: "PASS: □(□p) → G(□p) is valid"
info: FormalSystem/Metalogic/Decidability/Saturation.lean:1237:0: "PASS: p ∧ F(¬p) is satisfiable (open branch found)"
info: FormalSystem/Metalogic/Decidability/Saturation.lean:1246:0: "PASS: □p → □(Gp) is valid (modal_future)"
info: FormalSystem/Metalogic/Decidability/Saturation.lean:1273:0: "PASS E1: U(U(p,q),r) -> U(U(p,q),r) is valid"
info: FormalSystem/Metalogic/Decidability/Saturation.lean:1283:0: "PASS E2: S(p,bot) -> P(p) is valid"
info: FormalSystem/Metalogic/Decidability/Saturation.lean:1292:0: "PASS E3: p -> (q -> p) is valid"
info: FormalSystem/Metalogic/Decidability/Saturation.lean:1302:0: "PASS E4: U(p,q) is satisfiable (open branch with blocking)"
info: FormalSystem/Metalogic/Decidability/Saturation.lean:1313:0: "INFO E5: G(p) -> p is invalid (strict reading)"
info: FormalSystem/Metalogic/Decidability/Saturation.lean:1758:0: "PASS FC1: GGp → Gp closes under Dense"
info: FormalSystem/Metalogic/Decidability/Saturation.lean:1768:0: "PASS FC2: GGp → Gp correctly open under Base"
info: FormalSystem/Metalogic/Decidability/Saturation.lean:1777:0: "PASS FC3: ¬U(⊤,⊥) closes under Dense"
info: FormalSystem/Metalogic/Decidability/Saturation.lean:1787:0: "PASS FC4: ¬U(⊤,⊥) correctly open under Base"
info: FormalSystem/Metalogic/Decidability/Saturation.lean:1796:0: "PASS FC5: F(p) → U(p, ¬p) closes under Discrete"
info: FormalSystem/Metalogic/Decidability/Saturation.lean:1806:0: "PASS FC6: F(p) → U(p, ¬p) correctly open under Base"
info: FormalSystem/Metalogic/Decidability/Saturation.lean:1815:0: "PASS FC7: F(p) → U(p, ¬p) correctly open under Dense"
info: FormalSystem/Metalogic/Decidability/Saturation.lean:1824:0: "PASS FC8: p → p closes under all frame classes (monotonicity)"
info: FormalSystem/Metalogic/Decidability/Saturation.lean:1839:0: "PASS FC9: ¬U(⊤,⊥) correctly open under Discrete"
info: FormalSystem/Metalogic/Decidability/Saturation.lean:1861:0: "PASS PL1: diamond p terminates with open branch (no loop)"
info: FormalSystem/Metalogic/Decidability/Saturation.lean:1870:0: "PASS PL2: (box(bot -> bot) -> r) terminates (no stall)"
info: FormalSystem/Metalogic/Decidability/Saturation.lean:1879:0: "PASS PL3: box(bot -> p) is valid"
info: FormalSystem/Metalogic/Decidability/Saturation.lean:1888:0: "PASS PL4: box(p -> p) is valid"
info: FormalSystem/Metalogic/Decidability/Saturation.lean:1897:0: "PASS PL5: (box bot -> r) is valid"
info: FormalSystem/Metalogic/Decidability/Saturation.lean:1932:0: "PASS AN1: G(p) → ¬F(¬p) is valid"
info: FormalSystem/Metalogic/Decidability/Saturation.lean:1945:0: "PASS AN2: U(p,q) is satisfiable (active untlNeg created time)"
info: FormalSystem/Metalogic/Decidability/Saturation.lean:1958:0: "PASS AN3: U(p,q) → U(p,q) is valid"
info: FormalSystem/Metalogic/Decidability/Saturation.lean:1968:0: "PASS AN4: S(p,q) is satisfiable (active snceNeg created time)"
info: FormalSystem/Metalogic/Decidability/Saturation.lean:1980:0: "PASS AN5: H(p) → ¬P(¬p) is valid"
info: FormalSystem/Metalogic/Decidability/Saturation.lean:1997:0: "PASS AN6: nested Until identity valid (fuel=500)"
info: FormalSystem/Metalogic/Decidability/Saturation.lean:2011:0: "PASS AN7: U(p,q) → F(p) valid (fuel=500)"
info: FormalSystem/Metalogic/Decidability/Saturation.lean:2024:0: "PASS AN8: ¬U(p,q) satisfiable (fuel=500, active rule + blocking)"
info: FormalSystem/Metalogic/Decidability/Saturation.lean:2047:0: "PASS FA1: balanced branches get equal fuel"
info: FormalSystem/Metalogic/Decidability/Saturation.lean:2060:0: "PASS FA2: temporal branch gets more fuel than propositional"
info: FormalSystem/Metalogic/Decidability/Saturation.lean:2071:0: "PASS FA3: all allocations in bounds [1, 199]: [25, 100, 75]"
info: FormalSystem/Metalogic/Decidability/Saturation.lean:2082:0: "PASS FA4: fuel=0 gives all zeros"
info: FormalSystem/Metalogic/Decidability/Saturation.lean:2091:0: "PASS FA5: difficulty ordering correct: prop=1 < modal=3 < temp=4"
⚠ [1377/1535] Replayed FormalSystem.Metalogic.Decidability.CountermodelExtraction
warning: FormalSystem/Metalogic/Decidability/CountermodelExtraction.lean:565:46: This simp argument is unused:
  if_false

Hint: Omit it from the simp argument list.
  [apply] simp only [isApplicable, asUntil?, hg', applyRule, ruleMintsFreshLabel, ruleSelfGuarded, if_true,
    Option.isSome_some, if_neg hc] at h

Note: This linter can be disabled with `set_option linter.unusedSimpArgs false`
warning: FormalSystem/Metalogic/Decidability/CountermodelExtraction.lean:566:34: This simp argument is unused:
  Option.isSome_some

Hint: Omit it from the simp argument list.
  [apply] simp only [isApplicable, asUntil?, hg', if_false, applyRule, ruleMintsFreshLabel, ruleSelfGuarded, if_true,
    if_neg hc] at h

Note: This linter can be disabled with `set_option linter.unusedSimpArgs false`
warning: FormalSystem/Metalogic/Decidability/CountermodelExtraction.lean:610:46: This simp argument is unused:
  if_false

Hint: Omit it from the simp argument list.
  [apply] simp only [isApplicable, asSince?, hg', applyRule, ruleMintsFreshLabel, ruleSelfGuarded, if_true,
    Option.isSome_some, if_neg hc] at h

Note: This linter can be disabled with `set_option linter.unusedSimpArgs false`
warning: FormalSystem/Metalogic/Decidability/CountermodelExtraction.lean:611:34: This simp argument is unused:
  Option.isSome_some

Hint: Omit it from the simp argument list.
  [apply] simp only [isApplicable, asSince?, hg', if_false, applyRule, ruleMintsFreshLabel, ruleSelfGuarded, if_true,
    if_neg hc] at h

Note: This linter can be disabled with `set_option linter.unusedSimpArgs false`
warning: FormalSystem/Metalogic/Decidability/CountermodelExtraction.lean:806:57: This simp argument is unused:
  ruleSelfGuarded

Hint: Omit it from the simp argument list.
  [apply] simp at hUntlNeg

Note: This linter can be disabled with `set_option linter.unusedSimpArgs false`
warning: FormalSystem/Metalogic/Decidability/CountermodelExtraction.lean:873:57: This simp argument is unused:
  ruleSelfGuarded

Hint: Omit it from the simp argument list.
  [apply] simp at hSnceNeg

Note: This linter can be disabled with `set_option linter.unusedSimpArgs false`
⚠ [1378/1535] Replayed FormalSystem.Metalogic.Decidability.Verified.Termination.SubformulaProperty
warning: FormalSystem/Metalogic/Decidability/Verified/Termination/SubformulaProperty.lean:445:63: This simp argument is unused:
  if_false

Hint: Omit it from the simp argument list.
  [apply] simp only [h, if_true]

Note: This linter can be disabled with `set_option linter.unusedSimpArgs false`
warning: FormalSystem/Metalogic/Decidability/Verified/Termination/SubformulaProperty.lean:482:109: This simp argument is unused:
  SignedFormula.neg

Hint: Omit it from the simp argument list.
  [apply] simp_all only [asAnd?_eq_iff, List.mem_cons, List.not_mem_nil, or_false, SignedFormula.pos, reduceCtorEq]

Note: This linter can be disabled with `set_option linter.unusedSimpArgs false`
warning: FormalSystem/Metalogic/Decidability/Verified/Termination/SubformulaProperty.lean:484:2: 'all_goals (try subst hg)' tactic does nothing

Note: This linter can be disabled with `set_option linter.unusedTactic false`
warning: FormalSystem/Metalogic/Decidability/Verified/Termination/SubformulaProperty.lean:499:4: This simp argument is unused:
  SignedFormula.pos

Hint: Omit it from the simp argument list.
  [apply] simp_all only [asAnd?_eq_iff, List.flatten_cons, List.flatten_nil, List.append_nil, List.mem_append,
    List.mem_cons, List.not_mem_nil, or_false, SignedFormula.neg, reduceCtorEq]

Note: This linter can be disabled with `set_option linter.unusedSimpArgs false`
warning: FormalSystem/Metalogic/Decidability/Verified/Termination/SubformulaProperty.lean:501:2: 'all_goals (try subst hg)' tactic does nothing

Note: This linter can be disabled with `set_option linter.unusedTactic false`
warning: FormalSystem/Metalogic/Decidability/Verified/Termination/SubformulaProperty.lean:516:23: This simp argument is unused:
  SignedFormula.neg

Hint: Omit it from the simp argument list.
  [apply] simp_all only [asOr?_eq_iff, List.flatten_cons, List.flatten_nil, List.append_nil, List.mem_append,
    List.mem_cons, List.not_mem_nil, or_false, SignedFormula.pos, reduceCtorEq]

Note: This linter can be disabled with `set_option linter.unusedSimpArgs false`
warning: FormalSystem/Metalogic/Decidability/Verified/Termination/SubformulaProperty.lean:518:2: 'all_goals (try subst hg)' tactic does nothing

Note: This linter can be disabled with `set_option linter.unusedTactic false`
warning: FormalSystem/Metalogic/Decidability/Verified/Termination/SubformulaProperty.lean:531:89: This simp argument is unused:
  SignedFormula.pos

Hint: Omit it from the simp argument list.
  [apply] simp_all only [asOr?_eq_iff, List.mem_cons, List.not_mem_nil, or_false, SignedFormula.neg, reduceCtorEq]

Note: This linter can be disabled with `set_option linter.unusedSimpArgs false`
warning: FormalSystem/Metalogic/Decidability/Verified/Termination/SubformulaProperty.lean:533:2: 'all_goals (try subst hg)' tactic does nothing

Note: This linter can be disabled with `set_option linter.unusedTactic false`
warning: FormalSystem/Metalogic/Decidability/Verified/Termination/SubformulaProperty.lean:550:2: 'all_goals (try subst hg)' tactic does nothing

Note: This linter can be disabled with `set_option linter.unusedTactic false`
warning: FormalSystem/Metalogic/Decidability/Verified/Termination/SubformulaProperty.lean:565:2: 'all_goals (try subst hg)' tactic does nothing

Note: This linter can be disabled with `set_option linter.unusedTactic false`
warning: FormalSystem/Metalogic/Decidability/Verified/Termination/SubformulaProperty.lean:578:90: This simp argument is unused:
  SignedFormula.pos

Hint: Omit it from the simp argument list.
  [apply] simp_all only [asNeg?_eq_iff, List.mem_cons, List.not_mem_nil, or_false, SignedFormula.neg, reduceCtorEq]

Note: This linter can be disabled with `set_option linter.unusedSimpArgs false`
warning: FormalSystem/Metalogic/Decidability/Verified/Termination/SubformulaProperty.lean:580:2: 'all_goals (try subst hg)' tactic does nothing

Note: This linter can be disabled with `set_option linter.unusedTactic false`
warning: FormalSystem/Metalogic/Decidability/Verified/Termination/SubformulaProperty.lean:591:109: This simp argument is unused:
  SignedFormula.neg

Hint: Omit it from the simp argument list.
  [apply] simp_all only [asNeg?_eq_iff, List.mem_cons, List.not_mem_nil, or_false, SignedFormula.pos, reduceCtorEq]

Note: This linter can be disabled with `set_option linter.unusedSimpArgs false`
warning: FormalSystem/Metalogic/Decidability/Verified/Termination/SubformulaProperty.lean:593:2: 'all_goals (try subst hg)' tactic does nothing

Note: This linter can be disabled with `set_option linter.unusedTactic false`
warning: FormalSystem/Metalogic/Decidability/Verified/Termination/SubformulaProperty.lean:618:61: This simp argument is unused:
  SignedFormula.neg

Hint: Omit it from the simp argument list.
  [apply] simp_all only [List.mem_filter, List.mem_cons, List.not_mem_nil, or_false, Bool.not_eq_eq_eq_not,
    Bool.not_true, SignedFormula.pos, reduceCtorEq]

Note: This linter can be disabled with `set_option linter.unusedSimpArgs false`
warning: FormalSystem/Metalogic/Decidability/Verified/Termination/SubformulaProperty.lean:621:2: 'all_goals (try subst hg)' tactic does nothing

Note: This linter can be disabled with `set_option linter.unusedTactic false`
warning: FormalSystem/Metalogic/Decidability/Verified/Termination/SubformulaProperty.lean:635:45: This simp argument is unused:
  SignedFormula.pos

Hint: Omit it from the simp argument list.
  [apply] simp_all only [List.not_mem_nil, SignedFormula.neg, reduceCtorEq]

Note: This linter can be disabled with `set_option linter.unusedSimpArgs false`
warning: FormalSystem/Metalogic/Decidability/Verified/Termination/SubformulaProperty.lean:635:64: This simp argument is unused:
  SignedFormula.neg

Hint: Omit it from the simp argument list.
  [apply] simp_all only [List.not_mem_nil, SignedFormula.pos, reduceCtorEq]

Note: This linter can be disabled with `set_option linter.unusedSimpArgs false`
warning: FormalSystem/Metalogic/Decidability/Verified/Termination/SubformulaProperty.lean:683:56: This simp argument is unused:
  or_false

Hint: Omit it from the simp argument list.
  [apply] simp_all only [List.map_cons, List.map_nil, List.flatten_cons, List.flatten_nil, List.append_nil,
    List.mem_append, List.not_mem_nil, reduceCtorEq]

Note: This linter can be disabled with `set_option linter.unusedSimpArgs false`
warning: FormalSystem/Metalogic/Decidability/Verified/Termination/SubformulaProperty.lean:685:56: This simp argument is unused:
  or_false

Hint: Omit it from the simp argument list.
  [apply] simp only [List.map_cons, List.map_nil, List.flatten_cons, List.flatten_nil, List.append_nil, List.mem_append,
    List.not_mem_nil] at hg

Note: This linter can be disabled with `set_option linter.unusedSimpArgs false`
warning: FormalSystem/Metalogic/Decidability/Verified/Termination/SubformulaProperty.lean:847:4: This simp argument is unused:
  List.flatten_cons

Hint: Omit it from the simp argument list.
  [apply] simp only [Branch.boxPosFormulas, Branch.diamondNegFormulas, List.flatten_nil, List.append_nil, List.mem_cons,
    List.mem_append, List.not_mem_nil, or_false] at hg

Note: This linter can be disabled with `set_option linter.unusedSimpArgs false`
warning: FormalSystem/Metalogic/Decidability/Verified/Termination/SubformulaProperty.lean:847:23: This simp argument is unused:
  List.flatten_nil

Hint: Omit it from the simp argument list.
  [apply] simp only [Branch.boxPosFormulas, Branch.diamondNegFormulas, List.flatten_cons, List.append_nil,
    List.mem_cons, List.mem_append, List.not_mem_nil, or_false] at hg

Note: This linter can be disabled with `set_option linter.unusedSimpArgs false`
warning: FormalSystem/Metalogic/Decidability/Verified/Termination/SubformulaProperty.lean:847:41: This simp argument is unused:
  List.append_nil

Hint: Omit it from the simp argument list.
  [apply] simp only [Branch.boxPosFormulas, Branch.diamondNegFormulas, List.flatten_cons, List.flatten_nil,
    List.mem_cons, List.mem_append, List.not_mem_nil, or_false] at hg

Note: This linter can be disabled with `set_option linter.unusedSimpArgs false`
warning: FormalSystem/Metalogic/Decidability/Verified/Termination/SubformulaProperty.lean:848:4: This simp argument is unused:
  List.not_mem_nil

Hint: Omit it from the simp argument list.
  [apply] simp only [Branch.boxPosFormulas, Branch.diamondNegFormulas, List.flatten_cons, List.flatten_nil,
    List.append_nil, List.mem_cons, List.mem_append, or_false] at hg

Note: This linter can be disabled with `set_option linter.unusedSimpArgs false`
warning: FormalSystem/Metalogic/Decidability/Verified/Termination/SubformulaProperty.lean:848:22: This simp argument is unused:
  or_false

Hint: Omit it from the simp argument list.
  [apply] simp only [Branch.boxPosFormulas, Branch.diamondNegFormulas, List.flatten_cons, List.flatten_nil,
    List.append_nil, List.mem_cons, List.mem_append, List.not_mem_nil] at hg

Note: This linter can be disabled with `set_option linter.unusedSimpArgs false`
warning: FormalSystem/Metalogic/Decidability/Verified/Termination/SubformulaProperty.lean:862:6: '(obtain ⟨s, hs, hsg⟩ := mem_boxDiamondPersistence hg; rw [hsg]; exact hb _ hs)' tactic does nothing

Note: This linter can be disabled with `set_option linter.unusedTactic false`
warning: FormalSystem/Metalogic/Decidability/Verified/Termination/SubformulaProperty.lean:862:6: this tactic is never executed

Note: This linter can be disabled with `set_option linter.unreachableTactic false`
warning: FormalSystem/Metalogic/Decidability/Verified/Termination/SubformulaProperty.lean:876:4: This simp argument is unused:
  List.flatten_cons

Hint: Omit it from the simp argument list.
  [apply] simp only [Branch.boxPosFormulas, Branch.diamondNegFormulas, List.flatten_nil, List.append_nil, List.mem_cons,
    List.mem_append, List.not_mem_nil, or_false] at hg

Note: This linter can be disabled with `set_option linter.unusedSimpArgs false`
warning: FormalSystem/Metalogic/Decidability/Verified/Termination/SubformulaProperty.lean:876:23: This simp argument is unused:
  List.flatten_nil

Hint: Omit it from the simp argument list.
  [apply] simp only [Branch.boxPosFormulas, Branch.diamondNegFormulas, List.flatten_cons, List.append_nil,
    List.mem_cons, List.mem_append, List.not_mem_nil, or_false] at hg

Note: This linter can be disabled with `set_option linter.unusedSimpArgs false`
warning: FormalSystem/Metalogic/Decidability/Verified/Termination/SubformulaProperty.lean:876:41: This simp argument is unused:
  List.append_nil

Hint: Omit it from the simp argument list.
  [apply] simp only [Branch.boxPosFormulas, Branch.diamondNegFormulas, List.flatten_cons, List.flatten_nil,
    List.mem_cons, List.mem_append, List.not_mem_nil, or_false] at hg

Note: This linter can be disabled with `set_option linter.unusedSimpArgs false`
warning: FormalSystem/Metalogic/Decidability/Verified/Termination/SubformulaProperty.lean:877:4: This simp argument is unused:
  List.not_mem_nil

Hint: Omit it from the simp argument list.
  [apply] simp only [Branch.boxPosFormulas, Branch.diamondNegFormulas, List.flatten_cons, List.flatten_nil,
    List.append_nil, List.mem_cons, List.mem_append, or_false] at hg

Note: This linter can be disabled with `set_option linter.unusedSimpArgs false`
warning: FormalSystem/Metalogic/Decidability/Verified/Termination/SubformulaProperty.lean:877:22: This simp argument is unused:
  or_false

Hint: Omit it from the simp argument list.
  [apply] simp only [Branch.boxPosFormulas, Branch.diamondNegFormulas, List.flatten_cons, List.flatten_nil,
    List.append_nil, List.mem_cons, List.mem_append, List.not_mem_nil] at hg

Note: This linter can be disabled with `set_option linter.unusedSimpArgs false`
warning: FormalSystem/Metalogic/Decidability/Verified/Termination/SubformulaProperty.lean:891:6: '(obtain ⟨s, hs, hsg⟩ := mem_boxDiamondPersistence hg; rw [hsg]; exact hb _ hs)' tactic does nothing

Note: This linter can be disabled with `set_option linter.unusedTactic false`
warning: FormalSystem/Metalogic/Decidability/Verified/Termination/SubformulaProperty.lean:891:6: this tactic is never executed

Note: This linter can be disabled with `set_option linter.unreachableTactic false`
warning: FormalSystem/Metalogic/Decidability/Verified/Termination/SubformulaProperty.lean:905:4: This simp argument is unused:
  List.flatten_cons

Hint: Omit it from the simp argument list.
  [apply] simp only [Branch.allFuturePosFormulas, Branch.someFutureNegFormulas, List.flatten_nil, List.append_nil,
    List.mem_cons, List.mem_append, List.not_mem_nil, or_false] at hg

Note: This linter can be disabled with `set_option linter.unusedSimpArgs false`
warning: FormalSystem/Metalogic/Decidability/Verified/Termination/SubformulaProperty.lean:905:23: This simp argument is unused:
  List.flatten_nil

Hint: Omit it from the simp argument list.
  [apply] simp only [Branch.allFuturePosFormulas, Branch.someFutureNegFormulas, List.flatten_cons, List.append_nil,
    List.mem_cons, List.mem_append, List.not_mem_nil, or_false] at hg

Note: This linter can be disabled with `set_option linter.unusedSimpArgs false`
warning: FormalSystem/Metalogic/Decidability/Verified/Termination/SubformulaProperty.lean:905:41: This simp argument is unused:
  List.append_nil

Hint: Omit it from the simp argument list.
  [apply] simp only [Branch.allFuturePosFormulas, Branch.someFutureNegFormulas, List.flatten_cons, List.flatten_nil,
    List.mem_cons, List.mem_append, List.not_mem_nil, or_false] at hg

Note: This linter can be disabled with `set_option linter.unusedSimpArgs false`
warning: FormalSystem/Metalogic/Decidability/Verified/Termination/SubformulaProperty.lean:906:4: This simp argument is unused:
  List.not_mem_nil

Hint: Omit it from the simp argument list.
  [apply] simp only [Branch.allFuturePosFormulas, Branch.someFutureNegFormulas, List.flatten_cons, List.flatten_nil,
    List.append_nil, List.mem_cons, List.mem_append, or_false] at hg

Note: This linter can be disabled with `set_option linter.unusedSimpArgs false`
warning: FormalSystem/Metalogic/Decidability/Verified/Termination/SubformulaProperty.lean:906:22: This simp argument is unused:
  or_false

Hint: Omit it from the simp argument list.
  [apply] simp only [Branch.allFuturePosFormulas, Branch.someFutureNegFormulas, List.flatten_cons, List.flatten_nil,
    List.append_nil, List.mem_cons, List.mem_append, List.not_mem_nil] at hg

Note: This linter can be disabled with `set_option linter.unusedSimpArgs false`
warning: FormalSystem/Metalogic/Decidability/Verified/Termination/SubformulaProperty.lean:934:4: This simp argument is unused:
  List.flatten_cons

Hint: Omit it from the simp argument list.
  [apply] simp only [Branch.allPastPosFormulas, Branch.somePastNegFormulas, List.flatten_nil, List.append_nil,
    List.mem_cons, List.mem_append, List.not_mem_nil, or_false] at hg

Note: This linter can be disabled with `set_option linter.unusedSimpArgs false`
warning: FormalSystem/Metalogic/Decidability/Verified/Termination/SubformulaProperty.lean:934:23: This simp argument is unused:
  List.flatten_nil

Hint: Omit it from the simp argument list.
  [apply] simp only [Branch.allPastPosFormulas, Branch.somePastNegFormulas, List.flatten_cons, List.append_nil,
    List.mem_cons, List.mem_append, List.not_mem_nil, or_false] at hg

Note: This linter can be disabled with `set_option linter.unusedSimpArgs false`
warning: FormalSystem/Metalogic/Decidability/Verified/Termination/SubformulaProperty.lean:934:41: This simp argument is unused:
  List.append_nil

Hint: Omit it from the simp argument list.
  [apply] simp only [Branch.allPastPosFormulas, Branch.somePastNegFormulas, List.flatten_cons, List.flatten_nil,
    List.mem_cons, List.mem_append, List.not_mem_nil, or_false] at hg

Note: This linter can be disabled with `set_option linter.unusedSimpArgs false`
warning: FormalSystem/Metalogic/Decidability/Verified/Termination/SubformulaProperty.lean:935:4: This simp argument is unused:
  List.not_mem_nil

Hint: Omit it from the simp argument list.
  [apply] simp only [Branch.allPastPosFormulas, Branch.somePastNegFormulas, List.flatten_cons, List.flatten_nil,
    List.append_nil, List.mem_cons, List.mem_append, or_false] at hg

Note: This linter can be disabled with `set_option linter.unusedSimpArgs false`
warning: FormalSystem/Metalogic/Decidability/Verified/Termination/SubformulaProperty.lean:935:22: This simp argument is unused:
  or_false

Hint: Omit it from the simp argument list.
  [apply] simp only [Branch.allPastPosFormulas, Branch.somePastNegFormulas, List.flatten_cons, List.flatten_nil,
    List.append_nil, List.mem_cons, List.mem_append, List.not_mem_nil] at hg

Note: This linter can be disabled with `set_option linter.unusedSimpArgs false`
warning: FormalSystem/Metalogic/Decidability/Verified/Termination/SubformulaProperty.lean:963:4: This simp argument is unused:
  List.flatten_cons

Hint: Omit it from the simp argument list.
  [apply] simp only [Branch.allFuturePosFormulas, Branch.someFutureNegFormulas, List.flatten_nil, List.append_nil,
    List.mem_cons, List.mem_append, List.not_mem_nil, or_false] at hg

Note: This linter can be disabled with `set_option linter.unusedSimpArgs false`
warning: FormalSystem/Metalogic/Decidability/Verified/Termination/SubformulaProperty.lean:963:23: This simp argument is unused:
  List.flatten_nil

Hint: Omit it from the simp argument list.
  [apply] simp only [Branch.allFuturePosFormulas, Branch.someFutureNegFormulas, List.flatten_cons, List.append_nil,
    List.mem_cons, List.mem_append, List.not_mem_nil, or_false] at hg

Note: This linter can be disabled with `set_option linter.unusedSimpArgs false`
warning: FormalSystem/Metalogic/Decidability/Verified/Termination/SubformulaProperty.lean:963:41: This simp argument is unused:
  List.append_nil

Hint: Omit it from the simp argument list.
  [apply] simp only [Branch.allFuturePosFormulas, Branch.someFutureNegFormulas, List.flatten_cons, List.flatten_nil,
    List.mem_cons, List.mem_append, List.not_mem_nil, or_false] at hg

Note: This linter can be disabled with `set_option linter.unusedSimpArgs false`
warning: FormalSystem/Metalogic/Decidability/Verified/Termination/SubformulaProperty.lean:964:4: This simp argument is unused:
  List.not_mem_nil

Hint: Omit it from the simp argument list.
  [apply] simp only [Branch.allFuturePosFormulas, Branch.someFutureNegFormulas, List.flatten_cons, List.flatten_nil,
    List.append_nil, List.mem_cons, List.mem_append, or_false] at hg

Note: This linter can be disabled with `set_option linter.unusedSimpArgs false`
warning: FormalSystem/Metalogic/Decidability/Verified/Termination/SubformulaProperty.lean:964:22: This simp argument is unused:
  or_false

Hint: Omit it from the simp argument list.
  [apply] simp only [Branch.allFuturePosFormulas, Branch.someFutureNegFormulas, List.flatten_cons, List.flatten_nil,
    List.append_nil, List.mem_cons, List.mem_append, List.not_mem_nil] at hg

Note: This linter can be disabled with `set_option linter.unusedSimpArgs false`
warning: FormalSystem/Metalogic/Decidability/Verified/Termination/SubformulaProperty.lean:992:4: This simp argument is unused:
  List.flatten_cons

Hint: Omit it from the simp argument list.
  [apply] simp only [Branch.allPastPosFormulas, Branch.somePastNegFormulas, List.flatten_nil, List.append_nil,
    List.mem_cons, List.mem_append, List.not_mem_nil, or_false] at hg

Note: This linter can be disabled with `set_option linter.unusedSimpArgs false`
warning: FormalSystem/Metalogic/Decidability/Verified/Termination/SubformulaProperty.lean:992:23: This simp argument is unused:
  List.flatten_nil

Hint: Omit it from the simp argument list.
  [apply] simp only [Branch.allPastPosFormulas, Branch.somePastNegFormulas, List.flatten_cons, List.append_nil,
    List.mem_cons, List.mem_append, List.not_mem_nil, or_false] at hg

Note: This linter can be disabled with `set_option linter.unusedSimpArgs false`
warning: FormalSystem/Metalogic/Decidability/Verified/Termination/SubformulaProperty.lean:992:41: This simp argument is unused:
  List.append_nil

Hint: Omit it from the simp argument list.
  [apply] simp only [Branch.allPastPosFormulas, Branch.somePastNegFormulas, List.flatten_cons, List.flatten_nil,
    List.mem_cons, List.mem_append, List.not_mem_nil, or_false] at hg

Note: This linter can be disabled with `set_option linter.unusedSimpArgs false`
warning: FormalSystem/Metalogic/Decidability/Verified/Termination/SubformulaProperty.lean:993:4: This simp argument is unused:
  List.not_mem_nil

Hint: Omit it from the simp argument list.
  [apply] simp only [Branch.allPastPosFormulas, Branch.somePastNegFormulas, List.flatten_cons, List.flatten_nil,
    List.append_nil, List.mem_cons, List.mem_append, or_false] at hg

Note: This linter can be disabled with `set_option linter.unusedSimpArgs false`
warning: FormalSystem/Metalogic/Decidability/Verified/Termination/SubformulaProperty.lean:993:22: This simp argument is unused:
  or_false

Hint: Omit it from the simp argument list.
  [apply] simp only [Branch.allPastPosFormulas, Branch.somePastNegFormulas, List.flatten_cons, List.flatten_nil,
    List.append_nil, List.mem_cons, List.mem_append, List.not_mem_nil] at hg

Note: This linter can be disabled with `set_option linter.unusedSimpArgs false`
warning: FormalSystem/Metalogic/Decidability/Verified/Termination/SubformulaProperty.lean:1037:7: 'simp_all only []' tactic does nothing

Note: This linter can be disabled with `set_option linter.unusedTactic false`
warning: FormalSystem/Metalogic/Decidability/Verified/Termination/SubformulaProperty.lean:1037:25: 'done' tactic does nothing

Note: This linter can be disabled with `set_option linter.unusedTactic false`
warning: FormalSystem/Metalogic/Decidability/Verified/Termination/SubformulaProperty.lean:1037:25: this tactic is never executed

Note: This linter can be disabled with `set_option linter.unreachableTactic false`
warning: FormalSystem/Metalogic/Decidability/Verified/Termination/SubformulaProperty.lean:1069:7: 'simp_all only []' tactic does nothing

Note: This linter can be disabled with `set_option linter.unusedTactic false`
warning: FormalSystem/Metalogic/Decidability/Verified/Termination/SubformulaProperty.lean:1069:25: 'done' tactic does nothing

Note: This linter can be disabled with `set_option linter.unusedTactic false`
warning: FormalSystem/Metalogic/Decidability/Verified/Termination/SubformulaProperty.lean:1069:25: this tactic is never executed

Note: This linter can be disabled with `set_option linter.unreachableTactic false`
warning: FormalSystem/Metalogic/Decidability/Verified/Termination/SubformulaProperty.lean:1101:25: 'done' tactic does nothing

Note: This linter can be disabled with `set_option linter.unusedTactic false`
warning: FormalSystem/Metalogic/Decidability/Verified/Termination/SubformulaProperty.lean:1133:25: 'done' tactic does nothing

Note: This linter can be disabled with `set_option linter.unusedTactic false`
warning: FormalSystem/Metalogic/Decidability/Verified/Termination/SubformulaProperty.lean:1209:4: This simp argument is unused:
  Formula.self_mem_subformulas

Hint: Omit it from the simp argument list.
  [apply] simp [SignedFormula.pos, Formula.allFuture, Formula.someFuture, Formula.neg, Formula.top, Formula.subformulas]

Note: This linter can be disabled with `set_option linter.unusedSimpArgs false`
warning: FormalSystem/Metalogic/Decidability/Verified/Termination/SubformulaProperty.lean:1262:4: This simp argument is unused:
  List.flatten_cons

Hint: Omit it from the simp argument list.
  [apply] simp only [Branch.allFuturePosFormulas, List.flatten_nil, List.append_nil, List.mem_cons, List.mem_append,
    List.not_mem_nil, or_false] at hg

Note: This linter can be disabled with `set_option linter.unusedSimpArgs false`
warning: FormalSystem/Metalogic/Decidability/Verified/Termination/SubformulaProperty.lean:1262:23: This simp argument is unused:
  List.flatten_nil

Hint: Omit it from the simp argument list.
  [apply] simp only [Branch.allFuturePosFormulas, List.flatten_cons, List.append_nil, List.mem_cons, List.mem_append,
    List.not_mem_nil, or_false] at hg

Note: This linter can be disabled with `set_option linter.unusedSimpArgs false`
warning: FormalSystem/Metalogic/Decidability/Verified/Termination/SubformulaProperty.lean:1262:41: This simp argument is unused:
  List.append_nil

Hint: Omit it from the simp argument list.
  [apply] simp only [Branch.allFuturePosFormulas, List.flatten_cons, List.flatten_nil, List.mem_cons, List.mem_append,
    List.not_mem_nil, or_false] at hg

Note: This linter can be disabled with `set_option linter.unusedSimpArgs false`
warning: FormalSystem/Metalogic/Decidability/Verified/Termination/SubformulaProperty.lean:1262:73: This simp argument is unused:
  List.mem_append

Hint: Omit it from the simp argument list.
  [apply] simp only [Branch.allFuturePosFormulas, List.flatten_cons, List.flatten_nil, List.append_nil, List.mem_cons,
    List.not_mem_nil, or_false] at hg

Note: This linter can be disabled with `set_option linter.unusedSimpArgs false`
warning: FormalSystem/Metalogic/Decidability/Verified/Termination/SubformulaProperty.lean:1263:4: This simp argument is unused:
  List.not_mem_nil

Hint: Omit it from the simp argument list.
  [apply] simp only [Branch.allFuturePosFormulas, List.flatten_cons, List.flatten_nil, List.append_nil, List.mem_cons,
    List.mem_append, or_false] at hg

Note: This linter can be disabled with `set_option linter.unusedSimpArgs false`
warning: FormalSystem/Metalogic/Decidability/Verified/Termination/SubformulaProperty.lean:1263:22: This simp argument is unused:
  or_false

Hint: Omit it from the simp argument list.
  [apply] simp only [Branch.allFuturePosFormulas, List.flatten_cons, List.flatten_nil, List.append_nil, List.mem_cons,
    List.mem_append, List.not_mem_nil] at hg

Note: This linter can be disabled with `set_option linter.unusedSimpArgs false`
warning: FormalSystem/Metalogic/Decidability/Verified/Termination/SubformulaProperty.lean:1276:51: This simp argument is unused:
  SignedFormula.neg

Hint: Omit it from the simp argument list.
  [apply] simp_all [SignedFormula.pos, Formula.subformulas, Formula.self_mem_subformulas]

Note: This linter can be disabled with `set_option linter.unusedSimpArgs false`
warning: FormalSystem/Metalogic/Decidability/Verified/Termination/SubformulaProperty.lean:1267:7: 'simp_all only []' tactic does nothing

Note: This linter can be disabled with `set_option linter.unusedTactic false`
warning: FormalSystem/Metalogic/Decidability/Verified/Termination/SubformulaProperty.lean:1267:25: 'done' tactic does nothing

Note: This linter can be disabled with `set_option linter.unusedTactic false`
warning: FormalSystem/Metalogic/Decidability/Verified/Termination/SubformulaProperty.lean:1267:25: this tactic is never executed

Note: This linter can be disabled with `set_option linter.unreachableTactic false`
⚠ [1406/1535] Replayed FormalSystem.Metalogic.Decidability.Verified.Bridge.Interpolate
warning: FormalSystem/Metalogic/Decidability/Verified/Bridge/Interpolate.lean:216:4: `push_neg` has been deprecated. Prefer using `push Not` instead.
If you'd rather continue using `push_neg` in your project, you can implement it as follows:
```
open Lean.Parser.Tactic in
macro "push_neg" cfg:optConfig loc:(location)? : tactic =>
  `(tactic| push $cfg:optConfig Not $[$loc]?)
```
warning: FormalSystem/Metalogic/Decidability/Verified/Bridge/Interpolate.lean:219:4: `push_neg` has been deprecated. Prefer using `push Not` instead.
If you'd rather continue using `push_neg` in your project, you can implement it as follows:
```
open Lean.Parser.Tactic in
macro "push_neg" cfg:optConfig loc:(location)? : tactic =>
  `(tactic| push $cfg:optConfig Not $[$loc]?)
```
warning: FormalSystem/Metalogic/Decidability/Verified/Bridge/Interpolate.lean:307:4: `push_neg` has been deprecated. Prefer using `push Not` instead.
If you'd rather continue using `push_neg` in your project, you can implement it as follows:
```
open Lean.Parser.Tactic in
macro "push_neg" cfg:optConfig loc:(location)? : tactic =>
  `(tactic| push $cfg:optConfig Not $[$loc]?)
```
warning: FormalSystem/Metalogic/Decidability/Verified/Bridge/Interpolate.lean:336:4: `push_neg` has been deprecated. Prefer using `push Not` instead.
If you'd rather continue using `push_neg` in your project, you can implement it as follows:
```
open Lean.Parser.Tactic in
macro "push_neg" cfg:optConfig loc:(location)? : tactic =>
  `(tactic| push $cfg:optConfig Not $[$loc]?)
```
warning: FormalSystem/Metalogic/Decidability/Verified/Bridge/Interpolate.lean:361:4: `push_neg` has been deprecated. Prefer using `push Not` instead.
If you'd rather continue using `push_neg` in your project, you can implement it as follows:
```
open Lean.Parser.Tactic in
macro "push_neg" cfg:optConfig loc:(location)? : tactic =>
  `(tactic| push $cfg:optConfig Not $[$loc]?)
```
warning: FormalSystem/Metalogic/Decidability/Verified/Bridge/Interpolate.lean:367:8: `push_neg` has been deprecated. Prefer using `push Not` instead.
If you'd rather continue using `push_neg` in your project, you can implement it as follows:
```
open Lean.Parser.Tactic in
macro "push_neg" cfg:optConfig loc:(location)? : tactic =>
  `(tactic| push $cfg:optConfig Not $[$loc]?)
```
warning: FormalSystem/Metalogic/Decidability/Verified/Bridge/Interpolate.lean:369:6: `push_neg` has been deprecated. Prefer using `push Not` instead.
If you'd rather continue using `push_neg` in your project, you can implement it as follows:
```
open Lean.Parser.Tactic in
macro "push_neg" cfg:optConfig loc:(location)? : tactic =>
  `(tactic| push $cfg:optConfig Not $[$loc]?)
```
warning: FormalSystem/Metalogic/Decidability/Verified/Bridge/Interpolate.lean:533:4: `push_neg` has been deprecated. Prefer using `push Not` instead.
If you'd rather continue using `push_neg` in your project, you can implement it as follows:
```
open Lean.Parser.Tactic in
macro "push_neg" cfg:optConfig loc:(location)? : tactic =>
  `(tactic| push $cfg:optConfig Not $[$loc]?)
```
warning: FormalSystem/Metalogic/Decidability/Verified/Bridge/Interpolate.lean:563:4: `push_neg` has been deprecated. Prefer using `push Not` instead.
If you'd rather continue using `push_neg` in your project, you can implement it as follows:
```
open Lean.Parser.Tactic in
macro "push_neg" cfg:optConfig loc:(location)? : tactic =>
  `(tactic| push $cfg:optConfig Not $[$loc]?)
```
warning: FormalSystem/Metalogic/Decidability/Verified/Bridge/Interpolate.lean:601:4: `push_neg` has been deprecated. Prefer using `push Not` instead.
If you'd rather continue using `push_neg` in your project, you can implement it as follows:
```
open Lean.Parser.Tactic in
macro "push_neg" cfg:optConfig loc:(location)? : tactic =>
  `(tactic| push $cfg:optConfig Not $[$loc]?)
```
warning: FormalSystem/Metalogic/Decidability/Verified/Bridge/Interpolate.lean:613:4: `push_neg` has been deprecated. Prefer using `push Not` instead.
If you'd rather continue using `push_neg` in your project, you can implement it as follows:
```
open Lean.Parser.Tactic in
macro "push_neg" cfg:optConfig loc:(location)? : tactic =>
  `(tactic| push $cfg:optConfig Not $[$loc]?)
```
⚠ [1408/1535] Replayed FormalSystem.Metalogic.Decidability.Verified.Bridge.TruthLemma
warning: FormalSystem/Metalogic/Decidability/Verified/Bridge/TruthLemma.lean:156:4: `push_neg` has been deprecated. Prefer using `push Not` instead.
If you'd rather continue using `push_neg` in your project, you can implement it as follows:
```
open Lean.Parser.Tactic in
macro "push_neg" cfg:optConfig loc:(location)? : tactic =>
  `(tactic| push $cfg:optConfig Not $[$loc]?)
```
warning: FormalSystem/Metalogic/Decidability/Verified/Bridge/TruthLemma.lean:186:4: `push_neg` has been deprecated. Prefer using `push Not` instead.
If you'd rather continue using `push_neg` in your project, you can implement it as follows:
```
open Lean.Parser.Tactic in
macro "push_neg" cfg:optConfig loc:(location)? : tactic =>
  `(tactic| push $cfg:optConfig Not $[$loc]?)
```
warning: FormalSystem/Metalogic/Decidability/Verified/Bridge/TruthLemma.lean:217:4: `push_neg` has been deprecated. Prefer using `push Not` instead.
If you'd rather continue using `push_neg` in your project, you can implement it as follows:
```
open Lean.Parser.Tactic in
macro "push_neg" cfg:optConfig loc:(location)? : tactic =>
  `(tactic| push $cfg:optConfig Not $[$loc]?)
```
warning: FormalSystem/Metalogic/Decidability/Verified/Bridge/TruthLemma.lean:229:4: `push_neg` has been deprecated. Prefer using `push Not` instead.
If you'd rather continue using `push_neg` in your project, you can implement it as follows:
```
open Lean.Parser.Tactic in
macro "push_neg" cfg:optConfig loc:(location)? : tactic =>
  `(tactic| push $cfg:optConfig Not $[$loc]?)
```
ℹ [1414/1535] Replayed FormalSystem.Automation.Normalization
info: FormalSystem/Automation/Normalization.lean:239:0: neg_unfold : ∀ (φ : Formula), φ.neg = φ.imp bot
info: FormalSystem/Automation/Normalization.lean:240:0: top_unfold : top = bot.imp bot
info: FormalSystem/Automation/Normalization.lean:241:0: next_unfold : ∀ (φ : Formula), φ.next = φ.untl bot
info: FormalSystem/Automation/Normalization.lean:242:0: prev_unfold : ∀ (φ : Formula), φ.prev = φ.snce bot
info: FormalSystem/Automation/Normalization.lean:243:0: and_unfold : ∀ (φ ψ : Formula), φ.and ψ = (φ.imp (ψ.imp bot)).imp bot
info: FormalSystem/Automation/Normalization.lean:244:0: or_unfold : ∀ (φ ψ : Formula), φ.or ψ = (φ.imp bot).imp ψ
info: FormalSystem/Automation/Normalization.lean:245:0: diamond_unfold : ∀ (φ : Formula), φ.diamond = (φ.imp bot).box.imp bot
info: FormalSystem/Automation/Normalization.lean:246:0: some_future_unfold : ∀ (φ : Formula), φ.someFuture = φ.untl (bot.imp bot)
info: FormalSystem/Automation/Normalization.lean:247:0: some_past_unfold : ∀ (φ : Formula), φ.somePast = φ.snce (bot.imp bot)
info: FormalSystem/Automation/Normalization.lean:248:0: all_future_unfold : ∀ (φ : Formula), φ.allFuture = ((φ.imp bot).untl (bot.imp bot)).imp bot
info: FormalSystem/Automation/Normalization.lean:249:0: all_past_unfold : ∀ (φ : Formula), φ.allPast = ((φ.imp bot).snce (bot.imp bot)).imp bot
info: FormalSystem/Automation/Normalization.lean:250:0: weak_future_unfold : ∀ (φ : Formula),
  φ.weakFuture = (φ.imp ((((φ.imp bot).untl (bot.imp bot)).imp bot).imp bot)).imp bot
info: FormalSystem/Automation/Normalization.lean:251:0: weak_past_unfold : ∀ (φ : Formula), φ.weakPast = (φ.imp ((((φ.imp bot).snce (bot.imp bot)).imp bot).imp bot)).imp bot
info: FormalSystem/Automation/Normalization.lean:252:0: always_unfold : ∀ (φ : Formula), △φ = φ.allPast.and (φ.and φ.allFuture)
info: FormalSystem/Automation/Normalization.lean:253:0: sometimes_unfold : ∀ (φ : Formula), ▽φ = (△φ.neg).neg
info: FormalSystem/Automation/Normalization.lean:254:0: strong_release_unfold : ∀ (φ ψ : Formula), φ.strongRelease ψ = (ψ.and φ).untl ψ
info: FormalSystem/Automation/Normalization.lean:255:0: strong_trigger_unfold : ∀ (φ ψ : Formula), φ.strongTrigger ψ = (ψ.and φ).snce ψ
info: FormalSystem/Automation/Normalization.lean:613:0: FormalSystem.Automation.Normalization.EnrichedFormula.neg
  (FormalSystem.Automation.Normalization.EnrichedFormula.atom { base := "p", freshIndex := none })
info: FormalSystem/Automation/Normalization.lean:620:0: FormalSystem.Automation.Normalization.EnrichedFormula.top
info: FormalSystem/Automation/Normalization.lean:627:0: FormalSystem.Automation.Normalization.EnrichedFormula.diamond
  (FormalSystem.Automation.Normalization.EnrichedFormula.atom { base := "p", freshIndex := none })
info: FormalSystem/Automation/Normalization.lean:634:0: FormalSystem.Automation.Normalization.EnrichedFormula.and_
  (FormalSystem.Automation.Normalization.EnrichedFormula.atom { base := "p", freshIndex := none })
  (FormalSystem.Automation.Normalization.EnrichedFormula.atom { base := "q", freshIndex := none })
info: FormalSystem/Automation/Normalization.lean:641:0: FormalSystem.Automation.Normalization.EnrichedFormula.imp
  (FormalSystem.Automation.Normalization.EnrichedFormula.neg
    (FormalSystem.Automation.Normalization.EnrichedFormula.atom { base := "p", freshIndex := none }))
  (FormalSystem.Automation.Normalization.EnrichedFormula.atom { base := "q", freshIndex := none })
info: FormalSystem/Automation/Normalization.lean:648:0: FormalSystem.Automation.Normalization.EnrichedFormula.some_future
  (FormalSystem.Automation.Normalization.EnrichedFormula.atom { base := "p", freshIndex := none })
info: FormalSystem/Automation/Normalization.lean:655:0: FormalSystem.Automation.Normalization.EnrichedFormula.some_past
  (FormalSystem.Automation.Normalization.EnrichedFormula.atom { base := "p", freshIndex := none })
info: FormalSystem/Automation/Normalization.lean:661:0: FormalSystem.Automation.Normalization.EnrichedFormula.all_future
  (FormalSystem.Automation.Normalization.EnrichedFormula.atom { base := "p", freshIndex := none })
info: FormalSystem/Automation/Normalization.lean:667:0: FormalSystem.Automation.Normalization.EnrichedFormula.all_past
  (FormalSystem.Automation.Normalization.EnrichedFormula.atom { base := "p", freshIndex := none })
info: FormalSystem/Automation/Normalization.lean:673:0: FormalSystem.Automation.Normalization.EnrichedFormula.next
  (FormalSystem.Automation.Normalization.EnrichedFormula.atom { base := "p", freshIndex := none })
info: FormalSystem/Automation/Normalization.lean:679:0: FormalSystem.Automation.Normalization.EnrichedFormula.prev
  (FormalSystem.Automation.Normalization.EnrichedFormula.atom { base := "p", freshIndex := none })
info: FormalSystem/Automation/Normalization.lean:686:0: [(true, (FormalSystem.Syntax.Formula.imp
  (FormalSystem.Syntax.Formula.atom { base := "p", freshIndex := none })
  (FormalSystem.Syntax.Formula.bot), FormalSystem.Automation.Normalization.EnrichedFormula.neg
  (FormalSystem.Automation.Normalization.EnrichedFormula.atom { base := "p", freshIndex := none }))), (true, (FormalSystem.Syntax.Formula.imp (FormalSystem.Syntax.Formula.bot) (FormalSystem.Syntax.Formula.bot), FormalSystem.Automation.Normalization.EnrichedFormula.top)), (true, (FormalSystem.Syntax.Formula.imp
  (FormalSystem.Syntax.Formula.imp
    (FormalSystem.Syntax.Formula.atom { base := "p", freshIndex := none })
    (FormalSystem.Syntax.Formula.imp
      (FormalSystem.Syntax.Formula.atom { base := "q", freshIndex := none })
      (FormalSystem.Syntax.Formula.bot)))
  (FormalSystem.Syntax.Formula.bot), FormalSystem.Automation.Normalization.EnrichedFormula.and_
  (FormalSystem.Automation.Normalization.EnrichedFormula.atom { base := "p", freshIndex := none })
  (FormalSystem.Automation.Normalization.EnrichedFormula.atom { base := "q", freshIndex := none }))), (true, (FormalSystem.Syntax.Formula.imp
  (FormalSystem.Syntax.Formula.imp
    (FormalSystem.Syntax.Formula.atom { base := "p", freshIndex := none })
    (FormalSystem.Syntax.Formula.bot))
  (FormalSystem.Syntax.Formula.atom { base := "q", freshIndex := none }), FormalSystem.Automation.Normalization.EnrichedFormula.imp
  (FormalSystem.Automation.Normalization.EnrichedFormula.neg
    (FormalSystem.Automation.Normalization.EnrichedFormula.atom { base := "p", freshIndex := none }))
  (FormalSystem.Automation.Normalization.EnrichedFormula.atom { base := "q", freshIndex := none }))), (true, (FormalSystem.Syntax.Formula.imp
  (FormalSystem.Syntax.Formula.box
    (FormalSystem.Syntax.Formula.imp
      (FormalSystem.Syntax.Formula.atom { base := "p", freshIndex := none })
      (FormalSystem.Syntax.Formula.bot)))
  (FormalSystem.Syntax.Formula.bot), FormalSystem.Automation.Normalization.EnrichedFormula.diamond
  (FormalSystem.Automation.Normalization.EnrichedFormula.atom { base := "p", freshIndex := none }))), (true, (FormalSystem.Syntax.Formula.untl
  (FormalSystem.Syntax.Formula.atom { base := "p", freshIndex := none })
  (FormalSystem.Syntax.Formula.imp (FormalSystem.Syntax.Formula.bot) (FormalSystem.Syntax.Formula.bot)), FormalSystem.Automation.Normalization.EnrichedFormula.some_future
  (FormalSystem.Automation.Normalization.EnrichedFormula.atom { base := "p", freshIndex := none }))), (true, (FormalSystem.Syntax.Formula.snce
  (FormalSystem.Syntax.Formula.atom { base := "p", freshIndex := none })
  (FormalSystem.Syntax.Formula.imp (FormalSystem.Syntax.Formula.bot) (FormalSystem.Syntax.Formula.bot)), FormalSystem.Automation.Normalization.EnrichedFormula.some_past
  (FormalSystem.Automation.Normalization.EnrichedFormula.atom { base := "p", freshIndex := none }))), (true, (FormalSystem.Syntax.Formula.imp
  (FormalSystem.Syntax.Formula.untl
    (FormalSystem.Syntax.Formula.imp
      (FormalSystem.Syntax.Formula.atom { base := "p", freshIndex := none })
      (FormalSystem.Syntax.Formula.bot))
    (FormalSystem.Syntax.Formula.imp (FormalSystem.Syntax.Formula.bot) (FormalSystem.Syntax.Formula.bot)))
  (FormalSystem.Syntax.Formula.bot), FormalSystem.Automation.Normalization.EnrichedFormula.all_future
  (FormalSystem.Automation.Normalization.EnrichedFormula.atom { base := "p", freshIndex := none }))), (true, (FormalSystem.Syntax.Formula.imp
  (FormalSystem.Syntax.Formula.snce
    (FormalSystem.Syntax.Formula.imp
      (FormalSystem.Syntax.Formula.atom { base := "p", freshIndex := none })
      (FormalSystem.Syntax.Formula.bot))
    (FormalSystem.Syntax.Formula.imp (FormalSystem.Syntax.Formula.bot) (FormalSystem.Syntax.Formula.bot)))
  (FormalSystem.Syntax.Formula.bot), FormalSystem.Automation.Normalization.EnrichedFormula.all_past
  (FormalSystem.Automation.Normalization.EnrichedFormula.atom { base := "p", freshIndex := none }))), (true, (FormalSystem.Syntax.Formula.untl
  (FormalSystem.Syntax.Formula.atom { base := "p", freshIndex := none })
  (FormalSystem.Syntax.Formula.bot), FormalSystem.Automation.Normalization.EnrichedFormula.next
  (FormalSystem.Automation.Normalization.EnrichedFormula.atom { base := "p", freshIndex := none }))), (true, (FormalSystem.Syntax.Formula.snce
  (FormalSystem.Syntax.Formula.atom { base := "p", freshIndex := none })
  (FormalSystem.Syntax.Formula.bot), FormalSystem.Automation.Normalization.EnrichedFormula.prev
  (FormalSystem.Automation.Normalization.EnrichedFormula.atom { base := "p", freshIndex := none })))]
info: FormalSystem/Automation/Normalization.lean:707:0: FormalSystem.Automation.Normalization.EnrichedFormula.weak_future
  (FormalSystem.Automation.Normalization.EnrichedFormula.atom { base := "p", freshIndex := none })
info: FormalSystem/Automation/Normalization.lean:713:0: FormalSystem.Automation.Normalization.EnrichedFormula.weak_past
  (FormalSystem.Automation.Normalization.EnrichedFormula.atom { base := "p", freshIndex := none })
info: FormalSystem/Automation/Normalization.lean:719:0: FormalSystem.Automation.Normalization.EnrichedFormula.always
  (FormalSystem.Automation.Normalization.EnrichedFormula.atom { base := "p", freshIndex := none })
info: FormalSystem/Automation/Normalization.lean:725:0: FormalSystem.Automation.Normalization.EnrichedFormula.sometimes
  (FormalSystem.Automation.Normalization.EnrichedFormula.atom { base := "p", freshIndex := none })
info: FormalSystem/Automation/Normalization.lean:731:0: [(true, FormalSystem.Automation.Normalization.EnrichedFormula.always
  (FormalSystem.Automation.Normalization.EnrichedFormula.atom { base := "p", freshIndex := none })), (true, FormalSystem.Automation.Normalization.EnrichedFormula.sometimes
  (FormalSystem.Automation.Normalization.EnrichedFormula.atom { base := "p", freshIndex := none })), (true, FormalSystem.Automation.Normalization.EnrichedFormula.weak_future
  (FormalSystem.Automation.Normalization.EnrichedFormula.atom { base := "p", freshIndex := none })), (true, FormalSystem.Automation.Normalization.EnrichedFormula.weak_past
  (FormalSystem.Automation.Normalization.EnrichedFormula.atom { base := "p", freshIndex := none }))]
info: FormalSystem/Automation/Normalization.lean:910:0: "Round-trip test: ALL PASS (21 formulas tested)"
info: FormalSystem/Automation/Normalization.lean:1128:0: "{\"tag\": \"neg\", \"child\": {\"tag\": \"atom\", \"name\": \"p\"}}"
info: FormalSystem/Automation/Normalization.lean:1134:0: "{\"tag\": \"diamond\", \"child\": {\"tag\": \"atom\", \"name\": \"p\"}}"
info: FormalSystem/Automation/Normalization.lean:1140:0: "{\"tag\": \"diamond\", \"child\": {\"tag\": \"atom\", \"name\": \"p\"}}"
info: FormalSystem/Automation/Normalization.lean:1146:0: "△p"
info: FormalSystem/Automation/Normalization.lean:1152:0: "(and (atom \"p\") (atom \"q\"))"
info: FormalSystem/Automation/Normalization.lean:1158:0: "{\"tag\": \"always\", \"child\": {\"tag\": \"atom\", \"name\": \"p\"}}"
info: FormalSystem/Automation/Normalization.lean:1164:0: "(<>p → Gq)"
⚠ [1423/1535] Replayed FormalSystem.Metalogic.Core.RestrictedMCS.Basic
warning: FormalSystem/Metalogic/Core/RestrictedMCS/Basic.lean:414:4: Try this: intro L hL ⟨d⟩
⚠ [1430/1535] Replayed FormalSystem.Metalogic.Decidability.FMP.FMP
warning: FormalSystem/Metalogic/Decidability/FMP/FMP.lean:78:4: Try this: intro L hL ⟨d_bot⟩
⚠ [1432/1535] Replayed FormalSystem.Metalogic.SoundnessLemmas.DenseValidity
warning: FormalSystem/Metalogic/SoundnessLemmas/DenseValidity.lean:570:6: Try this: intro _ _
warning: FormalSystem/Metalogic/SoundnessLemmas/DenseValidity.lean:577:6: Try this: intro _ h_neg_second
warning: FormalSystem/Metalogic/SoundnessLemmas/DenseValidity.lean:594:6: Try this: intro _ h_neg_second
warning: FormalSystem/Metalogic/SoundnessLemmas/DenseValidity.lean:601:6: Try this: intro _ _
warning: FormalSystem/Metalogic/SoundnessLemmas/DenseValidity.lean:889:4: Try this: intro _ h_neg_second
warning: FormalSystem/Metalogic/SoundnessLemmas/DenseValidity.lean:896:4: Try this: intro _ _
warning: FormalSystem/Metalogic/SoundnessLemmas/DenseValidity.lean:921:4: Try this: intro _ _
warning: FormalSystem/Metalogic/SoundnessLemmas/DenseValidity.lean:928:4: Try this: intro _ h_neg_second
⚠ [1435/1535] Replayed FormalSystem.Metalogic.Soundness
warning: FormalSystem/Metalogic/Soundness.lean:301:4: Try this: intro _ h_neg_second
warning: FormalSystem/Metalogic/Soundness.lean:311:4: Try this: intro _ _
warning: FormalSystem/Metalogic/Soundness.lean:338:4: Try this: intro _ _
warning: FormalSystem/Metalogic/Soundness.lean:346:4: Try this: intro _ h_neg_second
⚠ [1442/1535] Replayed FormalSystem.Metalogic.Decidability.Verified.Bridge.IntTruth
warning: FormalSystem/Metalogic/Decidability/Verified/Bridge/IntTruth.lean:852:5: Variable name `hSat` is not explicitly referenced.

Hint: The binding can be removed (if unused) or named `_` (if used implicitly). Alternatively, prefix the name with `_` to silence this warning:
  [apply] _hSat

Note: This linter can be disabled with `set_option linter.unusedVariables false`
warning: FormalSystem/Metalogic/Decidability/Verified/Bridge/IntTruth.lean:852:55: Variable name `hOpen` is not explicitly referenced.

Hint: The binding can be removed (if unused) or named `_` (if used implicitly). Alternatively, prefix the name with `_` to silence this warning:
  [apply] _hOpen

Note: This linter can be disabled with `set_option linter.unusedVariables false`
warning: FormalSystem/Metalogic/Decidability/Verified/Bridge/IntTruth.lean:853:5: Variable name `hTot` is not explicitly referenced.

Hint: The binding can be removed (if unused) or named `_` (if used implicitly). Alternatively, prefix the name with `_` to silence this warning:
  [apply] _hTot

Note: This linter can be disabled with `set_option linter.unusedVariables false`
warning: FormalSystem/Metalogic/Decidability/Verified/Bridge/IntTruth.lean:853:42: Variable name `hBA` is not explicitly referenced.

Hint: The binding can be removed (if unused) or named `_` (if used implicitly). Alternatively, prefix the name with `_` to silence this warning:
  [apply] _hBA

Note: This linter can be disabled with `set_option linter.unusedVariables false`
warning: FormalSystem/Metalogic/Decidability/Verified/Bridge/IntTruth.lean:865:5: Variable name `hSat` is not explicitly referenced.

Hint: The binding can be removed (if unused) or named `_` (if used implicitly). Alternatively, prefix the name with `_` to silence this warning:
  [apply] _hSat

Note: This linter can be disabled with `set_option linter.unusedVariables false`
warning: FormalSystem/Metalogic/Decidability/Verified/Bridge/IntTruth.lean:865:55: Variable name `hOpen` is not explicitly referenced.

Hint: The binding can be removed (if unused) or named `_` (if used implicitly). Alternatively, prefix the name with `_` to silence this warning:
  [apply] _hOpen

Note: This linter can be disabled with `set_option linter.unusedVariables false`
warning: FormalSystem/Metalogic/Decidability/Verified/Bridge/IntTruth.lean:866:5: Variable name `hTot` is not explicitly referenced.

Hint: The binding can be removed (if unused) or named `_` (if used implicitly). Alternatively, prefix the name with `_` to silence this warning:
  [apply] _hTot

Note: This linter can be disabled with `set_option linter.unusedVariables false`
warning: FormalSystem/Metalogic/Decidability/Verified/Bridge/IntTruth.lean:866:42: Variable name `hBA` is not explicitly referenced.

Hint: The binding can be removed (if unused) or named `_` (if used implicitly). Alternatively, prefix the name with `_` to silence this warning:
  [apply] _hBA

Note: This linter can be disabled with `set_option linter.unusedVariables false`
⚠ [1444/1535] Replayed FormalSystem.Metalogic.Decidability.Verified.Decidable
warning: FormalSystem/Metalogic/Decidability/Verified/Decidable.lean:692:0: automatically included section variable(s) unused in theorem `FormalSystem.Metalogic.Decidability.Verified.lt_of_pathN_directFutureOf`:
  [AddCommGroup D]
  [IsOrderedAddMonoid D]
consider restructuring your `variable` declarations so that the variables are not in scope or explicitly omit them:
  omit [AddCommGroup D] [IsOrderedAddMonoid D] in theorem ...

Note: This linter can be disabled with `set_option linter.unusedSectionVars false`
warning: FormalSystem/Metalogic/Decidability/Verified/Decidable.lean:711:0: automatically included section variable(s) unused in theorem `FormalSystem.Metalogic.Decidability.Verified.lt_of_pathN_directPastOf`:
  [AddCommGroup D]
  [IsOrderedAddMonoid D]
consider restructuring your `variable` declarations so that the variables are not in scope or explicitly omit them:
  omit [AddCommGroup D] [IsOrderedAddMonoid D] in theorem ...

Note: This linter can be disabled with `set_option linter.unusedSectionVars false`
⚠ [1446/1535] Replayed BimodalTest.Automation.ProofSearchTest
info: Tests/BimodalTest/Automation/ProofSearchTest.lean:58:0: === Negative Search Tests ===
✓ p → q (random implication): correctly rejected (matched=false, found=false)
✓ □p (just a box): correctly rejected (matched=false, found=false)
✓ Gp (just a future): correctly rejected (matched=false, found=false)
✓ p (just an atom): correctly rejected (matched=false, found=false)
✓ □p → q (not modal_t): correctly rejected (matched=false, found=false)
✓ Gp → q (not temp_4): correctly rejected (matched=false, found=false)
✓ p → □q (not modal_b): correctly rejected (matched=false, found=false)
✓ (p→q) → (q→r) (not prop_k): correctly rejected (matched=false, found=false)

Negative tests: 8 passed, 0 failed
info: Tests/BimodalTest/Automation/ProofSearchTest.lean:87:0: === Visit Limit Enforcement Tests ===
✓ Limit 1: visits=1, within limit
✓ Limit 3: visits=3, within limit
✓ Limit 5: visits=5, within limit
✓ Limit 10: visits=10, within limit
✓ Limit 20: visits=19, within limit
✓ All visit limit tests passed
warning: Tests/BimodalTest/Automation/ProofSearchTest.lean:97:9: Variable name `found` is not explicitly referenced.

Hint: The binding can be removed (if unused) or named `_` (if used implicitly). Alternatively, prefix the name with `_` to silence this warning:
  [apply] _found

Note: This linter can be disabled with `set_option linter.unusedVariables false`
warning: Tests/BimodalTest/Automation/ProofSearchTest.lean:97:22: Variable name `stats` is not explicitly referenced.

Hint: The binding can be removed (if unused) or named `_` (if used implicitly). Alternatively, prefix the name with `_` to silence this warning:
  [apply] _stats

Note: This linter can be disabled with `set_option linter.unusedVariables false`
info: Tests/BimodalTest/Automation/ProofSearchTest.lean:111:0: === Depth Limit Enforcement Tests ===
Modal T (should be found at depth >= 1):
✓ Depth 0: not found (expected - axiom at depth 1)
✓ Depth 1: found=true
✓ Depth 5: found=true
info: Tests/BimodalTest/Automation/ProofSearchTest.lean:137:0: === Context-Sensitive Negative Tests ===
[p, q] ⊢ r: found=false (expected: false)
[p→q] ⊢ q: found=false (expected: false without p in context)
✓ Context-sensitive tests passed
info: Tests/BimodalTest/Automation/ProofSearchTest.lean:155:0: === Search Stats Verification ===
Modal T search: found=true, visits=1
  Stats: visited=1, hits=0, misses=1
✓ Axiom found with minimal visits

Non-axiom search: found=false, visits=4
  Stats: visited=4
✓ Non-axiom correctly not found
info: Tests/BimodalTest/Automation/ProofSearchTest.lean:236:0: inferInstance : Repr SearchStrategy
info: Tests/BimodalTest/Automation/ProofSearchTest.lean:240:0: ✓ IDDFS found Modal T axiom
  Stats: visited=1, hits=0, misses=1
info: Tests/BimodalTest/Automation/ProofSearchTest.lean:251:0: ✓ IDDFS found Propositional K axiom
  Stats: visited=1, hits=0, misses=1
info: Tests/BimodalTest/Automation/ProofSearchTest.lean:262:0: ✓ All search strategies found Modal T axiom
info: Tests/BimodalTest/Automation/ProofSearchTest.lean:277:0: ✓ IDDFS respected visit limit (visits=5, limit=5)
info: Tests/BimodalTest/Automation/ProofSearchTest.lean:288:0: ✓ IDDFS correctly reports no proof for non-axiom formula (maxDepth=3)
info: Tests/BimodalTest/Automation/ProofSearchTest.lean:298:0: ✓ IDDFS found proof from context (p ⊢ p)
  Stats: visited=1
info: Tests/BimodalTest/Automation/ProofSearchTest.lean:311:0: ⚠ IDDFS: modus ponens not yet implemented (expected failure)
info: Tests/BimodalTest/Automation/ProofSearchTest.lean:322:0: IDDFS: found=true, visited=1
BoundedDFS: found=true, visited=1
✓ Both strategies found the proof
info: Tests/BimodalTest/Automation/ProofSearchTest.lean:340:0: === Benchmark: Modal Axioms (depth ~1) ===
Modal T: IDDFS visits=1, DFS visits=1
Modal 4: IDDFS visits=1, DFS visits=1
Modal B: IDDFS visits=1, DFS visits=1
Modal 5: IDDFS visits=1, DFS visits=1
info: Tests/BimodalTest/Automation/ProofSearchTest.lean:354:0: === Benchmark: Propositional Axioms (depth ~1) ===
Prop K: found=true, visits=1
Prop S: found=true, visits=1
Ex Falso: found=true, visits=1
info: Tests/BimodalTest/Automation/ProofSearchTest.lean:367:0: === Benchmark: Visit Limit Behavior ===
Limit=10: visits=10, visited=10
Limit=50: visits=49, visited=49
Limit=100: visits=49, visited=49
Limit=500: visits=49, visited=49
info: Tests/BimodalTest/Automation/ProofSearchTest.lean:375:0: === IDDFS vs BoundedDFS Summary ===
Modal T axiom: IDDFS=1, DFS=1
Modal 4 axiom: IDDFS=1, DFS=1
Proof from context: IDDFS=1, DFS=1
Prop K axiom: IDDFS=1, DFS=1
Total: IDDFS=4, DFS=4
IDDFS overhead: ~0%
info: Tests/BimodalTest/Automation/ProofSearchTest.lean:419:0: === Structure Heuristic Tests ===
Atom: structureHeuristic = 1
□p: structureHeuristic = 4
□□p: structureHeuristic = 7
(p→q)→□Gr: structureHeuristic = 16
info: Tests/BimodalTest/Automation/ProofSearchTest.lean:431:0: === Advanced Heuristic Score Tests ===
Modal T (□p→p): advanced = 1
Temporal 4: advanced = 105
Simple atom p: advanced = 100
info: Tests/BimodalTest/Automation/ProofSearchTest.lean:441:0: === Advanced Ordering Test ===
Original order: atom, modal_T, □q, p→(q→r)
Sorted order (lower score = earlier):
  0: score=1
  1: score=1
  2: score=100
  3: score=101
info: Tests/BimodalTest/Automation/ProofSearchTest.lean:456:0: === Modal/Temporal Priority Test ===
✓ Modal goal prioritized: □p=1 < x=100
info: Tests/BimodalTest/Automation/ProofSearchTest.lean:480:0: === prop_k Completeness ===
✓ prop_k (p,q,r): matched=true, found=true
✓ prop_k (q,r,s): matched=true, found=true
✓ prop_k (□p,q,r): matched=true, found=true
info: Tests/BimodalTest/Automation/ProofSearchTest.lean:497:0: === prop_s Completeness ===
✓ prop_s (p,q): matched=true, found=true
✓ prop_s (q,r): matched=true, found=true
✓ prop_s (□p,q): matched=true, found=true
info: Tests/BimodalTest/Automation/ProofSearchTest.lean:513:0: === prop_exfalso Completeness ===
✓ prop_exfalso (p): matched=true, found=true
✓ prop_exfalso (□q): matched=true, found=true
✓ prop_exfalso (p→q): matched=true, found=true
info: Tests/BimodalTest/Automation/ProofSearchTest.lean:529:0: === prop_peirce Completeness ===
✓ prop_peirce (p,q): matched=true, found=true
✓ prop_peirce (q,r): matched=true, found=true
✓ prop_peirce (□p,q): matched=true, found=true
info: Tests/BimodalTest/Automation/ProofSearchTest.lean:547:0: === modal_t Completeness ===
✓ modal_t (p): matched=true, found=true
✓ modal_t (q): matched=true, found=true
✓ modal_t (p→q): matched=true, found=true
info: Tests/BimodalTest/Automation/ProofSearchTest.lean:563:0: === modal_4 Completeness ===
✓ modal_4 (p): matched=true, found=true
✓ modal_4 (q): matched=true, found=true
✓ modal_4 (p→q): matched=true, found=true
info: Tests/BimodalTest/Automation/ProofSearchTest.lean:579:0: === modal_b Completeness ===
✓ modal_b (p): matched=true, found=true
✓ modal_b (q): matched=true, found=true
✓ modal_b (p→q): matched=true, found=true
info: Tests/BimodalTest/Automation/ProofSearchTest.lean:595:0: === modal5 Completeness ===
✓ modal5 (p): matched=true, found=true
✓ modal5 (q): matched=true, found=true
✓ modal5 (p→q): matched=true, found=true
info: Tests/BimodalTest/Automation/ProofSearchTest.lean:611:0: === modal_k Completeness ===
✓ modal_k (p,q): matched=true, found=true
✓ modal_k (q,r): matched=true, found=true
✓ modal_k (□p,q): matched=true, found=true
info: Tests/BimodalTest/Automation/ProofSearchTest.lean:630:0: === temp_4 Completeness ===
✗ temp_4 (p): matched=false, found=false
✗ temp_4 (q): matched=false, found=false
✗ temp_4 (p→q): matched=false, found=false
info: Tests/BimodalTest/Automation/ProofSearchTest.lean:646:0: === temp_a Completeness ===
✓ temp_a (p): matched=true, found=true
✓ temp_a (q): matched=true, found=true
✓ temp_a (p→q): matched=true, found=true
info: Tests/BimodalTest/Automation/ProofSearchTest.lean:662:0: === temp_l Completeness ===
✗ temp_l (p): matched=false, found=false
✗ temp_l (q): matched=false, found=false
✗ temp_l (p→q): matched=false, found=false
info: Tests/BimodalTest/Automation/ProofSearchTest.lean:678:0: === temp_k Completeness ===
✗ temp_k (p,q): matched=false, found=false
✗ temp_k (q,r): matched=false, found=false
✗ temp_k (□p,q): matched=false, found=false
info: Tests/BimodalTest/Automation/ProofSearchTest.lean:697:0: === modal_future Completeness ===
✓ modal_future (p): matched=true, found=true
✓ modal_future (q): matched=true, found=true
✓ modal_future (p→q): matched=true, found=true
info: Tests/BimodalTest/Automation/ProofSearchTest.lean:713:0: === temp_future Completeness ===
✗ temp_future (p): matched=false, found=false
✗ temp_future (q): matched=false, found=false
✗ temp_future (p→q): matched=false, found=false
info: Tests/BimodalTest/Automation/ProofSearchTest.lean:730:0: === Axiom Completeness Summary (14 Axioms x 3 Variants = 42 Tests) ===
FAIL: temp_4
FAIL: temp_4
FAIL: temp_4
FAIL: temp_l
FAIL: temp_l
FAIL: temp_l
FAIL: temp_k
FAIL: temp_k
FAIL: temp_k
FAIL: temp_future
FAIL: temp_future
FAIL: temp_future

Passed: 33/42
Failed: 12/42
ℹ [1449/1535] Replayed BimodalTest.Automation.EdgeCaseTest
info: Tests/BimodalTest/Automation/EdgeCaseTest.lean:58:0: === Empty Context Tests ===
✓ Modal T: found with empty context
✗ Temporal 4: NOT found with empty context
✓ Prop S: found with empty context
✓ Ex Falso: found with empty context
✗ Temp Future: NOT found with empty context
Empty context tests: 3/5 passed
info: Tests/BimodalTest/Automation/EdgeCaseTest.lean:84:0: === Deep Modal Nesting Tests ===
✓ □p → p: matched=true, found=true
✓ □□p → □p: matched=true, found=true
✓ □□□p → □□p: matched=true, found=true
✓ □□□□p → □□□p: matched=true, found=true
Deep modal nesting: 4/4 passed
info: Tests/BimodalTest/Automation/EdgeCaseTest.lean:106:0: === Deep Temporal Nesting Tests ===
✗ Gp → GGp: matched=false, found=false
✗ GGp → GGGp: matched=false, found=false
✗ GGGp → GGGGp: matched=false, found=false
Deep temporal nesting: 0/3 passed
info: Tests/BimodalTest/Automation/EdgeCaseTest.lean:143:0: === Large Context Tests ===
Context size 5: found=true, visited=1
Context size 10: found=true, visited=1
Context size 15: found=true, visited=1
✓ All large context tests passed
info: Tests/BimodalTest/Automation/EdgeCaseTest.lean:182:0: === Complex Formula Tests ===
✗ □p → G□p (temporalFutureDerived): matched=false, found=false
✓ □p → □Gp (modal_future): matched=true, found=true
✓ □(p→q) → (□p → □q) (modal_k): matched=true, found=true
Complex formula tests: 2/3 passed
info: Tests/BimodalTest/Automation/EdgeCaseTest.lean:214:0: === Depth Limit Tests ===
Modal T at depth 0: found=false
Modal T at depth 1: found=true
Non-axiom at depth 1: found=false
Non-axiom at depth 5: found=false
✓ Depth limit tests passed
info: Tests/BimodalTest/Automation/EdgeCaseTest.lean:244:0: === Visit Limit Tests ===
Visit limit 1: found=false, visits=1, visited=1
  ✓ Within limit
Visit limit 5: found=false, visits=5, visited=5
  ✓ Within limit
Visit limit 10: found=false, visits=9, visited=9
  ✓ Within limit
Visit limit 50: found=false, visits=9, visited=9
  ✓ Within limit
Visit limit 100: found=false, visits=9, visited=9
  ✓ Within limit
info: Tests/BimodalTest/Automation/EdgeCaseTest.lean:277:0: === Special Pattern Tests ===
✓ p → (p → p): matched=true, found=true
✓ (p→p) → (p → (p→p)): matched=true, found=true
Special pattern tests: 2/2 passed
info: Tests/BimodalTest/Automation/EdgeCaseTest.lean:303:0: === Atom Name Variation Tests ===
✓ prop_s with FormalSystem.Syntax.Formula.atom { base := "x", freshIndex := none }: matched=true, found=true
✓ prop_s with FormalSystem.Syntax.Formula.atom { base := "variable", freshIndex := none }: matched=true, found=true
✓ prop_s with FormalSystem.Syntax.Formula.atom { base := "longAtomName123", freshIndex := none }: matched=true, found=true
✓ prop_s with FormalSystem.Syntax.Formula.atom { base := "special_chars_allowed", freshIndex := none }: matched=true, found=true
Atom name tests: 4/4 passed
info: Tests/BimodalTest/Automation/EdgeCaseTest.lean:330:0: === Edge Case Test Summary ===
Section 1: Empty Context Tests - 8 tests
Section 2: Deep Nesting Tests - 7 tests
Section 3: Large Context Tests - 6 tests
Section 4: Complex Formula Tests - 5 tests
Section 5: Depth Limit Tests - 4 tests
Section 6: Visit Limit Tests - 5 tests
Section 7: Special Pattern Tests - 5 tests
Section 8: Atom Name Tests - 4 tests
---
Total: 44 edge case tests
ℹ [1450/1535] Replayed BimodalTest.Automation.ProofSearchBenchmark
info: Tests/BimodalTest/Automation/ProofSearchBenchmark.lean:449:0: === Modal Axiom Benchmarks ===
Modal T (□p → p): found=true, visits=1, hits=0
Modal 4 (□p → □□p): found=true, visits=1, hits=0
Modal 5 (◇□p → □p): found=true, visits=1, hits=0
Modal B (p → □◇p): found=true, visits=1, hits=0
Modal K dist: found=true, visits=1, hits=0
=== Temporal Axiom Benchmarks ===
Temporal 4 (Gp → GGp): found=false, visits=19, hits=18
Temporal A (p → GHp): found=true, visits=1, hits=0
Temporal K dist: found=false, visits=19, hits=18
=== Propositional Axiom Benchmarks ===
Prop K: found=true, visits=1, hits=0
Prop S: found=true, visits=1, hits=0
Ex Falso: found=true, visits=1, hits=0
Peirce: found=true, visits=1, hits=0
=== Mixed Modal-Temporal Benchmarks ===
Modal-Future (□p → □Gp): found=true, visits=1, hits=0
Future-Modal (□p → G□p): found=false, visits=19, hits=18
=== Context-Based Benchmarks ===
Assumption (p ⊢ p): found=true, visits=1, hits=0
MP ready (p→q, p ⊢ q): found=false, visits=19, hits=18
Complex ctx: found=false, visits=19, hits=18
info: Tests/BimodalTest/Automation/ProofSearchBenchmark.lean:452:0: === Weight Configuration Comparison ===

--- Default ---
Total: 10/12 found, 48 visits

--- Modal-Optimized ---
Total: 10/12 found, 48 visits

--- Temporal-Optimized ---
Total: 10/12 found, 48 visits

--- Low-Context ---
Total: 10/12 found, 48 visits

--- High-Complexity ---
Total: 10/12 found, 48 visits
info: Tests/BimodalTest/Automation/ProofSearchBenchmark.lean:461:0: ╔══════════════════════════════════════════════════╗
║     Proof Search Performance Benchmarks          ║
╚══════════════════════════════════════════════════╝

=== Modal Axioms (Timed) ===
Modal T (□p → p): found=true, visits=1, hits=0, time=7μs
Modal 4 (□p → □□p): found=true, visits=1, hits=0, time=651ns
Modal 5 (◇□p → □p): found=true, visits=1, hits=0, time=421ns
Modal B (p → □◇p): found=true, visits=1, hits=0, time=300ns
Modal K dist: found=true, visits=1, hits=0, time=290ns

=== Temporal Axioms (Timed) ===
Temporal 4 (Gp → GGp): found=false, visits=19, hits=18, time=491ns
Temporal A (p → GHp): found=true, visits=1, hits=0, time=361ns
Temporal K dist: found=false, visits=19, hits=18, time=330ns

=== Propositional Axioms (Timed) ===
Prop K: found=true, visits=1, hits=0, time=331ns
Prop S: found=true, visits=1, hits=0, time=270ns
Ex Falso: found=true, visits=1, hits=0, time=301ns
Peirce: found=true, visits=1, hits=0, time=311ns

=== Mixed Modal-Temporal (Timed) ===
Modal-Future (□p → □Gp): found=true, visits=1, hits=0, time=301ns
Future-Modal (□p → G□p): found=false, visits=19, hits=18, time=330ns

=== Context-Based (Timed) ===
Assumption (p ⊢ p): found=true, visits=1, hits=0, time=351ns
MP ready (p→q, p ⊢ q): found=false, visits=19, hits=18, time=371ns
Complex ctx: found=false, visits=19, hits=18, time=330ns

═══════════════════════════════════════════════════
                    SUMMARY
═══════════════════════════════════════════════════
Benchmarks: 12/17 found
Total visits: 107
Total time: 13μs
Average time per benchmark: 803ns
info: Tests/BimodalTest/Automation/ProofSearchBenchmark.lean:464:0: === Strategy Comparison (Timed) ===

--- BoundedDFS-5 ---
Found: 10/12
Total visits: 12
Total time: 7μs

--- BoundedDFS-10 ---
Found: 10/12
Total visits: 12
Total time: 3μs

--- IDDFS-10 ---
Found: 10/12
Total visits: 28
Total time: 3μs

--- IDDFS-20 ---
Found: 10/12
Total visits: 48
Total time: 3μs

--- BestFirst-1000 ---
Found: 10/12
Total visits: 12
Total time: 5μs

--- BestFirst-10000 ---
Found: 10/12
Total visits: 12
Total time: 3μs
info: Tests/BimodalTest/Automation/ProofSearchBenchmark.lean:472:0: === Pattern Learning Benchmarks ===

--- First Pass (No Learning) ---
Modal T (□p → p): found=true, visits=1
Modal 4 (□p → □□p): found=true, visits=1
Modal 5 (◇□p → □p): found=true, visits=1
Modal B (p → □◇p): found=true, visits=1
Modal K dist: found=true, visits=1
Temporal 4 (Gp → GGp): found=false, visits=19
Temporal A (p → GHp): found=true, visits=1
Temporal K dist: found=false, visits=19
Prop K: found=true, visits=1
Prop S: found=true, visits=1
Ex Falso: found=true, visits=1
Peirce: found=true, visits=1

First pass total: 10/12 found, 48 visits
Patterns learned: 10

--- Second Pass (With Learning) ---
Modal T (□p → p): found=true, visits=1
Modal 4 (□p → □□p): found=true, visits=1
Modal 5 (◇□p → □p): found=true, visits=1
Modal B (p → □◇p): found=true, visits=1
Modal K dist: found=true, visits=1
Temporal 4 (Gp → GGp): found=false, visits=19
Temporal A (p → GHp): found=true, visits=1
Temporal K dist: found=false, visits=19
Prop K: found=true, visits=1
Prop S: found=true, visits=1
Ex Falso: found=true, visits=1
Peirce: found=true, visits=1

Second pass total: 10/12 found, 48 visits
Visit reduction: 0%
info: Tests/BimodalTest/Automation/ProofSearchBenchmark.lean:480:0: === IDDFS vs BestFirst Comparison ===

Modal Axioms:
  IDDFS:     5/5 found, 5 visits
  BestFirst: 5/5 found, 5 visits
  Equal visit count

Temporal Axioms:
  IDDFS:     1/3 found, 39 visits
  BestFirst: 1/3 found, 3 visits
  BestFirst: 92% fewer visits

Propositional Axioms:
  IDDFS:     4/4 found, 4 visits
  BestFirst: 4/4 found, 4 visits
  Equal visit count

Mixed Modal-Temporal:
  IDDFS:     1/2 found, 20 visits
  BestFirst: 1/2 found, 2 visits
  BestFirst: 90% fewer visits

Context-Based:
  IDDFS:     1/3 found, 39 visits
  BestFirst: 3/3 found, 6 visits
⚠ [1451/1535] Replayed BimodalTest.Automation.TacticsTest
warning: Tests/BimodalTest/Automation/TacticsTest.lean:232:9: Variable name `h1` is not explicitly referenced.

Hint: The binding can be removed (if unused) or named `_` (if used implicitly). Alternatively, prefix the name with `_` to silence this warning:
  [apply] _h1

Note: This linter can be disabled with `set_option linter.unusedVariables false`
warning: Tests/BimodalTest/Automation/TacticsTest.lean:232:23: Variable name `h2` is not explicitly referenced.

Hint: The binding can be removed (if unused) or named `_` (if used implicitly). Alternatively, prefix the name with `_` to silence this warning:
  [apply] _h2

Note: This linter can be disabled with `set_option linter.unusedVariables false`
warning: Tests/BimodalTest/Automation/TacticsTest.lean:317:20: Variable name `h2` is not explicitly referenced.

Hint: The binding can be removed (if unused) or named `_` (if used implicitly). Alternatively, prefix the name with `_` to silence this warning:
  [apply] _h2

Note: This linter can be disabled with `set_option linter.unusedVariables false`
warning: Tests/BimodalTest/Automation/TacticsTest.lean:349:11: Variable name `b` is not explicitly referenced.

Hint: The binding can be removed (if unused) or named `_` (if used implicitly). Alternatively, prefix the name with `_` to silence this warning:
  [apply] _b

Note: This linter can be disabled with `set_option linter.unusedVariables false`
warning: Tests/BimodalTest/Automation/TacticsTest.lean:349:13: Variable name `c` is not explicitly referenced.

Hint: The binding can be removed (if unused) or named `_` (if used implicitly). Alternatively, prefix the name with `_` to silence this warning:
  [apply] _c

Note: This linter can be disabled with `set_option linter.unusedVariables false`
warning: Tests/BimodalTest/Automation/TacticsTest.lean:349:15: Variable name `d` is not explicitly referenced.

Hint: The binding can be removed (if unused) or named `_` (if used implicitly). Alternatively, prefix the name with `_` to silence this warning:
  [apply] _d

Note: This linter can be disabled with `set_option linter.unusedVariables false`
ℹ [1452/1535] Replayed BimodalTest.Automation.TacticsTest_Simple
info: Tests/BimodalTest/Automation/TacticsTest_Simple.lean:28:0: FormalSystem.Automation.isBoxFormula : Formula → Bool
info: Tests/BimodalTest/Automation/TacticsTest_Simple.lean:29:0: FormalSystem.Automation.isFutureFormula : Formula → Bool
info: Tests/BimodalTest/Automation/TacticsTest_Simple.lean:30:0: FormalSystem.Automation.extractFromBox : Formula → Option Formula
info: Tests/BimodalTest/Automation/TacticsTest_Simple.lean:31:0: FormalSystem.Automation.extractFromFuture : Formula → Option Formula
⚠ [1455/1535] Replayed FormalSystem.Metalogic.Decidability.CancellableExpansion
warning: FormalSystem/Metalogic/Decidability/CancellableExpansion.lean:269:29: Variable name `appliedSet` is not explicitly referenced.

Hint: The binding can be removed (if unused) or named `_` (if used implicitly). Alternatively, prefix the name with `_` to silence this warning:
  [apply] _appliedSet

Note: This linter can be disabled with `set_option linter.unusedVariables false`
ℹ [1457/1535] Replayed FormalSystem.Automation.FormulaEnumerator
info: FormalSystem/Automation/FormulaEnumerator.lean:2104:0: 7852
info: FormalSystem/Automation/FormulaEnumerator.lean:2107:0: 75914
info: FormalSystem/Automation/FormulaEnumerator.lean:2110:0: 45111
info: FormalSystem/Automation/FormulaEnumerator.lean:2113:0: true
info: FormalSystem/Automation/FormulaEnumerator.lean:2117:0: true
info: FormalSystem/Automation/FormulaEnumerator.lean:2121:0: true
⚠ [1462/1535] Replayed FormalSystem.Automation.DatasetGenerator
info: FormalSystem/Automation/DatasetGenerator.lean:974:0: true
info: FormalSystem/Automation/DatasetGenerator.lean:975:0: true
info: FormalSystem/Automation/DatasetGenerator.lean:976:0: true
info: FormalSystem/Automation/DatasetGenerator.lean:977:0: true
info: FormalSystem/Automation/DatasetGenerator.lean:978:0: false
info: FormalSystem/Automation/DatasetGenerator.lean:979:0: false
info: FormalSystem/Automation/DatasetGenerator.lean:982:0: true
info: FormalSystem/Automation/DatasetGenerator.lean:983:0: true
info: FormalSystem/Automation/DatasetGenerator.lean:984:0: true
info: FormalSystem/Automation/DatasetGenerator.lean:985:0: false
info: FormalSystem/Automation/DatasetGenerator.lean:986:0: false
info: FormalSystem/Automation/DatasetGenerator.lean:989:0: some true
info: FormalSystem/Automation/DatasetGenerator.lean:991:0: some true
info: FormalSystem/Automation/DatasetGenerator.lean:992:0: some true
info: FormalSystem/Automation/DatasetGenerator.lean:994:0: none
info: FormalSystem/Automation/DatasetGenerator.lean:997:0: some (true, "structural_bot_temporal")
info: FormalSystem/Automation/DatasetGenerator.lean:999:0: some (true, "structural_tautology")
info: FormalSystem/Automation/DatasetGenerator.lean:1001:0: some (true, "structural_bot_temporal")
info: FormalSystem/Automation/DatasetGenerator.lean:1003:0: some (true, "structural_modal_4")
info: FormalSystem/Automation/DatasetGenerator.lean:1005:0: some (true, "structural_modal_t_weakening")
info: FormalSystem/Automation/DatasetGenerator.lean:1007:0: none
info: FormalSystem/Automation/DatasetGenerator.lean:1013:0: [FormalSystem.Syntax.Formula.atom { base := "p", freshIndex := none },
 FormalSystem.Syntax.Formula.atom { base := "q", freshIndex := none }]
info: FormalSystem/Automation/DatasetGenerator.lean:1015:0: [FormalSystem.Syntax.Formula.atom { base := "p", freshIndex := none },
 FormalSystem.Syntax.Formula.atom { base := "q", freshIndex := none },
 FormalSystem.Syntax.Formula.imp
   (FormalSystem.Syntax.Formula.atom { base := "p", freshIndex := none })
   (FormalSystem.Syntax.Formula.atom { base := "p", freshIndex := none })]
info: FormalSystem/Automation/DatasetGenerator.lean:1019:0: some (FormalSystem.Syntax.Formula.atom { base := "p", freshIndex := none })
info: FormalSystem/Automation/DatasetGenerator.lean:1020:0: some (FormalSystem.Syntax.Formula.atom { base := "p", freshIndex := none })
info: FormalSystem/Automation/DatasetGenerator.lean:1021:0: some (FormalSystem.Syntax.Formula.atom { base := "p", freshIndex := none })
info: FormalSystem/Automation/DatasetGenerator.lean:1022:0: some (FormalSystem.Syntax.Formula.atom { base := "p", freshIndex := none })
info: FormalSystem/Automation/DatasetGenerator.lean:1025:0: some (true, "structural_s5_reflexive_conflict")
info: FormalSystem/Automation/DatasetGenerator.lean:1030:0: some (true, "structural_temporal_loop_until")
info: FormalSystem/Automation/DatasetGenerator.lean:1036:0: some (true, "structural_temporal_loop_since")
info: FormalSystem/Automation/DatasetGenerator.lean:1042:0: some (true, "structural_subsumption_gt")
info: FormalSystem/Automation/DatasetGenerator.lean:1044:0: some (true, "structural_subsumption_ht")
info: FormalSystem/Automation/DatasetGenerator.lean:1046:0: some (true, "structural_subsumption_gf")
info: FormalSystem/Automation/DatasetGenerator.lean:1048:0: some (true, "structural_subsumption_hp")
info: FormalSystem/Automation/DatasetGenerator.lean:1050:0: some (true, "structural_subsumption_g4")
info: FormalSystem/Automation/DatasetGenerator.lean:1052:0: some (true, "structural_subsumption_h4")
info: FormalSystem/Automation/DatasetGenerator.lean:1054:0: some (true, "structural_subsumption_ff")
info: FormalSystem/Automation/DatasetGenerator.lean:1056:0: some (true, "structural_subsumption_pp")
info: FormalSystem/Automation/DatasetGenerator.lean:1058:0: some (true, "structural_subsumption_modal_t")
info: FormalSystem/Automation/DatasetGenerator.lean:1060:0: some (true, "structural_subsumption_modal_4")
info: FormalSystem/Automation/DatasetGenerator.lean:1062:0: some (true, "structural_subsumption_modal_d")
info: FormalSystem/Automation/DatasetGenerator.lean:1070:0: some (true, "structural_until_implies_future")
info: FormalSystem/Automation/DatasetGenerator.lean:1074:0: some (true, "structural_since_implies_past")
info: FormalSystem/Automation/DatasetGenerator.lean:1078:0: none
info: FormalSystem/Automation/DatasetGenerator.lean:1082:0: some (true, "structural_subsumption_gf")
info: FormalSystem/Automation/DatasetGenerator.lean:1086:0: some (true, "structural_subsumption_hp")
info: FormalSystem/Automation/DatasetGenerator.lean:1090:0: some (true, "structural_identity")
info: FormalSystem/Automation/DatasetGenerator.lean:1094:0: none
info: FormalSystem/Automation/DatasetGenerator.lean:1098:0: none
info: FormalSystem/Automation/DatasetGenerator.lean:1104:0: [(FormalSystem.Syntax.Formula.imp
    (FormalSystem.Syntax.Formula.atom { base := "p", freshIndex := none })
    (FormalSystem.Syntax.Formula.atom { base := "q", freshIndex := none }),
  FormalSystem.Metalogic.Decidability.Sign.pos),
 (FormalSystem.Syntax.Formula.atom { base := "p", freshIndex := none }, FormalSystem.Metalogic.Decidability.Sign.neg),
 (FormalSystem.Syntax.Formula.atom { base := "q", freshIndex := none }, FormalSystem.Metalogic.Decidability.Sign.pos)]
info: FormalSystem/Automation/DatasetGenerator.lean:1106:0: [(FormalSystem.Syntax.Formula.imp
    (FormalSystem.Syntax.Formula.atom { base := "p", freshIndex := none })
    (FormalSystem.Syntax.Formula.bot),
  FormalSystem.Metalogic.Decidability.Sign.pos),
 (FormalSystem.Syntax.Formula.atom { base := "p", freshIndex := none }, FormalSystem.Metalogic.Decidability.Sign.neg),
 (FormalSystem.Syntax.Formula.bot, FormalSystem.Metalogic.Decidability.Sign.pos)]
info: FormalSystem/Automation/DatasetGenerator.lean:1110:0: false
info: FormalSystem/Automation/DatasetGenerator.lean:1112:0: true
info: FormalSystem/Automation/DatasetGenerator.lean:1116:0: true
info: FormalSystem/Automation/DatasetGenerator.lean:1118:0: some (true, "structural_polarity_drop_tautology")
info: FormalSystem/Automation/DatasetGenerator.lean:1123:0: some (true, "structural_polarity_bot_neg")
info: FormalSystem/Automation/DatasetGenerator.lean:1127:0: true
info: FormalSystem/Automation/DatasetGenerator.lean:1128:0: true
info: FormalSystem/Automation/DatasetGenerator.lean:1130:0: false
info: FormalSystem/Automation/DatasetGenerator.lean:1131:0: some (true, "structural_prop_contradiction")
info: FormalSystem/Automation/DatasetGenerator.lean:1135:0: true
info: FormalSystem/Automation/DatasetGenerator.lean:1136:0: true
info: FormalSystem/Automation/DatasetGenerator.lean:1137:0: some (true, "structural_tautology")
info: FormalSystem/Automation/DatasetGenerator.lean:1139:0: some (true, "structural_tautology")
info: FormalSystem/Automation/DatasetGenerator.lean:1145:0: true
info: FormalSystem/Automation/DatasetGenerator.lean:1146:0: true
info: FormalSystem/Automation/DatasetGenerator.lean:1147:0: true
info: FormalSystem/Automation/DatasetGenerator.lean:1148:0: true
info: FormalSystem/Automation/DatasetGenerator.lean:1149:0: true
info: FormalSystem/Automation/DatasetGenerator.lean:1150:0: true
info: FormalSystem/Automation/DatasetGenerator.lean:1153:0: false
info: FormalSystem/Automation/DatasetGenerator.lean:1155:0: false
info: FormalSystem/Automation/DatasetGenerator.lean:1157:0: false
info: FormalSystem/Automation/DatasetGenerator.lean:1159:0: false
info: FormalSystem/Automation/DatasetGenerator.lean:1163:0: true
info: FormalSystem/Automation/DatasetGenerator.lean:1165:0: true
info: FormalSystem/Automation/DatasetGenerator.lean:1167:0: true
info: FormalSystem/Automation/DatasetGenerator.lean:1169:0: true
info: FormalSystem/Automation/DatasetGenerator.lean:1171:0: true
info: FormalSystem/Automation/DatasetGenerator.lean:1174:0: false
info: FormalSystem/Automation/DatasetGenerator.lean:1176:0: false
info: FormalSystem/Automation/DatasetGenerator.lean:1178:0: false
info: FormalSystem/Automation/DatasetGenerator.lean:1180:0: false
info: FormalSystem/Automation/DatasetGenerator.lean:1184:0: true
info: FormalSystem/Automation/DatasetGenerator.lean:1186:0: true
info: FormalSystem/Automation/DatasetGenerator.lean:1188:0: true
info: FormalSystem/Automation/DatasetGenerator.lean:1189:0: true
info: FormalSystem/Automation/DatasetGenerator.lean:1191:0: true
info: FormalSystem/Automation/DatasetGenerator.lean:1194:0: false
info: FormalSystem/Automation/DatasetGenerator.lean:1196:0: false
info: FormalSystem/Automation/DatasetGenerator.lean:1198:0: false
info: FormalSystem/Automation/DatasetGenerator.lean:1200:0: false
info: FormalSystem/Automation/DatasetGenerator.lean:1204:0: true
info: FormalSystem/Automation/DatasetGenerator.lean:1207:0: true
info: FormalSystem/Automation/DatasetGenerator.lean:1210:0: true
info: FormalSystem/Automation/DatasetGenerator.lean:1213:0: true
info: FormalSystem/Automation/DatasetGenerator.lean:1217:0: false
info: FormalSystem/Automation/DatasetGenerator.lean:1220:0: false
info: FormalSystem/Automation/DatasetGenerator.lean:1222:0: false
info: FormalSystem/Automation/DatasetGenerator.lean:1224:0: false
info: FormalSystem/Automation/DatasetGenerator.lean:1228:0: some (false, "invalid_satisfiable_neg")
info: FormalSystem/Automation/DatasetGenerator.lean:1230:0: some (false, "invalid_satisfiable_neg")
info: FormalSystem/Automation/DatasetGenerator.lean:1232:0: some (false, "invalid_false_consequent")
info: FormalSystem/Automation/DatasetGenerator.lean:1234:0: some (false, "invalid_unfulfillable_eventuality")
info: FormalSystem/Automation/DatasetGenerator.lean:1237:0: none
info: FormalSystem/Automation/DatasetGenerator.lean:1239:0: none
info: FormalSystem/Automation/DatasetGenerator.lean:1241:0: none
info: FormalSystem/Automation/DatasetGenerator.lean:1245:0: (2, 0)
info: FormalSystem/Automation/DatasetGenerator.lean:2020:0: [proof-first] Seeding: 10/100, pool size: 10, elapsed: 9ms
[proof-first] Seeding: 20/100, pool size: 19, elapsed: 11ms
[proof-first] Seeding: 30/100, pool size: 24, elapsed: 13ms
[proof-first] Seeding: 40/100, pool size: 33, elapsed: 17ms
[proof-first] Seeding: 50/100, pool size: 42, elapsed: 18ms
[proof-first] Seeding: 60/100, pool size: 51, elapsed: 24ms
[proof-first] Seeding: 70/100, pool size: 59, elapsed: 28ms
[proof-first] Seeding: 80/100, pool size: 67, elapsed: 29ms
[proof-first] Seeding: 90/100, pool size: 73, elapsed: 30ms
[proof-first] Seeding: 100/100, pool size: 81, elapsed: 30ms
[proof-first] Ex-falso cap applied in 1ms, pool size: 81
[proof-first] depth=0 pool=200 (+119, 146% growth) elapsed=72ms
[proof-first] Generation complete: 200 theorems in 106ms
[test] Pool generation: 200 entries (expected > 0)
[test] PASS: pool is non-empty
info: FormalSystem/Automation/DatasetGenerator.lean:2036:0: [proof-first] Seeding: 10/100, pool size: 10, elapsed: 1ms
[proof-first] Seeding: 20/100, pool size: 18, elapsed: 6ms
[proof-first] Seeding: 30/100, pool size: 28, elapsed: 11ms
[proof-first] Seeding: 40/100, pool size: 38, elapsed: 11ms
[proof-first] Seeding: 50/100, pool size: 45, elapsed: 12ms
[proof-first] Seeding: 60/100, pool size: 55, elapsed: 17ms
[proof-first] Seeding: 70/100, pool size: 65, elapsed: 21ms
[proof-first] Seeding: 80/100, pool size: 69, elapsed: 21ms
[proof-first] Seeding: 90/100, pool size: 77, elapsed: 22ms
[proof-first] Seeding: 100/100, pool size: 85, elapsed: 23ms
[proof-first] Ex-falso cap applied in 0ms, pool size: 85
[proof-first] depth=0 pool=200 (+115, 135% growth) elapsed=54ms
[proof-first] Generation complete: 200 theorems in 77ms
[test] Pool contains (p → p): false
[test] Hybrid label for (p → p): FormalSystem.Automation.FormulaLabel.valid, method: structural_prefilter
[test] PASS: hybrid mode correctly labels (p → p) as valid
info: FormalSystem/Automation/DatasetGenerator.lean:2060:0: [test] Hybrid fallthrough: label=FormalSystem.Automation.FormulaLabel.timeout, method=wallclock_timeout
[test] PASS: hybrid mode fell through to tableau (not proof_first)
info: FormalSystem/Automation/DatasetGenerator.lean:2078:0: [proof-first] Seeding: 20/200, pool size: 20, elapsed: 4ms
[proof-first] Seeding: 40/200, pool size: 37, elapsed: 15ms
[proof-first] Seeding: 60/200, pool size: 57, elapsed: 27ms
[proof-first] Seeding: 80/200, pool size: 71, elapsed: 32ms
[proof-first] Seeding: 100/200, pool size: 86, elapsed: 33ms
[proof-first] Seeding: 120/200, pool size: 104, elapsed: 49ms
[proof-first] Seeding: 140/200, pool size: 122, elapsed: 52ms
[proof-first] Seeding: 160/200, pool size: 138, elapsed: 54ms
[proof-first] Seeding: 180/200, pool size: 158, elapsed: 59ms
[proof-first] Seeding: 200/200, pool size: 175, elapsed: 67ms
[proof-first] Ex-falso cap applied in 0ms, pool size: 175
[proof-first] depth=0 pool=500 (+325, 185% growth) elapsed=256ms
[proof-first] Generation complete: 500 theorems in 323ms
[test] Pool size: 500
[test] OK: (p → p) -> FormalSystem.Automation.FormulaLabel.valid (ex: structural_prefilter, hy: structural_prefilter)
[test] OK: (□p → p) -> FormalSystem.Automation.FormulaLabel.valid (ex: structural_prefilter, hy: structural_prefilter)
[test] OK: (U(p, q) → U(q, (⊥ → ⊥))) -> FormalSystem.Automation.FormulaLabel.valid (ex: structural_prefilter, hy: structural_prefilter)
[test] OK: (S(p, q) → S(q, (⊥ → ⊥))) -> FormalSystem.Automation.FormulaLabel.valid (ex: structural_prefilter, hy: structural_prefilter)
[test] OK: (p → q) -> FormalSystem.Automation.FormulaLabel.invalid (ex: adaptive_240, hy: adaptive_240)
[test] OK: (U(p, q) → U(r, q)) -> FormalSystem.Automation.FormulaLabel.timeout (ex: wallclock_timeout, hy: wallclock_timeout)
[test] OK: (p → (q → q)) -> FormalSystem.Automation.FormulaLabel.valid (ex: structural_prefilter, hy: structural_prefilter)
[test] OK: (□⊥ → q) -> FormalSystem.Automation.FormulaLabel.valid (ex: structural_prefilter, hy: structural_prefilter)
[test] Prefilter hits: 6, Pool hits: 0
[test] PASS: all labels match between exhaustive and hybrid modes
info: FormalSystem/Automation/DatasetGenerator.lean:2143:0: [test] OK: (p → ⊥) -> invalid via structural_invalid_prefilter:invalid_satisfiable_neg
[test] OK: (p → U(⊥, q)) -> invalid via structural_invalid_prefilter:invalid_satisfiable_neg
[test] OK: (□p → ⊥) -> invalid via structural_invalid_prefilter:invalid_satisfiable_neg
[test] OK: (U(p, q) → U(⊥, r)) -> invalid via structural_invalid_prefilter:invalid_false_consequent
[test] OK: ((U(((p → ⊥) → ⊥), (⊥ → ⊥)) → ⊥) → U(p, q)) -> invalid via structural_invalid_prefilter:invalid_unfulfillable_eventuality
[test] OK: (p → p) -> FormalSystem.Automation.FormulaLabel.valid via structural_prefilter (not invalid prefilter)
[test] OK: (□⊥ → q) -> FormalSystem.Automation.FormulaLabel.valid via structural_prefilter (not invalid prefilter)
[test] OK: (U(⊥, p) → U(⊥, q)) -> FormalSystem.Automation.FormulaLabel.valid via structural_prefilter (not invalid prefilter)
[test] OK: (p → (q → q)) -> FormalSystem.Automation.FormulaLabel.valid via structural_prefilter (not invalid prefilter)
[test] PASS: all invalid prefilter integration tests pass
info: FormalSystem/Automation/DatasetGenerator.lean:2200:0: [test] OK: (p → ⊥) — prefilter=invalid, tableau=FormalSystem.Automation.FormulaLabel.invalid
[test] OK: (□p → ⊥) — prefilter=invalid, tableau=FormalSystem.Automation.FormulaLabel.invalid
[test] OK: (p → U(⊥, q)) — prefilter=invalid, tableau=FormalSystem.Automation.FormulaLabel.invalid
[test] OK: (p → □⊥) — prefilter=invalid, tableau=FormalSystem.Automation.FormulaLabel.invalid
[test] OK: (((p → (q → ⊥)) → ⊥) → ⊥) — prefilter=invalid, tableau=FormalSystem.Automation.FormulaLabel.invalid
[test] OK: (□□p → U(⊥, q)) — prefilter=invalid, tableau=FormalSystem.Automation.FormulaLabel.invalid
[test] OK: ((⊥ → ⊥) → ⊥) — prefilter=invalid, tableau=FormalSystem.Automation.FormulaLabel.invalid
[test] OK: (p → S(⊥, q)) — prefilter=invalid, tableau=FormalSystem.Automation.FormulaLabel.invalid
[test] OK: (((p → ((q → ⊥) → ⊥)) → ⊥) → ⊥) — prefilter=invalid, tableau=FormalSystem.Automation.FormulaLabel.invalid
[test] OK: (U(p, q) → U(⊥, r)) — prefilter=invalid, tableau=FormalSystem.Automation.FormulaLabel.invalid
[test] PASS: all cross-validation tests agree
info: FormalSystem/Automation/DatasetGenerator.lean:2238:0: [test] OK: (p → p) — not caught by invalid prefilter
[test] OK: (□⊥ → q) — not caught by invalid prefilter
[test] OK: (p → (q → q)) — not caught by invalid prefilter
[test] OK: (□p → p) — not caught by invalid prefilter
[test] OK: (□p → □□p) — not caught by invalid prefilter
[test] OK: ((U((p → ⊥), (⊥ → ⊥)) → ⊥) → p) — not caught by invalid prefilter
[test] OK: ((U((p → ⊥), (⊥ → ⊥)) → ⊥) → U(p, (⊥ → ⊥))) — not caught by invalid prefilter
[test] OK: (U(p, q) → U(q, (⊥ → ⊥))) — not caught by invalid prefilter
[test] OK: (S(p, q) → S(q, (⊥ → ⊥))) — not caught by invalid prefilter
[test] OK: (U(⊥, p) → U(⊥, q)) — not caught by invalid prefilter
[test] PASS: no valid formulas mislabeled by invalid prefilter
info: FormalSystem/Automation/DatasetGenerator.lean:2267:0: [test] ⊥ → ⊥: none (expected: none — vacuously valid)
[test] ⊤ → ⊥: some (false, "invalid_satisfiable_neg") (expected: some (false, invalid_satisfiable_neg))
[test] □⊥ → U(⊥,p): none (expected: none — vacuously valid)
[test] p → □⊥: some (false, "invalid_satisfiable_neg") (expected: some (false, invalid_satisfiable_neg))
[test] PASS: all edge case tests correct
warning: FormalSystem/Automation/DatasetGenerator.lean:2269:6: Variable name `q` is not explicitly referenced.

Hint: The binding can be removed (if unused) or named `_` (if used implicitly). Alternatively, prefix the name with `_` to silence this warning:
  [apply] _q

Note: This linter can be disabled with `set_option linter.unusedVariables false`
ℹ [1464/1535] Replayed BimodalTest.Automation.C5SmokeTest
info: Tests/BimodalTest/Automation/C5SmokeTest.lean:50:0: === Previously-Problematic Formulas ===
  [PASS] □⊥ → □r → FormalSystem.Automation.FormulaLabel.valid (method: structural_prefilter)
  [PASS] □⊥ → r → FormalSystem.Automation.FormulaLabel.valid (method: structural_prefilter)
  [PASS] □⊥ → ⊥ → FormalSystem.Automation.FormulaLabel.valid (method: structural_prefilter)
  [PASS] □⊥ → □p → FormalSystem.Automation.FormulaLabel.valid (method: structural_prefilter)
  [PASS] □⊥ → □⊥ → FormalSystem.Automation.FormulaLabel.valid (method: structural_prefilter)
  Result: 5 passed, 0 failed
info: Tests/BimodalTest/Automation/C5SmokeTest.lean:89:0: === Known Valid Formulas ===
  [PASS] p → (q → p) → valid (method: fast_path_axiom)
  [PASS] ⊥ → p → valid (method: structural_prefilter)
  [PASS] p → p → valid (method: structural_prefilter)
  [PASS] □p → p (Modal T) → valid (method: structural_prefilter)
  [PASS] □(p → q) → (□p → □q) (Modal K) → valid (method: fast_path_axiom)
  [PASS] □(⊥ → p) → valid (method: structural_prefilter)
  Result: 6 passed, 0 failed
info: Tests/BimodalTest/Automation/C5SmokeTest.lean:124:0: === Known Invalid Formulas ===
  [PASS] p → invalid (countermodel: yes)
  [PASS] ⊥ → invalid (countermodel: yes)
  [PASS] p → q → invalid (countermodel: yes)
  [PASS] □p → invalid (countermodel: yes)
  [PASS] □p → □q → invalid (countermodel: yes)
  [PASS] □⊥ → invalid (countermodel: yes)
  Result: 6 passed, 0 failed
info: Tests/BimodalTest/Automation/C5SmokeTest.lean:160:0: === Complexity 5 Edge Cases ===
  [PASS] U(p, q) → FormalSystem.Automation.FormulaLabel.invalid (method: adaptive_240)
  [PASS] S(p, q) → FormalSystem.Automation.FormulaLabel.invalid (method: adaptive_240)
  [PASS] Fp → FormalSystem.Automation.FormulaLabel.invalid (method: adaptive_210)
  [PASS] p → Fp → FormalSystem.Automation.FormulaLabel.invalid (method: adaptive_270)
  Result: 4 passed, 0 failed
info: Tests/BimodalTest/Automation/C5SmokeTest.lean:193:0: === Metrics Validation ===
  [PASS] complexity=5 modal=1 temporal=0 imp=1 atom=1 tier=medium
  [PASS] complexity=4 modal=1 temporal=0 imp=1 atom=1 tier=medium
  [PASS] complexity=1 modal=0 temporal=0 imp=0 atom=1 tier=easy
  [PASS] complexity=3 modal=0 temporal=1 imp=0 atom=2 tier=easy
  Result: 4 passed, 0 failed
info: Tests/BimodalTest/Automation/C5SmokeTest.lean:227:0: === DatasetValidator Conformance Tests ===
=== Conformance Tests ===

--- Known Valid Formulas ---
  [PASS] ((p → (q → r)) → ((p → q) → (p → r)))
  [PASS] (p → (q → p))
  [PASS] (⊥ → p)
  [PASS] (((p → q) → p) → p)
  [PASS] (□p → p)
  [PASS] (□p → □□p)
  [PASS] (□(p → q) → (□p → □q))
  [PASS] (□p → □(U((p → ⊥), (⊥ → ⊥)) → ⊥))
  [PASS] (⊥ → q)
  [PASS] (□q → q)
  Valid tests: 10 passed, 0 failed

--- Known Invalid Formulas ---
  [PASS] p
  [PASS] q
  [PASS] (p → q)
  [PASS] □p
  [PASS] (□(p → ⊥) → ⊥)
  [PASS] U(p, (⊥ → ⊥))
  [PASS] S(p, (⊥ → ⊥))
  [PASS] ((p → ((p → ⊥) → ⊥)) → ⊥)
  [PASS] (□p → □q)
  [PASS] ((□p → (□(p → ⊥) → ⊥)) → ⊥)
  [PASS] U(p, q)
  [PASS] S(p, q)
  [PASS] ⊥
  [PASS] (q → p)
  [PASS] (r → (p → q))
  [PASS] (□p → q)
  [PASS] □q
  [PASS] (p → (q → r))
  [PASS] ((p → q) → p)
  [PASS] □⊥
  Invalid tests: 20 passed, 0 failed

Conformance tests: ALL PASSED
Conformance tests: ALL PASSED
ℹ [1465/1535] Replayed BimodalTest.Automation.NormalizationTest
info: Tests/BimodalTest/Automation/NormalizationTest.lean:166:0: "normalizeFormula identity test: ALL PASS (27 formulas tested)"
info: Tests/BimodalTest/Automation/NormalizationTest.lean:201:0: "p -> p: VALID"
info: Tests/BimodalTest/Automation/NormalizationTest.lean:207:0: "bot: INVALID"
info: Tests/BimodalTest/Automation/NormalizationTest.lean:213:0: "box(p -> p): VALID"
info: Tests/BimodalTest/Automation/NormalizationTest.lean:219:0: "diamond(p) -> diamond(p): VALID"
info: Tests/BimodalTest/Automation/NormalizationTest.lean:225:0: "p: INVALID"
info: Tests/BimodalTest/Automation/NormalizationTest.lean:242:0: "Benchmark: 50 formulas decided (valid=0, invalid=50, timeout=0)"
ℹ [1467/1535] Replayed BimodalTest.Automation.InterestingnessTest
info: Tests/BimodalTest/Automation/InterestingnessTest.lean:41:0: PASS: ex_falso SNT = 0
info: Tests/BimodalTest/Automation/InterestingnessTest.lean:47:0: PASS: identity SNT = 0
info: Tests/BimodalTest/Automation/InterestingnessTest.lean:53:0: PASS: weakening SNT = 0
info: Tests/BimodalTest/Automation/InterestingnessTest.lean:59:0: PASS: top-implication SNT = 0
info: Tests/BimodalTest/Automation/InterestingnessTest.lean:65:0: PASS: propositional SNT = 1
info: Tests/BimodalTest/Automation/InterestingnessTest.lean:71:0: PASS: modal SNT = 2
info: Tests/BimodalTest/Automation/InterestingnessTest.lean:77:0: PASS: bimodal SNT = 3
info: Tests/BimodalTest/Automation/InterestingnessTest.lean:89:0: PASS: F(p) detected as someFuture
info: Tests/BimodalTest/Automation/InterestingnessTest.lean:95:0: PASS: P(p) detected as somePast
info: Tests/BimodalTest/Automation/InterestingnessTest.lean:101:0: PASS: G(p) detected as allFuture
info: Tests/BimodalTest/Automation/InterestingnessTest.lean:107:0: PASS: H(p) detected as allPast
info: Tests/BimodalTest/Automation/InterestingnessTest.lean:113:0: PASS: ◇p detected as diamond
info: Tests/BimodalTest/Automation/InterestingnessTest.lean:119:0: PASS: □p detected as box
info: Tests/BimodalTest/Automation/InterestingnessTest.lean:125:0: PASS: U(p,q) detected as until
info: Tests/BimodalTest/Automation/InterestingnessTest.lean:131:0: PASS: S(p,q) detected as since
info: Tests/BimodalTest/Automation/InterestingnessTest.lean:141:0: PASS: propositional OD = 0
info: Tests/BimodalTest/Automation/InterestingnessTest.lean:147:0: PASS: □p OD = 1
info: Tests/BimodalTest/Automation/InterestingnessTest.lean:153:0: PASS: □p→Fp OD = 4
info: Tests/BimodalTest/Automation/InterestingnessTest.lean:160:0: PASS: Gp→Hp OD = 3
info: Tests/BimodalTest/Automation/InterestingnessTest.lean:171:0: PASS: prop_k -> propositional
info: Tests/BimodalTest/Automation/InterestingnessTest.lean:177:0: PASS: modal_t -> modal
info: Tests/BimodalTest/Automation/InterestingnessTest.lean:183:0: PASS: modal_future -> interaction
info: Tests/BimodalTest/Automation/InterestingnessTest.lean:189:0: PASS: serial_future -> temporal
info: Tests/BimodalTest/Automation/InterestingnessTest.lean:194:0: PASS: connect_future -> temporal
info: Tests/BimodalTest/Automation/InterestingnessTest.lean:199:0: PASS: density -> temporal
info: Tests/BimodalTest/Automation/InterestingnessTest.lean:209:0: PASS: Score 0 -> trivial
info: Tests/BimodalTest/Automation/InterestingnessTest.lean:215:0: PASS: Score 49 -> trivial
info: Tests/BimodalTest/Automation/InterestingnessTest.lean:221:0: PASS: Score 50 -> routine
info: Tests/BimodalTest/Automation/InterestingnessTest.lean:227:0: PASS: Score 150 -> basic
info: Tests/BimodalTest/Automation/InterestingnessTest.lean:233:0: PASS: Score 300 -> moderate
info: Tests/BimodalTest/Automation/InterestingnessTest.lean:239:0: PASS: Score 500 -> notable
info: Tests/BimodalTest/Automation/InterestingnessTest.lean:245:0: PASS: Score 700 -> interesting
info: Tests/BimodalTest/Automation/InterestingnessTest.lean:252:0: PASS: Score 850 -> remarkable
info: Tests/BimodalTest/Automation/InterestingnessTest.lean:259:0: PASS: Score 1000 -> remarkable
info: Tests/BimodalTest/Automation/InterestingnessTest.lean:270:0: PASS: ex_falso score=0, tier=trivial
info: Tests/BimodalTest/Automation/InterestingnessTest.lean:279:0: PASS: identity score=0
info: Tests/BimodalTest/Automation/InterestingnessTest.lean:286:0: PASS: bimodal score=681, tier=notable, snt=3, od=4, ald=3
info: Tests/BimodalTest/Automation/InterestingnessTest.lean:317:0: PASS: JSON serialization valid
  JSON: {"composite_score": 101, "tier": "routine", "snt_gate": 3, "operator_diversity": 4, "proof_depth_ratio": 0, "proof_rule_diversity": 0, "axiom_layer_diversity": 0, "interaction_axiom_dep": false, "statement_simplicity": 20, "proof_richness": 0}
info: Tests/BimodalTest/Automation/InterestingnessTest.lean:337:0: PASS: propositional has no modal-temporal interaction
info: Tests/BimodalTest/Automation/InterestingnessTest.lean:343:0: PASS: modal-only has no modal-temporal interaction
info: Tests/BimodalTest/Automation/InterestingnessTest.lean:349:0: PASS: bimodal formula has modal-temporal interaction
ℹ [1469/1535] Replayed BimodalTest.TraceCertificateTest
info: Tests/BimodalTest/TraceCertificateTest.lean:220:0: === TraceCertificate Unit Tests ===
PASS Test 1: empty cert has correct formula
PASS Test 2: empty cert serializes to valid JSON
PASS Test 3: tautology has outcome validProof
PASS Test 4: tautology trace has rule_fired events (count: 2)
PASS Test 5: tautology trace has branchClosed event
PASS Test 6: fingerprint has 1 entries
PASS Test 7: low-fuel complex formula succeeded (still acceptable)
PASS Test 8: totalSteps equals trace length: 2
PASS Test 9: all outcome types serialize correctly

=== TraceCertificate Tests: 9 passed, 0 failed ===
All TraceCertificate unit tests PASSED
⚠ [1470/1535] Replayed BimodalTest.TraceExportTest
warning: Tests/BimodalTest/TraceExportTest.lean:55:80: `String.takeRight` has been deprecated: Use `String.takeEnd` instead

Note: The updated constant has a different type:
  String → ℕ → String.Slice
instead of
  String → ℕ → String
warning: Tests/BimodalTest/TraceExportTest.lean:97:67: `String.takeRight` has been deprecated: Use `String.takeEnd` instead

Note: The updated constant has a different type:
  String → ℕ → String.Slice
instead of
  String → ℕ → String
info: Tests/BimodalTest/TraceExportTest.lean:168:0: === TraceExport Round-Trip Tests ===
PASS Test 1: empty certificate has 'formula' key
PASS Test 2: empty certificate has 'outcome' key
PASS Test 3: empty certificate has 'trace' key
PASS Test 4: empty certificate has 'axiom_fingerprint' key
PASS Test 5: frame class is 'Base'
PASS Test 6: decideWithTrace on tautology has 'outcome' key
PASS Test 6b: tautology trace contains 'rule_fired' events
PASS Test 7: TraceResult.success has 'status' key
PASS Test 7b: status is 'success'
PASS Test 8: TraceResult.failure has 'status' key
PASS Test 8b: failure_kind is 'out_of_fuel'
PASS Test 9: empty axiom_fingerprint renders as '{}'
PASS Test 10: empty trace renders as '[]'

=== Round-Trip Tests: 13 passed, 0 failed ===
All TraceExport round-trip tests PASSED
ℹ [1471/1535] Replayed BimodalTest.TraceExporterE2ETest
info: Tests/BimodalTest/TraceExporterE2ETest.lean:142:0: === Trace Exporter E2E Smoke Test ===
  Running test 1...
PASS Test 1: p → p is valid
  Running test 2...
PASS Test 2: p → q is invalid (countermodel)
  Running test 3...
PASS Test 3: □p → □p is valid
  Running test 4...
PASS Test 4: JSON serialization of e2e result is well-formed
  Running test 5...
PASS Test 5: trace on □p → □p is non-empty: 2 events
  Running test 6...
PASS Test 6: fingerprint contains expected modal/imp rules

=== E2E Smoke Test: 6 passed, 0 failed ===
All trace exporter e2e smoke tests PASSED
⚠ [1478/1535] Replayed FormalSystem.Metalogic.BXCanonical.Chronicle.ChronicleTypes
warning: FormalSystem/Metalogic/BXCanonical/Chronicle/ChronicleTypes.lean:557:2: The namespace `Chronicle` is duplicated in the declaration `FormalSystem.Metalogic.BXCanonical.Chronicle.Chronicle.dom`.

Note: This linter can be disabled with `set_option linter.dupNamespace false`
warning: FormalSystem/Metalogic/BXCanonical/Chronicle/ChronicleTypes.lean:553:2: The namespace `Chronicle` is duplicated in the declaration `FormalSystem.Metalogic.BXCanonical.Chronicle.Chronicle.f`.

Note: This linter can be disabled with `set_option linter.dupNamespace false`
warning: FormalSystem/Metalogic/BXCanonical/Chronicle/ChronicleTypes.lean:551:10: The namespace `Chronicle` is duplicated in the declaration `FormalSystem.Metalogic.BXCanonical.Chronicle.Chronicle.mk`.

Note: This linter can be disabled with `set_option linter.dupNamespace false`
warning: FormalSystem/Metalogic/BXCanonical/Chronicle/ChronicleTypes.lean:555:2: The namespace `Chronicle` is duplicated in the declaration `FormalSystem.Metalogic.BXCanonical.Chronicle.Chronicle.g`.

Note: This linter can be disabled with `set_option linter.dupNamespace false`
warning: FormalSystem/Metalogic/BXCanonical/Chronicle/ChronicleTypes.lean:551:10: The namespace `Chronicle` is duplicated in the declaration `FormalSystem.Metalogic.BXCanonical.Chronicle.Chronicle`.

Note: This linter can be disabled with `set_option linter.dupNamespace false`
warning: FormalSystem/Metalogic/BXCanonical/Chronicle/ChronicleTypes.lean:562:4: The namespace `Chronicle` is duplicated in the declaration `FormalSystem.Metalogic.BXCanonical.Chronicle.Chronicle.c0`.

Note: This linter can be disabled with `set_option linter.dupNamespace false`
warning: FormalSystem/Metalogic/BXCanonical/Chronicle/ChronicleTypes.lean:570:4: The namespace `Chronicle` is duplicated in the declaration `FormalSystem.Metalogic.BXCanonical.Chronicle.Chronicle.c1`.

Note: This linter can be disabled with `set_option linter.dupNamespace false`
warning: FormalSystem/Metalogic/BXCanonical/Chronicle/ChronicleTypes.lean:575:4: The namespace `Chronicle` is duplicated in the declaration `FormalSystem.Metalogic.BXCanonical.Chronicle.Chronicle.c2`.

Note: This linter can be disabled with `set_option linter.dupNamespace false`
warning: FormalSystem/Metalogic/BXCanonical/Chronicle/ChronicleTypes.lean:591:4: The namespace `Chronicle` is duplicated in the declaration `FormalSystem.Metalogic.BXCanonical.Chronicle.Chronicle.c2'`.

Note: This linter can be disabled with `set_option linter.dupNamespace false`
warning: FormalSystem/Metalogic/BXCanonical/Chronicle/ChronicleTypes.lean:602:4: The namespace `Chronicle` is duplicated in the declaration `FormalSystem.Metalogic.BXCanonical.Chronicle.Chronicle.c3`.

Note: This linter can be disabled with `set_option linter.dupNamespace false`
warning: FormalSystem/Metalogic/BXCanonical/Chronicle/ChronicleTypes.lean:620:4: The namespace `Chronicle` is duplicated in the declaration `FormalSystem.Metalogic.BXCanonical.Chronicle.Chronicle.c4`.

Note: This linter can be disabled with `set_option linter.dupNamespace false`
warning: FormalSystem/Metalogic/BXCanonical/Chronicle/ChronicleTypes.lean:635:4: The namespace `Chronicle` is duplicated in the declaration `FormalSystem.Metalogic.BXCanonical.Chronicle.Chronicle.c4'`.

Note: This linter can be disabled with `set_option linter.dupNamespace false`
warning: FormalSystem/Metalogic/BXCanonical/Chronicle/ChronicleTypes.lean:646:4: The namespace `Chronicle` is duplicated in the declaration `FormalSystem.Metalogic.BXCanonical.Chronicle.Chronicle.c5`.

Note: This linter can be disabled with `set_option linter.dupNamespace false`
warning: FormalSystem/Metalogic/BXCanonical/Chronicle/ChronicleTypes.lean:655:4: The namespace `Chronicle` is duplicated in the declaration `FormalSystem.Metalogic.BXCanonical.Chronicle.Chronicle.c5'`.

Note: This linter can be disabled with `set_option linter.dupNamespace false`
⚠ [1973/2013] Replayed FormalSystem.Metalogic.WeakCanonical.Transfer
warning: FormalSystem/Metalogic/WeakCanonical/Transfer.lean:1225:8: declaration uses `sorry`
⚠ [1978/2013] Replayed FormalSystem.Metalogic.WeakCanonical.DenseModelSurgery.Lemma34
warning: FormalSystem/Metalogic/WeakCanonical/DenseModelSurgery/Lemma34.lean:224:4: `push_neg` has been deprecated. Prefer using `push Not` instead.
If you'd rather continue using `push_neg` in your project, you can implement it as follows:
```
open Lean.Parser.Tactic in
macro "push_neg" cfg:optConfig loc:(location)? : tactic =>
  `(tactic| push $cfg:optConfig Not $[$loc]?)
```
warning: FormalSystem/Metalogic/WeakCanonical/DenseModelSurgery/Lemma34.lean:231:6: `push_neg` has been deprecated. Prefer using `push Not` instead.
If you'd rather continue using `push_neg` in your project, you can implement it as follows:
```
open Lean.Parser.Tactic in
macro "push_neg" cfg:optConfig loc:(location)? : tactic =>
  `(tactic| push $cfg:optConfig Not $[$loc]?)
```
warning: FormalSystem/Metalogic/WeakCanonical/DenseModelSurgery/Lemma34.lean:268:2: `push_neg` has been deprecated. Prefer using `push Not` instead.
If you'd rather continue using `push_neg` in your project, you can implement it as follows:
```
open Lean.Parser.Tactic in
macro "push_neg" cfg:optConfig loc:(location)? : tactic =>
  `(tactic| push $cfg:optConfig Not $[$loc]?)
```
warning: FormalSystem/Metalogic/WeakCanonical/DenseModelSurgery/Lemma34.lean:447:71: This simp argument is unused:
  c4_three

Hint: Omit it from the simp argument list.
  [apply] simp only [classBeginsAtGapStartFormula, ClassBeginsAtGapStart, eval, eval_imp, eval_epsAt, eval_rhoAt,
    Fin.cons_zero, c2_one, c3_one, c3_two, c4_one, c4_two, and_imp]

Note: This linter can be disabled with `set_option linter.unusedSimpArgs false`
warning: FormalSystem/Metalogic/WeakCanonical/DenseModelSurgery/Lemma34.lean:447:81: This simp argument is unused:
  and_imp

Hint: Omit it from the simp argument list.
  [apply] simp only [classBeginsAtGapStartFormula, ClassBeginsAtGapStart, eval, eval_imp, eval_epsAt, eval_rhoAt,
    Fin.cons_zero, c2_one, c3_one, c3_two, c4_one, c4_two, c4_three]

Note: This linter can be disabled with `set_option linter.unusedSimpArgs false`
warning: FormalSystem/Metalogic/WeakCanonical/DenseModelSurgery/Lemma34.lean:497:0: automatically included section variable(s) unused in theorem `FormalSystem.Metalogic.WeakCanonical.DenseModelSurgery.contemp_not_lt_of_kminus`:
  [Fintype sig.preds]
  [DecidableEq sig.preds]
consider restructuring your `variable` declarations so that the variables are not in scope or explicitly omit them:
  omit [Fintype sig.preds] [DecidableEq sig.preds] in theorem ...

Note: This linter can be disabled with `set_option linter.unusedSectionVars false`
warning: FormalSystem/Metalogic/WeakCanonical/DenseModelSurgery/Lemma34.lean:532:4: `push_neg` has been deprecated. Prefer using `push Not` instead.
If you'd rather continue using `push_neg` in your project, you can implement it as follows:
```
open Lean.Parser.Tactic in
macro "push_neg" cfg:optConfig loc:(location)? : tactic =>
  `(tactic| push $cfg:optConfig Not $[$loc]?)
```
warning: FormalSystem/Metalogic/WeakCanonical/DenseModelSurgery/Lemma34.lean:538:6: `push_neg` has been deprecated. Prefer using `push Not` instead.
If you'd rather continue using `push_neg` in your project, you can implement it as follows:
```
open Lean.Parser.Tactic in
macro "push_neg" cfg:optConfig loc:(location)? : tactic =>
  `(tactic| push $cfg:optConfig Not $[$loc]?)
```
warning: FormalSystem/Metalogic/WeakCanonical/DenseModelSurgery/Lemma34.lean:561:4: `push_neg` has been deprecated. Prefer using `push Not` instead.
If you'd rather continue using `push_neg` in your project, you can implement it as follows:
```
open Lean.Parser.Tactic in
macro "push_neg" cfg:optConfig loc:(location)? : tactic =>
  `(tactic| push $cfg:optConfig Not $[$loc]?)
```
warning: FormalSystem/Metalogic/WeakCanonical/DenseModelSurgery/Lemma34.lean:552:0: automatically included section variable(s) unused in theorem `FormalSystem.Metalogic.WeakCanonical.DenseModelSurgery.not_classBeginsAtGapStart`:
  [Fintype sig.preds]
  [DecidableEq sig.preds]
consider restructuring your `variable` declarations so that the variables are not in scope or explicitly omit them:
  omit [Fintype sig.preds] [DecidableEq sig.preds] in theorem ...

Note: This linter can be disabled with `set_option linter.unusedSectionVars false`
warning: FormalSystem/Metalogic/WeakCanonical/DenseModelSurgery/Lemma34.lean:623:4: `push_neg` has been deprecated. Prefer using `push Not` instead.
If you'd rather continue using `push_neg` in your project, you can implement it as follows:
```
open Lean.Parser.Tactic in
macro "push_neg" cfg:optConfig loc:(location)? : tactic =>
  `(tactic| push $cfg:optConfig Not $[$loc]?)
```
warning: FormalSystem/Metalogic/WeakCanonical/DenseModelSurgery/Lemma34.lean:763:4: `push_neg` has been deprecated. Prefer using `push Not` instead.
If you'd rather continue using `push_neg` in your project, you can implement it as follows:
```
open Lean.Parser.Tactic in
macro "push_neg" cfg:optConfig loc:(location)? : tactic =>
  `(tactic| push $cfg:optConfig Not $[$loc]?)
```
warning: FormalSystem/Metalogic/WeakCanonical/DenseModelSurgery/Lemma34.lean:845:4: `push_neg` has been deprecated. Prefer using `push Not` instead.
If you'd rather continue using `push_neg` in your project, you can implement it as follows:
```
open Lean.Parser.Tactic in
macro "push_neg" cfg:optConfig loc:(location)? : tactic =>
  `(tactic| push $cfg:optConfig Not $[$loc]?)
```
warning: FormalSystem/Metalogic/WeakCanonical/DenseModelSurgery/Lemma34.lean:851:2: `push_neg` has been deprecated. Prefer using `push Not` instead.
If you'd rather continue using `push_neg` in your project, you can implement it as follows:
```
open Lean.Parser.Tactic in
macro "push_neg" cfg:optConfig loc:(location)? : tactic =>
  `(tactic| push $cfg:optConfig Not $[$loc]?)
```
warning: FormalSystem/Metalogic/WeakCanonical/DenseModelSurgery/Lemma34.lean:835:0: automatically included section variable(s) unused in theorem `FormalSystem.Metalogic.WeakCanonical.DenseModelSurgery.isFirstClassPoint_congr`:
  [Fintype sig.preds]
  [DecidableEq sig.preds]
consider restructuring your `variable` declarations so that the variables are not in scope or explicitly omit them:
  omit [Fintype sig.preds] [DecidableEq sig.preds] in theorem ...

Note: This linter can be disabled with `set_option linter.unusedSectionVars false`
warning: FormalSystem/Metalogic/WeakCanonical/DenseModelSurgery/Lemma34.lean:860:0: automatically included section variable(s) unused in theorem `FormalSystem.Metalogic.WeakCanonical.DenseModelSurgery.not_isFirstClassPoint`:
  [Fintype sig.preds]
  [DecidableEq sig.preds]
consider restructuring your `variable` declarations so that the variables are not in scope or explicitly omit them:
  omit [Fintype sig.preds] [DecidableEq sig.preds] in theorem ...

Note: This linter can be disabled with `set_option linter.unusedSectionVars false`
warning: FormalSystem/Metalogic/WeakCanonical/DenseModelSurgery/Lemma34.lean:1039:4: `push_neg` has been deprecated. Prefer using `push Not` instead.
If you'd rather continue using `push_neg` in your project, you can implement it as follows:
```
open Lean.Parser.Tactic in
macro "push_neg" cfg:optConfig loc:(location)? : tactic =>
  `(tactic| push $cfg:optConfig Not $[$loc]?)
```
warning: FormalSystem/Metalogic/WeakCanonical/DenseModelSurgery/Lemma34.lean:1044:2: `push_neg` has been deprecated. Prefer using `push Not` instead.
If you'd rather continue using `push_neg` in your project, you can implement it as follows:
```
open Lean.Parser.Tactic in
macro "push_neg" cfg:optConfig loc:(location)? : tactic =>
  `(tactic| push $cfg:optConfig Not $[$loc]?)
```
⚠ [1980/2013] Replayed FormalSystem.Metalogic.WeakCanonical.DenseModelSurgery.Lemma5
warning: FormalSystem/Metalogic/WeakCanonical/DenseModelSurgery/Lemma5.lean:412:4: `push_neg` has been deprecated. Prefer using `push Not` instead.
If you'd rather continue using `push_neg` in your project, you can implement it as follows:
```
open Lean.Parser.Tactic in
macro "push_neg" cfg:optConfig loc:(location)? : tactic =>
  `(tactic| push $cfg:optConfig Not $[$loc]?)
```
warning: FormalSystem/Metalogic/WeakCanonical/DenseModelSurgery/Lemma5.lean:431:4: `push_neg` has been deprecated. Prefer using `push Not` instead.
If you'd rather continue using `push_neg` in your project, you can implement it as follows:
```
open Lean.Parser.Tactic in
macro "push_neg" cfg:optConfig loc:(location)? : tactic =>
  `(tactic| push $cfg:optConfig Not $[$loc]?)
```
warning: FormalSystem/Metalogic/WeakCanonical/DenseModelSurgery/Lemma5.lean:464:4: `push_neg` has been deprecated. Prefer using `push Not` instead.
If you'd rather continue using `push_neg` in your project, you can implement it as follows:
```
open Lean.Parser.Tactic in
macro "push_neg" cfg:optConfig loc:(location)? : tactic =>
  `(tactic| push $cfg:optConfig Not $[$loc]?)
```
warning: FormalSystem/Metalogic/WeakCanonical/DenseModelSurgery/Lemma5.lean:529:4: `push_neg` has been deprecated. Prefer using `push Not` instead.
If you'd rather continue using `push_neg` in your project, you can implement it as follows:
```
open Lean.Parser.Tactic in
macro "push_neg" cfg:optConfig loc:(location)? : tactic =>
  `(tactic| push $cfg:optConfig Not $[$loc]?)
```
warning: FormalSystem/Metalogic/WeakCanonical/DenseModelSurgery/Lemma5.lean:557:6: `push_neg` has been deprecated. Prefer using `push Not` instead.
If you'd rather continue using `push_neg` in your project, you can implement it as follows:
```
open Lean.Parser.Tactic in
macro "push_neg" cfg:optConfig loc:(location)? : tactic =>
  `(tactic| push $cfg:optConfig Not $[$loc]?)
```
warning: FormalSystem/Metalogic/WeakCanonical/DenseModelSurgery/Lemma5.lean:578:6: `push_neg` has been deprecated. Prefer using `push Not` instead.
If you'd rather continue using `push_neg` in your project, you can implement it as follows:
```
open Lean.Parser.Tactic in
macro "push_neg" cfg:optConfig loc:(location)? : tactic =>
  `(tactic| push $cfg:optConfig Not $[$loc]?)
```
⚠ [1981/2013] Replayed FormalSystem.Metalogic.WeakCanonical.DenseModelSurgery.BadIntervals
warning: FormalSystem/Metalogic/WeakCanonical/DenseModelSurgery/BadIntervals.lean:450:0: automatically included section variable(s) unused in theorem `FormalSystem.Metalogic.WeakCanonical.DenseModelSurgery.leftEnd_iff_exists_not_notLeftEnd`:
  [Fintype sig.preds]
  [DecidableEq sig.preds]
consider restructuring your `variable` declarations so that the variables are not in scope or explicitly omit them:
  omit [Fintype sig.preds] [DecidableEq sig.preds] in theorem ...

Note: This linter can be disabled with `set_option linter.unusedSectionVars false`
warning: FormalSystem/Metalogic/WeakCanonical/DenseModelSurgery/BadIntervals.lean:547:4: `push_neg` has been deprecated. Prefer using `push Not` instead.
If you'd rather continue using `push_neg` in your project, you can implement it as follows:
```
open Lean.Parser.Tactic in
macro "push_neg" cfg:optConfig loc:(location)? : tactic =>
  `(tactic| push $cfg:optConfig Not $[$loc]?)
```
warning: FormalSystem/Metalogic/WeakCanonical/DenseModelSurgery/BadIntervals.lean:555:4: `push_neg` has been deprecated. Prefer using `push Not` instead.
If you'd rather continue using `push_neg` in your project, you can implement it as follows:
```
open Lean.Parser.Tactic in
macro "push_neg" cfg:optConfig loc:(location)? : tactic =>
  `(tactic| push $cfg:optConfig Not $[$loc]?)
```
warning: FormalSystem/Metalogic/WeakCanonical/DenseModelSurgery/BadIntervals.lean:566:4: `push_neg` has been deprecated. Prefer using `push Not` instead.
If you'd rather continue using `push_neg` in your project, you can implement it as follows:
```
open Lean.Parser.Tactic in
macro "push_neg" cfg:optConfig loc:(location)? : tactic =>
  `(tactic| push $cfg:optConfig Not $[$loc]?)
```
warning: FormalSystem/Metalogic/WeakCanonical/DenseModelSurgery/BadIntervals.lean:577:6: `push_neg` has been deprecated. Prefer using `push Not` instead.
If you'd rather continue using `push_neg` in your project, you can implement it as follows:
```
open Lean.Parser.Tactic in
macro "push_neg" cfg:optConfig loc:(location)? : tactic =>
  `(tactic| push $cfg:optConfig Not $[$loc]?)
```
warning: FormalSystem/Metalogic/WeakCanonical/DenseModelSurgery/BadIntervals.lean:584:6: `push_neg` has been deprecated. Prefer using `push Not` instead.
If you'd rather continue using `push_neg` in your project, you can implement it as follows:
```
open Lean.Parser.Tactic in
macro "push_neg" cfg:optConfig loc:(location)? : tactic =>
  `(tactic| push $cfg:optConfig Not $[$loc]?)
```
warning: FormalSystem/Metalogic/WeakCanonical/DenseModelSurgery/BadIntervals.lean:637:6: `push_neg` has been deprecated. Prefer using `push Not` instead.
If you'd rather continue using `push_neg` in your project, you can implement it as follows:
```
open Lean.Parser.Tactic in
macro "push_neg" cfg:optConfig loc:(location)? : tactic =>
  `(tactic| push $cfg:optConfig Not $[$loc]?)
```
warning: FormalSystem/Metalogic/WeakCanonical/DenseModelSurgery/BadIntervals.lean:652:6: `push_neg` has been deprecated. Prefer using `push Not` instead.
If you'd rather continue using `push_neg` in your project, you can implement it as follows:
```
open Lean.Parser.Tactic in
macro "push_neg" cfg:optConfig loc:(location)? : tactic =>
  `(tactic| push $cfg:optConfig Not $[$loc]?)
```
warning: FormalSystem/Metalogic/WeakCanonical/DenseModelSurgery/BadIntervals.lean:671:6: `push_neg` has been deprecated. Prefer using `push Not` instead.
If you'd rather continue using `push_neg` in your project, you can implement it as follows:
```
open Lean.Parser.Tactic in
macro "push_neg" cfg:optConfig loc:(location)? : tactic =>
  `(tactic| push $cfg:optConfig Not $[$loc]?)
```
warning: FormalSystem/Metalogic/WeakCanonical/DenseModelSurgery/BadIntervals.lean:701:2: `push_neg` has been deprecated. Prefer using `push Not` instead.
If you'd rather continue using `push_neg` in your project, you can implement it as follows:
```
open Lean.Parser.Tactic in
macro "push_neg" cfg:optConfig loc:(location)? : tactic =>
  `(tactic| push $cfg:optConfig Not $[$loc]?)
```
warning: FormalSystem/Metalogic/WeakCanonical/DenseModelSurgery/BadIntervals.lean:710:2: `push_neg` has been deprecated. Prefer using `push Not` instead.
If you'd rather continue using `push_neg` in your project, you can implement it as follows:
```
open Lean.Parser.Tactic in
macro "push_neg" cfg:optConfig loc:(location)? : tactic =>
  `(tactic| push $cfg:optConfig Not $[$loc]?)
```
warning: FormalSystem/Metalogic/WeakCanonical/DenseModelSurgery/BadIntervals.lean:746:4: `push_neg` has been deprecated. Prefer using `push Not` instead.
If you'd rather continue using `push_neg` in your project, you can implement it as follows:
```
open Lean.Parser.Tactic in
macro "push_neg" cfg:optConfig loc:(location)? : tactic =>
  `(tactic| push $cfg:optConfig Not $[$loc]?)
```
warning: FormalSystem/Metalogic/WeakCanonical/DenseModelSurgery/BadIntervals.lean:766:4: `push_neg` has been deprecated. Prefer using `push Not` instead.
If you'd rather continue using `push_neg` in your project, you can implement it as follows:
```
open Lean.Parser.Tactic in
macro "push_neg" cfg:optConfig loc:(location)? : tactic =>
  `(tactic| push $cfg:optConfig Not $[$loc]?)
```
warning: FormalSystem/Metalogic/WeakCanonical/DenseModelSurgery/BadIntervals.lean:924:8: `push_neg` has been deprecated. Prefer using `push Not` instead.
If you'd rather continue using `push_neg` in your project, you can implement it as follows:
```
open Lean.Parser.Tactic in
macro "push_neg" cfg:optConfig loc:(location)? : tactic =>
  `(tactic| push $cfg:optConfig Not $[$loc]?)
```
warning: FormalSystem/Metalogic/WeakCanonical/DenseModelSurgery/BadIntervals.lean:959:2: `push_neg` has been deprecated. Prefer using `push Not` instead.
If you'd rather continue using `push_neg` in your project, you can implement it as follows:
```
open Lean.Parser.Tactic in
macro "push_neg" cfg:optConfig loc:(location)? : tactic =>
  `(tactic| push $cfg:optConfig Not $[$loc]?)
```
warning: FormalSystem/Metalogic/WeakCanonical/DenseModelSurgery/BadIntervals.lean:992:6: `push_neg` has been deprecated. Prefer using `push Not` instead.
If you'd rather continue using `push_neg` in your project, you can implement it as follows:
```
open Lean.Parser.Tactic in
macro "push_neg" cfg:optConfig loc:(location)? : tactic =>
  `(tactic| push $cfg:optConfig Not $[$loc]?)
```
warning: FormalSystem/Metalogic/WeakCanonical/DenseModelSurgery/BadIntervals.lean:1000:8: `push_neg` has been deprecated. Prefer using `push Not` instead.
If you'd rather continue using `push_neg` in your project, you can implement it as follows:
```
open Lean.Parser.Tactic in
macro "push_neg" cfg:optConfig loc:(location)? : tactic =>
  `(tactic| push $cfg:optConfig Not $[$loc]?)
```
warning: FormalSystem/Metalogic/WeakCanonical/DenseModelSurgery/BadIntervals.lean:1015:2: `push_neg` has been deprecated. Prefer using `push Not` instead.
If you'd rather continue using `push_neg` in your project, you can implement it as follows:
```
open Lean.Parser.Tactic in
macro "push_neg" cfg:optConfig loc:(location)? : tactic =>
  `(tactic| push $cfg:optConfig Not $[$loc]?)
```
warning: FormalSystem/Metalogic/WeakCanonical/DenseModelSurgery/BadIntervals.lean:1043:4: `push_neg` has been deprecated. Prefer using `push Not` instead.
If you'd rather continue using `push_neg` in your project, you can implement it as follows:
```
open Lean.Parser.Tactic in
macro "push_neg" cfg:optConfig loc:(location)? : tactic =>
  `(tactic| push $cfg:optConfig Not $[$loc]?)
```
warning: FormalSystem/Metalogic/WeakCanonical/DenseModelSurgery/BadIntervals.lean:1066:4: `push_neg` has been deprecated. Prefer using `push Not` instead.
If you'd rather continue using `push_neg` in your project, you can implement it as follows:
```
open Lean.Parser.Tactic in
macro "push_neg" cfg:optConfig loc:(location)? : tactic =>
  `(tactic| push $cfg:optConfig Not $[$loc]?)
```
warning: FormalSystem/Metalogic/WeakCanonical/DenseModelSurgery/BadIntervals.lean:1196:8: `push_neg` has been deprecated. Prefer using `push Not` instead.
If you'd rather continue using `push_neg` in your project, you can implement it as follows:
```
open Lean.Parser.Tactic in
macro "push_neg" cfg:optConfig loc:(location)? : tactic =>
  `(tactic| push $cfg:optConfig Not $[$loc]?)
```
warning: FormalSystem/Metalogic/WeakCanonical/DenseModelSurgery/BadIntervals.lean:1222:2: `push_neg` has been deprecated. Prefer using `push Not` instead.
If you'd rather continue using `push_neg` in your project, you can implement it as follows:
```
open Lean.Parser.Tactic in
macro "push_neg" cfg:optConfig loc:(location)? : tactic =>
  `(tactic| push $cfg:optConfig Not $[$loc]?)
```
warning: FormalSystem/Metalogic/WeakCanonical/DenseModelSurgery/BadIntervals.lean:1440:4: `push_neg` has been deprecated. Prefer using `push Not` instead.
If you'd rather continue using `push_neg` in your project, you can implement it as follows:
```
open Lean.Parser.Tactic in
macro "push_neg" cfg:optConfig loc:(location)? : tactic =>
  `(tactic| push $cfg:optConfig Not $[$loc]?)
```
⚠ [1982/2013] Replayed FormalSystem.Metalogic.WeakCanonical.DenseModelSurgery.TruthTransfer
warning: FormalSystem/Metalogic/WeakCanonical/DenseModelSurgery/TruthTransfer.lean:256:2: `push_neg` has been deprecated. Prefer using `push Not` instead.
If you'd rather continue using `push_neg` in your project, you can implement it as follows:
```
open Lean.Parser.Tactic in
macro "push_neg" cfg:optConfig loc:(location)? : tactic =>
  `(tactic| push $cfg:optConfig Not $[$loc]?)
```
warning: FormalSystem/Metalogic/WeakCanonical/DenseModelSurgery/TruthTransfer.lean:263:2: `push_neg` has been deprecated. Prefer using `push Not` instead.
If you'd rather continue using `push_neg` in your project, you can implement it as follows:
```
open Lean.Parser.Tactic in
macro "push_neg" cfg:optConfig loc:(location)? : tactic =>
  `(tactic| push $cfg:optConfig Not $[$loc]?)
```
warning: FormalSystem/Metalogic/WeakCanonical/DenseModelSurgery/TruthTransfer.lean:482:10: `push_neg` has been deprecated. Prefer using `push Not` instead.
If you'd rather continue using `push_neg` in your project, you can implement it as follows:
```
open Lean.Parser.Tactic in
macro "push_neg" cfg:optConfig loc:(location)? : tactic =>
  `(tactic| push $cfg:optConfig Not $[$loc]?)
```
warning: FormalSystem/Metalogic/WeakCanonical/DenseModelSurgery/TruthTransfer.lean:618:0: automatically included section variable(s) unused in theorem `FormalSystem.Metalogic.WeakCanonical.DenseModelSurgery.temporalTruth_iso`:
  [Fintype sig.preds]
  [DecidableEq sig.preds]
consider restructuring your `variable` declarations so that the variables are not in scope or explicitly omit them:
  omit [Fintype sig.preds] [DecidableEq sig.preds] in theorem ...

Note: This linter can be disabled with `set_option linter.unusedSectionVars false`
warning: FormalSystem/Metalogic/WeakCanonical/DenseModelSurgery/TruthTransfer.lean:653:0: automatically included section variable(s) unused in theorem `FormalSystem.Metalogic.WeakCanonical.DenseModelSurgery.isBadPoint_dual`:
  [Fintype sig.preds]
  [DecidableEq sig.preds]
consider restructuring your `variable` declarations so that the variables are not in scope or explicitly omit them:
  omit [Fintype sig.preds] [DecidableEq sig.preds] in theorem ...

Note: This linter can be disabled with `set_option linter.unusedSectionVars false`
warning: FormalSystem/Metalogic/WeakCanonical/DenseModelSurgery/TruthTransfer.lean:662:0: automatically included section variable(s) unused in theorem `FormalSystem.Metalogic.WeakCanonical.DenseModelSurgery.classInteriorToBadInterval_dual`:
  [Fintype sig.preds]
  [DecidableEq sig.preds]
consider restructuring your `variable` declarations so that the variables are not in scope or explicitly omit them:
  omit [Fintype sig.preds] [DecidableEq sig.preds] in theorem ...

Note: This linter can be disabled with `set_option linter.unusedSectionVars false`
⚠ [1983/2013] Replayed FormalSystem.Metalogic.WeakCanonical.DenseModelSurgery.NoGaps
warning: FormalSystem/Metalogic/WeakCanonical/DenseModelSurgery/NoGaps.lean:505:0: automatically included section variable(s) unused in theorem `FormalSystem.Metalogic.WeakCanonical.DenseModelSurgery.endsInGapOnRight_of_mem`:
  [Fintype sig.preds]
  [DecidableEq sig.preds]
consider restructuring your `variable` declarations so that the variables are not in scope or explicitly omit them:
  omit [Fintype sig.preds] [DecidableEq sig.preds] in theorem ...

Note: This linter can be disabled with `set_option linter.unusedSectionVars false`
warning: FormalSystem/Metalogic/WeakCanonical/DenseModelSurgery/NoGaps.lean:512:0: automatically included section variable(s) unused in theorem `FormalSystem.Metalogic.WeakCanonical.DenseModelSurgery.mem_of_badStretch`:
  [Fintype sig.preds]
  [DecidableEq sig.preds]
consider restructuring your `variable` declarations so that the variables are not in scope or explicitly omit them:
  omit [Fintype sig.preds] [DecidableEq sig.preds] in theorem ...

Note: This linter can be disabled with `set_option linter.unusedSectionVars false`
warning: FormalSystem/Metalogic/WeakCanonical/DenseModelSurgery/NoGaps.lean:568:2: `push_neg` has been deprecated. Prefer using `push Not` instead.
If you'd rather continue using `push_neg` in your project, you can implement it as follows:
```
open Lean.Parser.Tactic in
macro "push_neg" cfg:optConfig loc:(location)? : tactic =>
  `(tactic| push $cfg:optConfig Not $[$loc]?)
```
warning: FormalSystem/Metalogic/WeakCanonical/DenseModelSurgery/NoGaps.lean:783:0: automatically included section variable(s) unused in theorem `FormalSystem.Metalogic.WeakCanonical.DenseModelSurgery.StepD.badComp_isBadInterval`:
  [Fintype sig.preds]
  [DecidableEq sig.preds]
consider restructuring your `variable` declarations so that the variables are not in scope or explicitly omit them:
  omit [Fintype sig.preds] [DecidableEq sig.preds] in theorem ...

Note: This linter can be disabled with `set_option linter.unusedSectionVars false`
warning: FormalSystem/Metalogic/WeakCanonical/DenseModelSurgery/NoGaps.lean:784:5: Variable name `h_surj` is not explicitly referenced.

Hint: The binding can be removed (if unused) or named `_` (if used implicitly). Alternatively, prefix the name with `_` to silence this warning:
  [apply] _h_surj

Note: This linter can be disabled with `set_option linter.unusedVariables false`
warning: FormalSystem/Metalogic/WeakCanonical/DenseModelSurgery/NoGaps.lean:785:32: Variable name `hε` is not explicitly referenced.

Hint: The binding can be removed (if unused) or named `_` (if used implicitly). Alternatively, prefix the name with `_` to silence this warning:
  [apply] _hε

Note: This linter can be disabled with `set_option linter.unusedVariables false`
warning: FormalSystem/Metalogic/WeakCanonical/DenseModelSurgery/NoGaps.lean:786:39: Variable name `h_prior_U` is not explicitly referenced.

Hint: The binding can be removed (if unused) or named `_` (if used implicitly). Alternatively, prefix the name with `_` to silence this warning:
  [apply] _h_prior_U

Note: This linter can be disabled with `set_option linter.unusedVariables false`
warning: FormalSystem/Metalogic/WeakCanonical/DenseModelSurgery/NoGaps.lean:787:5: Variable name `h_prior_S` is not explicitly referenced.

Hint: The binding can be removed (if unused) or named `_` (if used implicitly). Alternatively, prefix the name with `_` to silence this warning:
  [apply] _h_prior_S

Note: This linter can be disabled with `set_option linter.unusedVariables false`
ℹ [1987/2013] Replayed FormalSystem.Metalogic.BXCanonical.Completeness
info: FormalSystem/Metalogic/BXCanonical/Completeness.lean:368:0: 'FormalSystem.Metalogic.BXCanonical.completeness_dense' depends on axioms: [propext, Classical.choice, Quot.sound]
info: FormalSystem/Metalogic/BXCanonical/Completeness.lean:369:0: 'FormalSystem.Metalogic.BXCanonical.completeness_discrete' depends on axioms: [propext, Classical.choice, Quot.sound]
info: FormalSystem/Metalogic/BXCanonical/Completeness.lean:411:0: 'FormalSystem.Metalogic.BXCanonical.completeness' depends on axioms: [propext, sorryAx, Classical.choice, Quot.sound]
info: FormalSystem/Metalogic/BXCanonical/Completeness.lean:415:0: 'FormalSystem.Metalogic.BXCanonical.Chronicle.countermodel_dense' depends on axioms: [propext,
 Classical.choice,
 Quot.sound]
ℹ [1988/2013] Replayed FormalSystem.Metalogic.BXCanonical.CompletenessDedekind
info: FormalSystem/Metalogic/BXCanonical/CompletenessDedekind.lean:163:0: 'FormalSystem.Metalogic.BXCanonical.real_lub_of_bddAbove' depends on axioms: [propext, Classical.choice, Quot.sound]
info: FormalSystem/Metalogic/BXCanonical/CompletenessDedekind.lean:164:0: 'FormalSystem.Metalogic.BXCanonical.dedekind_box_dense_mem' depends on axioms: [propext, Classical.choice, Quot.sound]
⚠ [1995/2013] Replayed FormalSystem.Metalogic.BXCanonical.Chronicle.ChronicleRealExtension
warning: FormalSystem/Metalogic/BXCanonical/Chronicle/ChronicleRealExtension.lean:984:2: `push_neg` has been deprecated. Prefer using `push Not` instead.
If you'd rather continue using `push_neg` in your project, you can implement it as follows:
```
open Lean.Parser.Tactic in
macro "push_neg" cfg:optConfig loc:(location)? : tactic =>
  `(tactic| push $cfg:optConfig Not $[$loc]?)
```
⚠ [1998/2013] Replayed BimodalTest.Integration.Helpers
warning: Tests/BimodalTest/Integration/Helpers.lean:125:0: Definition `verify_soundness` is a proposition; use `theorem` instead of `def`

Note: This linter can be disabled with `set_option linter.defProp false`
warning: Tests/BimodalTest/Integration/Helpers.lean:130:0: Definition `verify_validity` is a proposition; use `theorem` instead of `def`

Note: This linter can be disabled with `set_option linter.defProp false`
warning: Tests/BimodalTest/Integration/Helpers.lean:134:0: Definition `verify_workflow` is a proposition; use `theorem` instead of `def`

Note: This linter can be disabled with `set_option linter.defProp false`
warning: Tests/BimodalTest/Integration/Helpers.lean:152:46: Variable name `d` is not explicitly referenced.

Hint: The binding can be removed (if unused) or named `_` (if used implicitly). Alternatively, prefix the name with `_` to silence this warning:
  [apply] _d

Note: This linter can be disabled with `set_option linter.unusedVariables false`
⚠ [2019/2031] Replayed BimodalTest.Integration.ComplexDerivationTest
warning: Tests/BimodalTest/Integration/ComplexDerivationTest.lean:132:54: This simp argument is unused:
  List.mem_singleton

Hint: Omit it from the simp argument list.
  [apply] simp only [Γ, Γ', List.subset_def, List.mem_cons, List.not_mem_nil]

Note: This linter can be disabled with `set_option linter.unusedSimpArgs false`
warning: Tests/BimodalTest/Integration/ComplexDerivationTest.lean:394:55: This simp argument is unused:
  List.mem_singleton

Hint: Omit it from the simp argument list.
  [apply] simp only [Γ1, Γ2, List.subset_def, List.mem_cons, List.not_mem_nil]

Note: This linter can be disabled with `set_option linter.unusedSimpArgs false`
warning: Tests/BimodalTest/Integration/ComplexDerivationTest.lean:402:55: This simp argument is unused:
  List.mem_singleton

Hint: Omit it from the simp argument list.
  [apply] simp only [Γ2, Γ3, List.subset_def, List.mem_cons, List.not_mem_nil]

Note: This linter can be disabled with `set_option linter.unusedSimpArgs false`
✖ [2023/2031] Building BimodalTest.RayRegionProbe (3.3s)
trace: .> LEAN_PATH=/home/benjamin/Projects/BimodalLogic/.lake/packages/Cli/.lake/build/lib/lean:/home/benjamin/Projects/BimodalLogic/.lake/packages/batteries/.lake/build/lib/lean:/home/benjamin/Projects/BimodalLogic/.lake/packages/Qq/.lake/build/lib/lean:/home/benjamin/Projects/BimodalLogic/.lake/packages/aesop/.lake/build/lib/lean:/home/benjamin/Projects/BimodalLogic/.lake/packages/proofwidgets/.lake/build/lib/lean:/home/benjamin/Projects/BimodalLogic/.lake/packages/importGraph/.lake/build/lib/lean:/home/benjamin/Projects/BimodalLogic/.lake/packages/LeanSearchClient/.lake/build/lib/lean:/home/benjamin/Projects/BimodalLogic/.lake/packages/plausible/.lake/build/lib/lean:/home/benjamin/Projects/BimodalLogic/.lake/packages/mathlib/.lake/build/lib/lean:/home/benjamin/Projects/BimodalLogic/.lake/build/lib/lean /home/benjamin/.elan/toolchains/leanprover--lean4---v4.33.0-rc1/bin/lean /home/benjamin/Projects/BimodalLogic/Tests/BimodalTest/RayRegionProbe.lean -o /home/benjamin/Projects/BimodalLogic/.lake/build/lib/lean/BimodalTest/RayRegionProbe.olean -i /home/benjamin/Projects/BimodalLogic/.lake/build/lib/lean/BimodalTest/RayRegionProbe.ilean -c /home/benjamin/Projects/BimodalLogic/.lake/build/ir/BimodalTest/RayRegionProbe.c --setup /home/benjamin/Projects/BimodalLogic/.lake/build/ir/BimodalTest/RayRegionProbe.setup.json --json
info: Tests/BimodalTest/RayRegionProbe.lean:140:0: "OPEN |W|=2 |T|=7 check=false rayUp=false rayDn=false rays=[(2, 2), (0, 0)]"
error: Tests/BimodalTest/RayRegionProbe.lean:139:0: ❌️ Docstring on `#guard_msgs` does not match generated message:

- info: "OPEN |W|=2 |T|=7 check=true rayUp=true rayDn=true rays=[(2, 2), (5, 5)]"
+ info: "OPEN |W|=2 |T|=7 check=false rayUp=false rayDn=false rays=[(2, 2), (0, 0)]"
error: Lean exited with code 1
✖ [2024/2031] Building BimodalTest.BoxSpreadProbe (7.8s)
trace: .> LEAN_PATH=/home/benjamin/Projects/BimodalLogic/.lake/packages/Cli/.lake/build/lib/lean:/home/benjamin/Projects/BimodalLogic/.lake/packages/batteries/.lake/build/lib/lean:/home/benjamin/Projects/BimodalLogic/.lake/packages/Qq/.lake/build/lib/lean:/home/benjamin/Projects/BimodalLogic/.lake/packages/aesop/.lake/build/lib/lean:/home/benjamin/Projects/BimodalLogic/.lake/packages/proofwidgets/.lake/build/lib/lean:/home/benjamin/Projects/BimodalLogic/.lake/packages/importGraph/.lake/build/lib/lean:/home/benjamin/Projects/BimodalLogic/.lake/packages/LeanSearchClient/.lake/build/lib/lean:/home/benjamin/Projects/BimodalLogic/.lake/packages/plausible/.lake/build/lib/lean:/home/benjamin/Projects/BimodalLogic/.lake/packages/mathlib/.lake/build/lib/lean:/home/benjamin/Projects/BimodalLogic/.lake/build/lib/lean /home/benjamin/.elan/toolchains/leanprover--lean4---v4.33.0-rc1/bin/lean /home/benjamin/Projects/BimodalLogic/Tests/BimodalTest/BoxSpreadProbe.lean -o /home/benjamin/Projects/BimodalLogic/.lake/build/lib/lean/BimodalTest/BoxSpreadProbe.olean -i /home/benjamin/Projects/BimodalLogic/.lake/build/lib/lean/BimodalTest/BoxSpreadProbe.ilean -c /home/benjamin/Projects/BimodalLogic/.lake/build/ir/BimodalTest/BoxSpreadProbe.c --setup /home/benjamin/Projects/BimodalLogic/.lake/build/ir/BimodalTest/BoxSpreadProbe.setup.json --json
info: Tests/BimodalTest/BoxSpreadProbe.lean:76:0: "OPEN spread=false anchor=false grid=false |W|=2 |T|=7"
error: Tests/BimodalTest/BoxSpreadProbe.lean:75:0: ❌️ Docstring on `#guard_msgs` does not match generated message:

- info: "OPEN spread=false anchor=true grid=true |W|=2 |T|=7"
+ info: "OPEN spread=false anchor=false grid=false |W|=2 |T|=7"
info: Tests/BimodalTest/BoxSpreadProbe.lean:81:0: "OPEN spread=false anchor=false grid=false |W|=2 |T|=7"
error: Tests/BimodalTest/BoxSpreadProbe.lean:80:0: ❌️ Docstring on `#guard_msgs` does not match generated message:

- info: "OPEN spread=false anchor=true grid=true |W|=2 |T|=7"
+ info: "OPEN spread=false anchor=false grid=false |W|=2 |T|=7"
info: Tests/BimodalTest/BoxSpreadProbe.lean:86:0: "OPEN spread=false anchor=false grid=false |W|=2 |T|=8"
error: Tests/BimodalTest/BoxSpreadProbe.lean:85:0: ❌️ Docstring on `#guard_msgs` does not match generated message:

- info: "OPEN spread=false anchor=true grid=true |W|=2 |T|=10"
+ info: "OPEN spread=false anchor=false grid=false |W|=2 |T|=8"
error: Lean exited with code 1
✖ [2025/2031] Building BimodalTest.RegionGateProbe (12s)
trace: .> LEAN_PATH=/home/benjamin/Projects/BimodalLogic/.lake/packages/Cli/.lake/build/lib/lean:/home/benjamin/Projects/BimodalLogic/.lake/packages/batteries/.lake/build/lib/lean:/home/benjamin/Projects/BimodalLogic/.lake/packages/Qq/.lake/build/lib/lean:/home/benjamin/Projects/BimodalLogic/.lake/packages/aesop/.lake/build/lib/lean:/home/benjamin/Projects/BimodalLogic/.lake/packages/proofwidgets/.lake/build/lib/lean:/home/benjamin/Projects/BimodalLogic/.lake/packages/importGraph/.lake/build/lib/lean:/home/benjamin/Projects/BimodalLogic/.lake/packages/LeanSearchClient/.lake/build/lib/lean:/home/benjamin/Projects/BimodalLogic/.lake/packages/plausible/.lake/build/lib/lean:/home/benjamin/Projects/BimodalLogic/.lake/packages/mathlib/.lake/build/lib/lean:/home/benjamin/Projects/BimodalLogic/.lake/build/lib/lean /home/benjamin/.elan/toolchains/leanprover--lean4---v4.33.0-rc1/bin/lean /home/benjamin/Projects/BimodalLogic/Tests/BimodalTest/RegionGateProbe.lean -o /home/benjamin/Projects/BimodalLogic/.lake/build/lib/lean/BimodalTest/RegionGateProbe.olean -i /home/benjamin/Projects/BimodalLogic/.lake/build/lib/lean/BimodalTest/RegionGateProbe.ilean -c /home/benjamin/Projects/BimodalLogic/.lake/build/ir/BimodalTest/RegionGateProbe.c --setup /home/benjamin/Projects/BimodalLogic/.lake/build/ir/BimodalTest/RegionGateProbe.setup.json --json
info: Tests/BimodalTest/RegionGateProbe.lean:217:0: "OPEN |W|=2 |T|=7 total=true gate=false check=false cands=[[3, 3, 3, 3, 3, 3, 3, 3], [0, 0, 0, 0, 0, 0, 0, 0]]"
error: Tests/BimodalTest/RegionGateProbe.lean:216:0: ❌️ Docstring on `#guard_msgs` does not match generated message:

- info: "OPEN |W|=2 |T|=7 total=true gate=true check=true cands=[[3, 3, 3, 3, 3, 3, 3, 3], [3, 3, 3, 3, 3, 3, 3, 3]]"
+ info: "OPEN |W|=2 |T|=7 total=true gate=false check=false cands=[[3, 3, 3, 3, 3, 3, 3, 3], [0, 0, 0, 0, 0, 0, 0, 0]]"
info: Tests/BimodalTest/RegionGateProbe.lean:223:0: "OPEN |W|=2 |T|=7 total=true gate=false check=false cands=[[3, 3, 3, 3, 3, 3, 3, 3], [0, 0, 0, 0, 0, 0, 0, 0]]"
error: Tests/BimodalTest/RegionGateProbe.lean:222:0: ❌️ Docstring on `#guard_msgs` does not match generated message:

- info: "OPEN |W|=2 |T|=7 total=true gate=true check=true cands=[[3, 3, 3, 3, 3, 3, 3, 3], [3, 3, 3, 3, 1, 1, 1, 1]]"
+ info: "OPEN |W|=2 |T|=7 total=true gate=false check=false cands=[[3, 3, 3, 3, 3, 3, 3, 3], [0, 0, 0, 0, 0, 0, 0, 0]]"
info: Tests/BimodalTest/RegionGateProbe.lean:228:0: "OPEN |W|=2 |T|=8 total=true gate=true check=true cands=[[3, 3, 3, 3, 3, 3, 3, 3, 3], [1, 1, 1, 1, 1, 1, 1, 1, 1]]"
error: Tests/BimodalTest/RegionGateProbe.lean:227:0: ❌️ Docstring on `#guard_msgs` does not match generated message:

- info: "OPEN |W|=2 |T|=10 total=true gate=true check=true cands=[[3, 3, 3, 3, 3, 3, 3, 3, 3, 3, 3], [3, 3, 3, 3, 3, 3, 3, 3, 3, 3, 3]]"
+ info: "OPEN |W|=2 |T|=8 total=true gate=true check=true cands=[[3, 3, 3, 3, 3, 3, 3, 3, 3], [1, 1, 1, 1, 1, 1, 1, 1, 1]]"
info: Tests/BimodalTest/RegionGateProbe.lean:256:0: "OPEN |W|=2 |T|=10 total=true gate=false check=false cands=[[3, 3, 3, 3, 3, 3, 3, 3, 3, 3, 3], [0, 0, 0, 0, 0, 0, 0, 0, 0, 0, 0]]"
error: Tests/BimodalTest/RegionGateProbe.lean:255:0: ❌️ Docstring on `#guard_msgs` does not match generated message:

- info: "OPEN |W|=2 |T|=10 total=true gate=true check=true cands=[[3, 3, 3, 3, 3, 3, 3, 3, 3, 3, 3], [3, 3, 3, 3, 1, 1, 1, 1, 1, 1, 1]]"
+ info: "OPEN |W|=2 |T|=10 total=true gate=false check=false cands=[[3, 3, 3, 3, 3, 3, 3, 3, 3, 3, 3], [0, 0, 0, 0, 0, 0, 0, 0, 0, 0, 0]]"
error: Lean exited with code 1
✖ [2026/2031] Building BimodalTest.TemporalWitnessProbe (21s)
trace: .> LEAN_PATH=/home/benjamin/Projects/BimodalLogic/.lake/packages/Cli/.lake/build/lib/lean:/home/benjamin/Projects/BimodalLogic/.lake/packages/batteries/.lake/build/lib/lean:/home/benjamin/Projects/BimodalLogic/.lake/packages/Qq/.lake/build/lib/lean:/home/benjamin/Projects/BimodalLogic/.lake/packages/aesop/.lake/build/lib/lean:/home/benjamin/Projects/BimodalLogic/.lake/packages/proofwidgets/.lake/build/lib/lean:/home/benjamin/Projects/BimodalLogic/.lake/packages/importGraph/.lake/build/lib/lean:/home/benjamin/Projects/BimodalLogic/.lake/packages/LeanSearchClient/.lake/build/lib/lean:/home/benjamin/Projects/BimodalLogic/.lake/packages/plausible/.lake/build/lib/lean:/home/benjamin/Projects/BimodalLogic/.lake/packages/mathlib/.lake/build/lib/lean:/home/benjamin/Projects/BimodalLogic/.lake/build/lib/lean /home/benjamin/.elan/toolchains/leanprover--lean4---v4.33.0-rc1/bin/lean /home/benjamin/Projects/BimodalLogic/Tests/BimodalTest/TemporalWitnessProbe.lean -o /home/benjamin/Projects/BimodalLogic/.lake/build/lib/lean/BimodalTest/TemporalWitnessProbe.olean -i /home/benjamin/Projects/BimodalLogic/.lake/build/lib/lean/BimodalTest/TemporalWitnessProbe.ilean -c /home/benjamin/Projects/BimodalLogic/.lake/build/ir/BimodalTest/TemporalWitnessProbe.c --setup /home/benjamin/Projects/BimodalLogic/.lake/build/ir/BimodalTest/TemporalWitnessProbe.setup.json --json
info: Tests/BimodalTest/TemporalWitnessProbe.lean:409:0: "OPEN |T|=7 gen=false check=false U[dich=false wit=true gw=true rdG=true nStr=true nCo=true rP=false rN=true] S[dich=false wit=true gw=true ruG=true nStr=true nCo=true rP=false rN=true]"
error: Tests/BimodalTest/TemporalWitnessProbe.lean:408:0: ❌️ Docstring on `#guard_msgs` does not match generated message:

- info: "OPEN |T|=7 gen=false check=true U[dich=false wit=true gw=true rdG=true nStr=true nCo=true rP=true rN=true] S[dich=false wit=true gw=true ruG=true nStr=true nCo=true rP=true rN=true]"
+ info: "OPEN |T|=7 gen=false check=false U[dich=false wit=true gw=true rdG=true nStr=true nCo=true rP=false rN=true] S[dich=false wit=true gw=true ruG=true nStr=true nCo=true rP=false rN=true]"
info: Tests/BimodalTest/TemporalWitnessProbe.lean:522:0: "D check=false uNAR=true sNAR=true"
error: Tests/BimodalTest/TemporalWitnessProbe.lean:521:0: ❌️ Docstring on `#guard_msgs` does not match generated message:

- info: "D check=true uNAR=true sNAR=true"
+ info: "D check=false uNAR=true sNAR=true"
info: Tests/BimodalTest/TemporalWitnessProbe.lean:630:0: "D gen=false check=false uRL=true uRLs=true sRU=true sRUs=true"
error: Tests/BimodalTest/TemporalWitnessProbe.lean:629:0: ❌️ Docstring on `#guard_msgs` does not match generated message:

- info: "D gen=false check=true uRL=true uRLs=true sRU=true sRUs=true"
+ info: "D gen=false check=false uRL=true uRLs=true sRU=true sRUs=true"
info: Tests/BimodalTest/TemporalWitnessProbe.lean:776:0: "D gen=false check=false uGW=true [gw=true wit=true] sGW=true [gw=true wit=true] uRD=true [rdG=true] sRU=true [ruG=true]"
error: Tests/BimodalTest/TemporalWitnessProbe.lean:775:0: ❌️ Docstring on `#guard_msgs` does not match generated message:

- info: "D gen=false check=true uGW=true [gw=true wit=true] sGW=true [gw=true wit=true] uRD=true [rdG=true] sRU=true [ruG=true]"
+ info: "D gen=false check=false uGW=true [gw=true wit=true] sGW=true [gw=true wit=true] uRD=true [rdG=true] sRU=true [ruG=true]"
info: Tests/BimodalTest/TemporalWitnessProbe.lean:928:0: "D gen=false check=false uNRU=true [k=true r=true uRL=true] sNRD=true [k=true r=true sRU=true]"
error: Tests/BimodalTest/TemporalWitnessProbe.lean:927:0: ❌️ Docstring on `#guard_msgs` does not match generated message:

- info: "D gen=false check=true uNRU=true [k=true r=true uRL=true] sNRD=true [k=true r=true sRU=true]"
+ info: "D gen=false check=false uNRU=true [k=true r=true uRL=true] sNRD=true [k=true r=true sRU=true]"
info: Tests/BimodalTest/TemporalWitnessProbe.lean:1086:0: "D gen=false check=false uPR=false [self=false uRD=true] sPR=false [self=false sRU=true]"
error: Tests/BimodalTest/TemporalWitnessProbe.lean:1085:0: ❌️ Docstring on `#guard_msgs` does not match generated message:

- info: "D gen=false check=true uPR=true [self=true uRD=true] sPR=true [self=true sRU=true]"
+ info: "D gen=false check=false uPR=false [self=false uRD=true] sPR=false [self=false sRU=true]"
error: Lean exited with code 1
