ℹ [680/1139] Replayed FormalSystem.Syntax.Formula
info: FormalSystem/Syntax/Formula.lean:271:0: 2
info: FormalSystem/Syntax/Formula.lean:274:0: 2
info: FormalSystem/Syntax/Formula.lean:277:0: 2
info: FormalSystem/Syntax/Formula.lean:280:0: 2
info: FormalSystem/Syntax/Formula.lean:283:0: 3
info: FormalSystem/Syntax/Formula.lean:286:0: 3
info: FormalSystem/Syntax/Formula.lean:287:0: 3
info: FormalSystem/Syntax/Formula.lean:563:0: 3
info: FormalSystem/Syntax/Formula.lean:566:0: 3
info: FormalSystem/Syntax/Formula.lean:569:0: 3
info: FormalSystem/Syntax/Formula.lean:572:0: 3
info: FormalSystem/Syntax/Formula.lean:575:0: 4
info: FormalSystem/Syntax/Formula.lean:578:0: 4
info: FormalSystem/Syntax/Formula.lean:615:0: 2
info: FormalSystem/Syntax/Formula.lean:618:0: 2
info: FormalSystem/Syntax/Formula.lean:621:0: 2
info: FormalSystem/Syntax/Formula.lean:624:0: 2
info: FormalSystem/Syntax/Formula.lean:627:0: 2
info: FormalSystem/Syntax/Formula.lean:630:0: 2
info: FormalSystem/Syntax/Formula.lean:633:0: 2
⚠ [1337/1983] Replayed FormalSystem.Metalogic.SoundnessLemmas.DenseValidity
warning: FormalSystem/Metalogic/SoundnessLemmas/DenseValidity.lean:570:6: Try this: intro _ _
warning: FormalSystem/Metalogic/SoundnessLemmas/DenseValidity.lean:577:6: Try this: intro _ h_neg_second
warning: FormalSystem/Metalogic/SoundnessLemmas/DenseValidity.lean:594:6: Try this: intro _ h_neg_second
warning: FormalSystem/Metalogic/SoundnessLemmas/DenseValidity.lean:601:6: Try this: intro _ _
warning: FormalSystem/Metalogic/SoundnessLemmas/DenseValidity.lean:889:4: Try this: intro _ h_neg_second
warning: FormalSystem/Metalogic/SoundnessLemmas/DenseValidity.lean:896:4: Try this: intro _ _
warning: FormalSystem/Metalogic/SoundnessLemmas/DenseValidity.lean:921:4: Try this: intro _ _
warning: FormalSystem/Metalogic/SoundnessLemmas/DenseValidity.lean:928:4: Try this: intro _ h_neg_second
⚠ [1340/1983] Replayed FormalSystem.Metalogic.Soundness
warning: FormalSystem/Metalogic/Soundness.lean:301:4: Try this: intro _ h_neg_second
warning: FormalSystem/Metalogic/Soundness.lean:311:4: Try this: intro _ _
warning: FormalSystem/Metalogic/Soundness.lean:338:4: Try this: intro _ _
warning: FormalSystem/Metalogic/Soundness.lean:346:4: Try this: intro _ h_neg_second
⚠ [1346/1983] Replayed FormalSystem.Metalogic.Decidability.Tableau
warning: FormalSystem/Metalogic/Decidability/Tableau.lean:464:30: This simp argument is unused:
  if_false

Hint: Omit it from the simp argument list.
  [apply] simp only [hc, if_true, reduceIte] at hsg

Note: This linter can be disabled with `set_option linter.unusedSimpArgs false`
warning: FormalSystem/Metalogic/Decidability/Tableau.lean:464:40: This simp argument is unused:
  reduceIte

Hint: Omit it from the simp argument list.
  [apply] simp only [hc, if_true, if_false] at hsg

Note: This linter can be disabled with `set_option linter.unusedSimpArgs false`
warning: FormalSystem/Metalogic/Decidability/Tableau.lean:471:30: This simp argument is unused:
  if_false

Hint: Omit it from the simp argument list.
  [apply] simp only [hc, if_true, reduceIte] at hsg

Note: This linter can be disabled with `set_option linter.unusedSimpArgs false`
warning: FormalSystem/Metalogic/Decidability/Tableau.lean:471:40: This simp argument is unused:
  reduceIte

Hint: Omit it from the simp argument list.
  [apply] simp only [hc, if_true, if_false] at hsg

Note: This linter can be disabled with `set_option linter.unusedSimpArgs false`
warning: FormalSystem/Metalogic/Decidability/Tableau.lean:2753:52: This simp argument is unused:
  Bool.not_eq_true

Hint: Omit it from the simp argument list.
  [apply] simp only [isExpanded, Option.isNone_iff_eq_none, decide_eq_true_eq, Bool.not_eq_eq_eq_not, Bool.not_false,
    Bool.decide_eq_false, Bool.not_eq_false] at hfind

Note: This linter can be disabled with `set_option linter.unusedSimpArgs false`
warning: FormalSystem/Metalogic/Decidability/Tableau.lean:2754:4: This simp argument is unused:
  Bool.not_eq_eq_eq_not

Hint: Omit it from the simp argument list.
  [apply] simp only [isExpanded, Option.isNone_iff_eq_none, Bool.not_eq_true, decide_eq_true_eq, Bool.not_false,
    Bool.decide_eq_false, Bool.not_eq_false] at hfind

Note: This linter can be disabled with `set_option linter.unusedSimpArgs false`
warning: FormalSystem/Metalogic/Decidability/Tableau.lean:2754:27: This simp argument is unused:
  Bool.not_false

Hint: Omit it from the simp argument list.
  [apply] simp only [isExpanded, Option.isNone_iff_eq_none, Bool.not_eq_true, decide_eq_true_eq, Bool.not_eq_eq_eq_not,
    Bool.decide_eq_false, Bool.not_eq_false] at hfind

Note: This linter can be disabled with `set_option linter.unusedSimpArgs false`
warning: FormalSystem/Metalogic/Decidability/Tableau.lean:2754:43: This simp argument is unused:
  Bool.decide_eq_false

Hint: Omit it from the simp argument list.
  [apply] simp only [isExpanded, Option.isNone_iff_eq_none, Bool.not_eq_true, decide_eq_true_eq, Bool.not_eq_eq_eq_not,
    Bool.not_false, Bool.not_eq_false] at hfind

Note: This linter can be disabled with `set_option linter.unusedSimpArgs false`
warning: FormalSystem/Metalogic/Decidability/Tableau.lean:2754:65: This simp argument is unused:
  Bool.not_eq_false

Hint: Omit it from the simp argument list.
  [apply] simp only [isExpanded, Option.isNone_iff_eq_none, Bool.not_eq_true, decide_eq_true_eq, Bool.not_eq_eq_eq_not,
    Bool.not_false, Bool.decide_eq_false] at hfind

Note: This linter can be disabled with `set_option linter.unusedSimpArgs false`
warning: FormalSystem/Metalogic/Decidability/Tableau.lean:2800:34: This simp argument is unused:
  Bool.not_eq_true

Hint: Omit it from the simp argument list.
  [apply] simp only [hfresh, if_true] at hr

Note: This linter can be disabled with `set_option linter.unusedSimpArgs false`
⚠ [1352/1983] Replayed FormalSystem.Metalogic.Decidability.Saturation
warning: FormalSystem/Metalogic/Decidability/Saturation.lean:934:29: Variable name `appliedSet` is not explicitly referenced.

Hint: The binding can be removed (if unused) or named `_` (if used implicitly). Alternatively, prefix the name with `_` to silence this warning:
  [apply] _appliedSet

Note: This linter can be disabled with `set_option linter.unusedVariables false`
info: FormalSystem/Metalogic/Decidability/Saturation.lean:1064:0: "PASS: U(p, bot) -> F(p) is valid"
info: FormalSystem/Metalogic/Decidability/Saturation.lean:1074:0: "PASS: S(p, bot) -> P(p) is valid"
info: FormalSystem/Metalogic/Decidability/Saturation.lean:1084:0: "PASS: F(p) -> U(p, top) is valid (BX12)"
info: FormalSystem/Metalogic/Decidability/Saturation.lean:1093:0: "PASS: P(p) -> S(p, top) is valid (BX12')"
info: FormalSystem/Metalogic/Decidability/Saturation.lean:1102:0: "PASS: F(top) -> top is valid"
info: FormalSystem/Metalogic/Decidability/Saturation.lean:1112:0: "PASS: U(p, q) is satisfiable (open branch found)"
info: FormalSystem/Metalogic/Decidability/Saturation.lean:1121:0: "PASS: p -> p is valid"
info: FormalSystem/Metalogic/Decidability/Saturation.lean:1146:0: "PASS B1: G(p) -> G(p) is valid"
info: FormalSystem/Metalogic/Decidability/Saturation.lean:1155:0: "PASS B2: U(p,q) -> U(p,q) is valid"
info: FormalSystem/Metalogic/Decidability/Saturation.lean:1165:0: "PASS B3: U(p,bot) -> F(p) is valid (eventuality witnessed)"
info: FormalSystem/Metalogic/Decidability/Saturation.lean:1192:0: "PASS: □p → Gp is valid"
info: FormalSystem/Metalogic/Decidability/Saturation.lean:1201:0: "PASS: □p → Hp is valid"
info: FormalSystem/Metalogic/Decidability/Saturation.lean:1213:0: "PASS: □p → always p is valid (P1 perpetuity)"
info: FormalSystem/Metalogic/Decidability/Saturation.lean:1223:0: "PASS: □(□p) → G(□p) is valid"
info: FormalSystem/Metalogic/Decidability/Saturation.lean:1237:0: "PASS: p ∧ F(¬p) is satisfiable (open branch found)"
info: FormalSystem/Metalogic/Decidability/Saturation.lean:1246:0: "PASS: □p → □(Gp) is valid (modal_future)"
info: FormalSystem/Metalogic/Decidability/Saturation.lean:1273:0: "PASS E1: U(U(p,q),r) -> U(U(p,q),r) is valid"
info: FormalSystem/Metalogic/Decidability/Saturation.lean:1283:0: "PASS E2: S(p,bot) -> P(p) is valid"
info: FormalSystem/Metalogic/Decidability/Saturation.lean:1292:0: "PASS E3: p -> (q -> p) is valid"
info: FormalSystem/Metalogic/Decidability/Saturation.lean:1302:0: "PASS E4: U(p,q) is satisfiable (open branch with blocking)"
info: FormalSystem/Metalogic/Decidability/Saturation.lean:1313:0: "INFO E5: G(p) -> p is invalid (strict reading)"
info: FormalSystem/Metalogic/Decidability/Saturation.lean:1758:0: "PASS FC1: GGp → Gp closes under Dense"
info: FormalSystem/Metalogic/Decidability/Saturation.lean:1768:0: "PASS FC2: GGp → Gp correctly open under Base"
info: FormalSystem/Metalogic/Decidability/Saturation.lean:1777:0: "PASS FC3: ¬U(⊤,⊥) closes under Dense"
info: FormalSystem/Metalogic/Decidability/Saturation.lean:1787:0: "PASS FC4: ¬U(⊤,⊥) correctly open under Base"
info: FormalSystem/Metalogic/Decidability/Saturation.lean:1796:0: "PASS FC5: F(p) → U(p, ¬p) closes under Discrete"
info: FormalSystem/Metalogic/Decidability/Saturation.lean:1806:0: "PASS FC6: F(p) → U(p, ¬p) correctly open under Base"
info: FormalSystem/Metalogic/Decidability/Saturation.lean:1815:0: "PASS FC7: F(p) → U(p, ¬p) correctly open under Dense"
info: FormalSystem/Metalogic/Decidability/Saturation.lean:1824:0: "PASS FC8: p → p closes under all frame classes (monotonicity)"
info: FormalSystem/Metalogic/Decidability/Saturation.lean:1839:0: "PASS FC9: ¬U(⊤,⊥) correctly open under Discrete"
info: FormalSystem/Metalogic/Decidability/Saturation.lean:1861:0: "PASS PL1: diamond p terminates with open branch (no loop)"
info: FormalSystem/Metalogic/Decidability/Saturation.lean:1870:0: "PASS PL2: (box(bot -> bot) -> r) terminates (no stall)"
info: FormalSystem/Metalogic/Decidability/Saturation.lean:1879:0: "PASS PL3: box(bot -> p) is valid"
info: FormalSystem/Metalogic/Decidability/Saturation.lean:1888:0: "PASS PL4: box(p -> p) is valid"
info: FormalSystem/Metalogic/Decidability/Saturation.lean:1897:0: "PASS PL5: (box bot -> r) is valid"
info: FormalSystem/Metalogic/Decidability/Saturation.lean:1932:0: "PASS AN1: G(p) → ¬F(¬p) is valid"
info: FormalSystem/Metalogic/Decidability/Saturation.lean:1945:0: "PASS AN2: U(p,q) is satisfiable (active untlNeg created time)"
info: FormalSystem/Metalogic/Decidability/Saturation.lean:1958:0: "PASS AN3: U(p,q) → U(p,q) is valid"
info: FormalSystem/Metalogic/Decidability/Saturation.lean:1968:0: "PASS AN4: S(p,q) is satisfiable (active snceNeg created time)"
info: FormalSystem/Metalogic/Decidability/Saturation.lean:1980:0: "PASS AN5: H(p) → ¬P(¬p) is valid"
info: FormalSystem/Metalogic/Decidability/Saturation.lean:1997:0: "PASS AN6: nested Until identity valid (fuel=500)"
info: FormalSystem/Metalogic/Decidability/Saturation.lean:2011:0: "PASS AN7: U(p,q) → F(p) valid (fuel=500)"
info: FormalSystem/Metalogic/Decidability/Saturation.lean:2024:0: "PASS AN8: ¬U(p,q) satisfiable (fuel=500, active rule + blocking)"
info: FormalSystem/Metalogic/Decidability/Saturation.lean:2047:0: "PASS FA1: balanced branches get equal fuel"
info: FormalSystem/Metalogic/Decidability/Saturation.lean:2060:0: "PASS FA2: temporal branch gets more fuel than propositional"
info: FormalSystem/Metalogic/Decidability/Saturation.lean:2071:0: "PASS FA3: all allocations in bounds [1, 199]: [25, 100, 75]"
info: FormalSystem/Metalogic/Decidability/Saturation.lean:2082:0: "PASS FA4: fuel=0 gives all zeros"
info: FormalSystem/Metalogic/Decidability/Saturation.lean:2091:0: "PASS FA5: difficulty ordering correct: prop=1 < modal=3 < temp=4"
⚠ [1354/1983] Replayed FormalSystem.Metalogic.Decidability.CountermodelExtraction
warning: FormalSystem/Metalogic/Decidability/CountermodelExtraction.lean:565:46: This simp argument is unused:
  if_false

Hint: Omit it from the simp argument list.
  [apply] simp only [isApplicable, asUntil?, hg', applyRule, ruleMintsFreshLabel, ruleSelfGuarded, if_true,
    Option.isSome_some, if_neg hc] at h

Note: This linter can be disabled with `set_option linter.unusedSimpArgs false`
warning: FormalSystem/Metalogic/Decidability/CountermodelExtraction.lean:566:34: This simp argument is unused:
  Option.isSome_some

Hint: Omit it from the simp argument list.
  [apply] simp only [isApplicable, asUntil?, hg', if_false, applyRule, ruleMintsFreshLabel, ruleSelfGuarded, if_true,
    if_neg hc] at h

Note: This linter can be disabled with `set_option linter.unusedSimpArgs false`
warning: FormalSystem/Metalogic/Decidability/CountermodelExtraction.lean:610:46: This simp argument is unused:
  if_false

Hint: Omit it from the simp argument list.
  [apply] simp only [isApplicable, asSince?, hg', applyRule, ruleMintsFreshLabel, ruleSelfGuarded, if_true,
    Option.isSome_some, if_neg hc] at h

Note: This linter can be disabled with `set_option linter.unusedSimpArgs false`
warning: FormalSystem/Metalogic/Decidability/CountermodelExtraction.lean:611:34: This simp argument is unused:
  Option.isSome_some

Hint: Omit it from the simp argument list.
  [apply] simp only [isApplicable, asSince?, hg', if_false, applyRule, ruleMintsFreshLabel, ruleSelfGuarded, if_true,
    if_neg hc] at h

Note: This linter can be disabled with `set_option linter.unusedSimpArgs false`
warning: FormalSystem/Metalogic/Decidability/CountermodelExtraction.lean:806:57: This simp argument is unused:
  ruleSelfGuarded

Hint: Omit it from the simp argument list.
  [apply] simp at hUntlNeg

Note: This linter can be disabled with `set_option linter.unusedSimpArgs false`
warning: FormalSystem/Metalogic/Decidability/CountermodelExtraction.lean:873:57: This simp argument is unused:
  ruleSelfGuarded

Hint: Omit it from the simp argument list.
  [apply] simp at hSnceNeg

Note: This linter can be disabled with `set_option linter.unusedSimpArgs false`
ℹ [1356/1983] Replayed FormalSystem.Automation.Normalization
info: FormalSystem/Automation/Normalization.lean:239:0: neg_unfold : ∀ (φ : Formula), φ.neg = φ.imp bot
info: FormalSystem/Automation/Normalization.lean:240:0: top_unfold : top = bot.imp bot
info: FormalSystem/Automation/Normalization.lean:241:0: next_unfold : ∀ (φ : Formula), φ.next = φ.untl bot
info: FormalSystem/Automation/Normalization.lean:242:0: prev_unfold : ∀ (φ : Formula), φ.prev = φ.snce bot
info: FormalSystem/Automation/Normalization.lean:243:0: and_unfold : ∀ (φ ψ : Formula), φ.and ψ = (φ.imp (ψ.imp bot)).imp bot
info: FormalSystem/Automation/Normalization.lean:244:0: or_unfold : ∀ (φ ψ : Formula), φ.or ψ = (φ.imp bot).imp ψ
info: FormalSystem/Automation/Normalization.lean:245:0: diamond_unfold : ∀ (φ : Formula), φ.diamond = (φ.imp bot).box.imp bot
info: FormalSystem/Automation/Normalization.lean:246:0: some_future_unfold : ∀ (φ : Formula), φ.someFuture = φ.untl (bot.imp bot)
info: FormalSystem/Automation/Normalization.lean:247:0: some_past_unfold : ∀ (φ : Formula), φ.somePast = φ.snce (bot.imp bot)
info: FormalSystem/Automation/Normalization.lean:248:0: all_future_unfold : ∀ (φ : Formula), φ.allFuture = ((φ.imp bot).untl (bot.imp bot)).imp bot
info: FormalSystem/Automation/Normalization.lean:249:0: all_past_unfold : ∀ (φ : Formula), φ.allPast = ((φ.imp bot).snce (bot.imp bot)).imp bot
info: FormalSystem/Automation/Normalization.lean:250:0: weak_future_unfold : ∀ (φ : Formula),
  φ.weakFuture = (φ.imp ((((φ.imp bot).untl (bot.imp bot)).imp bot).imp bot)).imp bot
info: FormalSystem/Automation/Normalization.lean:251:0: weak_past_unfold : ∀ (φ : Formula), φ.weakPast = (φ.imp ((((φ.imp bot).snce (bot.imp bot)).imp bot).imp bot)).imp bot
info: FormalSystem/Automation/Normalization.lean:252:0: always_unfold : ∀ (φ : Formula), △φ = φ.allPast.and (φ.and φ.allFuture)
info: FormalSystem/Automation/Normalization.lean:253:0: sometimes_unfold : ∀ (φ : Formula), ▽φ = (△φ.neg).neg
info: FormalSystem/Automation/Normalization.lean:254:0: strong_release_unfold : ∀ (φ ψ : Formula), φ.strongRelease ψ = (ψ.and φ).untl ψ
info: FormalSystem/Automation/Normalization.lean:255:0: strong_trigger_unfold : ∀ (φ ψ : Formula), φ.strongTrigger ψ = (ψ.and φ).snce ψ
info: FormalSystem/Automation/Normalization.lean:613:0: FormalSystem.Automation.Normalization.EnrichedFormula.neg
  (FormalSystem.Automation.Normalization.EnrichedFormula.atom { base := "p", freshIndex := none })
info: FormalSystem/Automation/Normalization.lean:620:0: FormalSystem.Automation.Normalization.EnrichedFormula.top
info: FormalSystem/Automation/Normalization.lean:627:0: FormalSystem.Automation.Normalization.EnrichedFormula.diamond
  (FormalSystem.Automation.Normalization.EnrichedFormula.atom { base := "p", freshIndex := none })
info: FormalSystem/Automation/Normalization.lean:634:0: FormalSystem.Automation.Normalization.EnrichedFormula.and_
  (FormalSystem.Automation.Normalization.EnrichedFormula.atom { base := "p", freshIndex := none })
  (FormalSystem.Automation.Normalization.EnrichedFormula.atom { base := "q", freshIndex := none })
info: FormalSystem/Automation/Normalization.lean:641:0: FormalSystem.Automation.Normalization.EnrichedFormula.imp
  (FormalSystem.Automation.Normalization.EnrichedFormula.neg
    (FormalSystem.Automation.Normalization.EnrichedFormula.atom { base := "p", freshIndex := none }))
  (FormalSystem.Automation.Normalization.EnrichedFormula.atom { base := "q", freshIndex := none })
info: FormalSystem/Automation/Normalization.lean:648:0: FormalSystem.Automation.Normalization.EnrichedFormula.some_future
  (FormalSystem.Automation.Normalization.EnrichedFormula.atom { base := "p", freshIndex := none })
info: FormalSystem/Automation/Normalization.lean:655:0: FormalSystem.Automation.Normalization.EnrichedFormula.some_past
  (FormalSystem.Automation.Normalization.EnrichedFormula.atom { base := "p", freshIndex := none })
info: FormalSystem/Automation/Normalization.lean:661:0: FormalSystem.Automation.Normalization.EnrichedFormula.all_future
  (FormalSystem.Automation.Normalization.EnrichedFormula.atom { base := "p", freshIndex := none })
info: FormalSystem/Automation/Normalization.lean:667:0: FormalSystem.Automation.Normalization.EnrichedFormula.all_past
  (FormalSystem.Automation.Normalization.EnrichedFormula.atom { base := "p", freshIndex := none })
info: FormalSystem/Automation/Normalization.lean:673:0: FormalSystem.Automation.Normalization.EnrichedFormula.next
  (FormalSystem.Automation.Normalization.EnrichedFormula.atom { base := "p", freshIndex := none })
info: FormalSystem/Automation/Normalization.lean:679:0: FormalSystem.Automation.Normalization.EnrichedFormula.prev
  (FormalSystem.Automation.Normalization.EnrichedFormula.atom { base := "p", freshIndex := none })
info: FormalSystem/Automation/Normalization.lean:686:0: [(true, (FormalSystem.Syntax.Formula.imp
  (FormalSystem.Syntax.Formula.atom { base := "p", freshIndex := none })
  (FormalSystem.Syntax.Formula.bot), FormalSystem.Automation.Normalization.EnrichedFormula.neg
  (FormalSystem.Automation.Normalization.EnrichedFormula.atom { base := "p", freshIndex := none }))), (true, (FormalSystem.Syntax.Formula.imp (FormalSystem.Syntax.Formula.bot) (FormalSystem.Syntax.Formula.bot), FormalSystem.Automation.Normalization.EnrichedFormula.top)), (true, (FormalSystem.Syntax.Formula.imp
  (FormalSystem.Syntax.Formula.imp
    (FormalSystem.Syntax.Formula.atom { base := "p", freshIndex := none })
    (FormalSystem.Syntax.Formula.imp
      (FormalSystem.Syntax.Formula.atom { base := "q", freshIndex := none })
      (FormalSystem.Syntax.Formula.bot)))
  (FormalSystem.Syntax.Formula.bot), FormalSystem.Automation.Normalization.EnrichedFormula.and_
  (FormalSystem.Automation.Normalization.EnrichedFormula.atom { base := "p", freshIndex := none })
  (FormalSystem.Automation.Normalization.EnrichedFormula.atom { base := "q", freshIndex := none }))), (true, (FormalSystem.Syntax.Formula.imp
  (FormalSystem.Syntax.Formula.imp
    (FormalSystem.Syntax.Formula.atom { base := "p", freshIndex := none })
    (FormalSystem.Syntax.Formula.bot))
  (FormalSystem.Syntax.Formula.atom { base := "q", freshIndex := none }), FormalSystem.Automation.Normalization.EnrichedFormula.imp
  (FormalSystem.Automation.Normalization.EnrichedFormula.neg
    (FormalSystem.Automation.Normalization.EnrichedFormula.atom { base := "p", freshIndex := none }))
  (FormalSystem.Automation.Normalization.EnrichedFormula.atom { base := "q", freshIndex := none }))), (true, (FormalSystem.Syntax.Formula.imp
  (FormalSystem.Syntax.Formula.box
    (FormalSystem.Syntax.Formula.imp
      (FormalSystem.Syntax.Formula.atom { base := "p", freshIndex := none })
      (FormalSystem.Syntax.Formula.bot)))
  (FormalSystem.Syntax.Formula.bot), FormalSystem.Automation.Normalization.EnrichedFormula.diamond
  (FormalSystem.Automation.Normalization.EnrichedFormula.atom { base := "p", freshIndex := none }))), (true, (FormalSystem.Syntax.Formula.untl
  (FormalSystem.Syntax.Formula.atom { base := "p", freshIndex := none })
  (FormalSystem.Syntax.Formula.imp (FormalSystem.Syntax.Formula.bot) (FormalSystem.Syntax.Formula.bot)), FormalSystem.Automation.Normalization.EnrichedFormula.some_future
  (FormalSystem.Automation.Normalization.EnrichedFormula.atom { base := "p", freshIndex := none }))), (true, (FormalSystem.Syntax.Formula.snce
  (FormalSystem.Syntax.Formula.atom { base := "p", freshIndex := none })
  (FormalSystem.Syntax.Formula.imp (FormalSystem.Syntax.Formula.bot) (FormalSystem.Syntax.Formula.bot)), FormalSystem.Automation.Normalization.EnrichedFormula.some_past
  (FormalSystem.Automation.Normalization.EnrichedFormula.atom { base := "p", freshIndex := none }))), (true, (FormalSystem.Syntax.Formula.imp
  (FormalSystem.Syntax.Formula.untl
    (FormalSystem.Syntax.Formula.imp
      (FormalSystem.Syntax.Formula.atom { base := "p", freshIndex := none })
      (FormalSystem.Syntax.Formula.bot))
    (FormalSystem.Syntax.Formula.imp (FormalSystem.Syntax.Formula.bot) (FormalSystem.Syntax.Formula.bot)))
  (FormalSystem.Syntax.Formula.bot), FormalSystem.Automation.Normalization.EnrichedFormula.all_future
  (FormalSystem.Automation.Normalization.EnrichedFormula.atom { base := "p", freshIndex := none }))), (true, (FormalSystem.Syntax.Formula.imp
  (FormalSystem.Syntax.Formula.snce
    (FormalSystem.Syntax.Formula.imp
      (FormalSystem.Syntax.Formula.atom { base := "p", freshIndex := none })
      (FormalSystem.Syntax.Formula.bot))
    (FormalSystem.Syntax.Formula.imp (FormalSystem.Syntax.Formula.bot) (FormalSystem.Syntax.Formula.bot)))
  (FormalSystem.Syntax.Formula.bot), FormalSystem.Automation.Normalization.EnrichedFormula.all_past
  (FormalSystem.Automation.Normalization.EnrichedFormula.atom { base := "p", freshIndex := none }))), (true, (FormalSystem.Syntax.Formula.untl
  (FormalSystem.Syntax.Formula.atom { base := "p", freshIndex := none })
  (FormalSystem.Syntax.Formula.bot), FormalSystem.Automation.Normalization.EnrichedFormula.next
  (FormalSystem.Automation.Normalization.EnrichedFormula.atom { base := "p", freshIndex := none }))), (true, (FormalSystem.Syntax.Formula.snce
  (FormalSystem.Syntax.Formula.atom { base := "p", freshIndex := none })
  (FormalSystem.Syntax.Formula.bot), FormalSystem.Automation.Normalization.EnrichedFormula.prev
  (FormalSystem.Automation.Normalization.EnrichedFormula.atom { base := "p", freshIndex := none })))]
info: FormalSystem/Automation/Normalization.lean:707:0: FormalSystem.Automation.Normalization.EnrichedFormula.weak_future
  (FormalSystem.Automation.Normalization.EnrichedFormula.atom { base := "p", freshIndex := none })
info: FormalSystem/Automation/Normalization.lean:713:0: FormalSystem.Automation.Normalization.EnrichedFormula.weak_past
  (FormalSystem.Automation.Normalization.EnrichedFormula.atom { base := "p", freshIndex := none })
info: FormalSystem/Automation/Normalization.lean:719:0: FormalSystem.Automation.Normalization.EnrichedFormula.always
  (FormalSystem.Automation.Normalization.EnrichedFormula.atom { base := "p", freshIndex := none })
info: FormalSystem/Automation/Normalization.lean:725:0: FormalSystem.Automation.Normalization.EnrichedFormula.sometimes
  (FormalSystem.Automation.Normalization.EnrichedFormula.atom { base := "p", freshIndex := none })
info: FormalSystem/Automation/Normalization.lean:731:0: [(true, FormalSystem.Automation.Normalization.EnrichedFormula.always
  (FormalSystem.Automation.Normalization.EnrichedFormula.atom { base := "p", freshIndex := none })), (true, FormalSystem.Automation.Normalization.EnrichedFormula.sometimes
  (FormalSystem.Automation.Normalization.EnrichedFormula.atom { base := "p", freshIndex := none })), (true, FormalSystem.Automation.Normalization.EnrichedFormula.weak_future
  (FormalSystem.Automation.Normalization.EnrichedFormula.atom { base := "p", freshIndex := none })), (true, FormalSystem.Automation.Normalization.EnrichedFormula.weak_past
  (FormalSystem.Automation.Normalization.EnrichedFormula.atom { base := "p", freshIndex := none }))]
info: FormalSystem/Automation/Normalization.lean:910:0: "Round-trip test: ALL PASS (21 formulas tested)"
info: FormalSystem/Automation/Normalization.lean:1128:0: "{\"tag\": \"neg\", \"child\": {\"tag\": \"atom\", \"name\": \"p\"}}"
info: FormalSystem/Automation/Normalization.lean:1134:0: "{\"tag\": \"diamond\", \"child\": {\"tag\": \"atom\", \"name\": \"p\"}}"
info: FormalSystem/Automation/Normalization.lean:1140:0: "{\"tag\": \"diamond\", \"child\": {\"tag\": \"atom\", \"name\": \"p\"}}"
info: FormalSystem/Automation/Normalization.lean:1146:0: "△p"
info: FormalSystem/Automation/Normalization.lean:1152:0: "(and (atom \"p\") (atom \"q\"))"
info: FormalSystem/Automation/Normalization.lean:1158:0: "{\"tag\": \"always\", \"child\": {\"tag\": \"atom\", \"name\": \"p\"}}"
info: FormalSystem/Automation/Normalization.lean:1164:0: "(<>p → Gq)"
⚠ [1372/1983] Replayed FormalSystem.Metalogic.Core.RestrictedMCS.Basic
warning: FormalSystem/Metalogic/Core/RestrictedMCS/Basic.lean:414:4: Try this: intro L hL ⟨d⟩
⚠ [1379/1983] Replayed FormalSystem.Metalogic.Decidability.FMP.FMP
warning: FormalSystem/Metalogic/Decidability/FMP/FMP.lean:78:4: Try this: intro L hL ⟨d_bot⟩
⚠ [1386/1983] Replayed FormalSystem.Metalogic.Decidability.Verified.Termination.SubformulaProperty
warning: FormalSystem/Metalogic/Decidability/Verified/Termination/SubformulaProperty.lean:445:63: This simp argument is unused:
  if_false

Hint: Omit it from the simp argument list.
  [apply] simp only [h, if_true]

Note: This linter can be disabled with `set_option linter.unusedSimpArgs false`
warning: FormalSystem/Metalogic/Decidability/Verified/Termination/SubformulaProperty.lean:482:109: This simp argument is unused:
  SignedFormula.neg

Hint: Omit it from the simp argument list.
  [apply] simp_all only [asAnd?_eq_iff, List.mem_cons, List.not_mem_nil, or_false, SignedFormula.pos, reduceCtorEq]

Note: This linter can be disabled with `set_option linter.unusedSimpArgs false`
warning: FormalSystem/Metalogic/Decidability/Verified/Termination/SubformulaProperty.lean:484:2: 'all_goals (try subst hg)' tactic does nothing

Note: This linter can be disabled with `set_option linter.unusedTactic false`
warning: FormalSystem/Metalogic/Decidability/Verified/Termination/SubformulaProperty.lean:499:4: This simp argument is unused:
  SignedFormula.pos

Hint: Omit it from the simp argument list.
  [apply] simp_all only [asAnd?_eq_iff, List.flatten_cons, List.flatten_nil, List.append_nil, List.mem_append,
    List.mem_cons, List.not_mem_nil, or_false, SignedFormula.neg, reduceCtorEq]

Note: This linter can be disabled with `set_option linter.unusedSimpArgs false`
warning: FormalSystem/Metalogic/Decidability/Verified/Termination/SubformulaProperty.lean:501:2: 'all_goals (try subst hg)' tactic does nothing

Note: This linter can be disabled with `set_option linter.unusedTactic false`
warning: FormalSystem/Metalogic/Decidability/Verified/Termination/SubformulaProperty.lean:516:23: This simp argument is unused:
  SignedFormula.neg

Hint: Omit it from the simp argument list.
  [apply] simp_all only [asOr?_eq_iff, List.flatten_cons, List.flatten_nil, List.append_nil, List.mem_append,
    List.mem_cons, List.not_mem_nil, or_false, SignedFormula.pos, reduceCtorEq]

Note: This linter can be disabled with `set_option linter.unusedSimpArgs false`
warning: FormalSystem/Metalogic/Decidability/Verified/Termination/SubformulaProperty.lean:518:2: 'all_goals (try subst hg)' tactic does nothing

Note: This linter can be disabled with `set_option linter.unusedTactic false`
warning: FormalSystem/Metalogic/Decidability/Verified/Termination/SubformulaProperty.lean:531:89: This simp argument is unused:
  SignedFormula.pos

Hint: Omit it from the simp argument list.
  [apply] simp_all only [asOr?_eq_iff, List.mem_cons, List.not_mem_nil, or_false, SignedFormula.neg, reduceCtorEq]

Note: This linter can be disabled with `set_option linter.unusedSimpArgs false`
warning: FormalSystem/Metalogic/Decidability/Verified/Termination/SubformulaProperty.lean:533:2: 'all_goals (try subst hg)' tactic does nothing

Note: This linter can be disabled with `set_option linter.unusedTactic false`
warning: FormalSystem/Metalogic/Decidability/Verified/Termination/SubformulaProperty.lean:550:2: 'all_goals (try subst hg)' tactic does nothing

Note: This linter can be disabled with `set_option linter.unusedTactic false`
warning: FormalSystem/Metalogic/Decidability/Verified/Termination/SubformulaProperty.lean:565:2: 'all_goals (try subst hg)' tactic does nothing

Note: This linter can be disabled with `set_option linter.unusedTactic false`
warning: FormalSystem/Metalogic/Decidability/Verified/Termination/SubformulaProperty.lean:578:90: This simp argument is unused:
  SignedFormula.pos

Hint: Omit it from the simp argument list.
  [apply] simp_all only [asNeg?_eq_iff, List.mem_cons, List.not_mem_nil, or_false, SignedFormula.neg, reduceCtorEq]

Note: This linter can be disabled with `set_option linter.unusedSimpArgs false`
warning: FormalSystem/Metalogic/Decidability/Verified/Termination/SubformulaProperty.lean:580:2: 'all_goals (try subst hg)' tactic does nothing

Note: This linter can be disabled with `set_option linter.unusedTactic false`
warning: FormalSystem/Metalogic/Decidability/Verified/Termination/SubformulaProperty.lean:591:109: This simp argument is unused:
  SignedFormula.neg

Hint: Omit it from the simp argument list.
  [apply] simp_all only [asNeg?_eq_iff, List.mem_cons, List.not_mem_nil, or_false, SignedFormula.pos, reduceCtorEq]

Note: This linter can be disabled with `set_option linter.unusedSimpArgs false`
warning: FormalSystem/Metalogic/Decidability/Verified/Termination/SubformulaProperty.lean:593:2: 'all_goals (try subst hg)' tactic does nothing

Note: This linter can be disabled with `set_option linter.unusedTactic false`
warning: FormalSystem/Metalogic/Decidability/Verified/Termination/SubformulaProperty.lean:618:61: This simp argument is unused:
  SignedFormula.neg

Hint: Omit it from the simp argument list.
  [apply] simp_all only [List.mem_filter, List.mem_cons, List.not_mem_nil, or_false, Bool.not_eq_eq_eq_not,
    Bool.not_true, SignedFormula.pos, reduceCtorEq]

Note: This linter can be disabled with `set_option linter.unusedSimpArgs false`
warning: FormalSystem/Metalogic/Decidability/Verified/Termination/SubformulaProperty.lean:621:2: 'all_goals (try subst hg)' tactic does nothing

Note: This linter can be disabled with `set_option linter.unusedTactic false`
warning: FormalSystem/Metalogic/Decidability/Verified/Termination/SubformulaProperty.lean:635:45: This simp argument is unused:
  SignedFormula.pos

Hint: Omit it from the simp argument list.
  [apply] simp_all only [List.not_mem_nil, SignedFormula.neg, reduceCtorEq]

Note: This linter can be disabled with `set_option linter.unusedSimpArgs false`
warning: FormalSystem/Metalogic/Decidability/Verified/Termination/SubformulaProperty.lean:635:64: This simp argument is unused:
  SignedFormula.neg

Hint: Omit it from the simp argument list.
  [apply] simp_all only [List.not_mem_nil, SignedFormula.pos, reduceCtorEq]

Note: This linter can be disabled with `set_option linter.unusedSimpArgs false`
warning: FormalSystem/Metalogic/Decidability/Verified/Termination/SubformulaProperty.lean:683:56: This simp argument is unused:
  or_false

Hint: Omit it from the simp argument list.
  [apply] simp_all only [List.map_cons, List.map_nil, List.flatten_cons, List.flatten_nil, List.append_nil,
    List.mem_append, List.not_mem_nil, reduceCtorEq]

Note: This linter can be disabled with `set_option linter.unusedSimpArgs false`
warning: FormalSystem/Metalogic/Decidability/Verified/Termination/SubformulaProperty.lean:685:56: This simp argument is unused:
  or_false

Hint: Omit it from the simp argument list.
  [apply] simp only [List.map_cons, List.map_nil, List.flatten_cons, List.flatten_nil, List.append_nil, List.mem_append,
    List.not_mem_nil] at hg

Note: This linter can be disabled with `set_option linter.unusedSimpArgs false`
warning: FormalSystem/Metalogic/Decidability/Verified/Termination/SubformulaProperty.lean:842:4: This simp argument is unused:
  List.flatten_cons

Hint: Omit it from the simp argument list.
  [apply] simp only [Branch.boxPosFormulas, Branch.diamondNegFormulas, Branch.allFuturePosAtTime,
    Branch.allPastPosAtTime, Branch.someFutureNegAtTime, Branch.somePastNegAtTime, Branch.untlNegAtTime,
    Branch.snceNegAtTime, List.flatten_nil, List.append_nil, List.mem_cons, List.mem_append, List.not_mem_nil,
    or_false] at hg

Note: This linter can be disabled with `set_option linter.unusedSimpArgs false`
warning: FormalSystem/Metalogic/Decidability/Verified/Termination/SubformulaProperty.lean:842:23: This simp argument is unused:
  List.flatten_nil

Hint: Omit it from the simp argument list.
  [apply] simp only [Branch.boxPosFormulas, Branch.diamondNegFormulas, Branch.allFuturePosAtTime,
    Branch.allPastPosAtTime, Branch.someFutureNegAtTime, Branch.somePastNegAtTime, Branch.untlNegAtTime,
    Branch.snceNegAtTime, List.flatten_cons, List.append_nil, List.mem_cons, List.mem_append, List.not_mem_nil,
    or_false] at hg

Note: This linter can be disabled with `set_option linter.unusedSimpArgs false`
warning: FormalSystem/Metalogic/Decidability/Verified/Termination/SubformulaProperty.lean:842:41: This simp argument is unused:
  List.append_nil

Hint: Omit it from the simp argument list.
  [apply] simp only [Branch.boxPosFormulas, Branch.diamondNegFormulas, Branch.allFuturePosAtTime,
    Branch.allPastPosAtTime, Branch.someFutureNegAtTime, Branch.somePastNegAtTime, Branch.untlNegAtTime,
    Branch.snceNegAtTime, List.flatten_cons, List.flatten_nil, List.mem_cons, List.mem_append, List.not_mem_nil,
    or_false] at hg

Note: This linter can be disabled with `set_option linter.unusedSimpArgs false`
warning: FormalSystem/Metalogic/Decidability/Verified/Termination/SubformulaProperty.lean:843:4: This simp argument is unused:
  List.not_mem_nil

Hint: Omit it from the simp argument list.
  [apply] simp only [Branch.boxPosFormulas, Branch.diamondNegFormulas, Branch.allFuturePosAtTime,
    Branch.allPastPosAtTime, Branch.someFutureNegAtTime, Branch.somePastNegAtTime, Branch.untlNegAtTime,
    Branch.snceNegAtTime, List.flatten_cons, List.flatten_nil, List.append_nil, List.mem_cons, List.mem_append,
    or_false] at hg

Note: This linter can be disabled with `set_option linter.unusedSimpArgs false`
warning: FormalSystem/Metalogic/Decidability/Verified/Termination/SubformulaProperty.lean:843:22: This simp argument is unused:
  or_false

Hint: Omit it from the simp argument list.
  [apply] simp only [Branch.boxPosFormulas, Branch.diamondNegFormulas, Branch.allFuturePosAtTime,
    Branch.allPastPosAtTime, Branch.someFutureNegAtTime, Branch.somePastNegAtTime, Branch.untlNegAtTime,
    Branch.snceNegAtTime, List.flatten_cons, List.flatten_nil, List.append_nil, List.mem_cons, List.mem_append,
    List.not_mem_nil] at hg

Note: This linter can be disabled with `set_option linter.unusedSimpArgs false`
warning: FormalSystem/Metalogic/Decidability/Verified/Termination/SubformulaProperty.lean:857:6: '(obtain ⟨s, hs, hsg⟩ := mem_boxDiamondPersistence hg; rw [hsg]; exact hb _ hs)' tactic does nothing

Note: This linter can be disabled with `set_option linter.unusedTactic false`
warning: FormalSystem/Metalogic/Decidability/Verified/Termination/SubformulaProperty.lean:857:6: this tactic is never executed

Note: This linter can be disabled with `set_option linter.unreachableTactic false`
warning: FormalSystem/Metalogic/Decidability/Verified/Termination/SubformulaProperty.lean:873:4: This simp argument is unused:
  List.flatten_cons

Hint: Omit it from the simp argument list.
  [apply] simp only [Branch.boxPosFormulas, Branch.diamondNegFormulas, Branch.allFuturePosAtTime,
    Branch.allPastPosAtTime, Branch.someFutureNegAtTime, Branch.somePastNegAtTime, Branch.untlNegAtTime,
    Branch.snceNegAtTime, List.flatten_nil, List.append_nil, List.mem_cons, List.mem_append, List.not_mem_nil,
    or_false] at hg

Note: This linter can be disabled with `set_option linter.unusedSimpArgs false`
warning: FormalSystem/Metalogic/Decidability/Verified/Termination/SubformulaProperty.lean:873:23: This simp argument is unused:
  List.flatten_nil

Hint: Omit it from the simp argument list.
  [apply] simp only [Branch.boxPosFormulas, Branch.diamondNegFormulas, Branch.allFuturePosAtTime,
    Branch.allPastPosAtTime, Branch.someFutureNegAtTime, Branch.somePastNegAtTime, Branch.untlNegAtTime,
    Branch.snceNegAtTime, List.flatten_cons, List.append_nil, List.mem_cons, List.mem_append, List.not_mem_nil,
    or_false] at hg

Note: This linter can be disabled with `set_option linter.unusedSimpArgs false`
warning: FormalSystem/Metalogic/Decidability/Verified/Termination/SubformulaProperty.lean:873:41: This simp argument is unused:
  List.append_nil

Hint: Omit it from the simp argument list.
  [apply] simp only [Branch.boxPosFormulas, Branch.diamondNegFormulas, Branch.allFuturePosAtTime,
    Branch.allPastPosAtTime, Branch.someFutureNegAtTime, Branch.somePastNegAtTime, Branch.untlNegAtTime,
    Branch.snceNegAtTime, List.flatten_cons, List.flatten_nil, List.mem_cons, List.mem_append, List.not_mem_nil,
    or_false] at hg

Note: This linter can be disabled with `set_option linter.unusedSimpArgs false`
warning: FormalSystem/Metalogic/Decidability/Verified/Termination/SubformulaProperty.lean:874:4: This simp argument is unused:
  List.not_mem_nil

Hint: Omit it from the simp argument list.
  [apply] simp only [Branch.boxPosFormulas, Branch.diamondNegFormulas, Branch.allFuturePosAtTime,
    Branch.allPastPosAtTime, Branch.someFutureNegAtTime, Branch.somePastNegAtTime, Branch.untlNegAtTime,
    Branch.snceNegAtTime, List.flatten_cons, List.flatten_nil, List.append_nil, List.mem_cons, List.mem_append,
    or_false] at hg

Note: This linter can be disabled with `set_option linter.unusedSimpArgs false`
warning: FormalSystem/Metalogic/Decidability/Verified/Termination/SubformulaProperty.lean:874:22: This simp argument is unused:
  or_false

Hint: Omit it from the simp argument list.
  [apply] simp only [Branch.boxPosFormulas, Branch.diamondNegFormulas, Branch.allFuturePosAtTime,
    Branch.allPastPosAtTime, Branch.someFutureNegAtTime, Branch.somePastNegAtTime, Branch.untlNegAtTime,
    Branch.snceNegAtTime, List.flatten_cons, List.flatten_nil, List.append_nil, List.mem_cons, List.mem_append,
    List.not_mem_nil] at hg

Note: This linter can be disabled with `set_option linter.unusedSimpArgs false`
warning: FormalSystem/Metalogic/Decidability/Verified/Termination/SubformulaProperty.lean:888:6: '(obtain ⟨s, hs, hsg⟩ := mem_boxDiamondPersistence hg; rw [hsg]; exact hb _ hs)' tactic does nothing

Note: This linter can be disabled with `set_option linter.unusedTactic false`
warning: FormalSystem/Metalogic/Decidability/Verified/Termination/SubformulaProperty.lean:888:6: this tactic is never executed

Note: This linter can be disabled with `set_option linter.unreachableTactic false`
warning: FormalSystem/Metalogic/Decidability/Verified/Termination/SubformulaProperty.lean:902:4: This simp argument is unused:
  List.flatten_cons

Hint: Omit it from the simp argument list.
  [apply] simp only [Branch.allFuturePosFormulas, Branch.someFutureNegFormulas, List.flatten_nil, List.append_nil,
    List.mem_cons, List.mem_append, List.not_mem_nil, or_false] at hg

Note: This linter can be disabled with `set_option linter.unusedSimpArgs false`
warning: FormalSystem/Metalogic/Decidability/Verified/Termination/SubformulaProperty.lean:902:23: This simp argument is unused:
  List.flatten_nil

Hint: Omit it from the simp argument list.
  [apply] simp only [Branch.allFuturePosFormulas, Branch.someFutureNegFormulas, List.flatten_cons, List.append_nil,
    List.mem_cons, List.mem_append, List.not_mem_nil, or_false] at hg

Note: This linter can be disabled with `set_option linter.unusedSimpArgs false`
warning: FormalSystem/Metalogic/Decidability/Verified/Termination/SubformulaProperty.lean:902:41: This simp argument is unused:
  List.append_nil

Hint: Omit it from the simp argument list.
  [apply] simp only [Branch.allFuturePosFormulas, Branch.someFutureNegFormulas, List.flatten_cons, List.flatten_nil,
    List.mem_cons, List.mem_append, List.not_mem_nil, or_false] at hg

Note: This linter can be disabled with `set_option linter.unusedSimpArgs false`
warning: FormalSystem/Metalogic/Decidability/Verified/Termination/SubformulaProperty.lean:903:4: This simp argument is unused:
  List.not_mem_nil

Hint: Omit it from the simp argument list.
  [apply] simp only [Branch.allFuturePosFormulas, Branch.someFutureNegFormulas, List.flatten_cons, List.flatten_nil,
    List.append_nil, List.mem_cons, List.mem_append, or_false] at hg

Note: This linter can be disabled with `set_option linter.unusedSimpArgs false`
warning: FormalSystem/Metalogic/Decidability/Verified/Termination/SubformulaProperty.lean:903:22: This simp argument is unused:
  or_false

Hint: Omit it from the simp argument list.
  [apply] simp only [Branch.allFuturePosFormulas, Branch.someFutureNegFormulas, List.flatten_cons, List.flatten_nil,
    List.append_nil, List.mem_cons, List.mem_append, List.not_mem_nil] at hg

Note: This linter can be disabled with `set_option linter.unusedSimpArgs false`
warning: FormalSystem/Metalogic/Decidability/Verified/Termination/SubformulaProperty.lean:931:4: This simp argument is unused:
  List.flatten_cons

Hint: Omit it from the simp argument list.
  [apply] simp only [Branch.allPastPosFormulas, Branch.somePastNegFormulas, List.flatten_nil, List.append_nil,
    List.mem_cons, List.mem_append, List.not_mem_nil, or_false] at hg

Note: This linter can be disabled with `set_option linter.unusedSimpArgs false`
warning: FormalSystem/Metalogic/Decidability/Verified/Termination/SubformulaProperty.lean:931:23: This simp argument is unused:
  List.flatten_nil

Hint: Omit it from the simp argument list.
  [apply] simp only [Branch.allPastPosFormulas, Branch.somePastNegFormulas, List.flatten_cons, List.append_nil,
    List.mem_cons, List.mem_append, List.not_mem_nil, or_false] at hg

Note: This linter can be disabled with `set_option linter.unusedSimpArgs false`
warning: FormalSystem/Metalogic/Decidability/Verified/Termination/SubformulaProperty.lean:931:41: This simp argument is unused:
  List.append_nil

Hint: Omit it from the simp argument list.
  [apply] simp only [Branch.allPastPosFormulas, Branch.somePastNegFormulas, List.flatten_cons, List.flatten_nil,
    List.mem_cons, List.mem_append, List.not_mem_nil, or_false] at hg

Note: This linter can be disabled with `set_option linter.unusedSimpArgs false`
warning: FormalSystem/Metalogic/Decidability/Verified/Termination/SubformulaProperty.lean:932:4: This simp argument is unused:
  List.not_mem_nil

Hint: Omit it from the simp argument list.
  [apply] simp only [Branch.allPastPosFormulas, Branch.somePastNegFormulas, List.flatten_cons, List.flatten_nil,
    List.append_nil, List.mem_cons, List.mem_append, or_false] at hg

Note: This linter can be disabled with `set_option linter.unusedSimpArgs false`
warning: FormalSystem/Metalogic/Decidability/Verified/Termination/SubformulaProperty.lean:932:22: This simp argument is unused:
  or_false

Hint: Omit it from the simp argument list.
  [apply] simp only [Branch.allPastPosFormulas, Branch.somePastNegFormulas, List.flatten_cons, List.flatten_nil,
    List.append_nil, List.mem_cons, List.mem_append, List.not_mem_nil] at hg

Note: This linter can be disabled with `set_option linter.unusedSimpArgs false`
warning: FormalSystem/Metalogic/Decidability/Verified/Termination/SubformulaProperty.lean:960:4: This simp argument is unused:
  List.flatten_cons

Hint: Omit it from the simp argument list.
  [apply] simp only [Branch.allFuturePosFormulas, Branch.someFutureNegFormulas, List.flatten_nil, List.append_nil,
    List.mem_cons, List.mem_append, List.not_mem_nil, or_false] at hg

Note: This linter can be disabled with `set_option linter.unusedSimpArgs false`
warning: FormalSystem/Metalogic/Decidability/Verified/Termination/SubformulaProperty.lean:960:23: This simp argument is unused:
  List.flatten_nil

Hint: Omit it from the simp argument list.
  [apply] simp only [Branch.allFuturePosFormulas, Branch.someFutureNegFormulas, List.flatten_cons, List.append_nil,
    List.mem_cons, List.mem_append, List.not_mem_nil, or_false] at hg

Note: This linter can be disabled with `set_option linter.unusedSimpArgs false`
warning: FormalSystem/Metalogic/Decidability/Verified/Termination/SubformulaProperty.lean:960:41: This simp argument is unused:
  List.append_nil

Hint: Omit it from the simp argument list.
  [apply] simp only [Branch.allFuturePosFormulas, Branch.someFutureNegFormulas, List.flatten_cons, List.flatten_nil,
    List.mem_cons, List.mem_append, List.not_mem_nil, or_false] at hg

Note: This linter can be disabled with `set_option linter.unusedSimpArgs false`
warning: FormalSystem/Metalogic/Decidability/Verified/Termination/SubformulaProperty.lean:961:4: This simp argument is unused:
  List.not_mem_nil

Hint: Omit it from the simp argument list.
  [apply] simp only [Branch.allFuturePosFormulas, Branch.someFutureNegFormulas, List.flatten_cons, List.flatten_nil,
    List.append_nil, List.mem_cons, List.mem_append, or_false] at hg

Note: This linter can be disabled with `set_option linter.unusedSimpArgs false`
warning: FormalSystem/Metalogic/Decidability/Verified/Termination/SubformulaProperty.lean:961:22: This simp argument is unused:
  or_false

Hint: Omit it from the simp argument list.
  [apply] simp only [Branch.allFuturePosFormulas, Branch.someFutureNegFormulas, List.flatten_cons, List.flatten_nil,
    List.append_nil, List.mem_cons, List.mem_append, List.not_mem_nil] at hg

Note: This linter can be disabled with `set_option linter.unusedSimpArgs false`
warning: FormalSystem/Metalogic/Decidability/Verified/Termination/SubformulaProperty.lean:989:4: This simp argument is unused:
  List.flatten_cons

Hint: Omit it from the simp argument list.
  [apply] simp only [Branch.allPastPosFormulas, Branch.somePastNegFormulas, List.flatten_nil, List.append_nil,
    List.mem_cons, List.mem_append, List.not_mem_nil, or_false] at hg

Note: This linter can be disabled with `set_option linter.unusedSimpArgs false`
warning: FormalSystem/Metalogic/Decidability/Verified/Termination/SubformulaProperty.lean:989:23: This simp argument is unused:
  List.flatten_nil

Hint: Omit it from the simp argument list.
  [apply] simp only [Branch.allPastPosFormulas, Branch.somePastNegFormulas, List.flatten_cons, List.append_nil,
    List.mem_cons, List.mem_append, List.not_mem_nil, or_false] at hg

Note: This linter can be disabled with `set_option linter.unusedSimpArgs false`
warning: FormalSystem/Metalogic/Decidability/Verified/Termination/SubformulaProperty.lean:989:41: This simp argument is unused:
  List.append_nil

Hint: Omit it from the simp argument list.
  [apply] simp only [Branch.allPastPosFormulas, Branch.somePastNegFormulas, List.flatten_cons, List.flatten_nil,
    List.mem_cons, List.mem_append, List.not_mem_nil, or_false] at hg

Note: This linter can be disabled with `set_option linter.unusedSimpArgs false`
warning: FormalSystem/Metalogic/Decidability/Verified/Termination/SubformulaProperty.lean:990:4: This simp argument is unused:
  List.not_mem_nil

Hint: Omit it from the simp argument list.
  [apply] simp only [Branch.allPastPosFormulas, Branch.somePastNegFormulas, List.flatten_cons, List.flatten_nil,
    List.append_nil, List.mem_cons, List.mem_append, or_false] at hg

Note: This linter can be disabled with `set_option linter.unusedSimpArgs false`
warning: FormalSystem/Metalogic/Decidability/Verified/Termination/SubformulaProperty.lean:990:22: This simp argument is unused:
  or_false

Hint: Omit it from the simp argument list.
  [apply] simp only [Branch.allPastPosFormulas, Branch.somePastNegFormulas, List.flatten_cons, List.flatten_nil,
    List.append_nil, List.mem_cons, List.mem_append, List.not_mem_nil] at hg

Note: This linter can be disabled with `set_option linter.unusedSimpArgs false`
warning: FormalSystem/Metalogic/Decidability/Verified/Termination/SubformulaProperty.lean:1034:7: 'simp_all only []' tactic does nothing

Note: This linter can be disabled with `set_option linter.unusedTactic false`
warning: FormalSystem/Metalogic/Decidability/Verified/Termination/SubformulaProperty.lean:1034:25: 'done' tactic does nothing

Note: This linter can be disabled with `set_option linter.unusedTactic false`
warning: FormalSystem/Metalogic/Decidability/Verified/Termination/SubformulaProperty.lean:1034:25: this tactic is never executed

Note: This linter can be disabled with `set_option linter.unreachableTactic false`
warning: FormalSystem/Metalogic/Decidability/Verified/Termination/SubformulaProperty.lean:1066:7: 'simp_all only []' tactic does nothing

Note: This linter can be disabled with `set_option linter.unusedTactic false`
warning: FormalSystem/Metalogic/Decidability/Verified/Termination/SubformulaProperty.lean:1066:25: 'done' tactic does nothing

Note: This linter can be disabled with `set_option linter.unusedTactic false`
warning: FormalSystem/Metalogic/Decidability/Verified/Termination/SubformulaProperty.lean:1066:25: this tactic is never executed

Note: This linter can be disabled with `set_option linter.unreachableTactic false`
warning: FormalSystem/Metalogic/Decidability/Verified/Termination/SubformulaProperty.lean:1098:25: 'done' tactic does nothing

Note: This linter can be disabled with `set_option linter.unusedTactic false`
warning: FormalSystem/Metalogic/Decidability/Verified/Termination/SubformulaProperty.lean:1130:25: 'done' tactic does nothing

Note: This linter can be disabled with `set_option linter.unusedTactic false`
warning: FormalSystem/Metalogic/Decidability/Verified/Termination/SubformulaProperty.lean:1206:4: This simp argument is unused:
  Formula.self_mem_subformulas

Hint: Omit it from the simp argument list.
  [apply] simp [SignedFormula.pos, Formula.allFuture, Formula.someFuture, Formula.neg, Formula.top, Formula.subformulas]

Note: This linter can be disabled with `set_option linter.unusedSimpArgs false`
warning: FormalSystem/Metalogic/Decidability/Verified/Termination/SubformulaProperty.lean:1259:4: This simp argument is unused:
  List.flatten_cons

Hint: Omit it from the simp argument list.
  [apply] simp only [Branch.allFuturePosFormulas, List.flatten_nil, List.append_nil, List.mem_cons, List.mem_append,
    List.not_mem_nil, or_false] at hg

Note: This linter can be disabled with `set_option linter.unusedSimpArgs false`
warning: FormalSystem/Metalogic/Decidability/Verified/Termination/SubformulaProperty.lean:1259:23: This simp argument is unused:
  List.flatten_nil

Hint: Omit it from the simp argument list.
  [apply] simp only [Branch.allFuturePosFormulas, List.flatten_cons, List.append_nil, List.mem_cons, List.mem_append,
    List.not_mem_nil, or_false] at hg

Note: This linter can be disabled with `set_option linter.unusedSimpArgs false`
warning: FormalSystem/Metalogic/Decidability/Verified/Termination/SubformulaProperty.lean:1259:41: This simp argument is unused:
  List.append_nil

Hint: Omit it from the simp argument list.
  [apply] simp only [Branch.allFuturePosFormulas, List.flatten_cons, List.flatten_nil, List.mem_cons, List.mem_append,
    List.not_mem_nil, or_false] at hg

Note: This linter can be disabled with `set_option linter.unusedSimpArgs false`
warning: FormalSystem/Metalogic/Decidability/Verified/Termination/SubformulaProperty.lean:1259:73: This simp argument is unused:
  List.mem_append

Hint: Omit it from the simp argument list.
  [apply] simp only [Branch.allFuturePosFormulas, List.flatten_cons, List.flatten_nil, List.append_nil, List.mem_cons,
    List.not_mem_nil, or_false] at hg

Note: This linter can be disabled with `set_option linter.unusedSimpArgs false`
warning: FormalSystem/Metalogic/Decidability/Verified/Termination/SubformulaProperty.lean:1260:4: This simp argument is unused:
  List.not_mem_nil

Hint: Omit it from the simp argument list.
  [apply] simp only [Branch.allFuturePosFormulas, List.flatten_cons, List.flatten_nil, List.append_nil, List.mem_cons,
    List.mem_append, or_false] at hg

Note: This linter can be disabled with `set_option linter.unusedSimpArgs false`
warning: FormalSystem/Metalogic/Decidability/Verified/Termination/SubformulaProperty.lean:1260:22: This simp argument is unused:
  or_false

Hint: Omit it from the simp argument list.
  [apply] simp only [Branch.allFuturePosFormulas, List.flatten_cons, List.flatten_nil, List.append_nil, List.mem_cons,
    List.mem_append, List.not_mem_nil] at hg

Note: This linter can be disabled with `set_option linter.unusedSimpArgs false`
warning: FormalSystem/Metalogic/Decidability/Verified/Termination/SubformulaProperty.lean:1273:51: This simp argument is unused:
  SignedFormula.neg

Hint: Omit it from the simp argument list.
  [apply] simp_all [SignedFormula.pos, Formula.subformulas, Formula.self_mem_subformulas]

Note: This linter can be disabled with `set_option linter.unusedSimpArgs false`
warning: FormalSystem/Metalogic/Decidability/Verified/Termination/SubformulaProperty.lean:1264:7: 'simp_all only []' tactic does nothing

Note: This linter can be disabled with `set_option linter.unusedTactic false`
warning: FormalSystem/Metalogic/Decidability/Verified/Termination/SubformulaProperty.lean:1264:25: 'done' tactic does nothing

Note: This linter can be disabled with `set_option linter.unusedTactic false`
warning: FormalSystem/Metalogic/Decidability/Verified/Termination/SubformulaProperty.lean:1264:25: this tactic is never executed

Note: This linter can be disabled with `set_option linter.unreachableTactic false`
⚠ [1413/1983] Replayed FormalSystem.Metalogic.Decidability.Verified.Bridge.Interpolate
warning: FormalSystem/Metalogic/Decidability/Verified/Bridge/Interpolate.lean:216:4: `push_neg` has been deprecated. Prefer using `push Not` instead.
If you'd rather continue using `push_neg` in your project, you can implement it as follows:
```
open Lean.Parser.Tactic in
macro "push_neg" cfg:optConfig loc:(location)? : tactic =>
  `(tactic| push $cfg:optConfig Not $[$loc]?)
```
warning: FormalSystem/Metalogic/Decidability/Verified/Bridge/Interpolate.lean:219:4: `push_neg` has been deprecated. Prefer using `push Not` instead.
If you'd rather continue using `push_neg` in your project, you can implement it as follows:
```
open Lean.Parser.Tactic in
macro "push_neg" cfg:optConfig loc:(location)? : tactic =>
  `(tactic| push $cfg:optConfig Not $[$loc]?)
```
warning: FormalSystem/Metalogic/Decidability/Verified/Bridge/Interpolate.lean:307:4: `push_neg` has been deprecated. Prefer using `push Not` instead.
If you'd rather continue using `push_neg` in your project, you can implement it as follows:
```
open Lean.Parser.Tactic in
macro "push_neg" cfg:optConfig loc:(location)? : tactic =>
  `(tactic| push $cfg:optConfig Not $[$loc]?)
```
warning: FormalSystem/Metalogic/Decidability/Verified/Bridge/Interpolate.lean:336:4: `push_neg` has been deprecated. Prefer using `push Not` instead.
If you'd rather continue using `push_neg` in your project, you can implement it as follows:
```
open Lean.Parser.Tactic in
macro "push_neg" cfg:optConfig loc:(location)? : tactic =>
  `(tactic| push $cfg:optConfig Not $[$loc]?)
```
warning: FormalSystem/Metalogic/Decidability/Verified/Bridge/Interpolate.lean:361:4: `push_neg` has been deprecated. Prefer using `push Not` instead.
If you'd rather continue using `push_neg` in your project, you can implement it as follows:
```
open Lean.Parser.Tactic in
macro "push_neg" cfg:optConfig loc:(location)? : tactic =>
  `(tactic| push $cfg:optConfig Not $[$loc]?)
```
warning: FormalSystem/Metalogic/Decidability/Verified/Bridge/Interpolate.lean:367:8: `push_neg` has been deprecated. Prefer using `push Not` instead.
If you'd rather continue using `push_neg` in your project, you can implement it as follows:
```
open Lean.Parser.Tactic in
macro "push_neg" cfg:optConfig loc:(location)? : tactic =>
  `(tactic| push $cfg:optConfig Not $[$loc]?)
```
warning: FormalSystem/Metalogic/Decidability/Verified/Bridge/Interpolate.lean:369:6: `push_neg` has been deprecated. Prefer using `push Not` instead.
If you'd rather continue using `push_neg` in your project, you can implement it as follows:
```
open Lean.Parser.Tactic in
macro "push_neg" cfg:optConfig loc:(location)? : tactic =>
  `(tactic| push $cfg:optConfig Not $[$loc]?)
```
warning: FormalSystem/Metalogic/Decidability/Verified/Bridge/Interpolate.lean:533:4: `push_neg` has been deprecated. Prefer using `push Not` instead.
If you'd rather continue using `push_neg` in your project, you can implement it as follows:
```
open Lean.Parser.Tactic in
macro "push_neg" cfg:optConfig loc:(location)? : tactic =>
  `(tactic| push $cfg:optConfig Not $[$loc]?)
```
warning: FormalSystem/Metalogic/Decidability/Verified/Bridge/Interpolate.lean:563:4: `push_neg` has been deprecated. Prefer using `push Not` instead.
If you'd rather continue using `push_neg` in your project, you can implement it as follows:
```
open Lean.Parser.Tactic in
macro "push_neg" cfg:optConfig loc:(location)? : tactic =>
  `(tactic| push $cfg:optConfig Not $[$loc]?)
```
warning: FormalSystem/Metalogic/Decidability/Verified/Bridge/Interpolate.lean:601:4: `push_neg` has been deprecated. Prefer using `push Not` instead.
If you'd rather continue using `push_neg` in your project, you can implement it as follows:
```
open Lean.Parser.Tactic in
macro "push_neg" cfg:optConfig loc:(location)? : tactic =>
  `(tactic| push $cfg:optConfig Not $[$loc]?)
```
warning: FormalSystem/Metalogic/Decidability/Verified/Bridge/Interpolate.lean:613:4: `push_neg` has been deprecated. Prefer using `push Not` instead.
If you'd rather continue using `push_neg` in your project, you can implement it as follows:
```
open Lean.Parser.Tactic in
macro "push_neg" cfg:optConfig loc:(location)? : tactic =>
  `(tactic| push $cfg:optConfig Not $[$loc]?)
```
⚠ [1415/1983] Replayed FormalSystem.Metalogic.Decidability.Verified.Bridge.TruthLemma
warning: FormalSystem/Metalogic/Decidability/Verified/Bridge/TruthLemma.lean:156:4: `push_neg` has been deprecated. Prefer using `push Not` instead.
If you'd rather continue using `push_neg` in your project, you can implement it as follows:
```
open Lean.Parser.Tactic in
macro "push_neg" cfg:optConfig loc:(location)? : tactic =>
  `(tactic| push $cfg:optConfig Not $[$loc]?)
```
warning: FormalSystem/Metalogic/Decidability/Verified/Bridge/TruthLemma.lean:186:4: `push_neg` has been deprecated. Prefer using `push Not` instead.
If you'd rather continue using `push_neg` in your project, you can implement it as follows:
```
open Lean.Parser.Tactic in
macro "push_neg" cfg:optConfig loc:(location)? : tactic =>
  `(tactic| push $cfg:optConfig Not $[$loc]?)
```
warning: FormalSystem/Metalogic/Decidability/Verified/Bridge/TruthLemma.lean:217:4: `push_neg` has been deprecated. Prefer using `push Not` instead.
If you'd rather continue using `push_neg` in your project, you can implement it as follows:
```
open Lean.Parser.Tactic in
macro "push_neg" cfg:optConfig loc:(location)? : tactic =>
  `(tactic| push $cfg:optConfig Not $[$loc]?)
```
warning: FormalSystem/Metalogic/Decidability/Verified/Bridge/TruthLemma.lean:229:4: `push_neg` has been deprecated. Prefer using `push Not` instead.
If you'd rather continue using `push_neg` in your project, you can implement it as follows:
```
open Lean.Parser.Tactic in
macro "push_neg" cfg:optConfig loc:(location)? : tactic =>
  `(tactic| push $cfg:optConfig Not $[$loc]?)
```
⚠ [1423/1983] Replayed FormalSystem.Metalogic.Decidability.Verified.Bridge.IntTruth
warning: FormalSystem/Metalogic/Decidability/Verified/Bridge/IntTruth.lean:852:5: Variable name `hSat` is not explicitly referenced.

Hint: The binding can be removed (if unused) or named `_` (if used implicitly). Alternatively, prefix the name with `_` to silence this warning:
  [apply] _hSat

Note: This linter can be disabled with `set_option linter.unusedVariables false`
warning: FormalSystem/Metalogic/Decidability/Verified/Bridge/IntTruth.lean:852:55: Variable name `hOpen` is not explicitly referenced.

Hint: The binding can be removed (if unused) or named `_` (if used implicitly). Alternatively, prefix the name with `_` to silence this warning:
  [apply] _hOpen

Note: This linter can be disabled with `set_option linter.unusedVariables false`
warning: FormalSystem/Metalogic/Decidability/Verified/Bridge/IntTruth.lean:853:5: Variable name `hTot` is not explicitly referenced.

Hint: The binding can be removed (if unused) or named `_` (if used implicitly). Alternatively, prefix the name with `_` to silence this warning:
  [apply] _hTot

Note: This linter can be disabled with `set_option linter.unusedVariables false`
warning: FormalSystem/Metalogic/Decidability/Verified/Bridge/IntTruth.lean:853:42: Variable name `hBA` is not explicitly referenced.

Hint: The binding can be removed (if unused) or named `_` (if used implicitly). Alternatively, prefix the name with `_` to silence this warning:
  [apply] _hBA

Note: This linter can be disabled with `set_option linter.unusedVariables false`
warning: FormalSystem/Metalogic/Decidability/Verified/Bridge/IntTruth.lean:865:5: Variable name `hSat` is not explicitly referenced.

Hint: The binding can be removed (if unused) or named `_` (if used implicitly). Alternatively, prefix the name with `_` to silence this warning:
  [apply] _hSat

Note: This linter can be disabled with `set_option linter.unusedVariables false`
warning: FormalSystem/Metalogic/Decidability/Verified/Bridge/IntTruth.lean:865:55: Variable name `hOpen` is not explicitly referenced.

Hint: The binding can be removed (if unused) or named `_` (if used implicitly). Alternatively, prefix the name with `_` to silence this warning:
  [apply] _hOpen

Note: This linter can be disabled with `set_option linter.unusedVariables false`
warning: FormalSystem/Metalogic/Decidability/Verified/Bridge/IntTruth.lean:866:5: Variable name `hTot` is not explicitly referenced.

Hint: The binding can be removed (if unused) or named `_` (if used implicitly). Alternatively, prefix the name with `_` to silence this warning:
  [apply] _hTot

Note: This linter can be disabled with `set_option linter.unusedVariables false`
warning: FormalSystem/Metalogic/Decidability/Verified/Bridge/IntTruth.lean:866:42: Variable name `hBA` is not explicitly referenced.

Hint: The binding can be removed (if unused) or named `_` (if used implicitly). Alternatively, prefix the name with `_` to silence this warning:
  [apply] _hBA

Note: This linter can be disabled with `set_option linter.unusedVariables false`
⚠ [1425/1983] Replayed FormalSystem.Metalogic.Decidability.Verified.Decidable
warning: FormalSystem/Metalogic/Decidability/Verified/Decidable.lean:692:0: automatically included section variable(s) unused in theorem `FormalSystem.Metalogic.Decidability.Verified.lt_of_pathN_directFutureOf`:
  [AddCommGroup D]
  [IsOrderedAddMonoid D]
consider restructuring your `variable` declarations so that the variables are not in scope or explicitly omit them:
  omit [AddCommGroup D] [IsOrderedAddMonoid D] in theorem ...

Note: This linter can be disabled with `set_option linter.unusedSectionVars false`
warning: FormalSystem/Metalogic/Decidability/Verified/Decidable.lean:711:0: automatically included section variable(s) unused in theorem `FormalSystem.Metalogic.Decidability.Verified.lt_of_pathN_directPastOf`:
  [AddCommGroup D]
  [IsOrderedAddMonoid D]
consider restructuring your `variable` declarations so that the variables are not in scope or explicitly omit them:
  omit [AddCommGroup D] [IsOrderedAddMonoid D] in theorem ...

Note: This linter can be disabled with `set_option linter.unusedSectionVars false`
⚠ [1432/1983] Replayed FormalSystem.Metalogic.BXCanonical.Chronicle.ChronicleTypes
warning: FormalSystem/Metalogic/BXCanonical/Chronicle/ChronicleTypes.lean:557:2: The namespace `Chronicle` is duplicated in the declaration `FormalSystem.Metalogic.BXCanonical.Chronicle.Chronicle.dom`.

Note: This linter can be disabled with `set_option linter.dupNamespace false`
warning: FormalSystem/Metalogic/BXCanonical/Chronicle/ChronicleTypes.lean:553:2: The namespace `Chronicle` is duplicated in the declaration `FormalSystem.Metalogic.BXCanonical.Chronicle.Chronicle.f`.

Note: This linter can be disabled with `set_option linter.dupNamespace false`
warning: FormalSystem/Metalogic/BXCanonical/Chronicle/ChronicleTypes.lean:551:10: The namespace `Chronicle` is duplicated in the declaration `FormalSystem.Metalogic.BXCanonical.Chronicle.Chronicle.mk`.

Note: This linter can be disabled with `set_option linter.dupNamespace false`
warning: FormalSystem/Metalogic/BXCanonical/Chronicle/ChronicleTypes.lean:555:2: The namespace `Chronicle` is duplicated in the declaration `FormalSystem.Metalogic.BXCanonical.Chronicle.Chronicle.g`.

Note: This linter can be disabled with `set_option linter.dupNamespace false`
warning: FormalSystem/Metalogic/BXCanonical/Chronicle/ChronicleTypes.lean:551:10: The namespace `Chronicle` is duplicated in the declaration `FormalSystem.Metalogic.BXCanonical.Chronicle.Chronicle`.

Note: This linter can be disabled with `set_option linter.dupNamespace false`
warning: FormalSystem/Metalogic/BXCanonical/Chronicle/ChronicleTypes.lean:562:4: The namespace `Chronicle` is duplicated in the declaration `FormalSystem.Metalogic.BXCanonical.Chronicle.Chronicle.c0`.

Note: This linter can be disabled with `set_option linter.dupNamespace false`
warning: FormalSystem/Metalogic/BXCanonical/Chronicle/ChronicleTypes.lean:570:4: The namespace `Chronicle` is duplicated in the declaration `FormalSystem.Metalogic.BXCanonical.Chronicle.Chronicle.c1`.

Note: This linter can be disabled with `set_option linter.dupNamespace false`
warning: FormalSystem/Metalogic/BXCanonical/Chronicle/ChronicleTypes.lean:575:4: The namespace `Chronicle` is duplicated in the declaration `FormalSystem.Metalogic.BXCanonical.Chronicle.Chronicle.c2`.

Note: This linter can be disabled with `set_option linter.dupNamespace false`
warning: FormalSystem/Metalogic/BXCanonical/Chronicle/ChronicleTypes.lean:591:4: The namespace `Chronicle` is duplicated in the declaration `FormalSystem.Metalogic.BXCanonical.Chronicle.Chronicle.c2'`.

Note: This linter can be disabled with `set_option linter.dupNamespace false`
warning: FormalSystem/Metalogic/BXCanonical/Chronicle/ChronicleTypes.lean:602:4: The namespace `Chronicle` is duplicated in the declaration `FormalSystem.Metalogic.BXCanonical.Chronicle.Chronicle.c3`.

Note: This linter can be disabled with `set_option linter.dupNamespace false`
warning: FormalSystem/Metalogic/BXCanonical/Chronicle/ChronicleTypes.lean:620:4: The namespace `Chronicle` is duplicated in the declaration `FormalSystem.Metalogic.BXCanonical.Chronicle.Chronicle.c4`.

Note: This linter can be disabled with `set_option linter.dupNamespace false`
warning: FormalSystem/Metalogic/BXCanonical/Chronicle/ChronicleTypes.lean:635:4: The namespace `Chronicle` is duplicated in the declaration `FormalSystem.Metalogic.BXCanonical.Chronicle.Chronicle.c4'`.

Note: This linter can be disabled with `set_option linter.dupNamespace false`
warning: FormalSystem/Metalogic/BXCanonical/Chronicle/ChronicleTypes.lean:646:4: The namespace `Chronicle` is duplicated in the declaration `FormalSystem.Metalogic.BXCanonical.Chronicle.Chronicle.c5`.

Note: This linter can be disabled with `set_option linter.dupNamespace false`
warning: FormalSystem/Metalogic/BXCanonical/Chronicle/ChronicleTypes.lean:655:4: The namespace `Chronicle` is duplicated in the declaration `FormalSystem.Metalogic.BXCanonical.Chronicle.Chronicle.c5'`.

Note: This linter can be disabled with `set_option linter.dupNamespace false`
⚠ [1927/1983] Replayed FormalSystem.Metalogic.WeakCanonical.Transfer
warning: FormalSystem/Metalogic/WeakCanonical/Transfer.lean:1225:8: declaration uses `sorry`
⚠ [1932/1983] Replayed FormalSystem.Metalogic.WeakCanonical.DenseModelSurgery.Lemma34
warning: FormalSystem/Metalogic/WeakCanonical/DenseModelSurgery/Lemma34.lean:224:4: `push_neg` has been deprecated. Prefer using `push Not` instead.
If you'd rather continue using `push_neg` in your project, you can implement it as follows:
```
open Lean.Parser.Tactic in
macro "push_neg" cfg:optConfig loc:(location)? : tactic =>
  `(tactic| push $cfg:optConfig Not $[$loc]?)
```
warning: FormalSystem/Metalogic/WeakCanonical/DenseModelSurgery/Lemma34.lean:231:6: `push_neg` has been deprecated. Prefer using `push Not` instead.
If you'd rather continue using `push_neg` in your project, you can implement it as follows:
```
open Lean.Parser.Tactic in
macro "push_neg" cfg:optConfig loc:(location)? : tactic =>
  `(tactic| push $cfg:optConfig Not $[$loc]?)
```
warning: FormalSystem/Metalogic/WeakCanonical/DenseModelSurgery/Lemma34.lean:268:2: `push_neg` has been deprecated. Prefer using `push Not` instead.
If you'd rather continue using `push_neg` in your project, you can implement it as follows:
```
open Lean.Parser.Tactic in
macro "push_neg" cfg:optConfig loc:(location)? : tactic =>
  `(tactic| push $cfg:optConfig Not $[$loc]?)
```
warning: FormalSystem/Metalogic/WeakCanonical/DenseModelSurgery/Lemma34.lean:447:71: This simp argument is unused:
  c4_three

Hint: Omit it from the simp argument list.
  [apply] simp only [classBeginsAtGapStartFormula, ClassBeginsAtGapStart, eval, eval_imp, eval_epsAt, eval_rhoAt,
    Fin.cons_zero, c2_one, c3_one, c3_two, c4_one, c4_two, and_imp]

Note: This linter can be disabled with `set_option linter.unusedSimpArgs false`
warning: FormalSystem/Metalogic/WeakCanonical/DenseModelSurgery/Lemma34.lean:447:81: This simp argument is unused:
  and_imp

Hint: Omit it from the simp argument list.
  [apply] simp only [classBeginsAtGapStartFormula, ClassBeginsAtGapStart, eval, eval_imp, eval_epsAt, eval_rhoAt,
    Fin.cons_zero, c2_one, c3_one, c3_two, c4_one, c4_two, c4_three]

Note: This linter can be disabled with `set_option linter.unusedSimpArgs false`
warning: FormalSystem/Metalogic/WeakCanonical/DenseModelSurgery/Lemma34.lean:497:0: automatically included section variable(s) unused in theorem `FormalSystem.Metalogic.WeakCanonical.DenseModelSurgery.contemp_not_lt_of_kminus`:
  [Fintype sig.preds]
  [DecidableEq sig.preds]
consider restructuring your `variable` declarations so that the variables are not in scope or explicitly omit them:
  omit [Fintype sig.preds] [DecidableEq sig.preds] in theorem ...

Note: This linter can be disabled with `set_option linter.unusedSectionVars false`
warning: FormalSystem/Metalogic/WeakCanonical/DenseModelSurgery/Lemma34.lean:532:4: `push_neg` has been deprecated. Prefer using `push Not` instead.
If you'd rather continue using `push_neg` in your project, you can implement it as follows:
```
open Lean.Parser.Tactic in
macro "push_neg" cfg:optConfig loc:(location)? : tactic =>
  `(tactic| push $cfg:optConfig Not $[$loc]?)
```
warning: FormalSystem/Metalogic/WeakCanonical/DenseModelSurgery/Lemma34.lean:538:6: `push_neg` has been deprecated. Prefer using `push Not` instead.
If you'd rather continue using `push_neg` in your project, you can implement it as follows:
```
open Lean.Parser.Tactic in
macro "push_neg" cfg:optConfig loc:(location)? : tactic =>
  `(tactic| push $cfg:optConfig Not $[$loc]?)
```
warning: FormalSystem/Metalogic/WeakCanonical/DenseModelSurgery/Lemma34.lean:561:4: `push_neg` has been deprecated. Prefer using `push Not` instead.
If you'd rather continue using `push_neg` in your project, you can implement it as follows:
```
open Lean.Parser.Tactic in
macro "push_neg" cfg:optConfig loc:(location)? : tactic =>
  `(tactic| push $cfg:optConfig Not $[$loc]?)
```
warning: FormalSystem/Metalogic/WeakCanonical/DenseModelSurgery/Lemma34.lean:552:0: automatically included section variable(s) unused in theorem `FormalSystem.Metalogic.WeakCanonical.DenseModelSurgery.not_classBeginsAtGapStart`:
  [Fintype sig.preds]
  [DecidableEq sig.preds]
consider restructuring your `variable` declarations so that the variables are not in scope or explicitly omit them:
  omit [Fintype sig.preds] [DecidableEq sig.preds] in theorem ...

Note: This linter can be disabled with `set_option linter.unusedSectionVars false`
warning: FormalSystem/Metalogic/WeakCanonical/DenseModelSurgery/Lemma34.lean:623:4: `push_neg` has been deprecated. Prefer using `push Not` instead.
If you'd rather continue using `push_neg` in your project, you can implement it as follows:
```
open Lean.Parser.Tactic in
macro "push_neg" cfg:optConfig loc:(location)? : tactic =>
  `(tactic| push $cfg:optConfig Not $[$loc]?)
```
warning: FormalSystem/Metalogic/WeakCanonical/DenseModelSurgery/Lemma34.lean:763:4: `push_neg` has been deprecated. Prefer using `push Not` instead.
If you'd rather continue using `push_neg` in your project, you can implement it as follows:
```
open Lean.Parser.Tactic in
macro "push_neg" cfg:optConfig loc:(location)? : tactic =>
  `(tactic| push $cfg:optConfig Not $[$loc]?)
```
warning: FormalSystem/Metalogic/WeakCanonical/DenseModelSurgery/Lemma34.lean:845:4: `push_neg` has been deprecated. Prefer using `push Not` instead.
If you'd rather continue using `push_neg` in your project, you can implement it as follows:
```
open Lean.Parser.Tactic in
macro "push_neg" cfg:optConfig loc:(location)? : tactic =>
  `(tactic| push $cfg:optConfig Not $[$loc]?)
```
warning: FormalSystem/Metalogic/WeakCanonical/DenseModelSurgery/Lemma34.lean:851:2: `push_neg` has been deprecated. Prefer using `push Not` instead.
If you'd rather continue using `push_neg` in your project, you can implement it as follows:
```
open Lean.Parser.Tactic in
macro "push_neg" cfg:optConfig loc:(location)? : tactic =>
  `(tactic| push $cfg:optConfig Not $[$loc]?)
```
warning: FormalSystem/Metalogic/WeakCanonical/DenseModelSurgery/Lemma34.lean:835:0: automatically included section variable(s) unused in theorem `FormalSystem.Metalogic.WeakCanonical.DenseModelSurgery.isFirstClassPoint_congr`:
  [Fintype sig.preds]
  [DecidableEq sig.preds]
consider restructuring your `variable` declarations so that the variables are not in scope or explicitly omit them:
  omit [Fintype sig.preds] [DecidableEq sig.preds] in theorem ...

Note: This linter can be disabled with `set_option linter.unusedSectionVars false`
warning: FormalSystem/Metalogic/WeakCanonical/DenseModelSurgery/Lemma34.lean:860:0: automatically included section variable(s) unused in theorem `FormalSystem.Metalogic.WeakCanonical.DenseModelSurgery.not_isFirstClassPoint`:
  [Fintype sig.preds]
  [DecidableEq sig.preds]
consider restructuring your `variable` declarations so that the variables are not in scope or explicitly omit them:
  omit [Fintype sig.preds] [DecidableEq sig.preds] in theorem ...

Note: This linter can be disabled with `set_option linter.unusedSectionVars false`
warning: FormalSystem/Metalogic/WeakCanonical/DenseModelSurgery/Lemma34.lean:1039:4: `push_neg` has been deprecated. Prefer using `push Not` instead.
If you'd rather continue using `push_neg` in your project, you can implement it as follows:
```
open Lean.Parser.Tactic in
macro "push_neg" cfg:optConfig loc:(location)? : tactic =>
  `(tactic| push $cfg:optConfig Not $[$loc]?)
```
warning: FormalSystem/Metalogic/WeakCanonical/DenseModelSurgery/Lemma34.lean:1044:2: `push_neg` has been deprecated. Prefer using `push Not` instead.
If you'd rather continue using `push_neg` in your project, you can implement it as follows:
```
open Lean.Parser.Tactic in
macro "push_neg" cfg:optConfig loc:(location)? : tactic =>
  `(tactic| push $cfg:optConfig Not $[$loc]?)
```
⚠ [1934/1983] Replayed FormalSystem.Metalogic.WeakCanonical.DenseModelSurgery.Lemma5
warning: FormalSystem/Metalogic/WeakCanonical/DenseModelSurgery/Lemma5.lean:412:4: `push_neg` has been deprecated. Prefer using `push Not` instead.
If you'd rather continue using `push_neg` in your project, you can implement it as follows:
```
open Lean.Parser.Tactic in
macro "push_neg" cfg:optConfig loc:(location)? : tactic =>
  `(tactic| push $cfg:optConfig Not $[$loc]?)
```
warning: FormalSystem/Metalogic/WeakCanonical/DenseModelSurgery/Lemma5.lean:431:4: `push_neg` has been deprecated. Prefer using `push Not` instead.
If you'd rather continue using `push_neg` in your project, you can implement it as follows:
```
open Lean.Parser.Tactic in
macro "push_neg" cfg:optConfig loc:(location)? : tactic =>
  `(tactic| push $cfg:optConfig Not $[$loc]?)
```
warning: FormalSystem/Metalogic/WeakCanonical/DenseModelSurgery/Lemma5.lean:464:4: `push_neg` has been deprecated. Prefer using `push Not` instead.
If you'd rather continue using `push_neg` in your project, you can implement it as follows:
```
open Lean.Parser.Tactic in
macro "push_neg" cfg:optConfig loc:(location)? : tactic =>
  `(tactic| push $cfg:optConfig Not $[$loc]?)
```
warning: FormalSystem/Metalogic/WeakCanonical/DenseModelSurgery/Lemma5.lean:529:4: `push_neg` has been deprecated. Prefer using `push Not` instead.
If you'd rather continue using `push_neg` in your project, you can implement it as follows:
```
open Lean.Parser.Tactic in
macro "push_neg" cfg:optConfig loc:(location)? : tactic =>
  `(tactic| push $cfg:optConfig Not $[$loc]?)
```
warning: FormalSystem/Metalogic/WeakCanonical/DenseModelSurgery/Lemma5.lean:557:6: `push_neg` has been deprecated. Prefer using `push Not` instead.
If you'd rather continue using `push_neg` in your project, you can implement it as follows:
```
open Lean.Parser.Tactic in
macro "push_neg" cfg:optConfig loc:(location)? : tactic =>
  `(tactic| push $cfg:optConfig Not $[$loc]?)
```
warning: FormalSystem/Metalogic/WeakCanonical/DenseModelSurgery/Lemma5.lean:578:6: `push_neg` has been deprecated. Prefer using `push Not` instead.
If you'd rather continue using `push_neg` in your project, you can implement it as follows:
```
open Lean.Parser.Tactic in
macro "push_neg" cfg:optConfig loc:(location)? : tactic =>
  `(tactic| push $cfg:optConfig Not $[$loc]?)
```
⚠ [1935/1983] Replayed FormalSystem.Metalogic.WeakCanonical.DenseModelSurgery.BadIntervals
warning: FormalSystem/Metalogic/WeakCanonical/DenseModelSurgery/BadIntervals.lean:450:0: automatically included section variable(s) unused in theorem `FormalSystem.Metalogic.WeakCanonical.DenseModelSurgery.leftEnd_iff_exists_not_notLeftEnd`:
  [Fintype sig.preds]
  [DecidableEq sig.preds]
consider restructuring your `variable` declarations so that the variables are not in scope or explicitly omit them:
  omit [Fintype sig.preds] [DecidableEq sig.preds] in theorem ...

Note: This linter can be disabled with `set_option linter.unusedSectionVars false`
warning: FormalSystem/Metalogic/WeakCanonical/DenseModelSurgery/BadIntervals.lean:547:4: `push_neg` has been deprecated. Prefer using `push Not` instead.
If you'd rather continue using `push_neg` in your project, you can implement it as follows:
```
open Lean.Parser.Tactic in
macro "push_neg" cfg:optConfig loc:(location)? : tactic =>
  `(tactic| push $cfg:optConfig Not $[$loc]?)
```
warning: FormalSystem/Metalogic/WeakCanonical/DenseModelSurgery/BadIntervals.lean:555:4: `push_neg` has been deprecated. Prefer using `push Not` instead.
If you'd rather continue using `push_neg` in your project, you can implement it as follows:
```
open Lean.Parser.Tactic in
macro "push_neg" cfg:optConfig loc:(location)? : tactic =>
  `(tactic| push $cfg:optConfig Not $[$loc]?)
```
warning: FormalSystem/Metalogic/WeakCanonical/DenseModelSurgery/BadIntervals.lean:566:4: `push_neg` has been deprecated. Prefer using `push Not` instead.
If you'd rather continue using `push_neg` in your project, you can implement it as follows:
```
open Lean.Parser.Tactic in
macro "push_neg" cfg:optConfig loc:(location)? : tactic =>
  `(tactic| push $cfg:optConfig Not $[$loc]?)
```
warning: FormalSystem/Metalogic/WeakCanonical/DenseModelSurgery/BadIntervals.lean:577:6: `push_neg` has been deprecated. Prefer using `push Not` instead.
If you'd rather continue using `push_neg` in your project, you can implement it as follows:
```
open Lean.Parser.Tactic in
macro "push_neg" cfg:optConfig loc:(location)? : tactic =>
  `(tactic| push $cfg:optConfig Not $[$loc]?)
```
warning: FormalSystem/Metalogic/WeakCanonical/DenseModelSurgery/BadIntervals.lean:584:6: `push_neg` has been deprecated. Prefer using `push Not` instead.
If you'd rather continue using `push_neg` in your project, you can implement it as follows:
```
open Lean.Parser.Tactic in
macro "push_neg" cfg:optConfig loc:(location)? : tactic =>
  `(tactic| push $cfg:optConfig Not $[$loc]?)
```
warning: FormalSystem/Metalogic/WeakCanonical/DenseModelSurgery/BadIntervals.lean:637:6: `push_neg` has been deprecated. Prefer using `push Not` instead.
If you'd rather continue using `push_neg` in your project, you can implement it as follows:
```
open Lean.Parser.Tactic in
macro "push_neg" cfg:optConfig loc:(location)? : tactic =>
  `(tactic| push $cfg:optConfig Not $[$loc]?)
```
warning: FormalSystem/Metalogic/WeakCanonical/DenseModelSurgery/BadIntervals.lean:652:6: `push_neg` has been deprecated. Prefer using `push Not` instead.
If you'd rather continue using `push_neg` in your project, you can implement it as follows:
```
open Lean.Parser.Tactic in
macro "push_neg" cfg:optConfig loc:(location)? : tactic =>
  `(tactic| push $cfg:optConfig Not $[$loc]?)
```
warning: FormalSystem/Metalogic/WeakCanonical/DenseModelSurgery/BadIntervals.lean:671:6: `push_neg` has been deprecated. Prefer using `push Not` instead.
If you'd rather continue using `push_neg` in your project, you can implement it as follows:
```
open Lean.Parser.Tactic in
macro "push_neg" cfg:optConfig loc:(location)? : tactic =>
  `(tactic| push $cfg:optConfig Not $[$loc]?)
```
warning: FormalSystem/Metalogic/WeakCanonical/DenseModelSurgery/BadIntervals.lean:701:2: `push_neg` has been deprecated. Prefer using `push Not` instead.
If you'd rather continue using `push_neg` in your project, you can implement it as follows:
```
open Lean.Parser.Tactic in
macro "push_neg" cfg:optConfig loc:(location)? : tactic =>
  `(tactic| push $cfg:optConfig Not $[$loc]?)
```
warning: FormalSystem/Metalogic/WeakCanonical/DenseModelSurgery/BadIntervals.lean:710:2: `push_neg` has been deprecated. Prefer using `push Not` instead.
If you'd rather continue using `push_neg` in your project, you can implement it as follows:
```
open Lean.Parser.Tactic in
macro "push_neg" cfg:optConfig loc:(location)? : tactic =>
  `(tactic| push $cfg:optConfig Not $[$loc]?)
```
warning: FormalSystem/Metalogic/WeakCanonical/DenseModelSurgery/BadIntervals.lean:746:4: `push_neg` has been deprecated. Prefer using `push Not` instead.
If you'd rather continue using `push_neg` in your project, you can implement it as follows:
```
open Lean.Parser.Tactic in
macro "push_neg" cfg:optConfig loc:(location)? : tactic =>
  `(tactic| push $cfg:optConfig Not $[$loc]?)
```
warning: FormalSystem/Metalogic/WeakCanonical/DenseModelSurgery/BadIntervals.lean:766:4: `push_neg` has been deprecated. Prefer using `push Not` instead.
If you'd rather continue using `push_neg` in your project, you can implement it as follows:
```
open Lean.Parser.Tactic in
macro "push_neg" cfg:optConfig loc:(location)? : tactic =>
  `(tactic| push $cfg:optConfig Not $[$loc]?)
```
warning: FormalSystem/Metalogic/WeakCanonical/DenseModelSurgery/BadIntervals.lean:924:8: `push_neg` has been deprecated. Prefer using `push Not` instead.
If you'd rather continue using `push_neg` in your project, you can implement it as follows:
```
open Lean.Parser.Tactic in
macro "push_neg" cfg:optConfig loc:(location)? : tactic =>
  `(tactic| push $cfg:optConfig Not $[$loc]?)
```
warning: FormalSystem/Metalogic/WeakCanonical/DenseModelSurgery/BadIntervals.lean:959:2: `push_neg` has been deprecated. Prefer using `push Not` instead.
If you'd rather continue using `push_neg` in your project, you can implement it as follows:
```
open Lean.Parser.Tactic in
macro "push_neg" cfg:optConfig loc:(location)? : tactic =>
  `(tactic| push $cfg:optConfig Not $[$loc]?)
```
warning: FormalSystem/Metalogic/WeakCanonical/DenseModelSurgery/BadIntervals.lean:992:6: `push_neg` has been deprecated. Prefer using `push Not` instead.
If you'd rather continue using `push_neg` in your project, you can implement it as follows:
```
open Lean.Parser.Tactic in
macro "push_neg" cfg:optConfig loc:(location)? : tactic =>
  `(tactic| push $cfg:optConfig Not $[$loc]?)
```
warning: FormalSystem/Metalogic/WeakCanonical/DenseModelSurgery/BadIntervals.lean:1000:8: `push_neg` has been deprecated. Prefer using `push Not` instead.
If you'd rather continue using `push_neg` in your project, you can implement it as follows:
```
open Lean.Parser.Tactic in
macro "push_neg" cfg:optConfig loc:(location)? : tactic =>
  `(tactic| push $cfg:optConfig Not $[$loc]?)
```
warning: FormalSystem/Metalogic/WeakCanonical/DenseModelSurgery/BadIntervals.lean:1015:2: `push_neg` has been deprecated. Prefer using `push Not` instead.
If you'd rather continue using `push_neg` in your project, you can implement it as follows:
```
open Lean.Parser.Tactic in
macro "push_neg" cfg:optConfig loc:(location)? : tactic =>
  `(tactic| push $cfg:optConfig Not $[$loc]?)
```
warning: FormalSystem/Metalogic/WeakCanonical/DenseModelSurgery/BadIntervals.lean:1043:4: `push_neg` has been deprecated. Prefer using `push Not` instead.
If you'd rather continue using `push_neg` in your project, you can implement it as follows:
```
open Lean.Parser.Tactic in
macro "push_neg" cfg:optConfig loc:(location)? : tactic =>
  `(tactic| push $cfg:optConfig Not $[$loc]?)
```
warning: FormalSystem/Metalogic/WeakCanonical/DenseModelSurgery/BadIntervals.lean:1066:4: `push_neg` has been deprecated. Prefer using `push Not` instead.
If you'd rather continue using `push_neg` in your project, you can implement it as follows:
```
open Lean.Parser.Tactic in
macro "push_neg" cfg:optConfig loc:(location)? : tactic =>
  `(tactic| push $cfg:optConfig Not $[$loc]?)
```
warning: FormalSystem/Metalogic/WeakCanonical/DenseModelSurgery/BadIntervals.lean:1196:8: `push_neg` has been deprecated. Prefer using `push Not` instead.
If you'd rather continue using `push_neg` in your project, you can implement it as follows:
```
open Lean.Parser.Tactic in
macro "push_neg" cfg:optConfig loc:(location)? : tactic =>
  `(tactic| push $cfg:optConfig Not $[$loc]?)
```
warning: FormalSystem/Metalogic/WeakCanonical/DenseModelSurgery/BadIntervals.lean:1222:2: `push_neg` has been deprecated. Prefer using `push Not` instead.
If you'd rather continue using `push_neg` in your project, you can implement it as follows:
```
open Lean.Parser.Tactic in
macro "push_neg" cfg:optConfig loc:(location)? : tactic =>
  `(tactic| push $cfg:optConfig Not $[$loc]?)
```
warning: FormalSystem/Metalogic/WeakCanonical/DenseModelSurgery/BadIntervals.lean:1440:4: `push_neg` has been deprecated. Prefer using `push Not` instead.
If you'd rather continue using `push_neg` in your project, you can implement it as follows:
```
open Lean.Parser.Tactic in
macro "push_neg" cfg:optConfig loc:(location)? : tactic =>
  `(tactic| push $cfg:optConfig Not $[$loc]?)
```
⚠ [1936/1983] Replayed FormalSystem.Metalogic.WeakCanonical.DenseModelSurgery.TruthTransfer
warning: FormalSystem/Metalogic/WeakCanonical/DenseModelSurgery/TruthTransfer.lean:256:2: `push_neg` has been deprecated. Prefer using `push Not` instead.
If you'd rather continue using `push_neg` in your project, you can implement it as follows:
```
open Lean.Parser.Tactic in
macro "push_neg" cfg:optConfig loc:(location)? : tactic =>
  `(tactic| push $cfg:optConfig Not $[$loc]?)
```
warning: FormalSystem/Metalogic/WeakCanonical/DenseModelSurgery/TruthTransfer.lean:263:2: `push_neg` has been deprecated. Prefer using `push Not` instead.
If you'd rather continue using `push_neg` in your project, you can implement it as follows:
```
open Lean.Parser.Tactic in
macro "push_neg" cfg:optConfig loc:(location)? : tactic =>
  `(tactic| push $cfg:optConfig Not $[$loc]?)
```
warning: FormalSystem/Metalogic/WeakCanonical/DenseModelSurgery/TruthTransfer.lean:482:10: `push_neg` has been deprecated. Prefer using `push Not` instead.
If you'd rather continue using `push_neg` in your project, you can implement it as follows:
```
open Lean.Parser.Tactic in
macro "push_neg" cfg:optConfig loc:(location)? : tactic =>
  `(tactic| push $cfg:optConfig Not $[$loc]?)
```
warning: FormalSystem/Metalogic/WeakCanonical/DenseModelSurgery/TruthTransfer.lean:618:0: automatically included section variable(s) unused in theorem `FormalSystem.Metalogic.WeakCanonical.DenseModelSurgery.temporalTruth_iso`:
  [Fintype sig.preds]
  [DecidableEq sig.preds]
consider restructuring your `variable` declarations so that the variables are not in scope or explicitly omit them:
  omit [Fintype sig.preds] [DecidableEq sig.preds] in theorem ...

Note: This linter can be disabled with `set_option linter.unusedSectionVars false`
warning: FormalSystem/Metalogic/WeakCanonical/DenseModelSurgery/TruthTransfer.lean:653:0: automatically included section variable(s) unused in theorem `FormalSystem.Metalogic.WeakCanonical.DenseModelSurgery.isBadPoint_dual`:
  [Fintype sig.preds]
  [DecidableEq sig.preds]
consider restructuring your `variable` declarations so that the variables are not in scope or explicitly omit them:
  omit [Fintype sig.preds] [DecidableEq sig.preds] in theorem ...

Note: This linter can be disabled with `set_option linter.unusedSectionVars false`
warning: FormalSystem/Metalogic/WeakCanonical/DenseModelSurgery/TruthTransfer.lean:662:0: automatically included section variable(s) unused in theorem `FormalSystem.Metalogic.WeakCanonical.DenseModelSurgery.classInteriorToBadInterval_dual`:
  [Fintype sig.preds]
  [DecidableEq sig.preds]
consider restructuring your `variable` declarations so that the variables are not in scope or explicitly omit them:
  omit [Fintype sig.preds] [DecidableEq sig.preds] in theorem ...

Note: This linter can be disabled with `set_option linter.unusedSectionVars false`
⚠ [1937/1983] Replayed FormalSystem.Metalogic.WeakCanonical.DenseModelSurgery.NoGaps
warning: FormalSystem/Metalogic/WeakCanonical/DenseModelSurgery/NoGaps.lean:505:0: automatically included section variable(s) unused in theorem `FormalSystem.Metalogic.WeakCanonical.DenseModelSurgery.endsInGapOnRight_of_mem`:
  [Fintype sig.preds]
  [DecidableEq sig.preds]
consider restructuring your `variable` declarations so that the variables are not in scope or explicitly omit them:
  omit [Fintype sig.preds] [DecidableEq sig.preds] in theorem ...

Note: This linter can be disabled with `set_option linter.unusedSectionVars false`
warning: FormalSystem/Metalogic/WeakCanonical/DenseModelSurgery/NoGaps.lean:512:0: automatically included section variable(s) unused in theorem `FormalSystem.Metalogic.WeakCanonical.DenseModelSurgery.mem_of_badStretch`:
  [Fintype sig.preds]
  [DecidableEq sig.preds]
consider restructuring your `variable` declarations so that the variables are not in scope or explicitly omit them:
  omit [Fintype sig.preds] [DecidableEq sig.preds] in theorem ...

Note: This linter can be disabled with `set_option linter.unusedSectionVars false`
warning: FormalSystem/Metalogic/WeakCanonical/DenseModelSurgery/NoGaps.lean:568:2: `push_neg` has been deprecated. Prefer using `push Not` instead.
If you'd rather continue using `push_neg` in your project, you can implement it as follows:
```
open Lean.Parser.Tactic in
macro "push_neg" cfg:optConfig loc:(location)? : tactic =>
  `(tactic| push $cfg:optConfig Not $[$loc]?)
```
warning: FormalSystem/Metalogic/WeakCanonical/DenseModelSurgery/NoGaps.lean:783:0: automatically included section variable(s) unused in theorem `FormalSystem.Metalogic.WeakCanonical.DenseModelSurgery.StepD.badComp_isBadInterval`:
  [Fintype sig.preds]
  [DecidableEq sig.preds]
consider restructuring your `variable` declarations so that the variables are not in scope or explicitly omit them:
  omit [Fintype sig.preds] [DecidableEq sig.preds] in theorem ...

Note: This linter can be disabled with `set_option linter.unusedSectionVars false`
warning: FormalSystem/Metalogic/WeakCanonical/DenseModelSurgery/NoGaps.lean:784:5: Variable name `h_surj` is not explicitly referenced.

Hint: The binding can be removed (if unused) or named `_` (if used implicitly). Alternatively, prefix the name with `_` to silence this warning:
  [apply] _h_surj

Note: This linter can be disabled with `set_option linter.unusedVariables false`
warning: FormalSystem/Metalogic/WeakCanonical/DenseModelSurgery/NoGaps.lean:785:32: Variable name `hε` is not explicitly referenced.

Hint: The binding can be removed (if unused) or named `_` (if used implicitly). Alternatively, prefix the name with `_` to silence this warning:
  [apply] _hε

Note: This linter can be disabled with `set_option linter.unusedVariables false`
warning: FormalSystem/Metalogic/WeakCanonical/DenseModelSurgery/NoGaps.lean:786:39: Variable name `h_prior_U` is not explicitly referenced.

Hint: The binding can be removed (if unused) or named `_` (if used implicitly). Alternatively, prefix the name with `_` to silence this warning:
  [apply] _h_prior_U

Note: This linter can be disabled with `set_option linter.unusedVariables false`
warning: FormalSystem/Metalogic/WeakCanonical/DenseModelSurgery/NoGaps.lean:787:5: Variable name `h_prior_S` is not explicitly referenced.

Hint: The binding can be removed (if unused) or named `_` (if used implicitly). Alternatively, prefix the name with `_` to silence this warning:
  [apply] _h_prior_S

Note: This linter can be disabled with `set_option linter.unusedVariables false`
ℹ [1941/1983] Replayed FormalSystem.Metalogic.BXCanonical.Completeness
info: FormalSystem/Metalogic/BXCanonical/Completeness.lean:368:0: 'FormalSystem.Metalogic.BXCanonical.completeness_dense' depends on axioms: [propext, Classical.choice, Quot.sound]
info: FormalSystem/Metalogic/BXCanonical/Completeness.lean:369:0: 'FormalSystem.Metalogic.BXCanonical.completeness_discrete' depends on axioms: [propext, Classical.choice, Quot.sound]
info: FormalSystem/Metalogic/BXCanonical/Completeness.lean:411:0: 'FormalSystem.Metalogic.BXCanonical.completeness' depends on axioms: [propext, sorryAx, Classical.choice, Quot.sound]
info: FormalSystem/Metalogic/BXCanonical/Completeness.lean:415:0: 'FormalSystem.Metalogic.BXCanonical.Chronicle.countermodel_dense' depends on axioms: [propext,
 Classical.choice,
 Quot.sound]
ℹ [1942/1983] Replayed FormalSystem.Metalogic.BXCanonical.CompletenessDedekind
info: FormalSystem/Metalogic/BXCanonical/CompletenessDedekind.lean:163:0: 'FormalSystem.Metalogic.BXCanonical.real_lub_of_bddAbove' depends on axioms: [propext, Classical.choice, Quot.sound]
info: FormalSystem/Metalogic/BXCanonical/CompletenessDedekind.lean:164:0: 'FormalSystem.Metalogic.BXCanonical.dedekind_box_dense_mem' depends on axioms: [propext, Classical.choice, Quot.sound]
⚠ [1949/1983] Replayed FormalSystem.Metalogic.BXCanonical.Chronicle.ChronicleRealExtension
warning: FormalSystem/Metalogic/BXCanonical/Chronicle/ChronicleRealExtension.lean:984:2: `push_neg` has been deprecated. Prefer using `push Not` instead.
If you'd rather continue using `push_neg` in your project, you can implement it as follows:
```
open Lean.Parser.Tactic in
macro "push_neg" cfg:optConfig loc:(location)? : tactic =>
  `(tactic| push $cfg:optConfig Not $[$loc]?)
```
ℹ [1967/1983] Replayed FormalSystem.Automation.FormulaEnumerator
info: FormalSystem/Automation/FormulaEnumerator.lean:2104:0: 7852
info: FormalSystem/Automation/FormulaEnumerator.lean:2107:0: 75914
info: FormalSystem/Automation/FormulaEnumerator.lean:2110:0: 45111
info: FormalSystem/Automation/FormulaEnumerator.lean:2113:0: true
info: FormalSystem/Automation/FormulaEnumerator.lean:2117:0: true
info: FormalSystem/Automation/FormulaEnumerator.lean:2121:0: true
⚠ [1968/1983] Replayed FormalSystem.Metalogic.Decidability.CancellableExpansion
warning: FormalSystem/Metalogic/Decidability/CancellableExpansion.lean:269:29: Variable name `appliedSet` is not explicitly referenced.

Hint: The binding can be removed (if unused) or named `_` (if used implicitly). Alternatively, prefix the name with `_` to silence this warning:
  [apply] _appliedSet

Note: This linter can be disabled with `set_option linter.unusedVariables false`
⚠ [1973/1983] Replayed FormalSystem.Automation.DatasetGenerator
info: FormalSystem/Automation/DatasetGenerator.lean:974:0: true
info: FormalSystem/Automation/DatasetGenerator.lean:975:0: true
info: FormalSystem/Automation/DatasetGenerator.lean:976:0: true
info: FormalSystem/Automation/DatasetGenerator.lean:977:0: true
info: FormalSystem/Automation/DatasetGenerator.lean:978:0: false
info: FormalSystem/Automation/DatasetGenerator.lean:979:0: false
info: FormalSystem/Automation/DatasetGenerator.lean:982:0: true
info: FormalSystem/Automation/DatasetGenerator.lean:983:0: true
info: FormalSystem/Automation/DatasetGenerator.lean:984:0: true
info: FormalSystem/Automation/DatasetGenerator.lean:985:0: false
info: FormalSystem/Automation/DatasetGenerator.lean:986:0: false
info: FormalSystem/Automation/DatasetGenerator.lean:989:0: some true
info: FormalSystem/Automation/DatasetGenerator.lean:991:0: some true
info: FormalSystem/Automation/DatasetGenerator.lean:992:0: some true
info: FormalSystem/Automation/DatasetGenerator.lean:994:0: none
info: FormalSystem/Automation/DatasetGenerator.lean:997:0: some (true, "structural_bot_temporal")
info: FormalSystem/Automation/DatasetGenerator.lean:999:0: some (true, "structural_tautology")
info: FormalSystem/Automation/DatasetGenerator.lean:1001:0: some (true, "structural_bot_temporal")
info: FormalSystem/Automation/DatasetGenerator.lean:1003:0: some (true, "structural_modal_4")
info: FormalSystem/Automation/DatasetGenerator.lean:1005:0: some (true, "structural_modal_t_weakening")
info: FormalSystem/Automation/DatasetGenerator.lean:1007:0: none
info: FormalSystem/Automation/DatasetGenerator.lean:1013:0: [FormalSystem.Syntax.Formula.atom { base := "p", freshIndex := none },
 FormalSystem.Syntax.Formula.atom { base := "q", freshIndex := none }]
info: FormalSystem/Automation/DatasetGenerator.lean:1015:0: [FormalSystem.Syntax.Formula.atom { base := "p", freshIndex := none },
 FormalSystem.Syntax.Formula.atom { base := "q", freshIndex := none },
 FormalSystem.Syntax.Formula.imp
   (FormalSystem.Syntax.Formula.atom { base := "p", freshIndex := none })
   (FormalSystem.Syntax.Formula.atom { base := "p", freshIndex := none })]
info: FormalSystem/Automation/DatasetGenerator.lean:1019:0: some (FormalSystem.Syntax.Formula.atom { base := "p", freshIndex := none })
info: FormalSystem/Automation/DatasetGenerator.lean:1020:0: some (FormalSystem.Syntax.Formula.atom { base := "p", freshIndex := none })
info: FormalSystem/Automation/DatasetGenerator.lean:1021:0: some (FormalSystem.Syntax.Formula.atom { base := "p", freshIndex := none })
info: FormalSystem/Automation/DatasetGenerator.lean:1022:0: some (FormalSystem.Syntax.Formula.atom { base := "p", freshIndex := none })
info: FormalSystem/Automation/DatasetGenerator.lean:1025:0: some (true, "structural_s5_reflexive_conflict")
info: FormalSystem/Automation/DatasetGenerator.lean:1030:0: some (true, "structural_temporal_loop_until")
info: FormalSystem/Automation/DatasetGenerator.lean:1036:0: some (true, "structural_temporal_loop_since")
info: FormalSystem/Automation/DatasetGenerator.lean:1042:0: some (true, "structural_subsumption_gt")
info: FormalSystem/Automation/DatasetGenerator.lean:1044:0: some (true, "structural_subsumption_ht")
info: FormalSystem/Automation/DatasetGenerator.lean:1046:0: some (true, "structural_subsumption_gf")
info: FormalSystem/Automation/DatasetGenerator.lean:1048:0: some (true, "structural_subsumption_hp")
info: FormalSystem/Automation/DatasetGenerator.lean:1050:0: some (true, "structural_subsumption_g4")
info: FormalSystem/Automation/DatasetGenerator.lean:1052:0: some (true, "structural_subsumption_h4")
info: FormalSystem/Automation/DatasetGenerator.lean:1054:0: some (true, "structural_subsumption_ff")
info: FormalSystem/Automation/DatasetGenerator.lean:1056:0: some (true, "structural_subsumption_pp")
info: FormalSystem/Automation/DatasetGenerator.lean:1058:0: some (true, "structural_subsumption_modal_t")
info: FormalSystem/Automation/DatasetGenerator.lean:1060:0: some (true, "structural_subsumption_modal_4")
info: FormalSystem/Automation/DatasetGenerator.lean:1062:0: some (true, "structural_subsumption_modal_d")
info: FormalSystem/Automation/DatasetGenerator.lean:1070:0: some (true, "structural_until_implies_future")
info: FormalSystem/Automation/DatasetGenerator.lean:1074:0: some (true, "structural_since_implies_past")
info: FormalSystem/Automation/DatasetGenerator.lean:1078:0: none
info: FormalSystem/Automation/DatasetGenerator.lean:1082:0: some (true, "structural_subsumption_gf")
info: FormalSystem/Automation/DatasetGenerator.lean:1086:0: some (true, "structural_subsumption_hp")
info: FormalSystem/Automation/DatasetGenerator.lean:1090:0: some (true, "structural_identity")
info: FormalSystem/Automation/DatasetGenerator.lean:1094:0: none
info: FormalSystem/Automation/DatasetGenerator.lean:1098:0: none
info: FormalSystem/Automation/DatasetGenerator.lean:1104:0: [(FormalSystem.Syntax.Formula.imp
    (FormalSystem.Syntax.Formula.atom { base := "p", freshIndex := none })
    (FormalSystem.Syntax.Formula.atom { base := "q", freshIndex := none }),
  FormalSystem.Metalogic.Decidability.Sign.pos),
 (FormalSystem.Syntax.Formula.atom { base := "p", freshIndex := none }, FormalSystem.Metalogic.Decidability.Sign.neg),
 (FormalSystem.Syntax.Formula.atom { base := "q", freshIndex := none }, FormalSystem.Metalogic.Decidability.Sign.pos)]
info: FormalSystem/Automation/DatasetGenerator.lean:1106:0: [(FormalSystem.Syntax.Formula.imp
    (FormalSystem.Syntax.Formula.atom { base := "p", freshIndex := none })
    (FormalSystem.Syntax.Formula.bot),
  FormalSystem.Metalogic.Decidability.Sign.pos),
 (FormalSystem.Syntax.Formula.atom { base := "p", freshIndex := none }, FormalSystem.Metalogic.Decidability.Sign.neg),
 (FormalSystem.Syntax.Formula.bot, FormalSystem.Metalogic.Decidability.Sign.pos)]
info: FormalSystem/Automation/DatasetGenerator.lean:1110:0: false
info: FormalSystem/Automation/DatasetGenerator.lean:1112:0: true
info: FormalSystem/Automation/DatasetGenerator.lean:1116:0: true
info: FormalSystem/Automation/DatasetGenerator.lean:1118:0: some (true, "structural_polarity_drop_tautology")
info: FormalSystem/Automation/DatasetGenerator.lean:1123:0: some (true, "structural_polarity_bot_neg")
info: FormalSystem/Automation/DatasetGenerator.lean:1127:0: true
info: FormalSystem/Automation/DatasetGenerator.lean:1128:0: true
info: FormalSystem/Automation/DatasetGenerator.lean:1130:0: false
info: FormalSystem/Automation/DatasetGenerator.lean:1131:0: some (true, "structural_prop_contradiction")
info: FormalSystem/Automation/DatasetGenerator.lean:1135:0: true
info: FormalSystem/Automation/DatasetGenerator.lean:1136:0: true
info: FormalSystem/Automation/DatasetGenerator.lean:1137:0: some (true, "structural_tautology")
info: FormalSystem/Automation/DatasetGenerator.lean:1139:0: some (true, "structural_tautology")
info: FormalSystem/Automation/DatasetGenerator.lean:1145:0: true
info: FormalSystem/Automation/DatasetGenerator.lean:1146:0: true
info: FormalSystem/Automation/DatasetGenerator.lean:1147:0: true
info: FormalSystem/Automation/DatasetGenerator.lean:1148:0: true
info: FormalSystem/Automation/DatasetGenerator.lean:1149:0: true
info: FormalSystem/Automation/DatasetGenerator.lean:1150:0: true
info: FormalSystem/Automation/DatasetGenerator.lean:1153:0: false
info: FormalSystem/Automation/DatasetGenerator.lean:1155:0: false
info: FormalSystem/Automation/DatasetGenerator.lean:1157:0: false
info: FormalSystem/Automation/DatasetGenerator.lean:1159:0: false
info: FormalSystem/Automation/DatasetGenerator.lean:1163:0: true
info: FormalSystem/Automation/DatasetGenerator.lean:1165:0: true
info: FormalSystem/Automation/DatasetGenerator.lean:1167:0: true
info: FormalSystem/Automation/DatasetGenerator.lean:1169:0: true
info: FormalSystem/Automation/DatasetGenerator.lean:1171:0: true
info: FormalSystem/Automation/DatasetGenerator.lean:1174:0: false
info: FormalSystem/Automation/DatasetGenerator.lean:1176:0: false
info: FormalSystem/Automation/DatasetGenerator.lean:1178:0: false
info: FormalSystem/Automation/DatasetGenerator.lean:1180:0: false
info: FormalSystem/Automation/DatasetGenerator.lean:1184:0: true
info: FormalSystem/Automation/DatasetGenerator.lean:1186:0: true
info: FormalSystem/Automation/DatasetGenerator.lean:1188:0: true
info: FormalSystem/Automation/DatasetGenerator.lean:1189:0: true
info: FormalSystem/Automation/DatasetGenerator.lean:1191:0: true
info: FormalSystem/Automation/DatasetGenerator.lean:1194:0: false
info: FormalSystem/Automation/DatasetGenerator.lean:1196:0: false
info: FormalSystem/Automation/DatasetGenerator.lean:1198:0: false
info: FormalSystem/Automation/DatasetGenerator.lean:1200:0: false
info: FormalSystem/Automation/DatasetGenerator.lean:1204:0: true
info: FormalSystem/Automation/DatasetGenerator.lean:1207:0: true
info: FormalSystem/Automation/DatasetGenerator.lean:1210:0: true
info: FormalSystem/Automation/DatasetGenerator.lean:1213:0: true
info: FormalSystem/Automation/DatasetGenerator.lean:1217:0: false
info: FormalSystem/Automation/DatasetGenerator.lean:1220:0: false
info: FormalSystem/Automation/DatasetGenerator.lean:1222:0: false
info: FormalSystem/Automation/DatasetGenerator.lean:1224:0: false
info: FormalSystem/Automation/DatasetGenerator.lean:1228:0: some (false, "invalid_satisfiable_neg")
info: FormalSystem/Automation/DatasetGenerator.lean:1230:0: some (false, "invalid_satisfiable_neg")
info: FormalSystem/Automation/DatasetGenerator.lean:1232:0: some (false, "invalid_false_consequent")
info: FormalSystem/Automation/DatasetGenerator.lean:1234:0: some (false, "invalid_unfulfillable_eventuality")
info: FormalSystem/Automation/DatasetGenerator.lean:1237:0: none
info: FormalSystem/Automation/DatasetGenerator.lean:1239:0: none
info: FormalSystem/Automation/DatasetGenerator.lean:1241:0: none
info: FormalSystem/Automation/DatasetGenerator.lean:1245:0: (2, 0)
info: FormalSystem/Automation/DatasetGenerator.lean:2020:0: [proof-first] Seeding: 10/100, pool size: 10, elapsed: 2ms
[proof-first] Seeding: 20/100, pool size: 19, elapsed: 4ms
[proof-first] Seeding: 30/100, pool size: 29, elapsed: 16ms
[proof-first] Seeding: 40/100, pool size: 37, elapsed: 17ms
[proof-first] Seeding: 50/100, pool size: 45, elapsed: 26ms
[proof-first] Seeding: 60/100, pool size: 54, elapsed: 36ms
[proof-first] Seeding: 70/100, pool size: 61, elapsed: 37ms
[proof-first] Seeding: 80/100, pool size: 70, elapsed: 38ms
[proof-first] Seeding: 90/100, pool size: 77, elapsed: 49ms
[proof-first] Seeding: 100/100, pool size: 82, elapsed: 50ms
[proof-first] Ex-falso cap applied in 0ms, pool size: 82
[proof-first] depth=0 pool=200 (+118, 143% growth) elapsed=154ms
[proof-first] Generation complete: 200 theorems in 204ms
[test] Pool generation: 200 entries (expected > 0)
[test] PASS: pool is non-empty
info: FormalSystem/Automation/DatasetGenerator.lean:2036:0: [proof-first] Seeding: 10/100, pool size: 10, elapsed: 1ms
[proof-first] Seeding: 20/100, pool size: 20, elapsed: 10ms
[proof-first] Seeding: 30/100, pool size: 30, elapsed: 12ms
[proof-first] Seeding: 40/100, pool size: 39, elapsed: 21ms
[proof-first] Seeding: 50/100, pool size: 48, elapsed: 22ms
[proof-first] Seeding: 60/100, pool size: 57, elapsed: 35ms
[proof-first] Seeding: 70/100, pool size: 67, elapsed: 36ms
[proof-first] Seeding: 80/100, pool size: 75, elapsed: 36ms
[proof-first] Seeding: 90/100, pool size: 82, elapsed: 37ms
[proof-first] Seeding: 100/100, pool size: 88, elapsed: 47ms
[proof-first] Ex-falso cap applied in 0ms, pool size: 88
[proof-first] depth=0 pool=200 (+112, 127% growth) elapsed=157ms
[proof-first] Generation complete: 200 theorems in 204ms
[test] Pool contains (p → p): false
[test] Hybrid label for (p → p): FormalSystem.Automation.FormulaLabel.valid, method: structural_prefilter
[test] PASS: hybrid mode correctly labels (p → p) as valid
info: FormalSystem/Automation/DatasetGenerator.lean:2060:0: [test] Hybrid fallthrough: label=FormalSystem.Automation.FormulaLabel.timeout, method=wallclock_timeout
[test] PASS: hybrid mode fell through to tableau (not proof_first)
info: FormalSystem/Automation/DatasetGenerator.lean:2078:0: [proof-first] Seeding: 20/200, pool size: 20, elapsed: 8ms
[proof-first] Seeding: 40/200, pool size: 39, elapsed: 11ms
[proof-first] Seeding: 60/200, pool size: 57, elapsed: 41ms
[proof-first] Seeding: 80/200, pool size: 75, elapsed: 43ms
[proof-first] Seeding: 100/200, pool size: 92, elapsed: 61ms
[proof-first] Seeding: 120/200, pool size: 109, elapsed: 99ms
[proof-first] Seeding: 140/200, pool size: 126, elapsed: 112ms
[proof-first] Seeding: 160/200, pool size: 141, elapsed: 113ms
[proof-first] Seeding: 180/200, pool size: 157, elapsed: 126ms
[proof-first] Seeding: 200/200, pool size: 172, elapsed: 140ms
[proof-first] Ex-falso cap applied in 0ms, pool size: 172
[proof-first] depth=0 pool=500 (+328, 190% growth) elapsed=320ms
[proof-first] Generation complete: 500 theorems in 460ms
[test] Pool size: 500
[test] OK: (p → p) -> FormalSystem.Automation.FormulaLabel.valid (ex: structural_prefilter, hy: structural_prefilter)
[test] OK: (□p → p) -> FormalSystem.Automation.FormulaLabel.valid (ex: structural_prefilter, hy: structural_prefilter)
[test] OK: (U(p, q) → U(q, (⊥ → ⊥))) -> FormalSystem.Automation.FormulaLabel.valid (ex: structural_prefilter, hy: structural_prefilter)
[test] OK: (S(p, q) → S(q, (⊥ → ⊥))) -> FormalSystem.Automation.FormulaLabel.valid (ex: structural_prefilter, hy: structural_prefilter)
[test] OK: (p → q) -> FormalSystem.Automation.FormulaLabel.invalid (ex: adaptive_240, hy: adaptive_240)
[test] OK: (U(p, q) → U(r, q)) -> FormalSystem.Automation.FormulaLabel.timeout (ex: wallclock_timeout, hy: wallclock_timeout)
[test] OK: (p → (q → q)) -> FormalSystem.Automation.FormulaLabel.valid (ex: structural_prefilter, hy: structural_prefilter)
[test] OK: (□⊥ → q) -> FormalSystem.Automation.FormulaLabel.valid (ex: structural_prefilter, hy: structural_prefilter)
[test] Prefilter hits: 6, Pool hits: 0
[test] PASS: all labels match between exhaustive and hybrid modes
info: FormalSystem/Automation/DatasetGenerator.lean:2143:0: [test] OK: (p → ⊥) -> invalid via structural_invalid_prefilter:invalid_satisfiable_neg
[test] OK: (p → U(⊥, q)) -> invalid via structural_invalid_prefilter:invalid_satisfiable_neg
[test] OK: (□p → ⊥) -> invalid via structural_invalid_prefilter:invalid_satisfiable_neg
[test] OK: (U(p, q) → U(⊥, r)) -> invalid via structural_invalid_prefilter:invalid_false_consequent
[test] OK: ((U(((p → ⊥) → ⊥), (⊥ → ⊥)) → ⊥) → U(p, q)) -> invalid via structural_invalid_prefilter:invalid_unfulfillable_eventuality
[test] OK: (p → p) -> FormalSystem.Automation.FormulaLabel.valid via structural_prefilter (not invalid prefilter)
[test] OK: (□⊥ → q) -> FormalSystem.Automation.FormulaLabel.valid via structural_prefilter (not invalid prefilter)
[test] OK: (U(⊥, p) → U(⊥, q)) -> FormalSystem.Automation.FormulaLabel.valid via structural_prefilter (not invalid prefilter)
[test] OK: (p → (q → q)) -> FormalSystem.Automation.FormulaLabel.valid via structural_prefilter (not invalid prefilter)
[test] PASS: all invalid prefilter integration tests pass
info: FormalSystem/Automation/DatasetGenerator.lean:2200:0: [test] OK: (p → ⊥) — prefilter=invalid, tableau=FormalSystem.Automation.FormulaLabel.invalid
[test] OK: (□p → ⊥) — prefilter=invalid, tableau=FormalSystem.Automation.FormulaLabel.invalid
[test] OK: (p → U(⊥, q)) — prefilter=invalid, tableau=FormalSystem.Automation.FormulaLabel.invalid
[test] OK: (p → □⊥) — prefilter=invalid, tableau=FormalSystem.Automation.FormulaLabel.invalid
[test] OK: (((p → (q → ⊥)) → ⊥) → ⊥) — prefilter=invalid, tableau=FormalSystem.Automation.FormulaLabel.invalid
[test] OK: (□□p → U(⊥, q)) — prefilter=invalid, tableau=FormalSystem.Automation.FormulaLabel.invalid
[test] OK: ((⊥ → ⊥) → ⊥) — prefilter=invalid, tableau=FormalSystem.Automation.FormulaLabel.invalid
[test] OK: (p → S(⊥, q)) — prefilter=invalid, tableau=FormalSystem.Automation.FormulaLabel.invalid
[test] OK: (((p → ((q → ⊥) → ⊥)) → ⊥) → ⊥) — prefilter=invalid, tableau=FormalSystem.Automation.FormulaLabel.invalid
[test] OK: (U(p, q) → U(⊥, r)) — prefilter=invalid, tableau=FormalSystem.Automation.FormulaLabel.invalid
[test] PASS: all cross-validation tests agree
info: FormalSystem/Automation/DatasetGenerator.lean:2238:0: [test] OK: (p → p) — not caught by invalid prefilter
[test] OK: (□⊥ → q) — not caught by invalid prefilter
[test] OK: (p → (q → q)) — not caught by invalid prefilter
[test] OK: (□p → p) — not caught by invalid prefilter
[test] OK: (□p → □□p) — not caught by invalid prefilter
[test] OK: ((U((p → ⊥), (⊥ → ⊥)) → ⊥) → p) — not caught by invalid prefilter
[test] OK: ((U((p → ⊥), (⊥ → ⊥)) → ⊥) → U(p, (⊥ → ⊥))) — not caught by invalid prefilter
[test] OK: (U(p, q) → U(q, (⊥ → ⊥))) — not caught by invalid prefilter
[test] OK: (S(p, q) → S(q, (⊥ → ⊥))) — not caught by invalid prefilter
[test] OK: (U(⊥, p) → U(⊥, q)) — not caught by invalid prefilter
[test] PASS: no valid formulas mislabeled by invalid prefilter
info: FormalSystem/Automation/DatasetGenerator.lean:2267:0: [test] ⊥ → ⊥: none (expected: none — vacuously valid)
[test] ⊤ → ⊥: some (false, "invalid_satisfiable_neg") (expected: some (false, invalid_satisfiable_neg))
[test] □⊥ → U(⊥,p): none (expected: none — vacuously valid)
[test] p → □⊥: some (false, "invalid_satisfiable_neg") (expected: some (false, invalid_satisfiable_neg))
[test] PASS: all edge case tests correct
warning: FormalSystem/Automation/DatasetGenerator.lean:2269:6: Variable name `q` is not explicitly referenced.

Hint: The binding can be removed (if unused) or named `_` (if used implicitly). Alternatively, prefix the name with `_` to silence this warning:
  [apply] _q

Note: This linter can be disabled with `set_option linter.unusedVariables false`
Build completed successfully (1983 jobs).
